Time,WM1,WM2,WM3,WM4,WM5
00:45:27.833,1,0,0,1,0
00:45:27.833,1,0,0,1,1
00:45:27.840,1,0,0,1,1
00:45:27.840,1,0,0,0,1
00:45:27.840,1,0,0,0,1
00:45:27.840,0,0,0,0,1
00:45:28.452,0,0,0,0,1
00:45:28.452,0,0,0,0,0
00:45:28.452,0,0,0,0,0
00:45:28.452,0,0,0,1,0
00:45:29.065,0,0,0,1,0
00:45:29.065,0,0,0,1,1
00:45:29.065,0,0,0,1,1
00:45:29.065,0,0,0,0,1
03:04:19.766,0,0,0,0,1
03:04:19.766,1,0,0,0,1
03:04:19.768,1,0,0,0,1
03:04:19.768,1,0,0,0,0
03:04:19.768,1,0,0,0,0
03:04:19.768,1,0,0,1,0
03:04:20.380,1,0,0,1,0
03:04:20.380,1,0,0,1,1
03:04:20.380,1,0,0,1,1
03:04:20.380,1,0,0,0,1
03:04:20.981,1,0,0,0,1
03:04:20.981,1,0,0,0,0
03:04:20.981,1,0,0,0,0
03:04:20.981,1,0,0,1,0
03:04:21.581,1,0,0,1,0
03:04:21.581,0,0,0,1,0
03:04:21.581,0,0,0,1,0
03:04:21.581,0,0,0,1,1
03:04:21.581,0,0,0,1,1
03:04:21.581,0,0,0,0,1
03:04:22.196,0,0,0,0,1
03:04:22.196,0,0,0,0,0
03:04:22.196,0,0,0,0,0
03:04:22.196,0,0,0,1,0
03:04:22.956,0,0,0,1,0
03:04:22.956,0,0,0,1,1
03:04:22.956,0,0,0,1,1
03:04:22.956,0,0,0,0,1
03:04:23.382,0,0,0,0,1
03:04:23.382,1,0,0,0,1
03:04:23.598,1,0,0,0,1
03:04:23.598,1,0,0,0,0
03:04:23.598,1,0,0,0,0
03:04:23.598,1,0,0,1,0
03:04:24.207,1,0,0,1,0
03:04:24.207,1,0,0,1,1
03:04:24.207,1,0,0,1,1
03:04:24.207,1,0,0,0,1
03:04:24.850,1,0,0,0,1
03:04:24.850,1,0,0,0,0
03:04:24.850,1,0,0,0,0
03:04:24.850,1,0,0,1,0
03:04:25.221,1,0,0,1,0
03:04:25.221,0,0,0,1,0
03:04:25.539,0,0,0,1,0
03:04:25.539,0,0,0,1,1
03:04:25.539,0,0,0,1,1
03:04:25.539,0,0,0,0,1
03:04:26.153,0,0,0,0,1
03:04:26.153,0,0,0,0,0
03:04:26.153,0,0,0,0,0
03:04:26.153,0,0,0,1,0
03:04:26.752,0,0,0,1,0
03:04:26.752,0,0,0,1,1
03:04:26.752,0,0,0,1,1
03:04:26.752,0,0,0,0,1
03:04:27.146,0,0,0,0,1
03:04:27.146,1,0,0,0,1
03:04:27.396,1,0,0,0,1
03:04:27.396,1,0,0,0,0
03:04:27.396,1,0,0,0,0
03:04:27.396,1,0,0,1,0
03:04:28.172,1,0,0,1,0
03:04:28.172,1,0,0,1,1
03:04:28.172,1,0,0,1,1
03:04:28.172,1,0,0,0,1
03:04:28.778,1,0,0,0,1
03:04:28.778,1,0,0,0,0
03:04:28.778,1,0,0,0,0
03:04:28.778,1,0,0,1,0
03:04:28.950,1,0,0,1,0
03:04:28.950,0,0,0,1,0
03:04:29.378,0,0,0,1,0
03:04:29.378,0,0,0,1,1
03:04:29.378,0,0,0,1,1
03:04:29.378,0,0,0,0,1
03:04:29.979,0,0,0,0,1
03:04:29.979,0,0,0,0,0
03:04:29.979,0,0,0,0,0
03:04:29.979,0,0,0,1,0
03:04:30.595,0,0,0,1,0
03:04:30.595,0,0,0,1,1
03:04:30.595,0,0,0,1,1
03:04:30.595,0,0,0,0,1
03:04:30.753,0,0,0,0,1
03:04:30.753,1,0,0,0,1
03:04:31.291,1,0,0,0,1
03:04:31.291,1,0,0,0,0
03:04:31.291,1,0,0,0,0
03:04:31.291,1,0,0,1,0
03:04:31.891,1,0,0,1,0
03:04:31.891,1,0,0,1,1
03:04:31.891,1,0,0,1,1
03:04:31.891,1,0,0,0,1
03:04:32.492,1,0,0,0,1
03:04:32.492,1,0,0,0,0
03:04:32.492,1,0,0,0,0
03:04:32.492,1,0,0,1,0
03:04:32.554,1,0,0,1,0
03:04:32.554,0,0,0,1,0
03:04:33.107,0,0,0,1,0
03:04:33.107,0,0,0,1,1
03:04:33.107,0,0,0,1,1
03:04:33.107,0,0,0,0,1
03:04:33.708,0,0,0,0,1
03:04:33.708,0,0,0,0,0
03:04:33.708,0,0,0,0,0
03:04:33.708,0,0,0,1,0
03:04:34.307,0,0,0,1,0
03:04:34.307,0,0,0,1,1
03:04:34.307,0,0,0,1,1
03:04:34.307,0,0,0,0,1
03:04:34.449,0,0,0,0,1
03:04:34.449,1,0,0,0,1
03:04:35.017,1,0,0,0,1
03:04:35.017,1,0,0,0,0
03:04:35.017,1,0,0,0,0
03:04:35.017,1,0,0,1,0
03:04:35.721,1,0,0,1,0
03:04:35.721,1,0,0,1,1
03:04:35.725,1,0,0,1,1
03:04:35.725,1,0,0,0,1
03:04:36.252,1,0,0,0,1
03:04:36.252,0,0,0,0,1
03:04:36.387,0,0,0,0,1
03:04:36.387,0,0,0,0,0
03:04:36.394,0,0,0,0,0
03:04:36.394,0,0,0,1,0
03:04:36.996,0,0,0,1,0
03:04:36.996,0,0,0,1,1
03:04:36.996,0,0,0,1,1
03:04:36.996,0,0,0,0,1
03:04:37.643,0,0,0,0,1
03:04:37.643,0,0,0,0,0
03:04:37.643,0,0,0,0,0
03:04:37.643,0,0,0,1,0
03:04:38.116,0,0,0,1,0
03:04:38.116,1,0,0,1,0
03:04:38.418,1,0,0,1,0
03:04:38.418,1,0,0,1,1
03:04:38.418,1,0,0,1,1
03:04:38.418,1,0,0,0,1
03:04:39.049,1,0,0,0,1
03:04:39.049,1,0,0,0,0
03:04:39.049,1,0,0,0,0
03:04:39.049,1,0,0,1,0
03:04:39.744,1,0,0,1,0
03:04:39.744,1,0,0,1,1
03:04:39.744,1,0,0,1,1
03:04:39.744,1,0,0,0,1
03:04:39.954,1,0,0,0,1
03:04:39.954,0,0,0,0,1
03:04:40.377,0,0,0,0,1
03:04:40.377,0,0,0,0,0
03:04:40.377,0,0,0,0,0
03:04:40.377,0,0,0,1,0
03:04:41.168,0,0,0,1,0
03:04:41.168,0,0,0,1,1
03:04:41.168,0,0,0,1,1
03:04:41.168,0,0,0,0,1
03:04:41.787,0,0,0,0,1
03:04:41.787,1,0,0,0,1
03:04:41.787,1,0,0,0,1
03:04:41.787,1,0,0,0,0
03:04:41.787,1,0,0,0,0
03:04:41.787,1,0,0,1,0
03:04:42.567,1,0,0,1,0
03:04:42.567,1,0,0,1,1
03:04:42.569,1,0,0,1,1
03:04:42.569,1,0,0,0,1
03:04:43.523,1,0,0,0,1
03:04:43.523,1,0,0,0,0
03:04:43.523,1,0,0,0,0
03:04:43.523,1,0,0,1,0
03:04:43.756,1,0,0,1,0
03:04:43.756,0,0,0,1,0
03:04:44.138,0,0,0,1,0
03:04:44.138,0,0,0,1,1
03:04:44.138,0,0,0,1,1
03:04:44.138,0,0,0,0,1
03:04:44.792,0,0,0,0,1
03:04:44.792,0,0,0,0,0
03:04:44.792,0,0,0,0,0
03:04:44.792,0,0,0,1,0
03:04:45.804,0,0,0,1,0
03:04:45.804,0,0,0,1,1
03:04:45.808,0,0,0,1,1
03:04:45.808,0,0,0,0,1
03:04:45.808,0,0,0,0,1
03:04:45.808,1,0,0,0,1
03:04:46.569,1,0,0,0,1
03:04:46.569,1,0,0,0,0
03:04:46.569,1,0,0,0,0
03:04:46.569,1,0,0,1,0
03:04:47.228,1,0,0,1,0
03:04:47.228,1,0,0,1,1
03:04:47.228,1,0,0,1,1
03:04:47.228,1,0,0,0,1
03:04:47.674,1,0,0,0,1
03:04:47.674,0,0,0,0,1
03:04:47.858,0,0,0,0,1
03:04:47.858,0,0,0,0,0
03:04:47.858,0,0,0,0,0
03:04:47.858,0,0,0,1,0
03:04:48.639,0,0,0,1,0
03:04:48.639,0,0,0,1,1
03:04:48.639,0,0,0,1,1
03:04:48.639,0,0,0,0,1
03:04:49.424,0,0,0,0,1
03:04:49.424,0,0,0,0,0
03:04:49.424,0,0,0,0,0
03:04:49.424,0,0,0,1,0
03:04:49.795,0,0,0,1,0
03:04:49.795,1,0,0,1,0
03:04:50.863,1,0,0,1,0
03:04:50.863,1,0,0,1,1
03:04:50.863,1,0,0,1,1
03:04:50.863,1,0,0,0,1
03:04:51.568,1,0,0,0,1
03:04:51.568,1,0,0,0,0
03:04:51.568,1,0,0,0,0
03:04:51.568,1,0,0,1,0
03:04:51.895,1,0,0,1,0
03:04:51.895,0,0,0,1,0
03:04:52.170,0,0,0,1,0
03:04:52.170,0,0,0,1,1
03:04:52.170,0,0,0,1,1
03:04:52.170,0,0,0,0,1
03:04:52.774,0,0,0,0,1
03:04:52.774,0,0,0,0,0
03:04:52.774,0,0,0,0,0
03:04:52.774,0,0,0,1,0
03:04:53.603,0,0,0,1,0
03:04:53.603,0,0,0,1,1
03:04:53.603,0,0,0,1,1
03:04:53.603,0,0,0,0,1
03:04:53.973,0,0,0,0,1
03:04:53.973,1,0,0,0,1
03:04:54.486,1,0,0,0,1
03:04:54.486,1,0,0,0,0
03:04:54.486,1,0,0,0,0
03:04:54.486,1,0,0,1,0
03:04:55.233,1,0,0,1,0
03:04:55.233,1,0,0,1,1
03:04:55.233,1,0,0,1,1
03:04:55.233,1,0,0,0,1
03:04:56.088,1,0,0,0,1
03:04:56.088,0,0,0,0,1
03:04:56.088,0,0,0,0,1
03:04:56.088,0,0,0,0,0
03:04:56.088,0,0,0,0,0
03:04:56.088,0,0,0,1,0
03:04:56.754,0,0,0,1,0
03:04:56.754,0,0,0,1,1
03:04:56.754,0,0,0,1,1
03:04:56.754,0,0,0,0,1
03:04:57.617,0,0,0,0,1
03:04:57.617,0,0,0,0,0
03:04:57.617,0,0,0,0,0
03:04:57.617,0,0,0,1,0
03:04:58.026,0,0,0,1,0
03:04:58.026,1,0,0,1,0
03:04:58.255,1,0,0,1,0
03:04:58.255,1,0,0,1,1
03:04:58.258,1,0,0,1,1
03:04:58.258,1,0,0,0,1
03:04:58.960,1,0,0,0,1
03:04:58.960,1,0,0,0,0
03:04:58.961,1,0,0,0,0
03:04:58.961,1,0,0,1,0
03:04:59.672,1,0,0,1,0
03:04:59.672,1,0,0,1,1
03:04:59.672,1,0,0,1,1
03:04:59.672,1,0,0,0,1
03:04:59.994,1,0,0,0,1
03:04:59.994,0,0,0,0,1
03:05:00.616,0,0,0,0,1
03:05:00.616,0,0,0,0,0
03:05:00.618,0,0,0,0,0
03:05:00.618,0,0,0,1,0
03:05:01.299,0,0,0,1,0
03:05:01.299,0,0,0,1,1
03:05:01.299,0,0,0,1,1
03:05:01.299,0,0,0,0,1
03:05:01.917,0,0,0,0,1
03:05:01.917,1,0,0,0,1
03:05:01.917,1,0,0,0,1
03:05:01.917,1,0,0,0,0
03:05:01.917,1,0,0,0,0
03:05:01.917,1,0,0,1,0
03:05:02.595,1,0,0,1,0
03:05:02.595,1,0,0,1,1
03:05:02.595,1,0,0,1,1
03:05:02.595,1,0,0,0,1
03:05:03.688,1,0,0,0,1
03:05:03.688,1,0,0,0,0
03:05:03.688,1,0,0,0,0
03:05:03.688,1,0,0,1,0
03:05:03.931,1,0,0,1,0
03:05:03.931,0,0,0,1,0
03:05:04.365,0,0,0,1,0
03:05:04.365,0,0,0,1,1
03:05:04.366,0,0,0,1,1
03:05:04.366,0,0,0,0,1
03:05:05.115,0,0,0,0,1
03:05:05.115,0,0,0,0,0
03:05:05.115,0,0,0,0,0
03:05:05.115,0,0,0,1,0
03:05:05.756,0,0,0,1,0
03:05:05.756,0,0,0,1,1
03:05:05.756,0,0,0,1,1
03:05:05.756,0,0,0,0,1
03:05:05.756,0,0,0,0,1
03:05:05.756,1,0,0,0,1
03:05:06.524,1,0,0,0,1
03:05:06.524,1,0,0,0,0
03:05:06.524,1,0,0,0,0
03:05:06.524,1,0,0,1,0
03:05:07.166,1,0,0,1,0
03:05:07.166,1,0,0,1,1
03:05:07.166,1,0,0,1,1
03:05:07.166,1,0,0,0,1
03:05:07.575,1,0,0,0,1
03:05:07.575,0,0,0,0,1
03:05:07.954,0,0,0,0,1
03:05:07.954,0,0,0,0,0
03:05:07.968,0,0,0,0,0
03:05:07.968,0,0,0,1,0
03:05:08.792,0,0,0,1,0
03:05:08.792,0,0,0,1,1
03:05:08.792,0,0,0,1,1
03:05:08.792,0,0,0,0,1
03:05:09.838,0,0,0,0,1
03:05:09.838,1,0,0,0,1
03:05:09.838,1,0,0,0,1
03:05:09.838,1,0,0,0,0
03:05:09.838,1,0,0,0,0
03:05:09.838,1,0,0,1,0
03:05:10.564,1,0,0,1,0
03:05:10.564,1,0,0,1,1
03:05:10.564,1,0,0,1,1
03:05:10.564,1,0,0,0,1
03:05:11.403,1,0,0,0,1
03:05:11.403,1,0,0,0,0
03:05:11.403,1,0,0,0,0
03:05:11.403,1,0,0,1,0
03:05:11.712,1,0,0,1,0
03:05:11.712,0,0,0,1,0
03:05:12.430,0,0,0,1,0
03:05:12.430,0,0,0,1,1
03:05:12.430,0,0,0,1,1
03:05:12.430,0,0,0,0,1
03:05:13.040,0,0,0,0,1
03:05:13.040,0,0,0,0,0
03:05:13.040,0,0,0,0,0
03:05:13.040,0,0,0,1,0
03:05:13.569,0,0,0,1,0
03:05:13.569,1,0,0,1,0
03:05:13.649,1,0,0,1,0
03:05:13.649,1,0,0,1,1
03:05:13.649,1,0,0,1,1
03:05:13.649,1,0,0,0,1
03:05:14.440,1,0,0,0,1
03:05:14.440,1,0,0,0,0
03:05:14.440,1,0,0,0,0
03:05:14.440,1,0,0,1,0
03:05:15.222,1,0,0,1,0
03:05:15.222,1,0,0,1,1
03:05:15.222,1,0,0,1,1
03:05:15.222,1,0,0,0,1
03:05:15.474,1,0,0,0,1
03:05:15.474,0,0,0,0,1
03:05:16.037,0,0,0,0,1
03:05:16.037,0,0,0,0,0
03:05:16.037,0,0,0,0,0
03:05:16.037,0,0,0,1,0
03:05:16.636,0,0,0,1,0
03:05:16.636,0,0,0,1,1
03:05:16.636,0,0,0,1,1
03:05:16.636,0,0,0,0,1
03:05:17.285,0,0,0,0,1
03:05:17.285,0,0,0,0,0
03:05:17.285,0,0,0,0,0
03:05:17.285,0,0,0,1,0
03:05:17.285,0,0,0,1,0
03:05:17.285,1,0,0,1,0
03:05:17.894,1,0,0,1,0
03:05:17.894,1,0,0,1,1
03:05:17.894,1,0,0,1,1
03:05:17.894,1,0,0,0,1
03:05:18.500,1,0,0,0,1
03:05:18.500,1,0,0,0,0
03:05:18.500,1,0,0,0,0
03:05:18.500,1,0,0,1,0
03:05:19.116,1,0,0,1,0
03:05:19.116,0,0,0,1,0
03:05:19.120,0,0,0,1,0
03:05:19.120,0,0,0,1,1
03:05:19.120,0,0,0,1,1
03:05:19.120,0,0,0,0,1
03:05:19.836,0,0,0,0,1
03:05:19.836,0,0,0,0,0
03:05:19.836,0,0,0,0,0
03:05:19.836,0,0,0,1,0
03:05:20.878,0,0,0,1,0
03:05:20.878,0,0,0,1,1
03:05:20.878,0,0,0,1,1
03:05:20.878,0,0,0,0,1
03:05:20.959,0,0,0,0,1
03:05:20.959,1,0,0,0,1
03:05:21.478,1,0,0,0,1
03:05:21.478,1,0,0,0,0
03:05:21.478,1,0,0,0,0
03:05:21.478,1,0,0,1,0
03:05:22.078,1,0,0,1,0
03:05:22.078,1,0,0,1,1
03:05:22.078,1,0,0,1,1
03:05:22.078,1,0,0,0,1
03:05:22.817,1,0,0,0,1
03:05:22.817,1,0,0,0,0
03:05:22.817,1,0,0,0,0
03:05:22.817,1,0,0,1,0
03:05:22.821,1,0,0,1,0
03:05:22.821,0,0,0,1,0
03:05:23.434,0,0,0,1,0
03:05:23.434,0,0,0,1,1
03:05:23.434,0,0,0,1,1
03:05:23.434,0,0,0,0,1
03:05:24.067,0,0,0,0,1
03:05:24.067,0,0,0,0,0
03:05:24.067,0,0,0,0,0
03:05:24.067,0,0,0,1,0
03:05:24.620,0,0,0,1,0
03:05:24.620,1,0,0,1,0
03:05:24.725,1,0,0,1,0
03:05:24.725,1,0,0,1,1
03:05:24.725,1,0,0,1,1
03:05:24.725,1,0,0,0,1
03:05:25.332,1,0,0,0,1
03:05:25.332,1,0,0,0,0
03:05:25.332,1,0,0,0,0
03:05:25.332,1,0,0,1,0
03:05:25.936,1,0,0,1,0
03:05:25.936,1,0,0,1,1
03:05:25.936,1,0,0,1,1
03:05:25.936,1,0,0,0,1
03:05:26.428,1,0,0,0,1
03:05:26.428,0,0,0,0,1
03:05:26.539,0,0,0,0,1
03:05:26.539,0,0,0,0,0
03:05:26.539,0,0,0,0,0
03:05:26.539,0,0,0,1,0
03:05:27.156,0,0,0,1,0
03:05:27.156,0,0,0,1,1
03:05:27.156,0,0,0,1,1
03:05:27.156,0,0,0,0,1
03:05:27.805,0,0,0,0,1
03:05:27.805,0,0,0,0,0
03:05:27.805,0,0,0,0,0
03:05:27.805,0,0,0,1,0
03:05:28.248,0,0,0,1,0
03:05:28.248,1,0,0,1,0
03:05:28.422,1,0,0,1,0
03:05:28.422,1,0,0,1,1
03:05:28.422,1,0,0,1,1
03:05:28.422,1,0,0,0,1
03:05:29.040,1,0,0,0,1
03:05:29.040,1,0,0,0,0
03:05:29.040,1,0,0,0,0
03:05:29.040,1,0,0,1,0
03:05:29.641,1,0,0,1,0
03:05:29.641,1,0,0,1,1
03:05:29.641,1,0,0,1,1
03:05:29.641,1,0,0,0,1
03:05:30.048,1,0,0,0,1
03:05:30.048,0,0,0,0,1
03:05:30.266,0,0,0,0,1
03:05:30.266,0,0,0,0,0
03:05:30.266,0,0,0,0,0
03:05:30.266,0,0,0,1,0
03:05:30.954,0,0,0,1,0
03:05:30.954,0,0,0,1,1
03:05:30.954,0,0,0,1,1
03:05:30.954,0,0,0,0,1
03:05:31.556,0,0,0,0,1
03:05:31.556,0,0,0,0,0
03:05:31.556,0,0,0,0,0
03:05:31.556,0,0,0,1,0
03:05:31.849,0,0,0,1,0
03:05:31.849,1,0,0,1,0
03:05:32.155,1,0,0,1,0
03:05:32.155,1,0,0,1,1
03:05:32.155,1,0,0,1,1
03:05:32.155,1,0,0,0,1
03:05:32.775,1,0,0,0,1
03:05:32.775,1,0,0,0,0
03:05:32.775,1,0,0,0,0
03:05:32.775,1,0,0,1,0
03:05:33.460,1,0,0,1,0
03:05:33.460,1,0,0,1,1
03:05:33.460,1,0,0,1,1
03:05:33.460,1,0,0,0,1
03:05:33.671,1,0,0,0,1
03:05:33.671,0,0,0,0,1
03:05:34.081,0,0,0,0,1
03:05:34.081,0,0,0,0,0
03:05:34.082,0,0,0,0,0
03:05:34.082,0,0,0,1,0
03:05:34.683,0,0,0,1,0
03:05:34.683,0,0,0,1,1
03:05:34.683,0,0,0,1,1
03:05:34.683,0,0,0,0,1
03:05:35.296,0,0,0,0,1
03:05:35.296,0,0,0,0,0
03:05:35.296,0,0,0,0,0
03:05:35.296,0,0,0,1,0
03:05:35.569,0,0,0,1,0
03:05:35.569,1,0,0,1,0
03:05:35.901,1,0,0,1,0
03:05:35.901,1,0,0,1,1
03:05:35.901,1,0,0,1,1
03:05:35.901,1,0,0,0,1
03:05:36.514,1,0,0,0,1
03:05:36.514,1,0,0,0,0
03:05:36.514,1,0,0,0,0
03:05:36.514,1,0,0,1,0
03:05:37.115,1,0,0,1,0
03:05:37.115,1,0,0,1,1
03:05:37.115,1,0,0,1,1
03:05:37.115,1,0,0,0,1
03:05:37.384,1,0,0,0,1
03:05:37.384,0,0,0,0,1
07:59:20.715,0,0,0,0,1
07:59:20.715,0,0,0,0,0
07:59:20.715,0,0,0,0,0
07:59:20.715,0,0,0,1,0
07:59:20.715,0,0,0,1,0
07:59:20.715,1,0,0,1,0
07:59:21.318,1,0,0,1,0
07:59:21.318,1,0,0,1,1
07:59:21.318,1,0,0,1,1
07:59:21.318,1,0,0,0,1
07:59:21.936,1,0,0,0,1
07:59:21.936,1,0,0,0,0
07:59:21.936,1,0,0,0,0
07:59:21.936,1,0,0,1,0
07:59:22.536,1,0,0,1,0
07:59:22.536,0,0,0,1,0
07:59:22.552,0,0,0,1,0
07:59:22.552,0,0,0,1,1
07:59:22.552,0,0,0,1,1
07:59:22.552,0,0,0,0,1
07:59:23.153,0,0,0,0,1
07:59:23.153,0,0,0,0,0
07:59:23.153,0,0,0,0,0
07:59:23.153,0,0,0,1,0
07:59:23.756,0,0,0,1,0
07:59:23.756,0,0,0,1,1
07:59:23.756,0,0,0,1,1
07:59:23.756,0,0,0,0,1
07:59:24.343,0,0,0,0,1
07:59:24.343,1,0,0,0,1
07:59:24.363,1,0,0,0,1
07:59:24.363,1,0,0,0,0
07:59:24.363,1,0,0,0,0
07:59:24.363,1,0,0,1,0
07:59:24.979,1,0,0,1,0
07:59:24.979,1,0,0,1,1
07:59:24.979,1,0,0,1,1
07:59:24.979,1,0,0,0,1
07:59:25.593,1,0,0,0,1
07:59:25.593,1,0,0,0,0
07:59:25.593,1,0,0,0,0
07:59:25.593,1,0,0,1,0
07:59:26.145,1,0,0,1,0
07:59:26.145,0,0,0,1,0
07:59:26.242,0,0,0,1,0
07:59:26.242,0,0,0,1,1
07:59:26.242,0,0,0,1,1
07:59:26.242,0,0,0,0,1
07:59:26.843,0,0,0,0,1
07:59:26.843,0,0,0,0,0
07:59:26.843,0,0,0,0,0
07:59:26.843,0,0,0,1,0
07:59:27.501,0,0,0,1,0
07:59:27.501,0,0,0,1,1
07:59:27.501,0,0,0,1,1
07:59:27.501,0,0,0,0,1
07:59:27.947,0,0,0,0,1
07:59:27.947,1,0,0,0,1
07:59:28.106,1,0,0,0,1
07:59:28.106,1,0,0,0,0
07:59:28.106,1,0,0,0,0
07:59:28.106,1,0,0,1,0
07:59:28.740,1,0,0,1,0
07:59:28.740,1,0,0,1,1
07:59:28.740,1,0,0,1,1
07:59:28.740,1,0,0,0,1
07:59:29.355,1,0,0,0,1
07:59:29.355,1,0,0,0,0
07:59:29.355,1,0,0,0,0
07:59:29.355,1,0,0,1,0
07:59:29.747,1,0,0,1,0
07:59:29.747,0,0,0,1,0
07:59:29.984,0,0,0,1,0
07:59:29.984,0,0,0,1,1
07:59:29.986,0,0,0,1,1
07:59:29.986,0,0,0,0,1
07:59:30.586,0,0,0,0,1
07:59:30.586,0,0,0,0,0
07:59:30.586,0,0,0,0,0
07:59:30.586,0,0,0,1,0
07:59:31.247,0,0,0,1,0
07:59:31.247,0,0,0,1,1
07:59:31.247,0,0,0,1,1
07:59:31.247,0,0,0,0,1
07:59:31.564,0,0,0,0,1
07:59:31.564,1,0,0,0,1
07:59:31.846,1,0,0,0,1
07:59:31.846,1,0,0,0,0
07:59:31.847,1,0,0,0,0
07:59:31.847,1,0,0,1,0
07:59:32.509,1,0,0,1,0
07:59:32.509,1,0,0,1,1
07:59:32.509,1,0,0,1,1
07:59:32.509,1,0,0,0,1
07:59:33.113,1,0,0,0,1
07:59:33.113,1,0,0,0,0
07:59:33.113,1,0,0,0,0
07:59:33.113,1,0,0,1,0
07:59:33.375,1,0,0,1,0
07:59:33.375,0,0,0,1,0
07:59:33.752,0,0,0,1,0
07:59:33.752,0,0,0,1,1
07:59:33.753,0,0,0,1,1
07:59:33.753,0,0,0,0,1
07:59:34.358,0,0,0,0,1
07:59:34.358,0,0,0,0,0
07:59:34.358,0,0,0,0,0
07:59:34.358,0,0,0,1,0
07:59:35.074,0,0,0,1,0
07:59:35.074,0,0,0,1,1
07:59:35.074,0,0,0,1,1
07:59:35.074,0,0,0,0,1
07:59:35.254,0,0,0,0,1
07:59:35.254,1,0,0,0,1
07:59:35.675,1,0,0,0,1
07:59:35.675,1,0,0,0,0
07:59:35.675,1,0,0,0,0
07:59:35.675,1,0,0,1,0
07:59:36.294,1,0,0,1,0
07:59:36.294,1,0,0,1,1
07:59:36.294,1,0,0,1,1
07:59:36.294,1,0,0,0,1
07:59:36.907,1,0,0,0,1
07:59:36.907,1,0,0,0,0
07:59:36.907,1,0,0,0,0
07:59:36.907,1,0,0,1,0
07:59:37.071,1,0,0,1,0
07:59:37.071,0,0,0,1,0
07:59:37.620,0,0,0,1,0
07:59:37.620,0,0,0,1,1
07:59:37.620,0,0,0,1,1
07:59:37.620,0,0,0,0,1
07:59:38.230,0,0,0,0,1
07:59:38.230,0,0,0,0,0
07:59:38.230,0,0,0,0,0
07:59:38.230,0,0,0,1,0
07:59:38.943,0,0,0,1,0
07:59:38.943,0,0,0,1,1
07:59:38.944,0,0,0,1,1
07:59:38.944,0,0,0,0,1
07:59:38.944,0,0,0,0,1
07:59:38.944,1,0,0,0,1
07:59:39.546,1,0,0,0,1
07:59:39.546,1,0,0,0,0
07:59:39.547,1,0,0,0,0
07:59:39.547,1,0,0,1,0
07:59:40.177,1,0,0,1,0
07:59:40.177,1,0,0,1,1
07:59:40.177,1,0,0,1,1
07:59:40.177,1,0,0,0,1
07:59:40.753,1,0,0,0,1
07:59:40.753,0,0,0,0,1
07:59:40.796,0,0,0,0,1
07:59:40.796,0,0,0,0,0
07:59:40.796,0,0,0,0,0
07:59:40.796,0,0,0,1,0
07:59:41.402,0,0,0,1,0
07:59:41.402,0,0,0,1,1
07:59:41.402,0,0,0,1,1
07:59:41.402,0,0,0,0,1
07:59:42.058,0,0,0,0,1
07:59:42.058,0,0,0,0,0
07:59:42.058,0,0,0,0,0
07:59:42.058,0,0,0,1,0
07:59:42.563,0,0,0,1,0
07:59:42.563,1,0,0,1,0
07:59:42.722,1,0,0,1,0
07:59:42.722,1,0,0,1,1
07:59:42.722,1,0,0,1,1
07:59:42.722,1,0,0,0,1
07:59:43.348,1,0,0,0,1
07:59:43.348,1,0,0,0,0
07:59:43.351,1,0,0,0,0
07:59:43.351,1,0,0,1,0
07:59:44.028,1,0,0,1,0
07:59:44.028,1,0,0,1,1
07:59:44.028,1,0,0,1,1
07:59:44.028,1,0,0,0,1
07:59:44.625,1,0,0,0,1
07:59:44.625,0,0,0,0,1
07:59:44.884,0,0,0,0,1
07:59:44.884,0,0,0,0,0
07:59:44.884,0,0,0,0,0
07:59:44.884,0,0,0,1,0
07:59:45.547,0,0,0,1,0
07:59:45.547,0,0,0,1,1
07:59:45.549,0,0,0,1,1
07:59:45.549,0,0,0,0,1
07:59:46.157,0,0,0,0,1
07:59:46.157,0,0,0,0,0
07:59:46.157,0,0,0,0,0
07:59:46.157,0,0,0,1,0
07:59:46.505,0,0,0,1,0
07:59:46.505,1,0,0,1,0
07:59:47.116,1,0,0,1,0
07:59:47.116,1,0,0,1,1
07:59:47.116,1,0,0,1,1
07:59:47.116,1,0,0,0,1
07:59:47.821,1,0,0,0,1
07:59:47.821,1,0,0,0,0
07:59:47.822,1,0,0,0,0
07:59:47.822,1,0,0,1,0
07:59:48.409,1,0,0,1,0
07:59:48.409,0,0,0,1,0
07:59:48.572,0,0,0,1,0
07:59:48.572,0,0,0,1,1
07:59:48.573,0,0,0,1,1
07:59:48.573,0,0,0,0,1
07:59:49.455,0,0,0,0,1
07:59:49.455,0,0,0,0,0
07:59:49.455,0,0,0,0,0
07:59:49.455,0,0,0,1,0
07:59:50.057,0,0,0,1,0
07:59:50.057,0,0,0,1,1
07:59:50.057,0,0,0,1,1
07:59:50.057,0,0,0,0,1
07:59:50.237,0,0,0,0,1
07:59:50.237,1,0,0,0,1
07:59:50.689,1,0,0,0,1
07:59:50.689,1,0,0,0,0
07:59:50.689,1,0,0,0,0
07:59:50.689,1,0,0,1,0
07:59:51.325,1,0,0,1,0
07:59:51.325,1,0,0,1,1
07:59:51.325,1,0,0,1,1
07:59:51.325,1,0,0,0,1
07:59:51.925,1,0,0,0,1
07:59:51.925,1,0,0,0,0
07:59:51.925,1,0,0,0,0
07:59:51.925,1,0,0,1,0
07:59:52.086,1,0,0,1,0
07:59:52.086,0,0,0,1,0
07:59:52.585,0,0,0,1,0
07:59:52.585,0,0,0,1,1
07:59:52.585,0,0,0,1,1
07:59:52.585,0,0,0,0,1
07:59:53.365,0,0,0,0,1
07:59:53.365,0,0,0,0,0
07:59:53.366,0,0,0,0,0
07:59:53.366,0,0,0,1,0
07:59:53.890,0,0,0,1,0
07:59:53.890,1,0,0,1,0
07:59:54.032,1,0,0,1,0
07:59:54.032,1,0,0,1,1
07:59:54.033,1,0,0,1,1
07:59:54.033,1,0,0,0,1
07:59:54.795,1,0,0,0,1
07:59:54.795,1,0,0,0,0
07:59:54.795,1,0,0,0,0
07:59:54.795,1,0,0,1,0
07:59:55.423,1,0,0,1,0
07:59:55.423,1,0,0,1,1
07:59:55.423,1,0,0,1,1
07:59:55.423,1,0,0,0,1
07:59:55.838,1,0,0,0,1
07:59:55.838,0,0,0,0,1
07:59:56.184,0,0,0,0,1
07:59:56.184,0,0,0,0,0
07:59:56.188,0,0,0,0,0
07:59:56.188,0,0,0,1,0
07:59:56.803,0,0,0,1,0
07:59:56.803,0,0,0,1,1
07:59:56.804,0,0,0,1,1
07:59:56.804,0,0,0,0,1
07:59:57.571,0,0,0,0,1
07:59:57.571,0,0,0,0,0
07:59:57.571,0,0,0,0,0
07:59:57.571,0,0,0,1,0
07:59:57.896,0,0,0,1,0
07:59:57.896,1,0,0,1,0
07:59:58.398,1,0,0,1,0
07:59:58.398,1,0,0,1,1
07:59:58.399,1,0,0,1,1
07:59:58.399,1,0,0,0,1
07:59:59.120,1,0,0,0,1
07:59:59.120,1,0,0,0,0
07:59:59.120,1,0,0,0,0
07:59:59.120,1,0,0,1,0
07:59:59.827,1,0,0,1,0
07:59:59.827,0,0,0,1,0
07:59:59.829,0,0,0,1,0
07:59:59.829,0,0,0,1,1
07:59:59.829,0,0,0,1,1
07:59:59.829,0,0,0,0,1
08:00:00.572,0,0,0,0,1
08:00:00.572,0,0,0,0,0
08:00:00.572,0,0,0,0,0
08:00:00.572,0,0,0,1,0
08:00:01.177,0,0,0,1,0
08:00:01.177,0,0,0,1,1
08:00:01.177,0,0,0,1,1
08:00:01.177,0,0,0,0,1
08:00:01.696,0,0,0,0,1
08:00:01.696,1,0,0,0,1
08:00:01.772,1,0,0,0,1
08:00:01.772,1,0,0,0,0
08:00:01.782,1,0,0,0,0
08:00:01.782,1,0,0,1,0
08:00:02.629,1,0,0,1,0
08:00:02.629,1,0,0,1,1
08:00:02.629,1,0,0,1,1
08:00:02.629,1,0,0,0,1
08:00:03.233,1,0,0,0,1
08:00:03.233,1,0,0,0,0
08:00:03.233,1,0,0,0,0
08:00:03.233,1,0,0,1,0
08:00:03.744,1,0,0,1,0
08:00:03.744,0,0,0,1,0
08:00:03.926,0,0,0,1,0
08:00:03.926,0,0,0,1,1
08:00:03.927,0,0,0,1,1
08:00:03.927,0,0,0,0,1
08:00:04.708,0,0,0,0,1
08:00:04.708,0,0,0,0,0
08:00:04.709,0,0,0,0,0
08:00:04.709,0,0,0,1,0
08:00:05.396,0,0,0,1,0
08:00:05.396,0,0,0,1,1
08:00:05.397,0,0,0,1,1
08:00:05.397,0,0,0,0,1
08:00:05.586,0,0,0,0,1
08:00:05.586,1,0,0,0,1
08:00:06.062,1,0,0,0,1
08:00:06.062,1,0,0,0,0
08:00:06.062,1,0,0,0,0
08:00:06.062,1,0,0,1,0
08:00:06.729,1,0,0,1,0
08:00:06.729,1,0,0,1,1
08:00:06.730,1,0,0,1,1
08:00:06.730,1,0,0,0,1
08:00:07.353,1,0,0,0,1
08:00:07.353,1,0,0,0,0
08:00:07.353,1,0,0,0,0
08:00:07.353,1,0,0,1,0
08:00:07.635,1,0,0,1,0
08:00:07.635,0,0,0,1,0
08:00:08.077,0,0,0,1,0
08:00:08.077,0,0,0,1,1
08:00:08.078,0,0,0,1,1
08:00:08.078,0,0,0,0,1
08:00:08.753,0,0,0,0,1
08:00:08.753,0,0,0,0,0
08:00:08.754,0,0,0,0,0
08:00:08.754,0,0,0,1,0
08:00:09.553,0,0,0,1,0
08:00:09.553,0,0,0,1,1
08:00:09.553,0,0,0,1,1
08:00:09.553,0,0,0,0,1
08:00:09.554,0,0,0,0,1
08:00:09.554,1,0,0,0,1
08:00:10.212,1,0,0,0,1
08:00:10.212,1,0,0,0,0
08:00:10.212,1,0,0,0,0
08:00:10.212,1,0,0,1,0
08:00:10.879,1,0,0,1,0
08:00:10.879,1,0,0,1,1
08:00:10.879,1,0,0,1,1
08:00:10.879,1,0,0,0,1
08:00:11.446,1,0,0,0,1
08:00:11.446,0,0,0,0,1
08:00:11.524,0,0,0,0,1
08:00:11.524,0,0,0,0,0
08:00:11.524,0,0,0,0,0
08:00:11.524,0,0,0,1,0
08:00:12.363,0,0,0,1,0
08:00:12.363,0,0,0,1,1
08:00:12.364,0,0,0,1,1
08:00:12.364,0,0,0,0,1
08:00:13.022,0,0,0,0,1
08:00:13.022,0,0,0,0,0
08:00:13.022,0,0,0,0,0
08:00:13.022,0,0,0,1,0
08:00:13.502,0,0,0,1,0
08:00:13.502,1,0,0,1,0
08:00:13.679,1,0,0,1,0
08:00:13.679,1,0,0,1,1
08:00:13.679,1,0,0,1,1
08:00:13.679,1,0,0,0,1
08:00:14.431,1,0,0,0,1
08:00:14.431,1,0,0,0,0
08:00:14.431,1,0,0,0,0
08:00:14.431,1,0,0,1,0
08:00:15.231,1,0,0,1,0
08:00:15.231,1,0,0,1,1
08:00:15.231,1,0,0,1,1
08:00:15.231,1,0,0,0,1
08:00:15.476,1,0,0,0,1
08:00:15.476,0,0,0,0,1
08:00:15.906,0,0,0,0,1
08:00:15.906,0,0,0,0,0
08:00:15.909,0,0,0,0,0
08:00:15.909,0,0,0,1,0
08:00:16.744,0,0,0,1,0
08:00:16.744,0,0,0,1,1
08:00:16.750,0,0,0,1,1
08:00:16.750,0,0,0,0,1
08:00:17.507,0,0,0,0,1
08:00:17.507,1,0,0,0,1
08:00:17.507,1,0,0,0,1
08:00:17.507,1,0,0,0,0
08:00:17.507,1,0,0,0,0
08:00:17.507,1,0,0,1,0
08:00:18.113,1,0,0,1,0
08:00:18.113,1,0,0,1,1
08:00:18.113,1,0,0,1,1
08:00:18.113,1,0,0,0,1
08:00:18.950,1,0,0,0,1
08:00:18.950,1,0,0,0,0
08:00:18.950,1,0,0,0,0
08:00:18.950,1,0,0,1,0
08:00:19.383,1,0,0,1,0
08:00:19.383,0,0,0,1,0
08:00:19.668,0,0,0,1,0
08:00:19.668,0,0,0,1,1
08:00:19.669,0,0,0,1,1
08:00:19.669,0,0,0,0,1
08:00:20.366,0,0,0,0,1
08:00:20.366,0,0,0,0,0
08:00:20.366,0,0,0,0,0
08:00:20.366,0,0,0,1,0
08:00:21.028,0,0,0,1,0
08:00:21.028,0,0,0,1,1
08:00:21.028,0,0,0,1,1
08:00:21.028,0,0,0,0,1
08:00:21.421,0,0,0,0,1
08:00:21.421,1,0,0,0,1
08:00:21.830,1,0,0,0,1
08:00:21.830,1,0,0,0,0
08:00:21.830,1,0,0,0,0
08:00:21.830,1,0,0,1,0
08:00:23.109,1,0,0,1,0
08:00:23.109,1,0,0,1,1
08:00:23.120,1,0,0,1,1
08:00:23.120,1,0,0,0,1
08:00:23.566,1,0,0,0,1
08:00:23.566,0,0,0,0,1
08:00:24.008,0,0,0,0,1
08:00:24.008,0,0,0,0,0
08:00:24.077,0,0,0,0,0
08:00:24.077,0,0,0,1,0
08:00:24.686,0,0,0,1,0
08:00:24.686,0,0,0,1,1
08:00:24.686,0,0,0,1,1
08:00:24.686,0,0,0,0,1
08:00:25.323,0,0,0,0,1
08:00:25.323,0,0,0,0,0
08:00:25.327,0,0,0,0,0
08:00:25.327,0,0,0,1,0
08:00:25.532,0,0,0,1,0
08:00:25.532,1,0,0,1,0
08:00:25.958,1,0,0,1,0
08:00:25.958,1,0,0,1,1
08:00:25.968,1,0,0,1,1
08:00:25.968,1,0,0,0,1
08:00:26.650,1,0,0,0,1
08:00:26.650,1,0,0,0,0
08:00:26.650,1,0,0,0,0
08:00:26.650,1,0,0,1,0
08:00:27.283,1,0,0,1,0
08:00:27.283,1,0,0,1,1
08:00:27.283,1,0,0,1,1
08:00:27.283,1,0,0,0,1
08:00:27.446,1,0,0,0,1
08:00:27.446,0,0,0,0,1
08:00:28.820,0,0,0,0,1
08:00:28.820,0,0,0,0,0
08:00:28.820,0,0,0,0,0
08:00:28.820,0,0,0,1,0
08:00:29.610,0,0,0,1,0
08:00:29.610,1,0,0,1,0
08:00:29.610,1,0,0,1,0
08:00:29.610,1,0,0,1,1
08:00:29.610,1,0,0,1,1
08:00:29.610,1,0,0,0,1
08:00:30.446,1,0,0,0,1
08:00:30.446,1,0,0,0,0
08:00:30.450,1,0,0,0,0
08:00:30.450,1,0,0,1,0
08:00:31.736,1,0,0,1,0
08:00:31.736,1,0,0,1,1
08:00:31.737,1,0,0,1,1
08:00:31.737,1,0,0,0,1
08:00:31.738,1,0,0,0,1
08:00:31.738,0,0,0,0,1
08:00:32.338,0,0,0,0,1
08:00:32.338,0,0,0,0,0
08:00:32.342,0,0,0,0,0
08:00:32.342,0,0,0,1,0
08:00:33.548,0,0,0,1,0
08:00:33.548,0,0,0,1,1
08:00:33.549,0,0,0,1,1
08:00:33.549,0,0,0,0,1
08:00:33.550,0,0,0,0,1
08:00:33.550,1,0,0,0,1
08:00:34.252,1,0,0,0,1
08:00:34.252,1,0,0,0,0
08:00:34.253,1,0,0,0,0
08:00:34.253,1,0,0,1,0
08:00:34.931,1,0,0,1,0
08:00:34.931,1,0,0,1,1
08:00:34.931,1,0,0,1,1
08:00:34.931,1,0,0,0,1
08:00:35.400,1,0,0,0,1
08:00:35.400,0,0,0,0,1
08:00:35.655,0,0,0,0,1
08:00:35.655,0,0,0,0,0
08:00:35.655,0,0,0,0,0
08:00:35.655,0,0,0,1,0
08:00:36.290,0,0,0,1,0
08:00:36.290,0,0,0,1,1
08:00:36.290,0,0,0,1,1
08:00:36.290,0,0,0,0,1
08:00:36.902,0,0,0,0,1
08:00:36.902,0,0,0,0,0
08:00:36.902,0,0,0,0,0
08:00:36.902,0,0,0,1,0
08:00:37.199,0,0,0,1,0
08:00:37.199,1,0,0,1,0
08:00:37.522,1,0,0,1,0
08:00:37.522,1,0,0,1,1
08:00:37.522,1,0,0,1,1
08:00:37.522,1,0,0,0,1
08:00:38.360,1,0,0,0,1
08:00:38.360,1,0,0,0,0
08:00:38.360,1,0,0,0,0
08:00:38.360,1,0,0,1,0
08:00:39.000,1,0,0,1,0
08:00:39.000,1,0,0,1,1
08:00:39.001,1,0,0,1,1
08:00:39.001,1,0,0,0,1
08:00:39.204,1,0,0,0,1
08:00:39.204,0,0,0,0,1
08:00:39.787,0,0,0,0,1
08:00:39.787,0,0,0,0,0
08:00:39.788,0,0,0,0,0
08:00:39.788,0,0,0,1,0
08:00:40.436,0,0,0,1,0
08:00:40.436,0,0,0,1,1
08:00:40.437,0,0,0,1,1
08:00:40.437,0,0,0,0,1
08:00:40.999,0,0,0,0,1
08:00:40.999,1,0,0,0,1
08:00:41.089,1,0,0,0,1
08:00:41.089,1,0,0,0,0
08:00:41.090,1,0,0,0,0
08:00:41.090,1,0,0,1,0
08:00:41.796,1,0,0,1,0
08:00:41.796,1,0,0,1,1
08:00:41.796,1,0,0,1,1
08:00:41.796,1,0,0,0,1
08:00:42.421,1,0,0,0,1
08:00:42.421,1,0,0,0,0
08:00:42.422,1,0,0,0,0
08:00:42.422,1,0,0,1,0
08:00:42.818,1,0,0,1,0
08:00:42.818,0,0,0,1,0
08:00:43.209,0,0,0,1,0
08:00:43.209,0,0,0,1,1
08:00:43.210,0,0,0,1,1
08:00:43.210,0,0,0,0,1
08:00:43.822,0,0,0,0,1
08:00:43.822,0,0,0,0,0
08:00:43.822,0,0,0,0,0
08:00:43.822,0,0,0,1,0
08:00:44.431,0,0,0,1,0
08:00:44.431,0,0,0,1,1
08:00:44.431,0,0,0,1,1
08:00:44.431,0,0,0,0,1
08:00:44.687,0,0,0,0,1
08:00:44.687,1,0,0,0,1
08:00:45.072,1,0,0,0,1
08:00:45.072,1,0,0,0,0
08:00:45.077,1,0,0,0,0
08:00:45.077,1,0,0,1,0
08:00:45.679,1,0,0,1,0
08:00:45.679,1,0,0,1,1
08:00:45.681,1,0,0,1,1
08:00:45.681,1,0,0,0,1
08:00:46.419,1,0,0,0,1
08:00:46.419,1,0,0,0,0
08:00:46.422,1,0,0,0,0
08:00:46.422,1,0,0,1,0
08:00:46.570,1,0,0,1,0
08:00:46.570,0,0,0,1,0
08:00:47.046,0,0,0,1,0
08:00:47.046,0,0,0,1,1
08:00:47.048,0,0,0,1,1
08:00:47.048,0,0,0,0,1
08:00:47.739,0,0,0,0,1
08:00:47.739,0,0,0,0,0
08:00:47.739,0,0,0,0,0
08:00:47.739,0,0,0,1,0
08:00:48.408,0,0,0,1,0
08:00:48.408,0,0,0,1,1
08:00:48.408,0,0,0,1,1
08:00:48.408,0,0,0,0,1
08:00:48.408,0,0,0,0,1
08:00:48.408,1,0,0,0,1
08:00:49.038,1,0,0,0,1
08:00:49.038,1,0,0,0,0
08:00:49.039,1,0,0,0,0
08:00:49.039,1,0,0,1,0
08:00:49.648,1,0,0,1,0
08:00:49.648,1,0,0,1,1
08:00:49.649,1,0,0,1,1
08:00:49.649,1,0,0,0,1
08:00:50.221,1,0,0,0,1
08:00:50.221,0,0,0,0,1
08:00:50.269,0,0,0,0,1
08:00:50.269,0,0,0,0,0
08:00:50.269,0,0,0,0,0
08:00:50.269,0,0,0,1,0
08:00:50.921,0,0,0,1,0
08:00:50.921,0,0,0,1,1
08:00:50.921,0,0,0,1,1
08:00:50.921,0,0,0,0,1
08:00:51.530,0,0,0,0,1
08:00:51.530,0,0,0,0,0
08:00:51.531,0,0,0,0,0
08:00:51.531,0,0,0,1,0
08:00:52.060,0,0,0,1,0
08:00:52.060,1,0,0,1,0
08:00:52.147,1,0,0,1,0
08:00:52.147,1,0,0,1,1
08:00:52.147,1,0,0,1,1
08:00:52.147,1,0,0,0,1
08:00:52.779,1,0,0,0,1
08:00:52.779,1,0,0,0,0
08:00:52.780,1,0,0,0,0
08:00:52.780,1,0,0,1,0
08:00:53.480,1,0,0,1,0
08:00:53.480,1,0,0,1,1
08:00:53.480,1,0,0,1,1
08:00:53.480,1,0,0,0,1
08:00:54.028,1,0,0,0,1
08:00:54.028,0,0,0,0,1
08:00:54.086,0,0,0,0,1
08:00:54.086,0,0,0,0,0
08:00:54.087,0,0,0,0,0
08:00:54.087,0,0,0,1,0
08:00:54.830,0,0,0,1,0
08:00:54.830,0,0,0,1,1
08:00:54.830,0,0,0,1,1
08:00:54.830,0,0,0,0,1
08:00:55.444,0,0,0,0,1
08:00:55.444,0,0,0,0,0
08:00:55.445,0,0,0,0,0
08:00:55.445,0,0,0,1,0
08:00:55.847,0,0,0,1,0
08:00:55.847,1,0,0,1,0
08:00:56.196,1,0,0,1,0
08:00:56.196,1,0,0,1,1
08:00:56.197,1,0,0,1,1
08:00:56.197,1,0,0,0,1
08:00:57.046,1,0,0,0,1
08:00:57.046,1,0,0,0,0
08:00:57.047,1,0,0,0,0
08:00:57.047,1,0,0,1,0
08:00:57.675,1,0,0,1,0
08:00:57.675,1,0,0,1,1
08:00:57.675,1,0,0,1,1
08:00:57.675,1,0,0,0,1
08:00:57.676,1,0,0,0,1
08:00:57.676,0,0,0,0,1
08:00:58.334,0,0,0,0,1
08:00:58.334,0,0,0,0,0
08:00:58.335,0,0,0,0,0
08:00:58.335,0,0,0,1,0
08:00:59.139,0,0,0,1,0
08:00:59.139,0,0,0,1,1
08:00:59.144,0,0,0,1,1
08:00:59.144,0,0,0,0,1
08:00:59.667,0,0,0,0,1
08:00:59.667,1,0,0,0,1
08:00:59.830,1,0,0,0,1
08:00:59.830,1,0,0,0,0
08:00:59.830,1,0,0,0,0
08:00:59.830,1,0,0,1,0
08:01:00.433,1,0,0,1,0
08:01:00.433,1,0,0,1,1
08:01:00.434,1,0,0,1,1
08:01:00.434,1,0,0,0,1
08:01:01.030,1,0,0,0,1
08:01:01.030,1,0,0,0,0
08:01:01.030,1,0,0,0,0
08:01:01.030,1,0,0,1,0
08:01:01.471,1,0,0,1,0
08:01:01.471,0,0,0,1,0
08:01:01.684,0,0,0,1,0
08:01:01.684,0,0,0,1,1
08:01:01.685,0,0,0,1,1
08:01:01.685,0,0,0,0,1
08:01:02.289,0,0,0,0,1
08:01:02.289,0,0,0,0,0
08:01:02.290,0,0,0,0,0
08:01:02.290,0,0,0,1,0
08:01:02.960,0,0,0,1,0
08:01:02.960,0,0,0,1,1
08:01:02.961,0,0,0,1,1
08:01:02.961,0,0,0,0,1
08:01:03.281,0,0,0,0,1
08:01:03.281,1,0,0,0,1
08:01:03.569,1,0,0,0,1
08:01:03.569,1,0,0,0,0
08:01:03.570,1,0,0,0,0
08:01:03.570,1,0,0,1,0
08:01:04.215,1,0,0,1,0
08:01:04.215,1,0,0,1,1
08:01:04.215,1,0,0,1,1
08:01:04.215,1,0,0,0,1
08:01:05.665,1,0,0,0,1
08:01:05.665,1,0,0,0,0
08:01:05.666,1,0,0,0,0
08:01:05.666,1,0,0,1,0
08:01:05.666,1,0,0,1,0
08:01:05.666,0,0,0,1,0
08:01:06.484,0,0,0,1,0
08:01:06.484,0,0,0,1,1
08:01:06.486,0,0,0,1,1
08:01:06.486,0,0,0,0,1
09:46:28.348,0,0,0,0,0
09:46:28.348,1,0,0,0,0
09:46:30.169,1,0,0,0,0
09:46:30.169,0,0,0,0,0
09:46:31.969,0,0,0,0,0
09:46:31.969,1,0,0,0,0
09:46:33.933,1,0,0,0,0
09:46:33.933,0,0,0,0,0
09:46:35.733,0,0,0,0,0
09:46:35.733,1,0,0,0,0
09:46:37.650,1,0,0,0,0
09:46:37.650,0,0,0,0,0
09:46:39.451,0,0,0,0,0
09:46:39.451,1,0,0,0,0
09:46:41.252,1,0,0,0,0
09:46:41.252,0,0,0,0,0
09:46:43.063,0,0,0,0,0
09:46:43.063,1,0,0,0,0
09:46:45.014,1,0,0,0,0
09:46:45.014,0,0,0,0,0
09:46:46.819,0,0,0,0,0
09:46:46.819,1,0,0,0,0
09:46:48.761,1,0,0,0,0
09:46:48.761,0,0,0,0,0
09:46:50.564,0,0,0,0,0
09:46:50.564,1,0,0,0,0
09:46:52.379,1,0,0,0,0
09:46:52.379,0,0,0,0,0
09:46:54.338,0,0,0,0,0
09:46:54.338,1,0,0,0,0
09:46:56.145,1,0,0,0,0
09:46:56.145,0,0,0,0,0
09:46:57.235,0,0,0,0,0
09:46:57.235,0,1,0,0,0
09:46:57.512,0,1,0,0,0
09:46:57.512,0,0,0,0,0
09:46:57.846,0,0,0,0,0
09:46:57.846,0,0,1,0,0
09:46:57.948,0,0,1,0,0
09:46:57.948,1,0,1,0,0
09:46:57.948,1,0,1,0,0
09:46:57.948,1,0,0,0,0
09:46:58.268,1,0,0,0,0
09:46:58.268,1,1,0,0,0
09:46:58.567,1,1,0,0,0
09:46:58.567,1,1,1,0,0
09:46:58.619,1,1,1,0,0
09:46:58.619,1,1,1,1,0
09:46:58.883,1,1,1,1,0
09:46:58.883,1,0,1,1,0
09:46:58.999,1,0,1,1,0
09:46:58.999,1,0,1,0,0
09:46:59.341,1,0,1,0,0
09:46:59.341,1,0,0,0,0
09:46:59.661,1,0,0,0,0
09:46:59.661,1,1,0,0,0
09:46:59.663,1,1,0,0,0
09:46:59.663,1,1,0,1,0
09:46:59.764,1,1,0,1,0
09:46:59.764,0,1,0,1,0
09:47:00.120,0,1,0,1,0
09:47:00.120,0,1,1,1,0
09:47:00.435,0,1,1,1,0
09:47:00.435,0,0,1,1,0
09:47:00.437,0,0,1,1,0
09:47:00.437,0,0,1,0,0
09:47:00.730,0,0,1,0,0
09:47:00.730,0,0,0,0,0
09:47:01.044,0,0,0,0,0
09:47:01.044,0,1,0,0,0
09:47:01.044,0,1,0,0,0
09:47:01.044,0,1,0,1,0
09:47:01.379,0,1,0,1,0
09:47:01.379,0,1,1,1,0
09:47:01.621,0,1,1,1,0
09:47:01.621,1,1,1,1,0
09:47:01.710,1,1,1,1,0
09:47:01.710,1,0,1,1,0
09:47:01.710,1,0,1,1,0
09:47:01.710,1,0,1,0,0
09:47:01.993,1,0,1,0,0
09:47:01.993,1,0,0,0,0
09:47:02.322,1,0,0,0,0
09:47:02.322,1,1,0,0,0
09:47:02.322,1,1,0,0,0
09:47:02.322,1,1,0,1,0
09:47:02.624,1,1,0,1,0
09:47:02.624,1,1,1,1,0
09:47:02.922,1,1,1,1,0
09:47:02.922,1,0,1,1,0
09:47:02.923,1,0,1,1,0
09:47:02.923,1,0,1,0,0
09:47:03.243,1,0,1,0,0
09:47:03.243,1,0,0,0,0
09:47:03.449,1,0,0,0,0
09:47:03.449,0,0,0,0,0
09:47:03.562,0,0,0,0,0
09:47:03.562,0,1,0,0,0
09:47:03.562,0,1,0,0,0
09:47:03.562,0,1,0,1,0
09:47:03.873,0,1,0,1,0
09:47:03.873,0,1,1,1,0
09:47:04.163,0,1,1,1,0
09:47:04.163,0,0,1,1,0
09:47:04.164,0,0,1,1,0
09:47:04.164,0,0,1,0,0
09:47:04.621,0,0,1,0,0
09:47:04.621,0,0,0,0,0
09:47:04.847,0,0,0,0,0
09:47:04.847,0,1,0,0,0
09:47:04.847,0,1,0,0,0
09:47:04.847,0,1,0,1,0
09:47:05.221,0,1,0,1,0
09:47:05.221,0,1,1,1,0
09:47:05.278,0,1,1,1,0
09:47:05.278,1,1,1,1,0
09:47:05.583,1,1,1,1,0
09:47:05.583,1,0,1,1,0
09:47:05.583,1,0,1,1,0
09:47:05.583,1,0,1,0,0
09:47:05.955,1,0,1,0,0
09:47:05.955,1,0,0,0,0
09:47:06.245,1,0,0,0,0
09:47:06.245,1,1,0,0,0
09:47:06.246,1,1,0,0,0
09:47:06.246,1,1,0,1,0
09:47:06.565,1,1,0,1,0
09:47:06.565,1,1,1,1,0
09:47:07.016,1,1,1,1,0
09:47:07.016,1,0,1,1,0
09:47:07.016,1,0,1,1,0
09:47:07.016,1,0,1,0,0
09:47:07.119,1,0,1,0,0
09:47:07.119,0,0,1,0,0
09:47:07.171,0,0,1,0,0
09:47:07.171,0,0,0,0,0
09:47:07.620,0,0,0,0,0
09:47:07.620,0,1,0,0,0
09:47:07.620,0,1,0,0,0
09:47:07.620,0,1,0,1,0
09:47:07.918,0,1,0,1,0
09:47:07.918,0,1,1,1,0
09:47:08.397,0,1,1,1,0
09:47:08.397,0,0,1,1,0
09:47:08.397,0,0,1,1,0
09:47:08.397,0,0,1,0,0
09:47:08.710,0,0,1,0,0
09:47:08.710,0,0,0,0,0
09:47:09.023,0,0,0,0,0
09:47:09.023,1,0,0,0,0
09:47:09.023,1,0,0,0,0
09:47:09.023,1,1,0,0,0
09:47:09.025,1,1,0,0,0
09:47:09.025,1,1,0,1,0
09:47:09.424,1,1,0,1,0
09:47:09.424,1,1,1,1,0
09:47:09.662,1,1,1,1,0
09:47:09.662,1,0,1,1,0
09:47:09.662,1,0,1,1,0
09:47:09.662,1,0,1,0,0
09:47:10.028,1,0,1,0,0
09:47:10.028,1,0,0,0,0
09:47:10.341,1,0,0,0,0
09:47:10.341,1,1,0,0,0
09:47:10.341,1,1,0,0,0
09:47:10.341,1,1,0,1,0
09:47:10.663,1,1,0,1,0
09:47:10.663,1,1,1,1,0
09:47:10.936,1,1,1,1,0
09:47:10.936,0,1,1,1,0
09:47:10.993,0,1,1,1,0
09:47:10.993,0,0,1,1,0
09:47:10.993,0,0,1,1,0
09:47:10.993,0,0,1,0,0
09:47:11.325,0,0,1,0,0
09:47:11.325,0,0,0,0,0
09:47:11.612,0,0,0,0,0
09:47:11.612,0,1,0,0,0
09:47:11.612,0,1,0,0,0
09:47:11.612,0,1,0,1,0
09:47:11.937,0,1,0,1,0
09:47:11.937,0,1,1,1,0
09:47:12.214,0,1,1,1,0
09:47:12.214,0,0,1,1,0
09:47:12.214,0,0,1,1,0
09:47:12.214,0,0,1,0,0
09:47:12.550,0,0,1,0,0
09:47:12.550,0,0,0,0,0
09:47:12.780,0,0,0,0,0
09:47:12.780,1,0,0,0,0
09:47:12.826,1,0,0,0,0
09:47:12.826,1,1,0,0,0
09:47:12.826,1,1,0,0,0
09:47:12.826,1,1,0,1,0
09:47:13.175,1,1,0,1,0
09:47:13.175,1,1,1,1,0
09:47:13.445,1,1,1,1,0
09:47:13.445,1,0,1,1,0
09:47:13.445,1,0,1,1,0
09:47:13.445,1,0,1,0,0
09:47:13.784,1,0,1,0,0
09:47:13.784,1,0,0,0,0
09:47:14.068,1,0,0,0,0
09:47:14.068,1,1,0,0,0
09:47:14.068,1,1,0,0,0
09:47:14.068,1,1,0,1,0
09:47:14.432,1,1,0,1,0
09:47:14.432,1,1,1,1,0
09:47:14.673,1,1,1,1,0
09:47:14.673,0,1,1,1,0
09:47:14.673,0,1,1,1,0
09:47:14.673,0,0,1,1,0
09:47:14.673,0,0,1,1,0
09:47:14.673,0,0,1,0,0
09:47:15.067,0,0,1,0,0
09:47:15.067,0,0,0,0,0
09:47:15.286,0,0,0,0,0
09:47:15.286,0,1,0,0,0
09:47:15.286,0,1,0,0,0
09:47:15.286,0,1,0,1,0
09:47:15.675,0,1,0,1,0
09:47:15.675,0,1,1,1,0
09:47:15.927,0,1,1,1,0
09:47:15.927,0,0,1,1,0
09:47:15.927,0,0,1,1,0
09:47:15.927,0,0,1,0,0
09:47:16.404,0,0,1,0,0
09:47:16.404,0,0,0,0,0
09:47:16.603,0,0,0,0,0
09:47:16.603,1,0,0,0,0
09:47:16.603,1,0,0,0,0
09:47:16.603,1,1,0,0,0
09:47:16.603,1,1,0,0,0
09:47:16.603,1,1,0,1,0
09:47:17.016,1,1,0,1,0
09:47:17.016,1,1,1,1,0
09:47:17.270,1,1,1,1,0
09:47:17.270,1,0,1,1,0
09:47:17.281,1,0,1,1,0
09:47:17.281,1,0,1,0,0
09:47:17.749,1,0,1,0,0
09:47:17.749,1,0,0,0,0
09:47:17.960,1,0,0,0,0
09:47:17.960,1,1,0,0,0
09:47:17.960,1,1,0,0,0
09:47:17.960,1,1,0,1,0
09:47:18.357,1,1,0,1,0
09:47:18.357,1,1,1,1,0
09:47:18.413,1,1,1,1,0
09:47:18.413,0,1,1,1,0
09:47:18.661,0,1,1,1,0
09:47:18.661,0,0,1,1,0
09:47:18.661,0,0,1,1,0
09:47:18.661,0,0,1,0,0
09:47:18.973,0,0,1,0,0
09:47:18.973,0,0,0,0,0
09:47:19.272,0,0,0,0,0
09:47:19.272,0,1,0,0,0
09:47:19.272,0,1,0,0,0
09:47:19.272,0,1,0,1,0
09:47:19.586,0,1,0,1,0
09:47:19.586,0,1,1,1,0
09:47:19.953,0,1,1,1,0
09:47:19.953,0,0,1,1,0
09:47:19.953,0,0,1,1,0
09:47:19.953,0,0,1,0,0
09:47:20.208,0,0,1,0,0
09:47:20.208,0,0,0,0,0
09:47:20.301,0,0,0,0,0
09:47:20.301,1,0,0,0,0
09:47:20.563,1,0,0,0,0
09:47:20.563,1,1,0,0,0
09:47:20.563,1,1,0,0,0
09:47:20.563,1,1,0,1,0
09:47:20.906,1,1,0,1,0
09:47:20.906,1,1,1,1,0
09:47:21.332,1,1,1,1,0
09:47:21.332,1,0,1,1,0
09:47:21.332,1,0,1,1,0
09:47:21.332,1,0,1,0,0
09:47:21.620,1,0,1,0,0
09:47:21.620,1,0,0,0,0
09:47:21.934,1,0,0,0,0
09:47:21.934,1,1,0,0,0
09:47:21.934,1,1,0,0,0
09:47:21.934,1,1,0,1,0
09:47:22.233,1,1,0,1,0
09:47:22.233,0,1,0,1,0
09:47:22.235,0,1,0,1,0
09:47:22.235,0,1,1,1,0
09:47:22.563,0,1,1,1,0
09:47:22.563,0,0,1,1,0
09:47:22.563,0,0,1,1,0
09:47:22.563,0,0,1,0,0
09:47:22.843,0,0,1,0,0
09:47:22.843,0,0,0,0,0
09:47:23.274,0,0,0,0,0
09:47:23.274,0,1,0,0,0
09:47:23.274,0,1,0,0,0
09:47:23.274,0,1,0,1,0
09:47:23.591,0,1,0,1,0
09:47:23.591,0,1,1,1,0
09:47:23.911,0,1,1,1,0
09:47:23.911,0,0,1,1,0
09:47:23.913,0,0,1,1,0
09:47:23.913,0,0,1,0,0
09:47:24.067,0,0,1,0,0
09:47:24.067,1,0,1,0,0
09:47:24.281,1,0,1,0,0
09:47:24.281,1,0,0,0,0
09:47:24.545,1,0,0,0,0
09:47:24.545,1,1,0,0,0
09:47:24.545,1,1,0,0,0
09:47:24.545,1,1,0,1,0
09:47:24.893,1,1,0,1,0
09:47:24.893,1,1,1,1,0
09:47:25.147,1,1,1,1,0
09:47:25.147,1,0,1,1,0
09:47:25.147,1,0,1,1,0
09:47:25.147,1,0,1,0,0
09:47:25.600,1,0,1,0,0
09:47:25.600,1,0,0,0,0
09:47:25.779,1,0,0,0,0
09:47:25.779,1,1,0,0,0
09:47:25.779,1,1,0,0,0
09:47:25.779,1,1,0,1,0
09:47:25.898,1,1,0,1,0
09:47:25.898,0,1,0,1,0
09:47:26.206,0,1,0,1,0
09:47:26.206,0,1,1,1,0
09:47:26.399,0,1,1,1,0
09:47:26.399,0,0,1,1,0
09:47:26.399,0,0,1,1,0
09:47:26.399,0,0,1,0,0
09:47:26.853,0,0,1,0,0
09:47:26.853,0,0,0,0,0
09:47:27.005,0,0,0,0,0
09:47:27.005,0,1,0,0,0
09:47:27.007,0,1,0,0,0
09:47:27.007,0,1,0,1,0
09:47:27.468,0,1,0,1,0
09:47:27.468,0,1,1,1,0
09:47:27.647,0,1,1,1,0
09:47:27.647,0,0,1,1,0
09:47:27.647,0,0,1,1,0
09:47:27.647,0,0,1,0,0
09:47:27.762,0,0,1,0,0
09:47:27.762,1,0,1,0,0
09:47:28.090,1,0,1,0,0
09:47:28.090,1,0,0,0,0
09:47:28.256,1,0,0,0,0
09:47:28.256,1,1,0,0,0
09:47:28.256,1,1,0,0,0
09:47:28.256,1,1,0,1,0
09:47:28.697,1,1,0,1,0
09:47:28.697,1,1,1,1,0
09:47:28.859,1,1,1,1,0
09:47:28.859,1,0,1,1,0
09:47:28.859,1,0,1,1,0
09:47:28.859,1,0,1,0,0
09:47:29.333,1,0,1,0,0
09:47:29.333,1,0,0,0,0
09:47:29.533,1,0,0,0,0
09:47:29.533,1,1,0,0,0
09:47:29.533,1,1,0,0,0
09:47:29.533,1,1,0,1,0
09:47:29.620,1,1,0,1,0
09:47:29.620,0,1,0,1,0
09:47:29.949,0,1,0,1,0
09:47:29.949,0,1,1,1,0
09:47:30.138,0,1,1,1,0
09:47:30.138,0,0,1,1,0
09:47:30.138,0,0,1,1,0
09:47:30.138,0,0,1,0,0
09:47:30.550,0,0,1,0,0
09:47:30.550,0,0,0,0,0
09:47:30.740,0,0,0,0,0
09:47:30.740,0,1,0,0,0
09:47:30.740,0,1,0,0,0
09:47:30.740,0,1,0,1,0
09:47:31.175,0,1,0,1,0
09:47:31.175,0,1,1,1,0
09:47:31.393,0,1,1,1,0
09:47:31.393,0,0,1,1,0
09:47:31.393,0,0,1,1,0
09:47:31.393,0,0,1,0,0
09:47:31.495,0,0,1,0,0
09:47:31.495,1,0,1,0,0
09:47:31.786,1,0,1,0,0
09:47:31.786,1,0,0,0,0
09:47:32.047,1,0,0,0,0
09:47:32.047,1,1,0,0,0
09:47:32.047,1,1,0,0,0
09:47:32.047,1,1,0,1,0
09:47:32.507,1,1,0,1,0
09:47:32.507,1,1,1,1,0
09:47:32.656,1,1,1,1,0
09:47:32.656,1,0,1,1,0
09:47:32.656,1,0,1,1,0
09:47:32.656,1,0,1,0,0
09:47:33.115,1,0,1,0,0
09:47:33.115,1,0,0,0,0
09:47:33.272,1,0,0,0,0
09:47:33.272,1,1,0,0,0
09:47:33.272,1,1,0,0,0
09:47:33.272,1,1,0,1,0
09:47:33.351,1,1,0,1,0
09:47:33.351,0,1,0,1,0
09:47:33.717,0,1,0,1,0
09:47:33.717,0,1,1,1,0
09:47:33.892,0,1,1,1,0
09:47:33.892,0,0,1,1,0
09:47:33.892,0,0,1,1,0
09:47:33.892,0,0,1,0,0
09:47:34.412,0,0,1,0,0
09:47:34.412,0,0,0,0,0
09:47:34.559,0,0,0,0,0
09:47:34.559,0,1,0,0,0
09:47:34.559,0,1,0,0,0
09:47:34.559,0,1,0,1,0
09:47:35.018,0,1,0,1,0
09:47:35.018,0,1,1,1,0
09:47:35.213,0,1,1,1,0
09:47:35.213,0,0,1,1,0
09:47:35.214,0,0,1,1,0
09:47:35.214,0,0,1,0,0
09:47:35.214,0,0,1,0,0
09:47:35.214,1,0,1,0,0
09:47:35.622,1,0,1,0,0
09:47:35.622,1,0,0,0,0
09:47:35.862,1,0,0,0,0
09:47:35.862,1,1,0,0,0
09:47:35.862,1,1,0,0,0
09:47:35.862,1,1,0,1,0
09:47:36.348,1,1,0,1,0
09:47:36.348,1,1,1,1,0
09:47:36.567,1,1,1,1,0
09:47:36.567,1,0,1,1,0
09:47:36.567,1,0,1,1,0
09:47:36.567,1,0,1,0,0
09:47:36.959,1,0,1,0,0
09:47:36.959,1,0,0,0,0
09:47:37.058,1,0,0,0,0
09:47:37.058,0,0,0,0,0
09:47:37.273,0,0,0,0,0
09:47:37.273,0,1,0,0,0
09:47:37.273,0,1,0,0,0
09:47:37.273,0,1,0,1,0
09:47:37.561,0,1,0,1,0
09:47:37.561,0,1,1,1,0
09:47:37.874,0,1,1,1,0
09:47:37.874,0,0,1,1,0
09:47:37.874,0,0,1,1,0
09:47:37.874,0,0,1,0,0
09:47:38.163,0,0,1,0,0
09:47:38.163,0,0,0,0,0
09:47:38.575,0,0,0,0,0
09:47:38.575,0,1,0,0,0
09:47:38.575,0,1,0,0,0
09:47:38.575,0,1,0,1,0
09:47:38.802,0,1,0,1,0
09:47:38.802,0,1,1,1,0
09:47:38.874,0,1,1,1,0
09:47:38.874,1,1,1,1,0
09:47:39.187,1,1,1,1,0
09:47:39.187,1,0,1,1,0
09:47:39.187,1,0,1,1,0
09:47:39.187,1,0,1,0,0
09:47:39.475,1,0,1,0,0
09:47:39.475,1,0,0,0,0
09:47:39.873,1,0,0,0,0
09:47:39.873,1,1,0,0,0
09:47:39.873,1,1,0,0,0
09:47:39.873,1,1,0,1,0
09:47:40.133,1,1,0,1,0
09:47:40.133,1,1,1,1,0
09:47:40.485,1,1,1,1,0
09:47:40.485,1,0,1,1,0
09:47:40.485,1,0,1,1,0
09:47:40.485,1,0,1,0,0
09:47:40.693,1,0,1,0,0
09:47:40.693,0,0,1,0,0
09:47:40.903,0,0,1,0,0
09:47:40.903,0,0,0,0,0
09:47:41.202,0,0,0,0,0
09:47:41.202,0,1,0,0,0
09:47:41.202,0,1,0,0,0
09:47:41.202,0,1,0,1,0
09:47:41.508,0,1,0,1,0
09:47:41.508,0,1,1,1,0
09:47:41.812,0,1,1,1,0
09:47:41.812,0,0,1,1,0
09:47:41.812,0,0,1,1,0
09:47:41.812,0,0,1,0,0
09:47:42.113,0,0,1,0,0
09:47:42.113,0,0,0,0,0
09:47:42.466,0,0,0,0,0
09:47:42.466,0,1,0,0,0
09:47:42.466,0,1,0,0,0
09:47:42.466,0,1,0,1,0
09:47:42.527,0,1,0,1,0
09:47:42.527,1,1,0,1,0
09:47:42.714,1,1,0,1,0
09:47:42.714,1,1,1,1,0
09:47:43.075,1,1,1,1,0
09:47:43.075,1,0,1,1,0
09:47:43.076,1,0,1,1,0
09:47:43.076,1,0,1,0,0
09:47:43.338,1,0,1,0,0
09:47:43.338,1,0,0,0,0
09:47:43.746,1,0,0,0,0
09:47:43.746,1,1,0,0,0
09:47:43.746,1,1,0,0,0
09:47:43.746,1,1,0,1,0
09:47:43.995,1,1,0,1,0
09:47:43.995,1,1,1,1,0
09:47:44.327,1,1,1,1,0
09:47:44.327,0,1,1,1,0
09:47:44.365,0,1,1,1,0
09:47:44.365,0,0,1,1,0
09:47:44.365,0,0,1,1,0
09:47:44.365,0,0,1,0,0
09:47:44.616,0,0,1,0,0
09:47:44.616,0,0,0,0,0
09:47:45.052,0,0,0,0,0
09:47:45.052,0,1,0,0,0
09:47:45.052,0,1,0,0,0
09:47:45.052,0,1,0,1,0
09:47:45.275,0,1,0,1,0
09:47:45.275,0,1,1,1,0
09:47:45.658,0,1,1,1,0
09:47:45.658,0,0,1,1,0
09:47:45.658,0,0,1,1,0
09:47:45.658,0,0,1,0,0
09:47:45.917,0,0,1,0,0
09:47:45.917,0,0,0,0,0
09:47:46.133,0,0,0,0,0
09:47:46.133,1,0,0,0,0
09:47:46.361,1,0,0,0,0
09:47:46.361,1,1,0,0,0
09:47:46.363,1,1,0,0,0
09:47:46.363,1,1,0,1,0
09:47:46.592,1,1,0,1,0
09:47:46.592,1,1,1,1,0
09:47:46.969,1,1,1,1,0
09:47:46.969,1,0,1,1,0
09:47:46.969,1,0,1,1,0
09:47:46.969,1,0,1,0,0
09:47:47.224,1,0,1,0,0
09:47:47.224,1,0,0,0,0
09:47:47.655,1,0,0,0,0
09:47:47.655,1,1,0,0,0
09:47:47.655,1,1,0,0,0
09:47:47.655,1,1,0,1,0
09:47:47.905,1,1,0,1,0
09:47:47.905,1,1,1,1,0
09:47:47.990,1,1,1,1,0
09:47:47.990,0,1,1,1,0
09:47:48.267,0,1,1,1,0
09:47:48.267,0,0,1,1,0
09:47:48.267,0,0,1,1,0
09:47:48.267,0,0,1,0,0
09:47:48.578,0,0,1,0,0
09:47:48.578,0,0,0,0,0
09:47:48.982,0,0,0,0,0
09:47:48.982,0,1,0,0,0
09:47:48.982,0,1,0,0,0
09:47:48.982,0,1,0,1,0
09:47:49.197,0,1,0,1,0
09:47:49.197,0,1,1,1,0
09:47:49.594,0,1,1,1,0
09:47:49.594,0,0,1,1,0
09:47:49.594,0,0,1,1,0
09:47:49.594,0,0,1,0,0
09:47:49.877,0,0,1,0,0
09:47:49.877,1,0,1,0,0
09:47:49.877,1,0,1,0,0
09:47:49.877,1,0,0,0,0
09:47:50.312,1,0,0,0,0
09:47:50.312,1,1,0,0,0
09:47:50.312,1,1,0,0,0
09:47:50.312,1,1,0,1,0
09:47:50.549,1,1,0,1,0
09:47:50.549,1,1,1,1,0
09:47:50.920,1,1,1,1,0
09:47:50.920,1,0,1,1,0
09:47:50.920,1,0,1,1,0
09:47:50.920,1,0,1,0,0
09:47:51.218,1,0,1,0,0
09:47:51.218,1,0,0,0,0
09:47:51.600,1,0,0,0,0
09:47:51.600,1,1,0,0,0
09:47:51.602,1,1,0,0,0
09:47:51.602,1,1,0,1,0
09:47:51.689,1,1,0,1,0
09:47:51.689,0,1,0,1,0
09:47:51.855,0,1,0,1,0
09:47:51.855,0,1,1,1,0
09:47:52.202,0,1,1,1,0
09:47:52.202,0,0,1,1,0
09:47:52.202,0,0,1,1,0
09:47:52.202,0,0,1,0,0
09:47:52.485,0,0,1,0,0
09:47:52.485,0,0,0,0,0
09:47:52.904,0,0,0,0,0
09:47:52.904,0,1,0,0,0
09:47:52.906,0,1,0,0,0
09:47:52.906,0,1,0,1,0
09:47:53.142,0,1,0,1,0
09:47:53.142,0,1,1,1,0
09:47:53.495,0,1,1,1,0
09:47:53.495,1,1,1,1,0
09:47:53.546,1,1,1,1,0
09:47:53.546,1,0,1,1,0
09:47:53.546,1,0,1,1,0
09:47:53.546,1,0,1,0,0
09:47:53.838,1,0,1,0,0
09:47:53.838,1,0,0,0,0
09:47:54.175,1,0,0,0,0
09:47:54.175,1,1,0,0,0
09:47:54.175,1,1,0,0,0
09:47:54.175,1,1,0,1,0
09:47:54.480,1,1,0,1,0
09:47:54.480,1,1,1,1,0
09:47:54.790,1,1,1,1,0
09:47:54.790,1,0,1,1,0
09:47:54.790,1,0,1,1,0
09:47:54.790,1,0,1,0,0
09:47:55.082,1,0,1,0,0
09:47:55.082,1,0,0,0,0
09:47:55.324,1,0,0,0,0
09:47:55.324,0,0,0,0,0
09:47:55.415,0,0,0,0,0
09:47:55.415,0,1,0,0,0
09:47:55.415,0,1,0,0,0
09:47:55.415,0,1,0,1,0
09:47:55.691,0,1,0,1,0
09:47:55.691,0,1,1,1,0
09:47:56.024,0,1,1,1,0
09:47:56.024,0,0,1,1,0
09:47:56.024,0,0,1,1,0
09:47:56.024,0,0,1,0,0
09:47:56.336,0,0,1,0,0
09:47:56.336,0,0,0,0,0
09:47:56.643,0,0,0,0,0
09:47:56.643,0,1,0,0,0
09:47:56.643,0,1,0,0,0
09:47:56.643,0,1,0,1,0
09:47:56.944,0,1,0,1,0
09:47:56.944,0,1,1,1,0
09:47:57.165,0,1,1,1,0
09:47:57.165,1,1,1,1,0
09:47:57.341,1,1,1,1,0
09:47:57.341,1,0,1,1,0
09:47:57.341,1,0,1,1,0
09:47:57.341,1,0,1,0,0
09:47:57.578,1,0,1,0,0
09:47:57.578,1,0,0,0,0
09:47:57.955,1,0,0,0,0
09:47:57.955,1,1,0,0,0
09:47:57.955,1,1,0,0,0
09:47:57.955,1,1,0,1,0
09:47:58.186,1,1,0,1,0
09:47:58.186,1,1,1,1,0
09:47:58.670,1,1,1,1,0
09:47:58.670,1,0,1,1,0
09:47:58.670,1,0,1,1,0
09:47:58.670,1,0,1,0,0
09:47:58.904,1,0,1,0,0
09:47:58.904,1,0,0,0,0
09:47:58.994,1,0,0,0,0
09:47:58.994,0,0,0,0,0
09:47:59.271,0,0,0,0,0
09:47:59.271,0,1,0,0,0
09:47:59.315,0,1,0,0,0
09:47:59.315,0,1,0,1,0
09:47:59.521,0,1,0,1,0
09:47:59.521,0,1,1,1,0
09:47:59.879,0,1,1,1,0
09:47:59.879,0,0,1,1,0
09:48:00.020,0,0,1,1,0
09:48:00.020,0,0,1,0,0
09:48:00.218,0,0,1,0,0
09:48:00.218,0,0,0,0,0
09:48:00.491,0,0,0,0,0
09:48:00.491,0,1,0,0,0
09:48:00.646,0,1,0,0,0
09:48:00.646,0,1,0,1,0
09:48:00.856,0,1,0,1,0
09:48:00.856,1,1,0,1,0
09:48:00.856,1,1,0,1,0
09:48:00.856,1,1,1,1,0
09:48:01.159,1,1,1,1,0
09:48:01.159,1,0,1,1,0
09:48:01.350,1,0,1,1,0
09:48:01.350,1,0,1,0,0
09:48:01.552,1,0,1,0,0
09:48:01.552,1,0,0,0,0
09:48:01.790,1,0,0,0,0
09:48:01.790,1,1,0,0,0
09:48:01.983,1,1,0,0,0
09:48:01.983,1,1,0,1,0
09:48:02.200,1,1,0,1,0
09:48:02.200,1,1,1,1,0
09:48:02.470,1,1,1,1,0
09:48:02.470,1,0,1,1,0
09:48:02.735,1,0,1,1,0
09:48:02.735,1,0,1,0,0
09:48:02.735,1,0,1,0,0
09:48:02.735,0,0,1,0,0
09:48:02.837,0,0,1,0,0
09:48:02.837,0,0,0,0,0
09:48:03.098,0,0,0,0,0
09:48:03.098,0,1,0,0,0
09:48:03.477,0,1,0,0,0
09:48:03.477,0,1,0,1,0
09:48:03.479,0,1,0,1,0
09:48:03.479,0,1,1,1,0
09:48:03.701,0,1,1,1,0
09:48:03.701,0,0,1,1,0
09:48:04.089,0,0,1,1,0
09:48:04.089,0,0,1,0,0
09:48:04.089,0,0,1,0,0
09:48:04.089,0,0,0,0,0
09:48:04.352,0,0,0,0,0
09:48:04.352,0,1,0,0,0
09:48:04.546,0,1,0,0,0
09:48:04.546,1,1,0,0,0
09:48:04.829,1,1,0,0,0
09:48:04.829,1,1,0,1,0
09:48:04.830,1,1,0,1,0
09:48:04.830,1,1,1,1,0
09:48:05.053,1,1,1,1,0
09:48:05.053,1,0,1,1,0
09:48:05.430,1,0,1,1,0
09:48:05.430,1,0,1,0,0
09:48:05.430,1,0,1,0,0
09:48:05.430,1,0,0,0,0
09:48:05.682,1,0,0,0,0
09:48:05.682,1,1,0,0,0
09:48:06.144,1,1,0,0,0
09:48:06.144,1,1,0,1,0
09:48:06.144,1,1,0,1,0
09:48:06.144,1,1,1,1,0
09:48:06.371,1,1,1,1,0
09:48:06.371,1,0,1,1,0
09:48:06.371,1,0,1,1,0
09:48:06.371,0,0,1,1,0
09:48:06.760,0,0,1,1,0
09:48:06.760,0,0,1,0,0
09:48:06.760,0,0,1,0,0
09:48:06.760,0,0,0,0,0
09:48:07.045,0,0,0,0,0
09:48:07.045,0,1,0,0,0
09:48:07.409,0,1,0,0,0
09:48:07.409,0,1,0,1,0
09:48:07.409,0,1,0,1,0
09:48:07.409,0,1,1,1,0
09:48:07.653,0,1,1,1,0
09:48:07.653,0,0,1,1,0
09:48:08.017,0,0,1,1,0
09:48:08.017,0,0,1,0,0
09:48:08.017,0,0,1,0,0
09:48:08.017,0,0,0,0,0
09:48:08.271,0,0,0,0,0
09:48:08.271,1,0,0,0,0
09:48:08.271,1,0,0,0,0
09:48:08.271,1,1,0,0,0
09:48:08.667,1,1,0,0,0
09:48:08.667,1,1,0,1,0
09:48:08.667,1,1,0,1,0
09:48:08.667,1,1,1,1,0
09:48:08.883,1,1,1,1,0
09:48:08.883,1,0,1,1,0
09:48:09.276,1,0,1,1,0
09:48:09.276,1,0,1,0,0
09:48:09.276,1,0,1,0,0
09:48:09.276,1,0,0,0,0
09:48:09.500,1,0,0,0,0
09:48:09.500,1,1,0,0,0
09:48:09.908,1,1,0,0,0
09:48:09.908,1,1,0,1,0
09:48:09.908,1,1,0,1,0
09:48:09.908,1,1,1,1,0
09:48:10.094,1,1,1,1,0
09:48:10.094,0,1,1,1,0
09:48:10.130,0,1,1,1,0
09:48:10.130,0,0,1,1,0
09:48:10.517,0,0,1,1,0
09:48:10.517,0,0,1,0,0
09:48:10.517,0,0,1,0,0
09:48:10.517,0,0,0,0,0
09:48:10.852,0,0,0,0,0
09:48:10.852,0,1,0,0,0
09:48:11.122,0,1,0,0,0
09:48:11.122,0,1,0,1,0
09:48:11.122,0,1,0,1,0
09:48:11.122,0,1,1,1,0
09:48:11.464,0,1,1,1,0
09:48:11.464,0,0,1,1,0
09:48:11.731,0,0,1,1,0
09:48:11.731,0,0,1,0,0
09:48:11.731,0,0,1,0,0
09:48:11.731,0,0,0,0,0
09:48:11.936,0,0,0,0,0
09:48:11.936,1,0,0,0,0
09:48:12.129,1,0,0,0,0
09:48:12.129,1,1,0,0,0
09:48:12.332,1,1,0,0,0
09:48:12.332,1,1,0,1,0
09:48:12.332,1,1,0,1,0
09:48:12.332,1,1,1,1,0
09:48:12.730,1,1,1,1,0
09:48:12.730,1,0,1,1,0
09:48:12.938,1,0,1,1,0
09:48:12.938,1,0,1,0,0
09:48:12.940,1,0,1,0,0
09:48:12.940,1,0,0,0,0
09:48:13.330,1,0,0,0,0
09:48:13.330,1,1,0,0,0
09:48:13.552,1,1,0,0,0
09:48:13.552,1,1,0,1,0
09:48:13.552,1,1,0,1,0
09:48:13.552,1,1,1,1,0
09:48:13.738,1,1,1,1,0
09:48:13.738,0,1,1,1,0
09:48:13.996,0,1,1,1,0
09:48:13.996,0,0,1,1,0
09:48:14.202,0,0,1,1,0
09:48:14.202,0,0,1,0,0
09:48:14.202,0,0,1,0,0
09:48:14.202,0,0,0,0,0
09:48:14.617,0,0,0,0,0
09:48:14.617,0,1,0,0,0
09:48:14.870,0,1,0,0,0
09:48:14.870,0,1,0,1,0
09:48:14.870,0,1,0,1,0
09:48:14.870,0,1,1,1,0
09:48:15.354,0,1,1,1,0
09:48:15.354,0,0,1,1,0
09:48:15.565,0,0,1,1,0
09:48:15.565,0,0,1,0,0
09:48:15.565,0,0,1,0,0
09:48:15.565,0,0,0,0,0
09:48:15.565,0,0,0,0,0
09:48:15.565,1,0,0,0,0
09:48:15.961,1,0,0,0,0
09:48:15.961,1,1,0,0,0
09:48:16.168,1,1,0,0,0
09:48:16.168,1,1,0,1,0
09:48:16.168,1,1,0,1,0
09:48:16.168,1,1,1,1,0
09:48:16.558,1,1,1,1,0
09:48:16.558,1,0,1,1,0
09:48:16.772,1,0,1,1,0
09:48:16.772,1,0,1,0,0
09:48:16.772,1,0,1,0,0
09:48:16.772,1,0,0,0,0
09:48:17.167,1,0,0,0,0
09:48:17.167,1,1,0,0,0
09:48:17.486,1,1,0,0,0
09:48:17.486,0,1,0,0,0
09:48:17.486,0,1,0,0,0
09:48:17.486,0,1,0,1,0
09:48:17.486,0,1,0,1,0
09:48:17.486,0,1,1,1,0
09:48:17.785,0,1,1,1,0
09:48:17.785,0,0,1,1,0
09:48:18.101,0,0,1,1,0
09:48:18.101,0,0,1,0,0
09:48:18.101,0,0,1,0,0
09:48:18.101,0,0,0,0,0
09:48:18.401,0,0,0,0,0
09:48:18.401,0,1,0,0,0
09:48:18.791,0,1,0,0,0
09:48:18.791,0,1,0,1,0
09:48:18.791,0,1,0,1,0
09:48:18.791,0,1,1,1,0
09:48:19.009,0,1,1,1,0
09:48:19.009,0,0,1,1,0
09:48:19.295,0,0,1,1,0
09:48:19.295,1,0,1,1,0
09:48:19.442,1,0,1,1,0
09:48:19.442,1,0,1,0,0
09:48:19.442,1,0,1,0,0
09:48:19.442,1,0,0,0,0
09:48:19.640,1,0,0,0,0
09:48:19.640,1,1,0,0,0
09:48:20.055,1,1,0,0,0
09:48:20.055,1,1,0,1,0
09:48:20.055,1,1,0,1,0
09:48:20.055,1,1,1,1,0
09:48:20.244,1,1,1,1,0
09:48:20.244,1,0,1,1,0
09:48:20.655,1,0,1,1,0
09:48:20.655,1,0,1,0,0
09:48:20.719,1,0,1,0,0
09:48:20.719,1,0,0,0,0
09:48:20.942,1,0,0,0,0
09:48:20.942,1,1,0,0,0
09:48:21.098,1,1,0,0,0
09:48:21.098,0,1,0,0,0
09:48:21.256,0,1,0,0,0
09:48:21.256,0,1,0,1,0
09:48:21.355,0,1,0,1,0
09:48:21.355,0,1,1,1,0
09:48:21.543,0,1,1,1,0
09:48:21.543,0,0,1,1,0
09:48:21.908,0,0,1,1,0
09:48:21.908,0,0,1,0,0
09:48:22.114,0,0,1,0,0
09:48:22.114,0,0,0,0,0
09:48:22.161,0,0,0,0,0
09:48:22.161,0,1,0,0,0
09:48:22.525,0,1,0,0,0
09:48:22.525,0,1,0,1,0
09:48:22.826,0,1,0,1,0
09:48:22.826,0,1,1,1,0
09:48:22.826,0,1,1,1,0
09:48:22.826,0,0,1,1,0
09:48:22.902,0,0,1,1,0
09:48:22.902,1,0,1,1,0
09:48:23.255,1,0,1,1,0
09:48:23.255,1,0,1,0,0
09:48:23.445,1,0,1,0,0
09:48:23.445,1,0,0,0,0
09:48:23.445,1,0,0,0,0
09:48:23.445,1,1,0,0,0
09:48:23.874,1,1,0,0,0
09:48:23.874,1,1,0,1,0
09:48:24.075,1,1,0,1,0
09:48:24.075,1,1,1,1,0
09:48:24.075,1,1,1,1,0
09:48:24.075,1,0,1,1,0
09:48:24.468,1,0,1,1,0
09:48:24.468,1,0,1,0,0
09:48:24.684,1,0,1,0,0
09:48:24.684,1,0,0,0,0
09:48:24.684,1,0,0,0,0
09:48:24.684,1,1,0,0,0
09:48:24.762,1,1,0,0,0
09:48:24.762,0,1,0,0,0
09:48:25.084,0,1,0,0,0
09:48:25.084,0,1,0,1,0
09:48:25.287,0,1,0,1,0
09:48:25.287,0,1,1,1,0
09:48:25.287,0,1,1,1,0
09:48:25.287,0,0,1,1,0
09:48:25.700,0,0,1,1,0
09:48:25.700,0,0,1,0,0
09:48:25.890,0,0,1,0,0
09:48:25.890,0,0,0,0,0
09:48:25.890,0,0,0,0,0
09:48:25.890,0,1,0,0,0
09:48:26.305,0,1,0,0,0
09:48:26.305,0,1,0,1,0
09:48:26.496,0,1,0,1,0
09:48:26.496,0,1,1,1,0
09:48:26.496,0,1,1,1,0
09:48:26.496,0,0,1,1,0
09:48:26.656,0,0,1,1,0
09:48:26.656,1,0,1,1,0
09:48:26.907,1,0,1,1,0
09:48:26.907,1,0,1,0,0
09:48:27.097,1,0,1,0,0
09:48:27.097,1,0,0,0,0
09:48:27.097,1,0,0,0,0
09:48:27.097,1,1,0,0,0
09:48:27.509,1,1,0,0,0
09:48:27.509,1,1,0,1,0
09:48:27.752,1,1,0,1,0
09:48:27.752,1,1,1,1,0
09:48:27.752,1,1,1,1,0
09:48:27.752,1,0,1,1,0
09:48:28.142,1,0,1,1,0
09:48:28.142,1,0,1,0,0
09:48:28.355,1,0,1,0,0
09:48:28.355,1,0,0,0,0
09:48:28.356,1,0,0,0,0
09:48:28.356,1,1,0,0,0
09:48:28.478,1,1,0,0,0
09:48:28.478,0,1,0,0,0
09:48:28.750,0,1,0,0,0
09:48:28.750,0,1,0,1,0
09:48:29.037,0,1,0,1,0
09:48:29.037,0,1,1,1,0
09:48:29.037,0,1,1,1,0
09:48:29.037,0,0,1,1,0
09:48:29.480,0,0,1,1,0
09:48:29.480,0,0,1,0,0
09:48:29.663,0,0,1,0,0
09:48:29.663,0,0,0,0,0
09:48:29.663,0,0,0,0,0
09:48:29.663,0,1,0,0,0
09:48:30.099,0,1,0,0,0
09:48:30.099,0,1,0,1,0
09:48:30.388,0,1,0,1,0
09:48:30.388,0,1,1,1,0
09:48:30.388,0,1,1,1,0
09:48:30.388,0,0,1,1,0
09:48:30.388,0,0,1,1,0
09:48:30.388,1,0,1,1,0
09:48:30.766,1,0,1,1,0
09:48:30.766,1,0,1,0,0
09:48:31.004,1,0,1,0,0
09:48:31.004,1,0,0,0,0
09:48:31.004,1,0,0,0,0
09:48:31.004,1,1,0,0,0
09:48:31.367,1,1,0,0,0
09:48:31.367,1,1,0,1,0
09:48:31.638,1,1,0,1,0
09:48:31.638,1,1,1,1,0
09:48:31.638,1,1,1,1,0
09:48:31.638,1,0,1,1,0
09:48:32.030,1,0,1,1,0
09:48:32.030,1,0,1,0,0
09:48:32.191,1,0,1,0,0
09:48:32.191,0,0,1,0,0
09:48:32.296,0,0,1,0,0
09:48:32.296,0,0,0,0,0
09:48:32.296,0,0,0,0,0
09:48:32.296,0,1,0,0,0
09:48:32.635,0,1,0,0,0
09:48:32.635,0,1,0,1,0
09:48:33.052,0,1,0,1,0
09:48:33.052,0,1,1,1,0
09:48:33.052,0,1,1,1,0
09:48:33.052,0,0,1,1,0
09:48:33.286,0,0,1,1,0
09:48:33.286,0,0,1,0,0
09:48:33.663,0,0,1,0,0
09:48:33.663,0,0,0,0,0
09:48:33.663,0,0,0,0,0
09:48:33.663,0,1,0,0,0
09:48:33.901,0,1,0,0,0
09:48:33.901,0,1,0,1,0
09:48:34.063,0,1,0,1,0
09:48:34.063,1,1,0,1,0
09:48:34.265,1,1,0,1,0
09:48:34.265,1,1,1,1,0
09:48:34.265,1,1,1,1,0
09:48:34.265,1,0,1,1,0
09:48:34.503,1,0,1,1,0
09:48:34.503,1,0,1,0,0
09:48:34.885,1,0,1,0,0
09:48:34.885,1,0,0,0,0
09:48:34.885,1,0,0,0,0
09:48:34.885,1,1,0,0,0
09:48:35.125,1,1,0,0,0
09:48:35.125,1,1,0,1,0
09:48:35.487,1,1,0,1,0
09:48:35.487,1,1,1,1,0
09:48:35.487,1,1,1,1,0
09:48:35.487,1,0,1,1,0
09:48:35.774,1,0,1,1,0
09:48:35.774,1,0,1,0,0
09:48:35.980,1,0,1,0,0
09:48:35.980,0,0,1,0,0
09:48:36.169,0,0,1,0,0
09:48:36.169,0,0,0,0,0
09:48:36.169,0,0,0,0,0
09:48:36.169,0,1,0,0,0
09:48:36.390,0,1,0,0,0
09:48:36.390,0,1,0,1,0
09:48:36.785,0,1,0,1,0
09:48:36.785,0,1,1,1,0
09:48:36.785,0,1,1,1,0
09:48:36.785,0,0,1,1,0
09:48:37.069,0,0,1,1,0
09:48:37.069,0,0,1,0,0
09:48:37.451,0,0,1,0,0
09:48:37.451,0,0,0,0,0
09:48:37.451,0,0,0,0,0
09:48:37.451,0,1,0,0,0
09:48:37.700,0,1,0,0,0
09:48:37.700,0,1,0,1,0
09:48:37.800,0,1,0,1,0
09:48:37.800,1,1,0,1,0
09:48:38.070,1,1,0,1,0
09:48:38.070,1,1,1,1,0
09:48:38.070,1,1,1,1,0
09:48:38.070,1,0,1,1,0
09:48:38.307,1,0,1,1,0
09:48:38.307,1,0,1,0,0
09:48:38.689,1,0,1,0,0
09:48:38.689,1,0,0,0,0
09:48:38.689,1,0,0,0,0
09:48:38.689,1,1,0,0,0
09:48:38.909,1,1,0,0,0
09:48:38.909,1,1,0,1,0
09:48:39.304,1,1,0,1,0
09:48:39.304,1,1,1,1,0
09:48:39.304,1,1,1,1,0
09:48:39.304,1,0,1,1,0
09:48:39.532,1,0,1,1,0
09:48:39.532,1,0,1,0,0
09:48:39.606,1,0,1,0,0
09:48:39.606,0,0,1,0,0
09:48:39.905,0,0,1,0,0
09:48:39.905,0,0,0,0,0
09:48:39.905,0,0,0,0,0
09:48:39.905,0,1,0,0,0
09:48:40.143,0,1,0,0,0
09:48:40.143,0,1,0,1,0
09:48:40.841,0,1,0,1,0
09:48:40.841,0,1,1,1,0
09:48:40.841,0,1,1,1,0
09:48:40.841,0,0,1,1,0
09:48:40.844,0,0,1,1,0
09:48:40.844,0,0,1,0,0
09:48:41.424,0,0,1,0,0
09:48:41.424,1,0,1,0,0
09:48:41.455,1,0,1,0,0
09:48:41.455,1,0,0,0,0
09:48:41.455,1,0,0,0,0
09:48:41.455,1,1,0,0,0
09:48:41.455,1,1,0,0,0
09:48:41.455,1,1,0,1,0
09:48:42.059,1,1,0,1,0
09:48:42.059,1,1,1,1,0
09:48:42.059,1,1,1,1,0
09:48:42.059,1,0,1,1,0
09:48:42.059,1,0,1,1,0
09:48:42.059,1,0,1,0,0
09:48:42.773,1,0,1,0,0
09:48:42.773,1,0,0,0,0
09:48:42.773,1,0,0,0,0
09:48:42.773,1,1,0,0,0
09:48:42.773,1,1,0,0,0
09:48:42.773,1,1,0,1,0
09:48:43.234,1,1,0,1,0
09:48:43.234,0,1,0,1,0
09:48:43.377,0,1,0,1,0
09:48:43.377,0,1,1,1,0
09:48:43.377,0,1,1,1,0
09:48:43.377,0,0,1,1,0
09:48:43.377,0,0,1,1,0
09:48:43.377,0,0,1,0,0
09:48:44.052,0,0,1,0,0
09:48:44.052,0,0,0,0,0
09:48:44.052,0,0,0,0,0
09:48:44.052,0,1,0,0,0
09:48:44.052,0,1,0,0,0
09:48:44.052,0,1,0,1,0
09:48:44.661,0,1,0,1,0
09:48:44.661,0,1,1,1,0
09:48:44.661,0,1,1,1,0
09:48:44.661,0,0,1,1,0
09:48:44.661,0,0,1,1,0
09:48:44.661,0,0,1,0,0
09:48:45.043,0,0,1,0,0
09:48:45.043,1,0,1,0,0
09:48:45.300,1,0,1,0,0
09:48:45.300,1,0,0,0,0
09:48:45.300,1,0,0,0,0
09:48:45.300,1,1,0,0,0
09:48:45.300,1,1,0,0,0
09:48:45.300,1,1,0,1,0
09:48:45.913,1,1,0,1,0
09:48:45.913,1,1,1,1,0
09:48:45.913,1,1,1,1,0
09:48:45.913,1,0,1,1,0
09:48:45.913,1,0,1,1,0
09:48:45.913,1,0,1,0,0
09:48:46.583,1,0,1,0,0
09:48:46.583,1,0,0,0,0
09:48:46.583,1,0,0,0,0
09:48:46.583,1,1,0,0,0
09:48:46.583,1,1,0,0,0
09:48:46.583,1,1,0,1,0
09:48:46.847,1,1,0,1,0
09:48:46.847,0,1,0,1,0
09:48:47.196,0,1,0,1,0
09:48:47.196,0,1,1,1,0
09:48:47.196,0,1,1,1,0
09:48:47.196,0,0,1,1,0
09:48:47.196,0,0,1,1,0
09:48:47.196,0,0,1,0,0
09:48:47.828,0,0,1,0,0
09:48:47.828,0,0,0,0,0
09:48:47.828,0,0,0,0,0
09:48:47.828,0,1,0,0,0
09:48:47.828,0,1,0,0,0
09:48:47.828,0,1,0,1,0
09:48:48.441,0,1,0,1,0
09:48:48.441,0,1,1,1,0
09:48:48.441,0,1,1,1,0
09:48:48.441,0,0,1,1,0
09:48:48.441,0,0,1,1,0
09:48:48.441,0,0,1,0,0
09:48:48.748,0,0,1,0,0
09:48:48.748,1,0,1,0,0
09:48:49.119,1,0,1,0,0
09:48:49.119,1,0,0,0,0
09:48:49.119,1,0,0,0,0
09:48:49.119,1,1,0,0,0
09:48:49.119,1,1,0,0,0
09:48:49.119,1,1,0,1,0
09:48:49.731,1,1,0,1,0
09:48:49.731,1,1,1,1,0
09:48:49.731,1,1,1,1,0
09:48:49.731,1,0,1,1,0
09:48:49.731,1,0,1,1,0
09:48:49.731,1,0,1,0,0
09:48:50.163,1,1,1,0,0
09:48:50.163,1,0,1,0,0
09:48:50.347,1,0,1,0,0
09:48:50.347,1,0,0,0,0
09:48:50.347,1,0,0,0,0
09:48:50.347,1,0,0,1,0
09:48:50.427,1,1,0,1,0
09:48:50.427,1,0,0,1,0
09:48:50.573,1,0,0,1,0
09:48:50.573,0,0,0,1,0
09:48:50.951,0,0,0,1,0
09:48:50.951,0,0,1,1,0
09:48:50.951,0,0,1,1,0
09:48:50.951,0,0,1,0,0
09:48:50.951,0,0,1,0,0
09:48:50.951,0,0,0,0,0
09:48:51.335,0,0,1,0,0
09:48:51.335,0,0,0,0,0
09:48:51.523,0,0,0,1,0
09:48:51.523,0,0,0,0,0
09:48:51.554,0,0,0,1,0
09:48:51.554,0,0,0,0,0
09:48:52.378,0,0,0,0,0
09:48:52.378,1,0,0,0,0
09:48:54.185,1,0,0,0,0
09:48:54.185,0,0,0,0,0
09:48:55.998,0,0,0,0,0
09:48:55.998,1,0,0,0,0
09:48:57.805,1,0,0,0,0
09:48:57.805,0,0,0,0,0
09:48:59.637,0,0,0,0,0
09:48:59.637,1,0,0,0,0
09:49:01.459,1,0,0,0,0
09:49:01.459,0,0,0,0,0
09:49:03.266,0,0,0,0,0
09:49:03.266,1,0,0,0,0
09:49:05.159,1,0,0,0,0
09:49:05.159,0,0,0,0,0
09:49:06.975,0,0,0,0,0
09:49:06.975,1,0,0,0,0
09:49:08.784,1,0,0,0,0
09:49:08.784,0,0,0,0,0
09:49:10.596,0,0,0,0,0
09:49:10.596,1,0,0,0,0
09:49:12.405,1,0,0,0,0
09:49:12.405,0,0,0,0,0
09:49:14.244,0,0,0,0,0
09:49:14.244,1,0,0,0,0
09:49:16.053,1,0,0,0,0
09:49:16.053,0,0,0,0,0
09:49:17.928,0,0,0,0,0
09:49:17.928,1,0,0,0,0
09:49:19.737,1,0,0,0,0
09:49:19.737,0,0,0,0,0
09:49:21.548,0,0,0,0,0
09:49:21.548,1,0,0,0,0
09:49:23.380,1,0,0,0,0
09:49:23.380,0,0,0,0,0
09:49:25.196,0,0,0,0,0
09:49:25.196,1,0,0,0,0
09:49:27.049,1,0,0,0,0
09:49:27.049,0,0,0,0,0
09:49:28.859,0,0,0,0,0
09:49:28.859,1,0,0,0,0
09:49:30.796,1,0,0,0,0
09:49:30.796,0,0,0,0,0
09:49:32.606,0,0,0,0,0
09:49:32.606,1,0,0,0,0
09:49:34.416,1,0,0,0,0
09:49:34.416,0,0,0,0,0
09:49:36.264,0,0,0,0,0
09:49:36.264,1,0,0,0,0
09:49:38.070,1,0,0,0,0
09:49:38.070,0,0,0,0,0
09:49:39.929,0,0,0,0,0
09:49:39.929,1,0,0,0,0
09:49:41.741,1,0,0,0,0
09:49:41.741,0,0,0,0,0
09:49:43.548,0,0,0,0,0
09:49:43.548,1,0,0,0,0
09:49:45.428,1,0,0,0,0
09:49:45.428,0,0,0,0,0
09:49:47.239,0,0,0,0,0
09:49:47.239,1,0,0,0,0
09:49:49.048,1,0,0,0,0
09:49:49.048,0,0,0,0,0
09:49:50.928,0,0,0,0,0
09:49:50.928,1,0,0,0,0
09:49:52.735,1,0,0,0,0
09:49:52.735,0,0,0,0,0
09:49:54.625,0,0,0,0,0
09:49:54.625,1,0,0,0,0
09:49:56.433,1,0,0,0,0
09:49:56.433,0,0,0,0,0
09:49:58.236,0,0,0,0,0
09:49:58.236,1,0,0,0,0
09:50:00.073,1,0,0,0,0
09:50:00.073,0,0,0,0,0
09:50:01.883,0,0,0,0,0
09:50:01.883,1,0,0,0,0
09:50:03.701,1,0,0,0,0
09:50:03.701,0,0,0,0,0
09:50:05.515,0,0,0,0,0
09:50:05.515,1,0,0,0,0
09:50:07.320,1,0,0,0,0
09:50:07.320,0,0,0,0,0
09:50:09.147,0,0,0,0,0
09:50:09.147,1,0,0,0,0
09:50:10.958,1,0,0,0,0
09:50:10.958,0,0,0,0,0
09:50:12.762,0,0,0,0,0
09:50:12.762,1,0,0,0,0
09:50:14.566,1,0,0,0,0
09:50:14.566,0,0,0,0,0
09:50:16.383,0,0,0,0,0
09:50:16.383,1,0,0,0,0
09:50:18.197,1,0,0,0,0
09:50:18.197,0,0,0,0,0
09:50:20.000,0,0,0,0,0
09:50:20.000,1,0,0,0,0
09:50:21.812,1,0,0,0,0
09:50:21.812,0,0,0,0,0
09:50:23.647,0,0,0,0,0
09:50:23.647,1,0,0,0,0
09:50:25.458,1,0,0,0,0
09:50:25.458,0,0,0,0,0
09:50:27.280,0,0,0,0,0
09:50:27.280,1,0,0,0,0
09:50:29.085,1,0,0,0,0
09:50:29.085,0,0,0,0,0
09:50:30.895,0,0,0,0,0
09:50:30.895,1,0,0,0,0
09:50:32.725,1,0,0,0,0
09:50:32.725,0,0,0,0,0
09:50:34.541,0,0,0,0,0
09:50:34.541,1,0,0,0,0
09:50:36.365,1,0,0,0,0
09:50:36.365,0,0,0,0,0
09:50:38.175,0,0,0,0,0
09:50:38.175,1,0,0,0,0
09:50:39.992,1,0,0,0,0
09:50:39.992,0,0,0,0,0
09:50:41.826,0,0,0,0,0
09:50:41.826,1,0,0,0,0
09:50:43.635,1,0,0,0,0
09:50:43.635,0,0,0,0,0
09:50:45.447,0,0,0,0,0
09:50:45.447,1,0,0,0,0
09:50:47.241,1,0,0,0,0
09:50:47.241,0,0,0,0,0
09:50:49.061,0,0,0,0,0
09:50:49.061,1,0,0,0,0
09:50:50.924,1,0,0,0,0
09:50:50.924,0,0,0,0,0
09:50:52.727,0,0,0,0,0
09:50:52.727,1,0,0,0,0
09:50:54.535,1,0,0,0,0
09:50:54.535,0,0,0,0,0
09:50:56.339,0,0,0,0,0
09:50:56.339,1,0,0,0,0
09:50:58.151,1,0,0,0,0
09:50:58.151,0,0,0,0,0
09:50:59.954,0,0,0,0,0
09:50:59.954,1,0,0,0,0
09:51:01.760,1,0,0,0,0
09:51:01.760,0,0,0,0,0
09:51:03.568,0,0,0,0,0
09:51:03.568,1,0,0,0,0
09:51:05.420,1,0,0,0,0
09:51:05.420,0,0,0,0,0
09:51:07.231,0,0,0,0,0
09:51:07.231,1,0,0,0,0
09:51:09.041,1,0,0,0,0
09:51:09.041,0,0,0,0,0
09:51:10.845,0,0,0,0,0
09:51:10.845,1,0,0,0,0
09:51:12.645,1,0,0,0,0
09:51:12.645,0,0,0,0,0
09:51:14.451,0,0,0,0,0
09:51:14.451,1,0,0,0,0
09:51:16.264,1,0,0,0,0
09:51:16.264,0,0,0,0,0
09:51:18.070,0,0,0,0,0
09:51:18.070,1,0,0,0,0
09:51:19.920,1,0,0,0,0
09:51:19.920,0,0,0,0,0
09:51:21.722,0,0,0,0,0
09:51:21.722,1,0,0,0,0
09:51:23.599,1,0,0,0,0
09:51:23.599,0,0,0,0,0
09:51:25.456,0,0,0,0,0
09:51:25.456,1,0,0,0,0
09:51:27.268,1,0,0,0,0
09:51:27.268,0,0,0,0,0
09:51:29.158,0,0,0,0,0
09:51:29.158,1,0,0,0,0
09:51:30.973,1,0,0,0,0
09:51:30.973,0,0,0,0,0
09:51:32.778,0,0,0,0,0
09:51:32.778,1,0,0,0,0
09:51:34.593,1,0,0,0,0
09:51:34.593,0,0,0,0,0
09:51:36.403,0,0,0,0,0
09:51:36.403,1,0,0,0,0
09:51:38.210,1,0,0,0,0
09:51:38.210,0,0,0,0,0
09:51:40.013,0,0,0,0,0
09:51:40.013,1,0,0,0,0
09:51:41.836,1,0,0,0,0
09:51:41.836,0,0,0,0,0
09:51:43.678,0,0,0,0,0
09:51:43.678,1,0,0,0,0
09:51:45.486,1,0,0,0,0
09:51:45.486,0,0,0,0,0
09:51:47.329,0,0,0,0,0
09:51:47.329,1,0,0,0,0
09:51:49.133,1,0,0,0,0
09:51:49.133,0,0,0,0,0
09:51:50.938,0,0,0,0,0
09:51:50.938,1,0,0,0,0
09:51:52.824,1,0,0,0,0
09:51:52.824,0,0,0,0,0
09:51:54.629,0,0,0,0,0
09:51:54.629,1,0,0,0,0
09:51:56.442,1,0,0,0,0
09:51:56.442,0,0,0,0,0
09:51:58.259,0,0,0,0,0
09:51:58.259,1,0,0,0,0
09:52:00.068,1,0,0,0,0
09:52:00.068,0,0,0,0,0
09:52:01.878,0,0,0,0,0
09:52:01.878,1,0,0,0,0
09:52:03.678,1,0,0,0,0
09:52:03.678,0,0,0,0,0
09:52:05.490,0,0,0,0,0
09:52:05.490,1,0,0,0,0
09:52:07.303,1,0,0,0,0
09:52:07.303,0,0,0,0,0
09:52:09.149,0,0,0,0,0
09:52:09.149,1,0,0,0,0
09:52:10.952,1,0,0,0,0
09:52:10.952,0,0,0,0,0
09:52:12.754,0,0,0,0,0
09:52:12.754,1,0,0,0,0
09:52:14.618,1,0,0,0,0
09:52:14.618,0,0,0,0,0
09:52:16.431,0,0,0,0,0
09:52:16.431,1,0,0,0,0
09:52:18.233,1,0,0,0,0
09:52:18.233,0,0,0,0,0
09:52:20.069,0,0,0,0,0
09:52:20.069,1,0,0,0,0
09:52:21.885,1,0,0,0,0
09:52:21.885,0,0,0,0,0
09:52:23.715,0,0,0,0,0
09:52:23.715,1,0,0,0,0
09:52:25.524,1,0,0,0,0
09:52:25.524,0,0,0,0,0
09:52:27.331,0,0,0,0,0
09:52:27.331,1,0,0,0,0
09:52:29.135,1,0,0,0,0
09:52:29.135,0,0,0,0,0
09:52:30.936,0,0,0,0,0
09:52:30.936,1,0,0,0,0
09:52:32.759,1,0,0,0,0
09:52:32.759,0,0,0,0,0
09:52:34.581,0,0,0,0,0
09:52:34.581,1,0,0,0,0
09:52:36.384,1,0,0,0,0
09:52:36.384,0,0,0,0,0
09:52:38.197,0,0,0,0,0
09:52:38.197,1,0,0,0,0
09:52:40.010,1,0,0,0,0
09:52:40.010,0,0,0,0,0
09:52:41.814,0,0,0,0,0
09:52:41.814,1,0,0,0,0
09:52:43.622,1,0,0,0,0
09:52:43.622,0,0,0,0,0
09:52:45.438,0,0,0,0,0
09:52:45.438,1,0,0,0,0
09:52:47.242,1,0,0,0,0
09:52:47.242,0,0,0,0,0
09:52:49.050,0,0,0,0,0
09:52:49.050,1,0,0,0,0
09:52:50.854,1,0,0,0,0
09:52:50.854,0,0,0,0,0
09:52:52.681,0,0,0,0,0
09:52:52.681,1,0,0,0,0
09:52:54.485,1,0,0,0,0
09:52:54.485,0,0,0,0,0
09:52:56.293,0,0,0,0,0
09:52:56.293,1,0,0,0,0
09:52:58.089,1,0,0,0,0
09:52:58.089,0,0,0,0,0
09:52:59.907,0,0,0,0,0
09:52:59.907,1,0,0,0,0
09:53:01.752,1,0,0,0,0
09:53:01.752,0,0,0,0,0
09:53:03.556,0,0,0,0,0
09:53:03.556,1,0,0,0,0
09:53:05.364,1,0,0,0,0
09:53:05.364,0,0,0,0,0
09:53:07.214,0,0,0,0,0
09:53:07.214,1,0,0,0,0
09:53:09.019,1,0,0,0,0
09:53:09.019,0,0,0,0,0
09:53:10.830,0,0,0,0,0
09:53:10.830,1,0,0,0,0
09:53:12.663,1,0,0,0,0
09:53:12.663,0,0,0,0,0
09:53:14.465,0,0,0,0,0
09:53:14.465,1,0,0,0,0
09:53:16.269,1,0,0,0,0
09:53:16.269,0,0,0,0,0
09:53:18.077,0,0,0,0,0
09:53:18.077,1,0,0,0,0
09:53:19.887,1,0,0,0,0
09:53:19.887,0,0,0,0,0
09:53:21.732,0,0,0,0,0
09:53:21.732,1,0,0,0,0
09:53:23.539,1,0,0,0,0
09:53:23.539,0,0,0,0,0
09:53:25.344,0,0,0,0,0
09:53:25.344,1,0,0,0,0
09:53:27.220,1,0,0,0,0
09:53:27.220,0,0,0,0,0
09:53:29.036,0,0,0,0,0
09:53:29.036,1,0,0,0,0
09:53:30.909,1,0,0,0,0
09:53:30.909,0,0,0,0,0
09:53:32.723,0,0,0,0,0
09:53:32.723,1,0,0,0,0
09:53:34.540,1,0,0,0,0
09:53:34.540,0,0,0,0,0
09:53:36.365,0,0,0,0,0
09:53:36.365,1,0,0,0,0
09:53:38.176,1,0,0,0,0
09:53:38.176,0,0,0,0,0
09:53:39.990,0,0,0,0,0
09:53:39.990,1,0,0,0,0
09:53:41.799,1,0,0,0,0
09:53:41.799,0,0,0,0,0
09:53:43.619,0,0,0,0,0
09:53:43.619,1,0,0,0,0
09:53:45.421,1,0,0,0,0
09:53:45.421,0,0,0,0,0
09:53:47.225,0,0,0,0,0
09:53:47.225,1,0,0,0,0
09:53:49.032,1,0,0,0,0
09:53:49.032,0,0,0,0,0
09:53:50.838,0,0,0,0,0
09:53:50.838,1,0,0,0,0
09:53:52.651,1,0,0,0,0
09:53:52.651,0,0,0,0,0
09:53:54.518,0,0,0,0,0
09:53:54.518,1,0,0,0,0
09:53:56.327,1,0,0,0,0
09:53:56.327,0,0,0,0,0
09:53:58.139,0,0,0,0,0
09:53:58.139,1,0,0,0,0
09:53:59.940,1,0,0,0,0
09:53:59.940,0,0,0,0,0
09:54:01.745,0,0,0,0,0
09:54:01.745,1,0,0,0,0
09:54:03.536,1,0,0,0,0
09:54:03.536,0,0,0,0,0
09:54:05.356,0,0,0,0,0
09:54:05.356,1,0,0,0,0
09:54:07.162,1,0,0,0,0
09:54:07.162,0,0,0,0,0
09:54:08.975,0,0,0,0,0
09:54:08.975,1,0,0,0,0
09:54:10.785,1,0,0,0,0
09:54:10.785,0,0,0,0,0
09:54:12.574,0,0,0,0,0
09:54:12.574,1,0,0,0,0
09:54:14.397,1,0,0,0,0
09:54:14.397,0,0,0,0,0
09:54:16.204,0,0,0,0,0
09:54:16.204,1,0,0,0,0
09:54:18.010,1,0,0,0,0
09:54:18.010,0,0,0,0,0
09:54:19.820,0,0,0,0,0
09:54:19.820,1,0,0,0,0
09:54:21.642,1,0,0,0,0
09:54:21.642,0,0,0,0,0
09:54:23.448,0,0,0,0,0
09:54:23.448,1,0,0,0,0
09:54:25.252,1,0,0,0,0
09:54:25.252,0,0,0,0,0
09:54:27.063,0,0,0,0,0
09:54:27.063,1,0,0,0,0
09:54:28.965,1,0,0,0,0
09:54:28.965,0,0,0,0,0
09:54:30.769,0,0,0,0,0
09:54:30.769,1,0,0,0,0
09:54:32.575,1,0,0,0,0
09:54:32.575,0,0,0,0,0
09:54:34.371,0,0,0,0,0
09:54:34.371,1,0,0,0,0
09:54:36.178,1,0,0,0,0
09:54:36.178,0,0,0,0,0
09:54:38.004,0,0,0,0,0
09:54:38.004,1,0,0,0,0
09:54:39.824,1,0,0,0,0
09:54:39.824,0,0,0,0,0
09:54:41.630,0,0,0,0,0
09:54:41.630,1,0,0,0,0
09:54:43.518,1,0,0,0,0
09:54:43.518,0,0,0,0,0
09:54:45.326,0,0,0,0,0
09:54:45.326,1,0,0,0,0
09:54:47.137,1,0,0,0,0
09:54:47.137,0,0,0,0,0
09:54:48.950,0,0,0,0,0
09:54:48.950,1,0,0,0,0
09:54:50.755,1,0,0,0,0
09:54:50.755,0,0,0,0,0
09:54:52.557,0,0,0,0,0
09:54:52.557,1,0,0,0,0
09:54:54.361,1,0,0,0,0
09:54:54.361,0,0,0,0,0
09:54:56.162,0,0,0,0,0
09:54:56.162,1,0,0,0,0
09:54:57.968,1,0,0,0,0
09:54:57.968,0,0,0,0,0
09:54:59.778,0,0,0,0,0
09:54:59.778,1,0,0,0,0
09:55:01.617,1,0,0,0,0
09:55:01.617,0,0,0,0,0
09:55:03.423,0,0,0,0,0
09:55:03.423,1,0,0,0,0
09:55:05.231,1,0,0,0,0
09:55:05.231,0,0,0,0,0
09:55:07.042,0,0,0,0,0
09:55:07.042,1,0,0,0,0
09:55:08.847,1,0,0,0,0
09:55:08.847,0,0,0,0,0
09:55:10.663,0,0,0,0,0
09:55:10.663,1,0,0,0,0
09:55:12.500,1,0,0,0,0
09:55:12.500,0,0,0,0,0
09:55:14.309,0,0,0,0,0
09:55:14.309,1,0,0,0,0
09:55:16.150,1,0,0,0,0
09:55:16.150,0,0,0,0,0
09:55:17.949,0,0,0,0,0
09:55:17.949,1,0,0,0,0
09:55:19.753,1,0,0,0,0
09:55:19.753,0,0,0,0,0
09:55:21.594,0,0,0,0,0
09:55:21.594,1,0,0,0,0
09:55:23.396,1,0,0,0,0
09:55:23.396,0,0,0,0,0
09:55:25.201,0,0,0,0,0
09:55:25.201,1,0,0,0,0
09:55:27.055,1,0,0,0,0
09:55:27.055,0,0,0,0,0
09:55:28.859,0,0,0,0,0
09:55:28.859,1,0,0,0,0
09:55:30.696,1,0,0,0,0
09:55:30.696,0,0,0,0,0
09:55:32.499,0,0,0,0,0
09:55:32.499,1,0,0,0,0
09:55:34.306,1,0,0,0,0
09:55:34.306,0,0,0,0,0
09:55:36.194,0,0,0,0,0
09:55:36.194,1,0,0,0,0
09:55:37.998,1,0,0,0,0
09:55:37.998,0,0,0,0,0
09:55:39.842,0,0,0,0,0
09:55:39.842,1,0,0,0,0
09:55:41.642,1,0,0,0,0
09:55:41.642,0,0,0,0,0
09:55:43.458,0,0,0,0,0
09:55:43.458,1,0,0,0,0
09:55:45.304,1,0,0,0,0
09:55:45.304,0,0,0,0,0
09:55:47.118,0,0,0,0,0
09:55:47.118,1,0,0,0,0
09:55:48.927,1,0,0,0,0
09:55:48.927,0,0,0,0,0
09:55:50.748,0,0,0,0,0
09:55:50.748,1,0,0,0,0
09:55:52.554,1,0,0,0,0
09:55:52.554,0,0,0,0,0
09:55:54.362,0,0,0,0,0
09:55:54.362,1,0,0,0,0
09:55:56.180,1,0,0,0,0
09:55:56.180,0,0,0,0,0
09:55:57.995,0,0,0,0,0
09:55:57.995,1,0,0,0,0
09:55:59.810,1,0,0,0,0
09:55:59.810,0,0,0,0,0
09:56:01.636,0,0,0,0,0
09:56:01.636,1,0,0,0,0
09:56:03.449,1,0,0,0,0
09:56:03.449,0,0,0,0,0
09:56:04.071,1,0,0,0,0
09:56:04.071,0,0,0,0,0
09:56:04.237,1,0,0,0,0
09:56:04.237,0,0,0,0,0
10:13:09.331,0,0,0,0,0
10:13:09.331,0,0,1,0,0
10:13:09.416,0,0,1,0,0
10:13:09.416,0,0,0,0,0
10:13:10.025,0,0,0,0,0
10:13:10.025,0,0,1,0,0
10:13:10.414,0,0,1,0,0
10:13:10.414,1,0,1,0,0
10:13:10.491,1,0,1,0,0
10:13:10.491,0,0,1,0,0
10:13:10.640,0,0,1,0,0
10:13:10.640,0,0,0,0,0
10:13:11.240,0,0,0,0,0
10:13:11.240,0,0,1,0,0
10:13:11.853,0,0,1,0,0
10:13:11.853,0,0,0,0,0
10:13:12.306,0,0,0,0,0
10:13:12.306,1,0,0,0,0
10:13:12.465,1,0,0,0,0
10:13:12.465,1,0,1,0,0
10:13:13.093,1,0,1,0,0
10:13:13.093,1,0,0,0,0
10:13:13.705,1,0,0,0,0
10:13:13.705,1,0,1,0,0
10:13:14.105,1,0,1,0,0
10:13:14.105,0,0,1,0,0
10:13:14.313,0,0,1,0,0
10:13:14.313,0,0,0,0,0
10:13:14.935,0,0,0,0,0
10:13:14.935,0,0,1,0,0
10:13:15.556,0,0,1,0,0
10:13:15.556,0,0,0,0,0
10:13:15.920,0,0,0,0,0
10:13:15.920,1,0,0,0,0
10:13:16.170,1,0,0,0,0
10:13:16.170,1,0,1,0,0
10:13:16.797,1,0,1,0,0
10:13:16.797,1,0,0,0,0
10:13:17.406,1,0,0,0,0
10:13:17.406,1,0,1,0,0
10:13:17.722,1,0,1,0,0
10:13:17.722,0,0,1,0,0
10:13:18.030,0,0,1,0,0
10:13:18.030,0,0,0,0,0
10:13:18.644,0,0,0,0,0
10:13:18.644,0,0,1,0,0
10:13:19.267,0,0,1,0,0
10:13:19.267,0,0,0,0,0
10:13:19.535,0,0,0,0,0
10:13:19.535,1,0,0,0,0
10:13:19.883,1,0,0,0,0
10:13:19.883,1,0,1,0,0
10:13:20.500,1,0,1,0,0
10:13:20.500,1,0,0,0,0
10:13:21.119,1,0,0,0,0
10:13:21.119,1,0,1,0,0
10:13:21.341,1,0,1,0,0
10:13:21.341,0,0,1,0,0
10:13:21.729,0,0,1,0,0
10:13:21.729,0,0,0,0,0
10:13:22.344,0,0,0,0,0
10:13:22.344,0,0,1,0,0
10:13:22.974,0,0,1,0,0
10:13:22.974,0,0,0,0,0
10:13:23.154,0,0,0,0,0
10:13:23.154,1,0,0,0,0
10:13:23.582,1,0,0,0,0
10:13:23.582,1,0,1,0,0
10:13:24.205,1,0,1,0,0
10:13:24.205,1,0,0,0,0
10:13:24.822,1,0,0,0,0
10:13:24.822,1,0,1,0,0
10:13:24.965,1,0,1,0,0
10:13:24.965,0,0,1,0,0
10:13:25.436,0,0,1,0,0
10:13:25.436,0,0,0,0,0
10:13:26.045,0,0,0,0,0
10:13:26.045,0,0,1,0,0
10:13:26.664,0,0,1,0,0
10:13:26.664,0,0,0,0,0
10:13:26.774,0,0,0,0,0
10:13:26.774,1,0,0,0,0
10:13:27.282,1,0,0,0,0
10:13:27.282,1,0,1,0,0
10:13:27.911,1,0,1,0,0
10:13:27.911,1,0,0,0,0
10:13:28.520,1,0,0,0,0
10:13:28.520,1,0,1,0,0
10:13:28.578,1,0,1,0,0
10:13:28.578,0,0,1,0,0
10:13:29.140,0,0,1,0,0
10:13:29.140,0,0,0,0,0
10:13:29.745,0,0,0,0,0
10:13:29.745,0,0,1,0,0
10:13:30.367,0,0,1,0,0
10:13:30.367,0,0,0,0,0
10:13:30.383,0,0,0,0,0
10:13:30.383,1,0,0,0,0
10:13:30.972,1,0,0,0,0
10:13:30.972,1,0,1,0,0
10:13:31.572,1,0,1,0,0
10:13:31.572,1,0,0,0,0
10:13:32.182,1,0,0,0,0
10:13:32.182,1,0,1,0,0
10:13:32.187,1,0,1,0,0
10:13:32.187,0,0,1,0,0
10:13:32.788,0,0,1,0,0
10:13:32.788,0,0,0,0,0
10:13:33.394,0,0,0,0,0
10:13:33.394,0,0,1,0,0
10:13:33.999,0,0,1,0,0
10:13:33.999,0,0,0,0,0
10:13:33.999,0,0,0,0,0
10:13:33.999,1,0,0,0,0
10:13:34.605,1,0,0,0,0
10:13:34.605,1,0,1,0,0
10:13:35.208,1,0,1,0,0
10:13:35.208,1,0,0,0,0
10:13:35.811,1,0,0,0,0
10:13:35.811,0,0,0,0,0
10:13:35.811,0,0,0,0,0
10:13:35.811,0,0,1,0,0
10:13:36.416,0,0,1,0,0
10:13:36.416,0,0,0,0,0
10:13:37.020,0,0,0,0,0
10:13:37.020,0,0,1,0,0
10:13:37.625,0,0,1,0,0
10:13:37.625,1,0,1,0,0
10:13:37.625,1,0,1,0,0
10:13:37.625,1,0,0,0,0
10:13:38.227,1,0,0,0,0
10:13:38.227,1,0,1,0,0
10:13:38.830,1,0,1,0,0
10:13:38.830,1,0,0,0,0
10:13:39.442,1,0,0,0,0
10:13:39.442,0,0,0,0,0
10:13:39.442,0,0,0,0,0
10:13:39.442,0,0,1,0,0
10:13:40.055,0,0,1,0,0
10:13:40.055,0,0,0,0,0
10:13:40.682,0,0,0,0,0
10:13:40.682,0,0,1,0,0
10:13:41.250,0,0,1,0,0
10:13:41.250,1,0,1,0,0
10:13:41.302,1,0,1,0,0
10:13:41.302,1,0,0,0,0
10:13:41.917,1,0,0,0,0
10:13:41.917,1,0,1,0,0
10:13:42.527,1,0,1,0,0
10:13:42.527,1,0,0,0,0
10:13:43.051,1,0,0,0,0
10:13:43.051,0,0,0,0,0
10:13:43.162,0,0,0,0,0
10:13:43.162,0,0,1,0,0
10:13:43.765,0,0,1,0,0
10:13:43.765,0,0,0,0,0
10:13:44.393,0,0,0,0,0
10:13:44.393,0,0,1,0,0
10:13:44.860,0,0,1,0,0
10:13:44.860,1,0,1,0,0
10:13:45.002,1,0,1,0,0
10:13:45.002,1,0,0,0,0
10:13:45.622,1,0,0,0,0
10:13:45.622,1,0,1,0,0
10:13:46.227,1,0,1,0,0
10:13:46.227,1,0,0,0,0
10:13:46.669,1,0,0,0,0
10:13:46.669,0,0,0,0,0
10:13:46.821,0,0,0,0,0
10:13:46.821,0,0,1,0,0
10:13:47.431,0,0,1,0,0
10:13:47.431,0,0,0,0,0
10:13:48.034,0,0,0,0,0
10:13:48.034,0,0,1,0,0
10:13:48.466,0,0,1,0,0
10:13:48.466,1,0,1,0,0
10:13:48.634,1,0,1,0,0
10:13:48.634,1,0,0,0,0
10:13:49.239,1,0,0,0,0
10:13:49.239,1,0,1,0,0
10:13:49.840,1,0,1,0,0
10:13:49.840,1,0,0,0,0
10:13:50.287,1,0,0,0,0
10:13:50.287,0,0,0,0,0
10:13:50.447,0,0,0,0,0
10:13:50.447,0,0,1,0,0
10:13:51.052,0,0,1,0,0
10:13:51.052,0,0,0,0,0
10:13:51.654,0,0,0,0,0
10:13:51.654,0,0,1,0,0
10:13:52.098,0,0,1,0,0
10:13:52.098,1,0,1,0,0
10:13:52.256,1,0,1,0,0
10:13:52.256,1,0,0,0,0
10:13:52.861,1,0,0,0,0
10:13:52.861,1,0,1,0,0
10:13:53.476,1,0,1,0,0
10:13:53.476,1,0,0,0,0
10:13:53.904,1,0,0,0,0
10:13:53.904,0,0,0,0,0
10:13:54.078,0,0,0,0,0
10:13:54.078,0,0,1,0,0
10:13:54.678,0,0,1,0,0
10:13:54.678,0,0,0,0,0
10:13:55.283,0,0,0,0,0
10:13:55.283,0,0,1,0,0
10:13:55.710,0,0,1,0,0
10:13:55.710,1,0,1,0,0
10:13:55.908,1,0,1,0,0
10:13:55.908,1,0,0,0,0
10:13:56.519,1,0,0,0,0
10:13:56.519,1,0,1,0,0
10:13:57.144,1,0,1,0,0
10:13:57.144,1,0,0,0,0
10:13:57.516,1,0,0,0,0
10:13:57.516,0,0,0,0,0
10:13:57.755,0,0,0,0,0
10:13:57.755,0,0,1,0,0
10:13:58.381,0,0,1,0,0
10:13:58.381,0,0,0,0,0
10:13:58.992,0,0,0,0,0
10:13:58.992,0,0,1,0,0
10:13:59.323,0,0,1,0,0
10:13:59.323,1,0,1,0,0
10:13:59.619,1,0,1,0,0
10:13:59.619,1,0,0,0,0
10:14:00.228,1,0,0,0,0
10:14:00.228,1,0,1,0,0
10:14:00.854,1,0,1,0,0
10:14:00.854,1,0,0,0,0
10:14:01.131,1,0,0,0,0
10:14:01.131,0,0,0,0,0
10:14:01.463,0,0,0,0,0
10:14:01.463,0,0,1,0,0
10:14:02.083,0,0,1,0,0
10:14:02.083,0,0,0,0,0
10:14:02.687,0,0,0,0,0
10:14:02.687,0,0,1,0,0
10:14:02.941,0,0,1,0,0
10:14:02.941,1,0,1,0,0
10:14:03.290,1,0,1,0,0
10:14:03.290,1,0,0,0,0
10:14:03.896,1,0,0,0,0
10:14:03.896,1,0,1,0,0
10:14:04.499,1,0,1,0,0
10:14:04.499,1,0,0,0,0
10:14:04.753,1,0,0,0,0
10:14:04.753,0,0,0,0,0
10:14:05.105,0,0,0,0,0
10:14:05.105,0,0,1,0,0
10:14:05.710,0,0,1,0,0
10:14:05.710,0,0,0,0,0
10:14:06.315,0,0,0,0,0
10:14:06.315,0,0,1,0,0
10:14:06.568,0,0,1,0,0
10:14:06.568,1,0,1,0,0
10:14:06.918,1,0,1,0,0
10:14:06.918,1,0,0,0,0
10:14:07.520,1,0,0,0,0
10:14:07.520,1,0,1,0,0
10:14:08.128,1,0,1,0,0
10:14:08.128,1,0,0,0,0
10:14:08.380,1,0,0,0,0
10:14:08.380,0,0,0,0,0
10:14:08.728,0,0,0,0,0
10:14:08.728,0,0,1,0,0
10:14:09.332,0,0,1,0,0
10:14:09.332,0,0,0,0,0
10:14:09.937,0,0,0,0,0
10:14:09.937,0,0,1,0,0
10:14:10.192,0,0,1,0,0
10:14:10.192,1,0,1,0,0
10:14:10.539,1,0,1,0,0
10:14:10.539,1,0,0,0,0
10:14:11.143,1,0,0,0,0
10:14:11.143,1,0,1,0,0
10:14:11.746,1,0,1,0,0
10:14:11.746,1,0,0,0,0
10:14:11.999,1,0,0,0,0
10:14:11.999,0,0,0,0,0
10:14:12.358,0,0,0,0,0
10:14:12.358,0,0,1,0,0
10:14:12.966,0,0,1,0,0
10:14:12.966,0,0,0,0,0
10:14:13.586,0,0,0,0,0
10:14:13.586,0,0,1,0,0
10:14:13.808,0,0,1,0,0
10:14:13.808,1,0,1,0,0
10:14:14.209,1,0,1,0,0
10:14:14.209,1,0,0,0,0
10:14:14.816,1,0,0,0,0
10:14:14.816,1,0,1,0,0
10:14:15.423,1,0,1,0,0
10:14:15.423,1,0,0,0,0
10:14:15.630,1,0,0,0,0
10:14:15.630,0,0,0,0,0
10:14:16.047,0,0,0,0,0
10:14:16.047,0,0,1,0,0
10:14:16.660,0,0,1,0,0
10:14:16.660,0,0,0,0,0
10:14:17.276,0,0,0,0,0
10:14:17.276,0,0,1,0,0
10:14:17.448,0,0,1,0,0
10:14:17.448,1,0,1,0,0
10:14:17.880,1,0,1,0,0
10:14:17.880,1,0,0,0,0
10:14:18.476,1,0,0,0,0
10:14:18.476,1,0,1,0,0
10:14:19.089,1,0,1,0,0
10:14:19.089,1,0,0,0,0
10:14:19.249,1,0,0,0,0
10:14:19.249,0,0,0,0,0
10:14:19.693,0,0,0,0,0
10:14:19.693,0,0,1,0,0
10:14:20.299,0,0,1,0,0
10:14:20.299,0,0,0,0,0
10:14:20.904,0,0,0,0,0
10:14:20.904,0,0,1,0,0
10:14:21.063,0,0,1,0,0
10:14:21.063,1,0,1,0,0
10:14:21.507,1,0,1,0,0
10:14:21.507,1,0,0,0,0
10:14:22.107,1,0,0,0,0
10:14:22.107,1,0,1,0,0
10:14:22.722,1,0,1,0,0
10:14:22.722,1,0,0,0,0
10:14:22.865,1,0,0,0,0
10:14:22.865,0,0,0,0,0
10:14:23.325,0,0,0,0,0
10:14:23.325,0,0,1,0,0
10:14:23.930,0,0,1,0,0
10:14:23.930,0,0,0,0,0
10:14:24.535,0,0,0,0,0
10:14:24.535,0,0,1,0,0
10:14:24.680,0,0,1,0,0
10:14:24.680,1,0,1,0,0
10:14:25.140,1,0,1,0,0
10:14:25.140,1,0,0,0,0
10:14:25.743,1,0,0,0,0
10:14:25.743,1,0,1,0,0
10:14:26.367,1,0,1,0,0
10:14:26.367,1,0,0,0,0
10:14:26.490,1,0,0,0,0
10:14:26.490,0,0,0,0,0
10:14:26.981,0,0,0,0,0
10:14:26.981,0,0,1,0,0
10:14:27.599,0,0,1,0,0
10:14:27.599,0,0,0,0,0
10:14:28.216,0,0,0,0,0
10:14:28.216,0,0,1,0,0
10:14:28.295,0,0,1,0,0
10:14:28.295,1,0,1,0,0
10:14:28.844,1,0,1,0,0
10:14:28.844,1,0,0,0,0
10:14:29.458,1,0,0,0,0
10:14:29.458,1,0,1,0,0
10:14:30.077,1,0,1,0,0
10:14:30.077,1,0,0,0,0
10:14:30.092,1,0,0,0,0
10:14:30.092,0,0,0,0,0
10:14:30.698,0,0,0,0,0
10:14:30.698,0,0,1,0,0
10:14:31.325,0,0,1,0,0
10:14:31.325,0,0,0,0,0
10:14:31.901,0,0,0,0,0
10:14:31.901,1,0,0,0,0
10:14:31.948,1,0,0,0,0
10:14:31.948,1,0,1,0,0
10:14:32.553,1,0,1,0,0
10:14:32.553,1,0,0,0,0
10:14:33.166,1,0,0,0,0
10:14:33.166,1,0,1,0,0
10:14:33.706,1,0,1,0,0
10:14:33.706,0,0,1,0,0
10:14:33.769,0,0,1,0,0
10:14:33.769,0,0,0,0,0
10:14:34.387,0,0,0,0,0
10:14:34.387,0,0,1,0,0
10:14:34.991,0,0,1,0,0
10:14:34.991,0,0,0,0,0
10:14:35.512,0,0,0,0,0
10:14:35.512,1,0,0,0,0
10:14:35.592,1,0,0,0,0
10:14:35.592,1,0,1,0,0
10:14:36.194,1,0,1,0,0
10:14:36.194,1,0,0,0,0
10:14:36.804,1,0,0,0,0
10:14:36.804,1,0,1,0,0
10:14:37.324,1,0,1,0,0
10:14:37.324,0,0,1,0,0
10:14:37.419,0,0,1,0,0
10:14:37.419,0,0,0,0,0
10:14:38.024,0,0,0,0,0
10:14:38.024,0,0,1,0,0
10:14:38.626,0,0,1,0,0
10:14:38.626,0,0,0,0,0
10:14:39.135,0,0,0,0,0
10:14:39.135,1,0,0,0,0
10:14:39.231,1,0,0,0,0
10:14:39.231,1,0,1,0,0
10:14:39.835,1,0,1,0,0
10:14:39.835,1,0,0,0,0
10:14:40.438,1,0,0,0,0
10:14:40.438,1,0,1,0,0
10:14:40.947,1,0,1,0,0
10:14:40.947,0,0,1,0,0
10:14:41.042,0,0,1,0,0
10:14:41.042,0,0,0,0,0
10:14:41.643,0,0,0,0,0
10:14:41.643,0,0,1,0,0
10:14:42.265,0,0,1,0,0
10:14:42.265,0,0,0,0,0
10:14:42.758,0,0,0,0,0
10:14:42.758,1,0,0,0,0
10:14:42.891,1,0,0,0,0
10:14:42.891,1,0,1,0,0
10:14:43.500,1,0,1,0,0
10:14:43.500,1,0,0,0,0
10:14:44.088,1,0,0,0,0
10:14:44.088,1,0,1,0,0
10:14:44.564,1,0,1,0,0
10:14:44.564,0,0,1,0,0
10:14:44.706,0,0,1,0,0
10:14:44.706,0,0,0,0,0
10:14:45.311,0,0,0,0,0
10:14:45.311,0,0,1,0,0
10:14:45.916,0,0,1,0,0
10:14:45.916,0,0,0,0,0
10:14:46.376,0,0,0,0,0
10:14:46.376,1,0,0,0,0
10:14:46.518,1,0,0,0,0
10:14:46.518,1,0,1,0,0
10:14:47.132,1,0,1,0,0
10:14:47.132,1,0,0,0,0
10:14:47.737,1,0,0,0,0
10:14:47.737,1,0,1,0,0
10:14:48.184,1,0,1,0,0
10:14:48.184,0,0,1,0,0
10:14:48.342,0,0,1,0,0
10:14:48.342,0,0,0,0,0
10:14:48.946,0,0,0,0,0
10:14:48.946,0,0,1,0,0
10:14:49.546,0,0,1,0,0
10:14:49.546,0,0,0,0,0
10:14:49.990,0,0,0,0,0
10:14:49.990,1,0,0,0,0
10:14:50.150,1,0,0,0,0
10:14:50.150,1,0,1,0,0
10:14:50.752,1,0,1,0,0
10:14:50.752,1,0,0,0,0
10:14:51.357,1,0,0,0,0
10:14:51.357,1,0,1,0,0
10:14:51.800,1,0,1,0,0
10:14:51.800,0,0,1,0,0
10:14:51.966,0,0,1,0,0
10:14:51.966,0,0,0,0,0
10:14:52.573,0,0,0,0,0
10:14:52.573,0,0,1,0,0
10:14:53.197,0,0,1,0,0
10:14:53.197,0,0,0,0,0
10:14:53.612,0,0,0,0,0
10:14:53.612,1,0,0,0,0
10:14:53.810,1,0,0,0,0
10:14:53.810,1,0,1,0,0
10:14:54.433,1,0,1,0,0
10:14:54.433,1,0,0,0,0
10:14:55.047,1,0,0,0,0
10:14:55.047,1,0,1,0,0
10:14:55.426,1,0,1,0,0
10:14:55.426,0,0,1,0,0
10:14:55.676,0,0,1,0,0
10:14:55.676,0,0,0,0,0
10:14:56.285,0,0,0,0,0
10:14:56.285,0,0,1,0,0
10:14:56.902,0,0,1,0,0
10:14:56.902,0,0,0,0,0
10:14:57.236,0,0,0,0,0
10:14:57.236,1,0,0,0,0
10:14:57.521,1,0,0,0,0
10:14:57.521,1,0,1,0,0
10:14:58.124,1,0,1,0,0
10:14:58.124,1,0,0,0,0
10:14:58.728,1,0,0,0,0
10:14:58.728,1,0,1,0,0
10:14:59.045,1,0,1,0,0
10:14:59.045,0,0,1,0,0
10:14:59.331,0,0,1,0,0
10:14:59.331,0,0,0,0,0
10:14:59.936,0,0,0,0,0
10:14:59.936,0,0,1,0,0
10:15:00.537,0,0,1,0,0
10:15:00.537,0,0,0,0,0
10:15:00.854,0,0,0,0,0
10:15:00.854,1,0,0,0,0
10:15:01.139,1,0,0,0,0
10:15:01.139,1,0,1,0,0
10:15:01.741,1,0,1,0,0
10:15:01.741,1,0,0,0,0
10:15:02.349,1,0,0,0,0
10:15:02.349,1,0,1,0,0
10:15:02.688,1,0,1,0,0
10:15:02.688,0,0,1,0,0
10:15:02.953,0,0,1,0,0
10:15:02.953,0,0,0,0,0
10:15:03.558,0,0,0,0,0
10:15:03.558,0,0,1,0,0
10:15:04.160,0,0,1,0,0
10:15:04.160,0,0,0,0,0
10:15:04.494,0,0,0,0,0
10:15:04.494,1,0,0,0,0
10:15:04.766,1,0,0,0,0
10:15:04.766,1,0,1,0,0
10:15:05.366,1,0,1,0,0
10:15:05.366,1,0,0,0,0
10:15:05.991,1,0,0,0,0
10:15:05.991,1,0,1,0,0
10:15:06.304,1,0,1,0,0
10:15:06.304,0,0,1,0,0
10:15:06.606,0,0,1,0,0
10:15:06.606,0,0,0,0,0
10:15:07.230,0,0,0,0,0
10:15:07.230,0,0,1,0,0
10:15:07.845,0,0,1,0,0
10:15:07.845,0,0,0,0,0
10:15:08.115,0,0,0,0,0
10:15:08.115,1,0,0,0,0
10:15:08.473,1,0,0,0,0
10:15:08.473,1,0,1,0,0
10:15:09.082,1,0,1,0,0
10:15:09.082,1,0,0,0,0
10:15:09.704,1,0,0,0,0
10:15:09.704,1,0,1,0,0
10:15:09.921,1,0,1,0,0
10:15:09.921,0,0,1,0,0
10:15:10.318,0,0,1,0,0
10:15:10.318,0,0,0,0,0
10:15:10.946,0,0,0,0,0
10:15:10.946,0,0,1,0,0
10:15:11.556,0,0,1,0,0
10:15:11.556,0,0,0,0,0
10:15:11.731,0,0,0,0,0
10:15:11.731,1,0,0,0,0
10:15:12.187,1,0,0,0,0
10:15:12.187,1,0,1,0,0
10:15:12.796,1,0,1,0,0
10:15:12.796,1,0,0,0,0
10:15:13.413,1,0,0,0,0
10:15:13.413,1,0,1,0,0
10:15:13.541,1,0,1,0,0
10:15:13.541,0,0,1,0,0
10:15:14.034,0,0,1,0,0
10:15:14.034,0,0,0,0,0
10:15:14.660,0,0,0,0,0
10:15:14.660,0,0,1,0,0
10:15:15.275,0,0,1,0,0
10:15:15.275,0,0,0,0,0
10:15:15.353,0,0,0,0,0
10:15:15.353,1,0,0,0,0
10:15:15.875,1,0,0,0,0
10:15:15.875,1,0,1,0,0
10:15:16.481,1,0,1,0,0
10:15:16.481,1,0,0,0,0
10:15:17.107,1,0,0,0,0
10:15:17.107,1,0,1,0,0
10:15:17.149,1,0,1,0,0
10:15:17.149,0,0,1,0,0
10:15:17.719,0,0,1,0,0
10:15:17.719,0,0,0,0,0
10:15:18.337,0,0,0,0,0
10:15:18.337,0,0,1,0,0
10:15:18.954,0,0,1,0,0
10:15:18.954,0,0,0,0,0
10:15:18.970,0,0,0,0,0
10:15:18.970,1,0,0,0,0
10:15:19.573,1,0,0,0,0
10:15:19.573,1,0,1,0,0
10:15:20.193,1,0,1,0,0
10:15:20.193,1,0,0,0,0
10:15:20.781,1,0,0,0,0
10:15:20.781,0,0,0,0,0
10:15:20.795,0,0,0,0,0
10:15:20.795,0,0,1,0,0
10:15:21.401,0,0,1,0,0
10:15:21.401,0,0,0,0,0
10:15:22.016,0,0,0,0,0
10:15:22.016,0,0,1,0,0
10:15:22.587,0,0,1,0,0
10:15:22.587,1,0,1,0,0
10:15:22.642,1,0,1,0,0
10:15:22.642,1,0,0,0,0
10:15:23.250,1,0,0,0,0
10:15:23.250,1,0,1,0,0
10:15:23.851,1,0,1,0,0
10:15:23.851,1,0,0,0,0
10:15:24.388,1,0,0,0,0
10:15:24.388,0,0,0,0,0
10:15:24.452,0,0,0,0,0
10:15:24.452,0,0,1,0,0
10:15:25.052,0,0,1,0,0
10:15:25.052,0,0,0,0,0
10:15:25.655,0,0,0,0,0
10:15:25.655,0,0,1,0,0
10:15:26.195,0,0,1,0,0
10:15:26.195,1,0,1,0,0
10:15:26.291,1,0,1,0,0
10:15:26.291,1,0,0,0,0
10:15:26.906,1,0,0,0,0
10:15:26.906,1,0,1,0,0
10:15:27.509,1,0,1,0,0
10:15:27.509,1,0,0,0,0
10:15:28.011,1,0,0,0,0
10:15:28.011,0,0,0,0,0
10:15:28.122,0,0,0,0,0
10:15:28.122,0,0,1,0,0
10:15:28.726,0,0,1,0,0
10:15:28.726,0,0,0,0,0
10:15:29.328,0,0,0,0,0
10:15:29.328,0,0,1,0,0
10:15:29.821,0,0,1,0,0
10:15:29.821,1,0,1,0,0
10:15:29.932,1,0,1,0,0
10:15:29.932,1,0,0,0,0
10:15:30.535,1,0,0,0,0
10:15:30.535,1,0,1,0,0
10:15:31.139,1,0,1,0,0
10:15:31.139,1,0,0,0,0
10:15:31.631,1,0,0,0,0
10:15:31.631,0,0,0,0,0
10:15:31.741,0,0,0,0,0
10:15:31.741,0,0,1,0,0
10:15:32.347,0,0,1,0,0
10:15:32.347,0,0,0,0,0
10:15:32.952,0,0,0,0,0
10:15:32.952,0,0,1,0,0
10:15:33.445,0,0,1,0,0
10:15:33.445,1,0,1,0,0
10:15:33.557,1,0,1,0,0
10:15:33.557,1,0,0,0,0
10:15:34.170,1,0,0,0,0
10:15:34.170,1,0,1,0,0
10:15:34.783,1,0,1,0,0
10:15:34.783,1,0,0,0,0
10:15:35.253,1,0,0,0,0
10:15:35.253,0,0,0,0,0
10:15:35.397,0,0,0,0,0
10:15:35.397,0,0,1,0,0
10:15:36.022,0,0,1,0,0
10:15:36.022,0,0,0,0,0
10:15:36.636,0,0,0,0,0
10:15:36.636,0,0,1,0,0
10:15:37.064,0,0,1,0,0
10:15:37.064,1,0,1,0,0
10:15:37.257,1,0,1,0,0
10:15:37.257,1,0,0,0,0
10:15:37.880,1,0,0,0,0
10:15:37.880,1,0,1,0,0
10:15:38.497,1,0,1,0,0
10:15:38.497,1,0,0,0,0
10:15:38.903,1,0,0,0,0
10:15:38.903,0,0,0,0,0
10:15:39.102,0,0,0,0,0
10:15:39.102,0,0,1,0,0
10:15:39.712,0,0,1,0,0
10:15:39.712,0,0,0,0,0
10:15:40.329,0,0,0,0,0
10:15:40.329,0,0,1,0,0
10:15:40.713,0,0,1,0,0
10:15:40.713,1,0,1,0,0
10:15:40.942,1,0,1,0,0
10:15:40.942,1,0,0,0,0
10:15:41.551,1,0,0,0,0
10:15:41.551,1,0,1,0,0
10:15:42.140,1,0,1,0,0
10:15:42.140,1,0,0,0,0
10:15:42.524,1,0,0,0,0
10:15:42.524,0,0,0,0,0
10:15:42.764,0,0,0,0,0
10:15:42.764,0,0,1,0,0
10:15:43.392,0,0,1,0,0
10:15:43.392,0,0,0,0,0
10:15:44.004,0,0,0,0,0
10:15:44.004,0,0,1,0,0
10:15:44.337,0,0,1,0,0
10:15:44.337,1,0,1,0,0
10:15:44.625,1,0,1,0,0
10:15:44.625,1,0,0,0,0
10:15:45.230,1,0,0,0,0
10:15:45.230,1,0,1,0,0
10:15:45.842,1,0,1,0,0
10:15:45.842,1,0,0,0,0
10:15:46.141,1,0,0,0,0
10:15:46.141,0,0,0,0,0
10:15:46.458,0,0,0,0,0
10:15:46.458,0,0,1,0,0
10:15:47.065,0,0,1,0,0
10:15:47.065,0,0,0,0,0
10:15:47.664,0,0,0,0,0
10:15:47.664,0,0,1,0,0
10:15:47.950,0,0,1,0,0
10:15:47.950,1,0,1,0,0
10:15:48.281,1,0,1,0,0
10:15:48.281,1,0,0,0,0
10:15:48.887,1,0,0,0,0
10:15:48.887,1,0,1,0,0
10:15:49.496,1,0,1,0,0
10:15:49.496,1,0,0,0,0
10:15:49.760,1,0,0,0,0
10:15:49.760,0,0,0,0,0
10:15:50.095,0,0,0,0,0
10:15:50.095,0,0,1,0,0
10:15:50.715,0,0,1,0,0
10:15:50.715,0,0,0,0,0
10:15:51.334,0,0,0,0,0
10:15:51.334,0,0,1,0,0
10:15:51.579,0,0,1,0,0
10:15:51.579,1,0,1,0,0
10:15:51.963,1,0,1,0,0
10:15:51.963,1,0,0,0,0
10:15:52.576,1,0,0,0,0
10:15:52.576,1,0,1,0,0
10:15:53.194,1,0,1,0,0
10:15:53.194,1,0,0,0,0
10:15:53.382,1,0,0,0,0
10:15:53.382,0,0,0,0,0
10:15:53.792,0,0,0,0,0
10:15:53.792,0,0,1,0,0
10:15:54.404,0,0,1,0,0
10:15:54.404,0,0,0,0,0
10:15:55.016,0,0,0,0,0
10:15:55.016,0,0,1,0,0
10:15:55.190,0,0,1,0,0
10:15:55.190,1,0,1,0,0
10:15:55.677,1,0,1,0,0
10:15:55.677,1,0,0,0,0
10:15:56.284,1,0,0,0,0
10:15:56.284,1,0,1,0,0
10:15:56.886,1,0,1,0,0
10:15:56.886,1,0,0,0,0
10:15:56.997,1,0,0,0,0
10:15:56.997,0,0,0,0,0
10:15:57.489,0,0,0,0,0
10:15:57.489,0,0,1,0,0
10:15:58.090,0,0,1,0,0
10:15:58.090,0,0,0,0,0
10:15:58.701,0,0,0,0,0
10:15:58.701,0,0,1,0,0
10:15:58.812,0,0,1,0,0
10:15:58.812,1,0,1,0,0
10:15:59.293,1,0,1,0,0
10:15:59.293,1,0,0,0,0
10:15:59.906,1,0,0,0,0
10:15:59.906,1,0,1,0,0
10:16:00.508,1,0,1,0,0
10:16:00.508,1,0,0,0,0
10:16:00.619,1,0,0,0,0
10:16:00.619,0,0,0,0,0
10:16:01.105,0,0,0,0,0
10:16:01.105,0,0,1,0,0
10:16:01.723,0,0,1,0,0
10:16:01.723,0,0,0,0,0
10:16:02.325,0,0,0,0,0
10:16:02.325,0,0,1,0,0
10:16:02.420,0,0,1,0,0
10:16:02.420,1,0,1,0,0
10:16:02.927,1,0,1,0,0
10:16:02.927,1,0,0,0,0
10:16:03.530,1,0,0,0,0
10:16:03.530,1,0,1,0,0
10:16:04.130,1,0,1,0,0
10:16:04.130,1,0,0,0,0
10:16:04.238,1,0,0,0,0
10:16:04.238,0,0,0,0,0
10:16:04.736,0,0,0,0,0
10:16:04.736,0,0,1,0,0
10:16:05.340,0,0,1,0,0
10:16:05.340,0,0,0,0,0
10:16:05.945,0,0,0,0,0
10:16:05.945,0,0,1,0,0
10:16:06.037,0,0,1,0,0
10:16:06.037,1,0,1,0,0
10:16:06.547,1,0,1,0,0
10:16:06.547,1,0,0,0,0
10:16:07.143,1,0,0,0,0
10:16:07.143,1,0,1,0,0
10:16:07.760,1,0,1,0,0
10:16:07.760,1,0,0,0,0
10:16:07.871,1,0,0,0,0
10:16:07.871,0,0,0,0,0
10:16:08.359,0,0,0,0,0
10:16:08.359,0,0,1,0,0
10:16:08.964,0,0,1,0,0
10:16:08.964,0,0,0,0,0
10:16:09.564,0,0,0,0,0
10:16:09.564,0,0,1,0,0
10:16:09.676,0,0,1,0,0
10:16:09.676,1,0,1,0,0
10:16:10.167,1,0,1,0,0
10:16:10.167,1,0,0,0,0
10:16:10.773,1,0,0,0,0
10:16:10.773,1,0,1,0,0
10:16:11.376,1,0,1,0,0
10:16:11.376,1,0,0,0,0
10:16:11.487,1,0,0,0,0
10:16:11.487,0,0,0,0,0
10:16:11.977,0,0,0,0,0
10:16:11.977,0,0,1,0,0
10:16:12.589,0,0,1,0,0
10:16:12.589,0,0,0,0,0
10:16:13.197,0,0,0,0,0
10:16:13.197,0,0,1,0,0
10:16:13.287,0,0,1,0,0
10:16:13.287,1,0,1,0,0
10:16:13.809,1,0,1,0,0
10:16:13.809,1,0,0,0,0
10:16:14.431,1,0,0,0,0
10:16:14.431,1,0,1,0,0
10:16:15.042,1,0,1,0,0
10:16:15.042,1,0,0,0,0
10:16:15.092,1,0,0,0,0
10:16:15.092,0,0,0,0,0
10:16:15.670,0,0,0,0,0
10:16:15.670,0,0,1,0,0
10:16:16.279,0,0,1,0,0
10:16:16.279,0,0,0,0,0
10:16:16.898,0,0,0,0,0
10:16:16.898,0,0,1,0,0
10:16:16.898,0,0,1,0,0
10:16:16.898,1,0,1,0,0
10:16:17.505,1,0,1,0,0
10:16:17.505,1,0,0,0,0
10:16:18.124,1,0,0,0,0
10:16:18.124,1,0,1,0,0
10:16:18.704,1,0,1,0,0
10:16:18.704,0,0,1,0,0
10:16:18.756,0,0,1,0,0
10:16:18.756,0,0,0,0,0
10:16:19.358,0,0,0,0,0
10:16:19.358,0,0,1,0,0
10:16:19.968,0,0,1,0,0
10:16:19.968,0,0,0,0,0
10:16:20.512,0,0,0,0,0
10:16:20.512,1,0,0,0,0
10:16:20.582,1,0,0,0,0
10:16:20.582,1,0,1,0,0
10:16:21.194,1,0,1,0,0
10:16:21.194,1,0,0,0,0
10:16:21.798,1,0,0,0,0
10:16:21.798,1,0,1,0,0
10:16:22.323,1,0,1,0,0
10:16:22.323,0,0,1,0,0
10:16:22.401,0,0,1,0,0
10:16:22.401,0,0,0,0,0
10:16:23.027,0,0,0,0,0
10:16:23.027,0,0,1,0,0
10:16:23.635,0,0,1,0,0
10:16:23.635,0,0,0,0,0
10:16:24.124,0,0,0,0,0
10:16:24.124,1,0,0,0,0
10:16:24.257,1,0,0,0,0
10:16:24.257,1,0,1,0,0
10:16:24.868,1,0,1,0,0
10:16:24.868,1,0,0,0,0
10:16:25.476,1,0,0,0,0
10:16:25.476,1,0,1,0,0
10:16:25.930,1,0,1,0,0
10:16:25.930,0,0,1,0,0
10:16:26.076,0,0,1,0,0
10:16:26.076,0,0,0,0,0
10:16:26.697,0,0,0,0,0
10:16:26.697,0,0,1,0,0
10:16:27.306,0,0,1,0,0
10:16:27.306,0,0,0,0,0
10:16:27.734,0,0,0,0,0
10:16:27.734,1,0,0,0,0
10:16:27.924,1,0,0,0,0
10:16:27.924,1,0,1,0,0
10:16:28.526,1,0,1,0,0
10:16:28.526,1,0,0,0,0
10:16:29.147,1,0,0,0,0
10:16:29.147,1,0,1,0,0
10:16:29.559,1,0,1,0,0
10:16:29.559,0,0,1,0,0
10:16:29.759,0,0,1,0,0
10:16:29.759,0,0,0,0,0
10:16:30.360,0,0,0,0,0
10:16:30.360,0,0,1,0,0
10:16:30.962,0,0,1,0,0
10:16:30.962,0,0,0,0,0
10:16:31.374,0,0,0,0,0
10:16:31.374,1,0,0,0,0
10:16:31.565,1,0,0,0,0
10:16:31.565,1,0,1,0,0
10:16:32.167,1,0,1,0,0
10:16:32.167,1,0,0,0,0
10:16:32.771,1,0,0,0,0
10:16:32.771,1,0,1,0,0
10:16:33.183,1,0,1,0,0
10:16:33.183,0,0,1,0,0
10:16:33.367,0,0,1,0,0
10:16:33.367,0,0,0,0,0
10:16:33.983,0,0,0,0,0
10:16:33.983,0,0,1,0,0
10:16:34.594,0,0,1,0,0
10:16:34.594,0,0,0,0,0
10:16:34.988,0,0,0,0,0
10:16:34.988,1,0,0,0,0
10:16:35.226,1,0,0,0,0
10:16:35.226,1,0,1,0,0
10:16:35.842,1,0,1,0,0
10:16:35.842,1,0,0,0,0
10:16:36.446,1,0,0,0,0
10:16:36.446,1,0,1,0,0
10:16:36.794,1,0,1,0,0
10:16:36.794,0,0,1,0,0
10:16:37.120,0,0,1,0,0
10:16:37.120,0,0,0,0,0
10:16:37.730,0,0,0,0,0
10:16:37.730,0,0,1,0,0
10:16:38.418,0,0,1,0,0
10:16:38.418,0,0,0,0,0
10:16:38.603,0,0,0,0,0
10:16:38.603,1,0,0,0,0
10:16:39.030,1,0,0,0,0
10:16:39.030,1,0,1,0,0
10:16:39.657,1,0,1,0,0
10:16:39.657,1,0,0,0,0
10:16:40.265,1,0,0,0,0
10:16:40.265,1,0,1,0,0
10:16:40.449,1,0,1,0,0
10:16:40.449,0,0,1,0,0
10:16:40.895,0,0,1,0,0
10:16:40.895,0,0,0,0,0
10:16:41.508,0,0,0,0,0
10:16:41.508,0,0,1,0,0
10:16:42.137,0,0,1,0,0
10:16:42.137,0,0,0,0,0
10:16:42.311,0,0,0,0,0
10:16:42.311,1,0,0,0,0
10:16:42.740,1,0,0,0,0
10:16:42.740,1,0,1,0,0
10:16:43.357,1,0,1,0,0
10:16:43.357,1,0,0,0,0
10:16:43.977,1,0,0,0,0
10:16:43.977,1,0,1,0,0
10:16:44.202,1,0,1,0,0
10:16:44.202,0,0,1,0,0
10:16:44.584,0,0,1,0,0
10:16:44.584,0,0,0,0,0
10:16:45.242,0,0,0,0,0
10:16:45.242,0,0,1,0,0
10:16:45.858,0,0,1,0,0
10:16:45.858,0,0,0,0,0
10:16:46.049,0,0,0,0,0
10:16:46.049,1,0,0,0,0
10:16:46.461,1,0,0,0,0
10:16:46.461,1,0,1,0,0
10:16:47.069,1,0,1,0,0
10:16:47.069,1,0,0,0,0
10:16:47.707,1,0,0,0,0
10:16:47.707,1,0,1,0,0
10:16:47.893,1,0,1,0,0
10:16:47.893,0,0,1,0,0
10:16:48.315,0,0,1,0,0
10:16:48.315,0,0,0,0,0
10:16:48.922,0,0,0,0,0
10:16:48.922,0,0,1,0,0
10:16:49.526,0,0,1,0,0
10:16:49.526,0,0,0,0,0
10:16:49.783,0,0,0,0,0
10:16:49.783,1,0,0,0,0
10:16:50.149,1,0,0,0,0
10:16:50.149,1,0,1,0,0
10:16:50.749,1,0,1,0,0
10:16:50.749,1,0,0,0,0
10:16:51.469,1,0,0,0,0
10:16:51.469,1,0,1,0,0
10:16:51.599,1,0,1,0,0
10:16:51.599,0,0,1,0,0
10:16:52.073,0,0,1,0,0
10:16:52.073,0,0,0,0,0
10:16:52.718,0,0,0,0,0
10:16:52.718,0,0,1,0,0
10:16:53.326,0,0,1,0,0
10:16:53.326,0,0,0,0,0
10:16:53.493,0,0,0,0,0
10:16:53.493,1,0,0,0,0
10:16:53.940,1,0,0,0,0
10:16:53.940,1,0,1,0,0
10:16:54.546,1,0,1,0,0
10:16:54.546,1,0,0,0,0
10:16:55.159,1,0,0,0,0
10:16:55.159,1,0,1,0,0
10:16:55.298,1,0,1,0,0
10:16:55.298,0,0,1,0,0
10:16:55.763,0,0,1,0,0
10:16:55.763,0,0,0,0,0
10:16:56.365,0,0,0,0,0
10:16:56.365,0,0,1,0,0
10:16:56.982,0,0,1,0,0
10:16:56.982,0,0,0,0,0
10:16:57.189,0,0,0,0,0
10:16:57.189,1,0,0,0,0
10:16:57.589,1,0,0,0,0
10:16:57.589,1,0,1,0,0
10:16:58.248,1,0,1,0,0
10:16:58.248,1,0,0,0,0
10:16:58.864,1,0,0,0,0
10:16:58.864,1,0,1,0,0
10:16:59.114,1,0,1,0,0
10:16:59.114,0,0,1,0,0
10:16:59.467,0,0,1,0,0
10:16:59.467,0,0,0,0,0
10:17:00.067,0,0,0,0,0
10:17:00.067,0,0,1,0,0
10:17:00.803,0,0,1,0,0
10:17:00.803,0,0,0,0,0
10:17:01.008,0,0,0,0,0
10:17:01.008,1,0,0,0,0
10:17:01.408,1,0,0,0,0
10:17:01.408,1,0,1,0,0
10:17:02.042,1,0,1,0,0
10:17:02.042,1,0,0,0,0
10:17:02.657,1,0,0,0,0
10:17:02.657,1,0,1,0,0
10:17:02.851,1,0,1,0,0
10:17:02.851,0,0,1,0,0
10:17:03.261,0,0,1,0,0
10:17:03.261,0,0,0,0,0
10:17:03.871,0,0,0,0,0
10:17:03.871,0,0,1,0,0
10:17:04.480,0,0,1,0,0
10:17:04.480,0,0,0,0,0
10:17:04.681,0,0,0,0,0
10:17:04.681,1,0,0,0,0
10:17:05.094,1,0,0,0,0
10:17:05.094,1,0,1,0,0
10:17:05.708,1,0,1,0,0
10:17:05.708,1,0,0,0,0
10:17:06.350,1,0,0,0,0
10:17:06.350,1,0,1,0,0
10:17:06.525,1,0,1,0,0
10:17:06.525,0,0,1,0,0
10:17:06.962,0,0,1,0,0
10:17:06.962,0,0,0,0,0
10:17:07.601,0,0,0,0,0
10:17:07.601,0,0,1,0,0
10:17:08.213,0,0,1,0,0
10:17:08.213,0,0,0,0,0
10:17:08.482,0,0,0,0,0
10:17:08.482,1,0,0,0,0
10:17:08.816,1,0,0,0,0
10:17:08.816,1,0,1,0,0
10:17:09.416,1,0,1,0,0
10:17:09.416,1,0,0,0,0
10:17:10.020,1,0,0,0,0
10:17:10.020,1,0,1,0,0
10:17:10.289,1,0,1,0,0
10:17:10.289,0,0,1,0,0
10:17:10.696,0,0,1,0,0
10:17:10.696,0,0,0,0,0
10:17:11.301,0,0,0,0,0
10:17:11.301,0,0,1,0,0
10:17:11.916,0,0,1,0,0
10:17:11.916,0,0,0,0,0
10:17:12.089,0,0,0,0,0
10:17:12.089,1,0,0,0,0
10:17:12.518,1,0,0,0,0
10:17:12.518,1,0,1,0,0
10:17:13.186,1,0,1,0,0
10:17:13.186,1,0,0,0,0
10:17:13.800,1,0,0,0,0
10:17:13.800,1,0,1,0,0
10:17:13.962,1,0,1,0,0
10:17:13.962,0,0,1,0,0
10:17:14.516,0,0,1,0,0
10:17:14.516,0,0,0,0,0
10:17:15.118,0,0,0,0,0
10:17:15.118,0,0,1,0,0
10:17:15.737,0,0,1,0,0
10:17:15.737,0,0,0,0,0
10:17:15.785,0,0,0,0,0
10:17:15.785,1,0,0,0,0
10:17:16.359,1,0,0,0,0
10:17:16.359,1,0,1,0,0
10:17:16.960,1,0,1,0,0
10:17:16.960,1,0,0,0,0
10:17:17.554,1,0,0,0,0
10:17:17.554,1,0,1,0,0
10:17:17.597,1,0,1,0,0
10:17:17.597,0,0,1,0,0
10:17:18.168,0,0,1,0,0
10:17:18.168,0,0,0,0,0
10:17:18.805,0,0,0,0,0
10:17:18.805,0,0,1,0,0
10:17:19.418,0,0,1,0,0
10:17:19.418,1,0,1,0,0
10:17:19.418,1,0,1,0,0
10:17:19.418,1,0,0,0,0
10:17:20.048,1,0,0,0,0
10:17:20.048,1,0,1,0,0
10:17:20.654,1,0,1,0,0
10:17:20.654,1,0,0,0,0
10:17:21.223,1,0,0,0,0
10:17:21.223,0,0,0,0,0
10:17:21.268,0,0,0,0,0
10:17:21.268,0,0,1,0,0
10:17:21.863,0,0,1,0,0
10:17:21.863,0,0,0,0,0
10:17:22.475,0,0,0,0,0
10:17:22.475,0,0,1,0,0
10:17:23.116,0,0,1,0,0
10:17:23.116,1,0,1,0,0
10:17:23.116,1,0,1,0,0
10:17:23.116,1,0,0,0,0
10:17:23.725,1,0,0,0,0
10:17:23.725,1,0,1,0,0
10:17:24.392,1,0,1,0,0
10:17:24.392,1,0,0,0,0
10:17:24.932,1,0,0,0,0
10:17:24.932,0,0,0,0,0
10:17:25.050,0,0,0,0,0
10:17:25.050,0,0,1,0,0
10:17:25.659,0,0,1,0,0
10:17:25.659,0,0,0,0,0
10:17:26.260,0,0,0,0,0
10:17:26.260,0,0,1,0,0
10:17:26.734,0,0,1,0,0
10:17:26.734,1,0,1,0,0
10:17:26.893,1,0,1,0,0
10:17:26.893,1,0,0,0,0
10:17:27.494,1,0,0,0,0
10:17:27.494,1,0,1,0,0
10:17:28.109,1,0,1,0,0
10:17:28.109,1,0,0,0,0
10:17:28.553,1,0,0,0,0
10:17:28.553,0,0,0,0,0
10:17:28.712,0,0,0,0,0
10:17:28.712,0,0,1,0,0
10:17:29.396,0,0,1,0,0
10:17:29.396,0,0,0,0,0
10:17:29.999,0,0,0,0,0
10:17:29.999,0,0,1,0,0
10:17:30.362,0,0,1,0,0
10:17:30.362,1,0,1,0,0
10:17:30.663,1,0,1,0,0
10:17:30.663,1,0,0,0,0
10:17:31.267,1,0,0,0,0
10:17:31.267,1,0,1,0,0
10:17:31.996,1,0,1,0,0
10:17:31.996,1,0,0,0,0
10:17:32.202,1,0,0,0,0
10:17:32.202,0,0,0,0,0
10:17:32.615,0,0,0,0,0
10:17:32.615,0,0,1,0,0
10:17:33.254,0,0,1,0,0
10:17:33.254,0,0,0,0,0
10:17:33.869,0,0,0,0,0
10:17:33.869,0,0,1,0,0
10:17:34.106,0,0,1,0,0
10:17:34.106,1,0,1,0,0
10:17:34.494,1,0,1,0,0
10:17:34.494,1,0,0,0,0
10:17:35.106,1,0,0,0,0
10:17:35.106,1,0,1,0,0
10:17:35.779,1,0,1,0,0
10:17:35.779,1,0,0,0,0
10:17:35.966,1,0,0,0,0
10:17:35.966,0,0,0,0,0
10:17:36.387,0,0,0,0,0
10:17:36.387,0,0,1,0,0
10:17:36.988,0,0,1,0,0
10:17:36.988,0,0,0,0,0
10:17:37.590,0,0,0,0,0
10:17:37.590,0,0,1,0,0
10:17:37.776,0,0,1,0,0
10:17:37.776,1,0,1,0,0
10:17:38.199,1,0,1,0,0
10:17:38.199,1,0,0,0,0
10:17:38.811,1,0,0,0,0
10:17:38.811,1,0,1,0,0
10:17:39.470,1,0,1,0,0
10:17:39.470,1,0,0,0,0
10:17:39.678,1,0,0,0,0
10:17:39.678,0,0,0,0,0
10:17:40.080,0,0,0,0,0
10:17:40.080,0,0,1,0,0
10:17:40.749,0,0,1,0,0
10:17:40.749,0,0,0,0,0
10:17:41.365,0,0,0,0,0
10:17:41.365,0,0,1,0,0
10:17:41.603,0,0,1,0,0
10:17:41.603,1,0,1,0,0
10:17:41.968,1,0,1,0,0
10:17:41.968,1,0,0,0,0
10:17:42.571,1,0,0,0,0
10:17:42.571,1,0,1,0,0
10:17:43.227,1,0,1,0,0
10:17:43.227,1,0,0,0,0
10:17:43.468,1,0,0,0,0
10:17:43.468,0,0,0,0,0
10:17:43.841,0,0,0,0,0
10:17:43.841,0,0,1,0,0
10:17:44.479,0,0,1,0,0
10:17:44.479,0,0,0,0,0
10:17:45.099,0,0,0,0,0
10:17:45.099,0,0,1,0,0
10:17:45.338,0,0,1,0,0
10:17:45.338,1,0,1,0,0
10:17:45.771,1,0,1,0,0
10:17:45.771,1,0,0,0,0
10:17:46.383,1,0,0,0,0
10:17:46.383,1,0,1,0,0
10:17:46.989,1,0,1,0,0
10:17:46.989,1,0,0,0,0
10:17:47.176,1,0,0,0,0
10:17:47.176,0,0,0,0,0
10:17:47.606,0,0,0,0,0
10:17:47.606,0,0,1,0,0
10:17:48.244,0,0,1,0,0
10:17:48.244,0,0,0,0,0
10:17:48.847,0,0,0,0,0
10:17:48.847,0,0,1,0,0
10:17:49.072,0,0,1,0,0
10:17:49.072,1,0,1,0,0
10:17:49.450,1,0,1,0,0
10:17:49.450,1,0,0,0,0
10:17:50.052,1,0,0,0,0
10:17:50.052,1,0,1,0,0
10:17:50.734,1,0,1,0,0
10:17:50.734,1,0,0,0,0
10:17:50.883,1,0,0,0,0
10:17:50.883,0,0,0,0,0
10:17:51.335,0,0,0,0,0
10:17:51.335,0,0,1,0,0
10:17:51.950,0,0,1,0,0
10:17:51.950,0,0,0,0,0
10:17:52.590,0,0,0,0,0
10:17:52.590,0,0,1,0,0
10:17:52.778,0,0,1,0,0
10:17:52.778,1,0,1,0,0
10:17:53.206,1,0,1,0,0
10:17:53.206,1,0,0,0,0
10:17:53.821,1,0,0,0,0
10:17:53.821,1,0,1,0,0
11:18:03.860,0,0,0,0,0
11:18:03.860,1,0,0,0,0
11:18:04.540,1,0,0,0,0
11:18:04.540,1,1,0,0,0
11:18:04.933,1,1,0,0,0
11:18:04.933,1,1,1,0,0
11:18:05.154,1,1,1,0,0
11:18:05.154,1,0,1,0,0
11:18:05.537,1,0,1,0,0
11:18:05.537,1,0,1,1,0
11:18:05.537,1,0,1,1,0
11:18:05.537,1,0,0,1,0
11:18:05.674,1,0,0,1,0
11:18:05.674,0,0,0,1,0
11:18:05.754,0,0,0,1,0
11:18:05.754,0,1,0,1,0
11:18:06.140,0,1,0,1,0
11:18:06.140,0,1,0,0,0
11:18:06.140,0,1,0,0,0
11:18:06.140,0,1,1,0,0
11:18:06.363,0,1,1,0,0
11:18:06.363,0,1,1,0,1
11:18:06.363,0,1,1,0,1
11:18:06.363,0,0,1,0,1
11:18:06.753,0,0,1,0,1
11:18:06.753,0,0,1,1,1
11:18:06.763,0,0,1,1,1
11:18:06.763,0,0,0,1,1
11:18:06.975,0,0,0,1,1
11:18:06.975,0,0,0,1,0
11:18:06.975,0,0,0,1,0
11:18:06.975,0,1,0,1,0
11:18:07.371,0,1,0,1,0
11:18:07.371,0,1,0,0,0
11:18:07.371,0,1,0,0,0
11:18:07.371,0,1,1,0,0
11:18:07.470,0,1,1,0,0
11:18:07.470,1,1,1,0,0
11:18:07.594,1,1,1,0,0
11:18:07.594,1,1,1,0,1
11:18:07.594,1,1,1,0,1
11:18:07.594,1,0,1,0,1
11:18:07.973,1,0,1,0,1
11:18:07.973,1,0,1,1,1
11:18:07.973,1,0,1,1,1
11:18:07.973,1,0,0,1,1
11:18:08.196,1,0,0,1,1
11:18:08.196,1,0,0,1,0
11:18:08.196,1,0,0,1,0
11:18:08.196,1,1,0,1,0
11:18:08.575,1,1,0,1,0
11:18:08.575,1,1,0,0,0
11:18:08.575,1,1,0,0,0
11:18:08.575,1,1,1,0,0
11:18:08.797,1,1,1,0,0
11:18:08.797,1,1,1,0,1
11:18:08.797,1,1,1,0,1
11:18:08.797,1,0,1,0,1
11:18:09.177,1,0,1,0,1
11:18:09.177,1,0,1,1,1
11:18:09.177,1,0,1,1,1
11:18:09.177,1,0,0,1,1
11:18:09.288,1,0,0,1,1
11:18:09.288,0,0,0,1,1
11:18:09.399,0,0,0,1,1
11:18:09.399,0,0,0,1,0
11:18:09.399,0,0,0,1,0
11:18:09.399,0,1,0,1,0
11:18:09.779,0,1,0,1,0
11:18:09.779,0,1,0,0,0
11:18:09.780,0,1,0,0,0
11:18:09.780,0,1,1,0,0
11:18:10.001,0,1,1,0,0
11:18:10.001,0,1,1,0,1
11:18:10.001,0,1,1,0,1
11:18:10.001,0,0,1,0,1
11:18:10.379,0,0,1,0,1
11:18:10.379,0,0,1,1,1
11:18:10.379,0,0,1,1,1
11:18:10.379,0,0,0,1,1
11:18:10.601,0,0,0,1,1
11:18:10.601,0,0,0,1,0
11:18:10.601,0,0,0,1,0
11:18:10.601,0,1,0,1,0
11:18:10.983,0,1,0,1,0
11:18:10.983,0,1,0,0,0
11:18:10.983,0,1,0,0,0
11:18:10.983,0,1,1,0,0
11:18:11.094,0,1,1,0,0
11:18:11.094,1,1,1,0,0
11:18:11.206,1,1,1,0,0
11:18:11.206,1,1,1,0,1
11:18:11.206,1,1,1,0,1
11:18:11.206,1,0,1,0,1
11:18:11.585,1,0,1,0,1
11:18:11.585,1,0,1,1,1
11:18:11.585,1,0,1,1,1
11:18:11.585,1,0,0,1,1
11:18:11.808,1,0,0,1,1
11:18:11.808,1,0,0,1,0
11:18:11.808,1,0,0,1,0
11:18:11.808,1,1,0,1,0
11:18:12.189,1,1,0,1,0
11:18:12.189,1,1,0,0,0
11:18:12.189,1,1,0,0,0
11:18:12.189,1,1,1,0,0
11:18:12.413,1,1,1,0,0
11:18:12.413,1,1,1,0,1
11:18:12.413,1,1,1,0,1
11:18:12.413,1,0,1,0,1
11:18:12.792,1,0,1,0,1
11:18:12.792,1,0,1,1,1
11:18:12.793,1,0,1,1,1
11:18:12.793,1,0,0,1,1
11:18:12.904,1,0,0,1,1
11:18:12.904,0,0,0,1,1
11:18:13.020,0,0,0,1,1
11:18:13.020,0,0,0,1,0
11:18:13.025,0,0,0,1,0
11:18:13.025,0,1,0,1,0
11:18:13.387,0,1,0,1,0
11:18:13.387,0,1,0,0,0
11:18:13.387,0,1,0,0,0
11:18:13.387,0,1,1,0,0
11:18:13.635,0,1,1,0,0
11:18:13.635,0,1,1,0,1
11:18:13.635,0,1,1,0,1
11:18:13.635,0,0,1,0,1
11:18:14.000,0,0,1,0,1
11:18:14.000,0,0,1,1,1
11:18:14.000,0,0,1,1,1
11:18:14.000,0,0,0,1,1
11:18:14.285,0,0,0,1,1
11:18:14.285,0,0,0,1,0
11:18:14.285,0,0,0,1,0
11:18:14.285,0,1,0,1,0
11:18:14.603,0,1,0,1,0
11:18:14.603,0,1,0,0,0
11:18:14.603,0,1,0,0,0
11:18:14.603,0,1,1,0,0
11:18:14.713,0,1,1,0,0
11:18:14.713,1,1,1,0,0
11:18:14.889,1,1,1,0,0
11:18:14.889,1,1,1,0,1
11:18:14.889,1,1,1,0,1
11:18:14.889,1,0,1,0,1
11:18:15.206,1,0,1,0,1
11:18:15.206,1,0,1,1,1
11:18:15.206,1,0,1,1,1
11:18:15.206,1,0,0,1,1
11:18:15.491,1,0,0,1,1
11:18:15.491,1,0,0,1,0
11:18:15.491,1,0,0,1,0
11:18:15.491,1,1,0,1,0
11:18:15.807,1,1,0,1,0
11:18:15.807,1,1,0,0,0
11:18:15.807,1,1,0,0,0
11:18:15.807,1,1,1,0,0
11:18:16.109,1,1,1,0,0
11:18:16.109,1,1,1,0,1
11:18:16.109,1,1,1,0,1
11:18:16.109,1,0,1,0,1
11:18:16.410,1,0,1,0,1
11:18:16.410,1,0,1,1,1
11:18:16.410,1,0,1,1,1
11:18:16.410,1,0,0,1,1
11:18:16.521,1,0,0,1,1
11:18:16.521,0,0,0,1,1
11:18:16.712,0,0,0,1,1
11:18:16.712,0,0,0,1,0
11:18:16.712,0,0,0,1,0
11:18:16.712,0,1,0,1,0
11:18:17.013,0,1,0,1,0
11:18:17.013,0,1,0,0,0
11:18:17.013,0,1,0,0,0
11:18:17.013,0,1,1,0,0
11:18:17.317,0,1,1,0,0
11:18:17.317,0,1,1,0,1
11:18:17.317,0,1,1,0,1
11:18:17.317,0,0,1,0,1
11:18:17.614,0,0,1,0,1
11:18:17.614,0,0,1,1,1
11:18:17.614,0,0,1,1,1
11:18:17.614,0,0,0,1,1
11:18:17.915,0,0,0,1,1
11:18:17.915,0,0,0,1,0
11:18:17.915,0,0,0,1,0
11:18:17.915,0,1,0,1,0
11:18:18.216,0,1,0,1,0
11:18:18.216,0,1,0,0,0
11:18:18.216,0,1,0,0,0
11:18:18.216,0,1,1,0,0
11:18:18.328,0,1,1,0,0
11:18:18.328,1,1,1,0,0
11:18:18.521,1,1,1,0,0
11:18:18.521,1,1,1,0,1
11:18:18.521,1,1,1,0,1
11:18:18.521,1,0,1,0,1
11:18:18.818,1,0,1,0,1
11:18:18.818,1,0,1,1,1
11:18:18.818,1,0,1,1,1
11:18:18.818,1,0,0,1,1
11:18:18.967,1,0,0,1,1
11:18:18.967,0,0,0,1,1
11:18:19.118,0,0,0,1,1
11:18:19.118,0,0,0,1,0
11:18:19.118,0,0,0,1,0
11:18:19.118,0,1,0,1,0
11:18:19.335,0,1,0,1,0
11:18:19.335,0,0,0,1,0
11:18:19.419,0,0,0,1,0
11:18:19.419,0,0,0,0,0
11:18:19.419,0,0,0,0,0
11:18:19.419,0,0,1,0,0
11:18:19.704,0,0,1,0,0
11:18:19.704,0,0,0,0,0
11:18:19.720,0,0,0,0,0
11:18:19.720,0,0,0,0,1
11:18:20.021,0,0,0,0,1
11:18:20.021,0,0,0,1,1
11:18:20.339,0,0,0,1,1
11:18:20.339,0,0,0,0,1
11:18:20.339,0,0,0,0,1
11:18:20.339,0,0,0,0,0
11:18:20.938,0,0,0,0,0
11:18:20.938,0,0,0,0,1
11:18:21.554,0,0,0,0,1
11:18:21.554,0,0,0,0,0
11:18:22.154,0,0,0,0,0
11:18:22.154,0,0,0,0,1
11:18:22.755,0,0,0,0,1
11:18:22.755,0,0,0,0,0
11:18:23.358,0,0,0,0,0
11:18:23.358,0,0,0,0,1
11:18:23.959,0,0,0,0,1
11:18:23.959,0,0,0,0,0
11:18:42.725,0,0,0,0,0
11:18:42.725,1,0,0,0,0
11:18:43.251,1,0,0,0,0
11:18:43.251,1,1,0,0,0
11:18:43.636,1,1,0,0,0
11:18:43.636,1,1,1,0,0
11:18:43.866,1,1,1,0,0
11:18:43.866,1,0,1,0,0
11:18:44.061,1,0,1,0,0
11:18:44.061,1,0,1,1,0
11:18:44.246,1,0,1,1,0
11:18:44.246,1,0,0,1,0
11:18:44.470,1,0,0,1,0
11:18:44.470,1,1,0,1,0
11:18:44.523,1,1,0,1,0
11:18:44.523,0,1,0,1,0
11:18:44.675,0,1,0,1,0
11:18:44.675,0,1,0,0,0
11:18:44.849,0,1,0,0,0
11:18:44.849,0,1,1,0,0
11:18:45.071,0,1,1,0,0
11:18:45.071,0,0,1,0,0
11:18:45.277,0,0,1,0,0
11:18:45.277,0,0,1,1,0
11:18:45.452,0,0,1,1,0
11:18:45.452,0,0,0,1,0
11:18:45.674,0,0,0,1,0
11:18:45.674,0,1,0,1,0
11:18:45.881,0,1,0,1,0
11:18:45.881,0,1,0,0,0
11:18:46.063,0,1,0,0,0
11:18:46.063,0,1,1,0,0
11:18:46.278,0,1,1,0,0
11:18:46.278,0,0,1,0,0
11:18:46.341,0,0,1,0,0
11:18:46.341,1,0,1,0,0
11:18:46.485,1,0,1,0,0
11:18:46.485,1,0,1,1,0
11:18:46.673,1,0,1,1,0
11:18:46.673,1,0,0,1,0
11:18:46.885,1,0,0,1,0
11:18:46.885,1,1,0,1,0
11:18:47.085,1,1,0,1,0
11:18:47.085,1,1,0,0,0
11:18:47.292,1,1,0,0,0
11:18:47.292,1,1,1,0,0
11:18:47.493,1,1,1,0,0
11:18:47.493,1,0,1,0,0
11:18:47.705,1,0,1,0,0
11:18:47.705,1,0,1,1,0
11:18:47.906,1,0,1,1,0
11:18:47.906,1,0,0,1,0
11:18:48.120,1,0,0,1,0
11:18:48.120,1,1,0,1,0
11:18:48.167,1,1,0,1,0
11:18:48.167,0,1,0,1,0
11:18:48.317,0,1,0,1,0
11:18:48.317,0,1,0,0,0
11:18:48.524,0,1,0,0,0
11:18:48.524,0,1,1,0,0
11:18:48.729,0,1,1,0,0
11:18:48.729,0,0,1,0,0
11:18:48.941,0,0,1,0,0
11:18:48.941,0,0,1,1,0
11:18:49.141,0,0,1,1,0
11:18:49.141,0,0,0,1,0
11:18:49.354,0,0,0,1,0
11:18:49.354,0,1,0,1,0
11:18:49.553,0,1,0,1,0
11:18:49.553,0,1,0,0,0
11:18:49.770,0,1,0,0,0
11:18:49.770,0,1,1,0,0
11:18:49.967,0,1,1,0,0
11:18:49.967,0,0,1,0,0
11:18:49.983,0,0,1,0,0
11:18:49.983,1,0,1,0,0
11:18:50.184,1,0,1,0,0
11:18:50.184,1,0,1,1,0
11:18:50.378,1,0,1,1,0
11:18:50.378,1,0,0,1,0
11:18:50.583,1,0,0,1,0
11:18:50.583,1,1,0,1,0
11:18:50.789,1,1,0,1,0
11:18:50.789,1,1,0,0,0
11:18:51.000,1,1,0,0,0
11:18:51.000,1,1,1,0,0
11:18:51.201,1,1,1,0,0
11:18:51.201,1,0,1,0,0
11:18:51.415,1,0,1,0,0
11:18:51.415,1,0,1,1,0
11:18:51.613,1,0,1,1,0
11:18:51.613,1,0,0,1,0
11:18:51.790,1,0,0,1,0
11:18:51.790,0,0,0,1,0
11:18:51.802,0,0,0,1,0
11:18:51.802,0,1,0,1,0
11:18:52.027,0,1,0,1,0
11:18:52.027,0,1,0,0,0
11:18:52.235,0,1,0,0,0
11:18:52.235,0,1,1,0,0
11:18:52.407,0,1,1,0,0
11:18:52.407,0,0,1,0,0
11:18:52.652,0,0,1,0,0
11:18:52.652,0,0,1,1,0
11:18:52.848,0,0,1,1,0
11:18:52.848,0,0,0,1,0
11:18:53.008,0,0,0,1,0
11:18:53.008,0,1,0,1,0
11:18:53.261,0,1,0,1,0
11:18:53.261,0,1,0,0,0
11:18:53.448,0,1,0,0,0
11:18:53.448,0,1,1,0,0
11:18:53.594,0,1,1,0,0
11:18:53.594,1,1,1,0,0
11:18:53.611,1,1,1,0,0
11:18:53.611,1,0,1,0,0
11:18:53.886,1,0,1,0,0
11:18:53.886,1,0,1,1,0
11:18:54.050,1,0,1,1,0
11:18:54.050,1,0,0,1,0
11:18:54.224,1,0,0,1,0
11:18:54.224,1,1,0,1,0
11:18:54.494,1,1,0,1,0
11:18:54.494,1,1,0,0,0
11:18:54.651,1,1,0,0,0
11:18:54.651,1,1,1,0,0
11:18:54.827,1,1,1,0,0
11:18:54.827,1,0,1,0,0
11:18:55.120,1,0,1,0,0
11:18:55.120,1,0,1,1,0
11:18:55.254,1,0,1,1,0
11:18:55.254,1,0,0,1,0
11:18:55.397,1,0,0,1,0
11:18:55.397,0,0,0,1,0
11:18:55.453,0,0,0,1,0
11:18:55.453,0,1,0,1,0
11:18:55.729,0,1,0,1,0
11:18:55.729,0,1,0,0,0
11:18:55.855,0,1,0,0,0
11:18:55.855,0,1,1,0,0
11:18:56.061,0,1,1,0,0
11:18:56.061,0,0,1,0,0
11:18:56.331,0,0,1,0,0
11:18:56.331,0,0,1,1,0
11:18:56.458,0,0,1,1,0
11:18:56.458,0,0,0,1,0
11:18:56.665,0,0,0,1,0
11:18:56.665,0,1,0,1,0
11:18:56.950,0,1,0,1,0
11:18:56.950,0,1,0,0,0
11:18:57.061,0,1,0,0,0
11:18:57.061,0,1,1,0,0
11:18:57.202,0,1,1,0,0
11:18:57.202,1,1,1,0,0
11:18:57.265,1,1,1,0,0
11:18:57.265,1,0,1,0,0
11:18:57.590,1,0,1,0,0
11:18:57.590,1,0,1,1,0
11:18:57.662,1,0,1,1,0
11:18:57.662,1,0,0,1,0
11:18:57.868,1,0,0,1,0
11:18:57.868,1,1,0,1,0
11:18:58.198,1,1,0,1,0
11:18:58.198,1,1,0,0,0
11:18:58.262,1,1,0,0,0
11:18:58.262,1,1,1,0,0
11:18:58.468,1,1,1,0,0
11:18:58.468,1,0,1,0,0
11:18:58.825,1,0,1,0,0
11:18:58.825,1,0,1,1,0
11:18:58.883,1,0,1,1,0
11:18:58.883,1,0,0,1,0
11:18:59.011,1,0,0,1,0
11:18:59.011,0,0,0,1,0
11:18:59.069,0,0,0,1,0
11:18:59.069,0,1,0,1,0
11:18:59.438,0,1,0,1,0
11:18:59.438,0,1,0,0,0
11:18:59.502,0,1,0,0,0
11:18:59.502,0,1,1,0,0
11:18:59.676,0,1,1,0,0
11:18:59.676,0,0,1,0,0
11:19:00.056,0,0,1,0,0
11:19:00.056,0,0,1,1,0
11:19:00.113,0,0,1,1,0
11:19:00.113,0,0,0,1,0
11:19:00.278,0,0,0,1,0
11:19:00.278,0,1,0,1,0
11:19:00.660,0,1,0,1,0
11:19:00.660,0,1,0,0,0
11:19:00.714,0,1,0,0,0
11:19:00.714,0,1,1,0,0
11:19:00.819,0,1,1,0,0
11:19:00.819,1,1,1,0,0
11:19:00.883,1,1,1,0,0
11:19:00.883,1,0,1,0,0
11:19:01.295,1,0,1,0,0
11:19:01.295,1,0,1,1,0
11:19:01.349,1,0,1,1,0
11:19:01.349,1,0,0,1,0
11:19:01.503,1,0,0,1,0
11:19:01.503,1,1,0,1,0
11:19:01.902,1,1,0,1,0
11:19:01.902,1,1,0,0,0
11:19:01.954,1,1,0,0,0
11:19:01.954,1,1,1,0,0
11:19:02.124,1,1,1,0,0
11:19:02.124,1,0,1,0,0
11:19:02.539,1,0,1,0,0
11:19:02.539,1,0,1,1,0
11:19:02.590,1,0,1,1,0
11:19:02.590,1,0,0,1,0
11:19:02.635,1,0,0,1,0
11:19:02.635,0,0,0,1,0
11:19:02.741,0,0,0,1,0
11:19:02.741,0,1,0,1,0
11:19:03.154,0,1,0,1,0
11:19:03.154,0,1,0,0,0
11:19:03.201,0,1,0,0,0
11:19:03.201,0,1,1,0,0
11:19:03.366,0,1,1,0,0
11:19:03.366,0,0,1,0,0
11:19:03.777,0,0,1,0,0
11:19:03.777,0,0,1,1,0
11:19:03.829,0,0,1,1,0
11:19:03.829,0,0,0,1,0
11:19:03.976,0,0,0,1,0
11:19:03.976,0,1,0,1,0
11:19:04.387,0,1,0,1,0
11:19:04.387,0,1,0,0,0
11:19:04.444,0,1,0,0,0
11:19:04.444,0,1,1,0,0
11:19:04.444,0,1,1,0,0
11:19:04.444,1,1,1,0,0
11:19:04.617,1,1,1,0,0
11:19:04.617,1,0,1,0,0
11:19:05.010,1,0,1,0,0
11:19:05.010,1,0,1,1,0
11:19:05.062,1,0,1,1,0
11:19:05.062,1,0,0,1,0
11:19:05.226,1,0,0,1,0
11:19:05.226,1,1,0,1,0
11:19:05.624,1,1,0,1,0
11:19:05.624,1,1,0,0,0
11:19:05.675,1,1,0,0,0
11:19:05.675,1,1,1,0,0
11:19:05.837,1,1,1,0,0
11:19:05.837,1,0,1,0,0
11:19:06.249,1,0,1,0,0
11:19:06.249,1,0,1,1,0
11:19:06.249,1,0,1,1,0
11:19:06.249,0,0,1,1,0
11:19:06.287,0,0,1,1,0
11:19:06.287,0,0,0,1,0
11:19:06.448,0,0,0,1,0
11:19:06.448,0,1,0,1,0
11:19:06.860,0,1,0,1,0
11:19:06.860,0,1,0,0,0
11:19:06.908,0,1,0,0,0
11:19:06.908,0,1,1,0,0
11:19:07.111,0,1,1,0,0
11:19:07.111,0,0,1,0,0
11:19:07.497,0,0,1,0,0
11:19:07.497,0,0,1,1,0
11:19:07.585,0,0,1,1,0
11:19:07.585,0,0,0,1,0
11:19:07.717,0,0,0,1,0
11:19:07.717,0,1,0,1,0
11:19:08.068,0,1,0,1,0
11:19:08.068,1,1,0,1,0
11:19:08.131,1,1,0,1,0
11:19:08.131,1,1,0,0,0
11:19:08.199,1,1,0,0,0
11:19:08.199,1,1,1,0,0
11:19:08.369,1,1,1,0,0
11:19:08.369,1,0,1,0,0
11:19:08.753,1,0,1,0,0
11:19:08.753,1,0,1,1,0
11:19:08.815,1,0,1,1,0
11:19:08.815,1,0,0,1,0
11:19:08.972,1,0,0,1,0
11:19:08.972,1,1,0,1,0
11:19:09.368,1,1,0,1,0
11:19:09.368,1,1,0,0,0
11:19:09.447,1,1,0,0,0
11:19:09.447,1,1,1,0,0
11:19:09.598,1,1,1,0,0
11:19:09.598,1,0,1,0,0
11:19:09.874,1,0,1,0,0
11:19:09.874,0,0,1,0,0
11:19:10.006,0,0,1,0,0
11:19:10.006,0,0,1,1,0
11:19:10.067,0,0,1,1,0
11:19:10.067,0,0,0,1,0
11:19:10.205,0,0,0,1,0
11:19:10.205,0,1,0,1,0
11:19:10.617,0,1,0,1,0
11:19:10.617,0,1,0,0,0
11:19:10.678,0,1,0,0,0
11:19:10.678,0,1,1,0,0
11:19:10.847,0,1,1,0,0
11:19:10.847,0,0,1,0,0
11:19:11.247,0,0,1,0,0
11:19:11.247,0,0,1,1,0
11:19:11.349,0,0,1,1,0
11:19:11.349,0,0,0,1,0
11:19:11.453,0,0,0,1,0
11:19:11.453,0,1,0,1,0
11:19:11.674,0,1,0,1,0
11:19:11.674,1,1,0,1,0
11:19:11.848,1,1,0,1,0
11:19:11.848,1,1,0,0,0
11:19:11.959,1,1,0,0,0
11:19:11.959,1,1,1,0,0
11:19:12.073,1,1,1,0,0
11:19:12.073,1,0,1,0,0
11:19:12.449,1,0,1,0,0
11:19:12.449,1,0,1,1,0
11:19:12.473,1,0,1,1,0
11:19:12.473,0,0,1,1,0
11:19:12.559,0,0,1,1,0
11:19:12.559,0,0,0,1,0
11:19:12.685,0,0,0,1,0
11:19:12.685,0,1,0,1,0
11:19:12.863,0,1,0,1,0
11:19:12.863,0,0,0,1,0
11:19:13.050,0,0,0,1,0
11:19:13.050,0,0,0,0,0
11:19:13.161,0,0,0,0,0
11:19:13.161,0,0,1,0,0
11:19:13.220,0,0,1,0,0
11:19:13.220,0,0,0,0,0
11:19:13.638,0,0,0,1,0
11:19:13.638,0,0,0,0,0
11:19:14.304,0,0,0,0,1
11:19:14.304,0,0,0,0,0
11:25:33.363,0,0,0,0,0
11:25:33.363,1,0,0,0,0
11:25:33.394,1,0,0,0,0
11:25:33.394,0,0,0,0,0
11:25:35.208,0,0,0,0,0
11:25:35.208,1,0,0,0,0
11:25:37.023,1,0,0,0,0
11:25:37.023,0,0,0,0,0
11:25:38.836,0,0,0,0,0
11:25:38.836,1,0,0,0,0
11:25:40.637,1,0,0,0,0
11:25:40.637,0,0,0,0,0
11:25:42.449,0,0,0,0,0
11:25:42.449,1,0,0,0,0
11:25:44.254,1,0,0,0,0
11:25:44.254,0,0,0,0,0
11:25:46.078,0,0,0,0,0
11:25:46.078,1,0,0,0,0
11:25:47.883,1,0,0,0,0
11:25:47.883,0,0,0,0,0
11:25:49.684,0,0,0,0,0
11:25:49.684,1,0,0,0,0
11:25:51.496,1,0,0,0,0
11:25:51.496,0,0,0,0,0
11:25:53.301,0,0,0,0,0
11:25:53.301,1,0,0,0,0
11:25:55.100,1,0,0,0,0
11:25:55.100,0,0,0,0,0
11:25:56.916,0,0,0,0,0
11:25:56.916,1,0,0,0,0
11:25:58.721,1,0,0,0,0
11:25:58.721,0,0,0,0,0
11:26:00.530,0,0,0,0,0
11:26:00.530,1,0,0,0,0
11:26:02.340,1,0,0,0,0
11:26:02.340,0,0,0,0,0
11:26:04.147,0,0,0,0,0
11:26:04.147,1,0,0,0,0
11:26:05.954,1,0,0,0,0
11:26:05.954,0,0,0,0,0
11:26:07.764,0,0,0,0,0
11:26:07.764,1,0,0,0,0
11:26:09.574,1,0,0,0,0
11:26:09.574,0,0,0,0,0
11:26:11.383,0,0,0,0,0
11:26:11.383,1,0,0,0,0
11:26:13.190,1,0,0,0,0
11:26:13.190,0,0,0,0,0
11:26:14.992,0,0,0,0,0
11:26:14.992,1,0,0,0,0
11:26:16.804,1,0,0,0,0
11:26:16.804,0,0,0,0,0
11:26:18.609,0,0,0,0,0
11:26:18.609,1,0,0,0,0
11:26:20.451,1,0,0,0,0
11:26:20.451,0,0,0,0,0
11:26:22.259,0,0,0,0,0
11:26:22.259,1,0,0,0,0
11:26:24.073,1,0,0,0,0
11:26:24.073,0,0,0,0,0
11:26:25.888,0,0,0,0,0
11:26:25.888,1,0,0,0,0
11:26:27.701,1,0,0,0,0
11:26:27.701,0,0,0,0,0
11:26:29.509,0,0,0,0,0
11:26:29.509,1,0,0,0,0
11:26:31.309,1,0,0,0,0
11:26:31.309,0,0,0,0,0
11:26:33.118,0,0,0,0,0
11:26:33.118,1,0,0,0,0
11:26:34.931,1,0,0,0,0
11:26:34.931,0,0,0,0,0
11:26:36.736,0,0,0,0,0
11:26:36.736,1,0,0,0,0
11:26:38.543,1,0,0,0,0
11:26:38.543,0,0,0,0,0
11:26:40.350,0,0,0,0,0
11:26:40.350,1,0,0,0,0
11:26:42.151,1,0,0,0,0
11:26:42.151,0,0,0,0,0
11:26:43.954,0,0,0,0,0
11:26:43.954,1,0,0,0,0
11:26:45.751,1,0,0,0,0
11:26:45.751,0,0,0,0,0
11:26:47.556,0,0,0,0,0
11:26:47.556,1,0,0,0,0
11:26:49.364,1,0,0,0,0
11:26:49.364,0,0,0,0,0
11:26:51.169,0,0,0,0,0
11:26:51.169,1,0,0,0,0
11:26:52.971,1,0,0,0,0
11:26:52.971,0,0,0,0,0
11:26:54.791,0,0,0,0,0
11:26:54.791,1,0,0,0,0
11:26:56.591,1,0,0,0,0
11:26:56.591,0,0,0,0,0
11:26:58.403,0,0,0,0,0
11:26:58.403,1,0,0,0,0
11:27:00.207,1,0,0,0,0
11:27:00.207,0,0,0,0,0
11:27:02.018,0,0,0,0,0
11:27:02.018,1,0,0,0,0
11:27:03.825,1,0,0,0,0
11:27:03.825,0,0,0,0,0
11:27:05.635,0,0,0,0,0
11:27:05.635,1,0,0,0,0
11:27:07.447,1,0,0,0,0
11:27:07.447,0,0,0,0,0
11:27:09.253,0,0,0,0,0
11:27:09.253,1,0,0,0,0
11:27:11.067,1,0,0,0,0
11:27:11.067,0,0,0,0,0
11:27:12.897,0,0,0,0,0
11:27:12.897,1,0,0,0,0
11:27:14.704,1,0,0,0,0
11:27:14.704,0,0,0,0,0
11:27:16.501,0,0,0,0,0
11:27:16.501,1,0,0,0,0
11:27:18.307,1,0,0,0,0
11:27:18.307,0,0,0,0,0
11:27:20.117,0,0,0,0,0
11:27:20.117,1,0,0,0,0
11:27:21.926,1,0,0,0,0
11:27:21.926,0,0,0,0,0
11:27:23.731,0,0,0,0,0
11:27:23.731,1,0,0,0,0
11:27:25.536,1,0,0,0,0
11:27:25.536,0,0,0,0,0
11:27:27.344,0,0,0,0,0
11:27:27.344,1,0,0,0,0
11:27:29.153,1,0,0,0,0
11:27:29.153,0,0,0,0,0
11:27:30.965,0,0,0,0,0
11:27:30.965,1,0,0,0,0
11:27:32.775,1,0,0,0,0
11:27:32.775,0,0,0,0,0
11:27:34.583,0,0,0,0,0
11:27:34.583,1,0,0,0,0
11:27:36.391,1,0,0,0,0
11:27:36.391,0,0,0,0,0
11:27:38.201,0,0,0,0,0
11:27:38.201,1,0,0,0,0
11:27:40.012,1,0,0,0,0
11:27:40.012,0,0,0,0,0
11:27:41.827,0,0,0,0,0
11:27:41.827,1,0,0,0,0
11:27:43.641,1,0,0,0,0
11:27:43.641,0,0,0,0,0
11:27:45.441,0,0,0,0,0
11:27:45.441,1,0,0,0,0
11:27:47.243,1,0,0,0,0
11:27:47.243,0,0,0,0,0
11:27:49.047,0,0,0,0,0
11:27:49.047,1,0,0,0,0
11:27:50.850,1,0,0,0,0
11:27:50.850,0,0,0,0,0
11:27:52.654,0,0,0,0,0
11:27:52.654,1,0,0,0,0
11:27:54.460,1,0,0,0,0
11:27:54.460,0,0,0,0,0
11:27:56.265,0,0,0,0,0
11:27:56.265,1,0,0,0,0
11:27:58.085,1,0,0,0,0
11:27:58.085,0,0,0,0,0
11:27:59.904,0,0,0,0,0
11:27:59.904,1,0,0,0,0
11:28:01.711,1,0,0,0,0
11:28:01.711,0,0,0,0,0
11:28:03.511,0,0,0,0,0
11:28:03.511,1,0,0,0,0
11:28:05.321,1,0,0,0,0
11:28:05.321,0,0,0,0,0
11:28:07.132,0,0,0,0,0
11:28:07.132,1,0,0,0,0
11:28:08.935,1,0,0,0,0
11:28:08.935,0,0,0,0,0
11:28:10.741,0,0,0,0,0
11:28:10.741,1,0,0,0,0
11:28:12.549,1,0,0,0,0
11:28:12.549,0,0,0,0,0
11:28:14.350,0,0,0,0,0
11:28:14.350,1,0,0,0,0
11:28:16.155,1,0,0,0,0
11:28:16.155,0,0,0,0,0
11:28:17.960,0,0,0,0,0
11:28:17.960,1,0,0,0,0
11:28:19.775,1,0,0,0,0
11:28:19.775,0,0,0,0,0
11:28:21.576,0,0,0,0,0
11:28:21.576,1,0,0,0,0
11:28:23.380,1,0,0,0,0
11:28:23.380,0,0,0,0,0
11:28:25.184,0,0,0,0,0
11:28:25.184,1,0,0,0,0
11:28:26.990,1,0,0,0,0
11:28:26.990,0,0,0,0,0
11:28:28.792,0,0,0,0,0
11:28:28.792,1,0,0,0,0
11:28:30.595,1,0,0,0,0
11:28:30.595,0,0,0,0,0
11:28:32.403,0,0,0,0,0
11:28:32.403,1,0,0,0,0
11:28:34.210,1,0,0,0,0
11:28:34.210,0,0,0,0,0
11:28:36.015,0,0,0,0,0
11:28:36.015,1,0,0,0,0
11:28:37.822,1,0,0,0,0
11:28:37.822,0,0,0,0,0
11:28:39.624,0,0,0,0,0
11:28:39.624,1,0,0,0,0
11:28:41.437,1,0,0,0,0
11:28:41.437,0,0,0,0,0
11:28:43.235,0,0,0,0,0
11:28:43.235,1,0,0,0,0
11:28:45.046,1,0,0,0,0
11:28:45.046,0,0,0,0,0
11:28:46.842,0,0,0,0,0
11:28:46.842,1,0,0,0,0
11:28:48.660,1,0,0,0,0
11:28:48.660,0,0,0,0,0
11:28:50.470,0,0,0,0,0
11:28:50.470,1,0,0,0,0
11:28:52.304,1,0,0,0,0
11:28:52.304,0,0,0,0,0
11:28:54.111,0,0,0,0,0
11:28:54.111,1,0,0,0,0
11:28:55.916,1,0,0,0,0
11:28:55.916,0,0,0,0,0
11:28:57.721,0,0,0,0,0
11:28:57.721,1,0,0,0,0
11:28:59.525,1,0,0,0,0
11:28:59.525,0,0,0,0,0
11:29:01.334,0,0,0,0,0
11:29:01.334,1,0,0,0,0
11:29:03.140,1,0,0,0,0
11:29:03.140,0,0,0,0,0
11:29:04.948,0,0,0,0,0
11:29:04.948,1,0,0,0,0
11:29:06.753,1,0,0,0,0
11:29:06.753,0,0,0,0,0
11:29:08.562,0,0,0,0,0
11:29:08.562,1,0,0,0,0
11:29:10.363,1,0,0,0,0
11:29:10.363,0,0,0,0,0
11:29:12.167,0,0,0,0,0
11:29:12.167,1,0,0,0,0
11:29:13.973,1,0,0,0,0
11:29:13.973,0,0,0,0,0
11:29:15.777,0,0,0,0,0
11:29:15.777,1,0,0,0,0
11:29:17.587,1,0,0,0,0
11:29:17.587,0,0,0,0,0
11:29:19.380,0,0,0,0,0
11:29:19.380,1,0,0,0,0
11:29:21.194,1,0,0,0,0
11:29:21.194,0,0,0,0,0
11:29:23.009,0,0,0,0,0
11:29:23.009,1,0,0,0,0
11:29:24.812,1,0,0,0,0
11:29:24.812,0,0,0,0,0
11:29:26.612,0,0,0,0,0
11:29:26.612,1,0,0,0,0
11:29:28.427,1,0,0,0,0
11:29:28.427,0,0,0,0,0
11:29:30.240,0,0,0,0,0
11:29:30.240,1,0,0,0,0
11:29:32.042,1,0,0,0,0
11:29:32.042,0,0,0,0,0
11:29:33.843,0,0,0,0,0
11:29:33.843,1,0,0,0,0
11:29:35.645,1,0,0,0,0
11:29:35.645,0,0,0,0,0
11:29:37.457,0,0,0,0,0
11:29:37.457,1,0,0,0,0
11:29:39.268,1,0,0,0,0
11:29:39.268,0,0,0,0,0
11:29:41.134,0,0,0,0,0
11:29:41.134,1,0,0,0,0
11:29:42.942,1,0,0,0,0
11:29:42.942,0,0,0,0,0
11:29:44.743,0,0,0,0,0
11:29:44.743,1,0,0,0,0
11:29:46.548,1,0,0,0,0
11:29:46.548,0,0,0,0,0
11:29:48.361,0,0,0,0,0
11:29:48.361,1,0,0,0,0
11:29:50.177,1,0,0,0,0
11:29:50.177,0,0,0,0,0
11:29:51.982,0,0,0,0,0
11:29:51.982,1,0,0,0,0
11:29:53.788,1,0,0,0,0
11:29:53.788,0,0,0,0,0
11:29:55.597,0,0,0,0,0
11:29:55.597,1,0,0,0,0
11:29:57.404,1,0,0,0,0
11:29:57.404,0,0,0,0,0
11:29:59.208,0,0,0,0,0
11:29:59.208,1,0,0,0,0
11:30:01.010,1,0,0,0,0
11:30:01.010,0,0,0,0,0
11:30:02.823,0,0,0,0,0
11:30:02.823,1,0,0,0,0
11:30:04.636,1,0,0,0,0
11:30:04.636,0,0,0,0,0
11:30:06.440,0,0,0,0,0
11:30:06.440,1,0,0,0,0
11:30:08.262,1,0,0,0,0
11:30:08.262,0,0,0,0,0
11:30:10.070,0,0,0,0,0
11:30:10.070,1,0,0,0,0
11:30:11.871,1,0,0,0,0
11:30:11.871,0,0,0,0,0
11:30:13.680,0,0,0,0,0
11:30:13.680,1,0,0,0,0
11:30:15.482,1,0,0,0,0
11:30:15.482,0,0,0,0,0
11:30:17.286,0,0,0,0,0
11:30:17.286,1,0,0,0,0
11:30:19.092,1,0,0,0,0
11:30:19.092,0,0,0,0,0
11:30:20.886,0,0,0,0,0
11:30:20.886,1,0,0,0,0
11:30:22.703,1,0,0,0,0
11:30:22.703,0,0,0,0,0
11:30:24.510,0,0,0,0,0
11:30:24.510,1,0,0,0,0
11:30:26.316,1,0,0,0,0
11:30:26.316,0,0,0,0,0
11:30:28.122,0,0,0,0,0
11:30:28.122,1,0,0,0,0
11:30:29.927,1,0,0,0,0
11:30:29.927,0,0,0,0,0
11:30:31.734,0,0,0,0,0
11:30:31.734,1,0,0,0,0
11:30:33.540,1,0,0,0,0
11:30:33.540,0,0,0,0,0
11:30:35.354,0,0,0,0,0
11:30:35.354,1,0,0,0,0
11:30:37.163,1,0,0,0,0
11:30:37.163,0,0,0,0,0
11:30:38.968,0,0,0,0,0
11:30:38.968,1,0,0,0,0
11:30:40.772,1,0,0,0,0
11:30:40.772,0,0,0,0,0
11:30:42.584,0,0,0,0,0
11:30:42.584,1,0,0,0,0
11:30:44.390,1,0,0,0,0
11:30:44.390,0,0,0,0,0
11:30:44.876,1,0,0,0,0
11:30:44.876,0,0,0,0,0
11:30:44.929,1,0,0,0,0
11:30:44.929,0,0,0,0,0
11:34:35.436,0,0,0,0,0
11:34:35.436,0,0,0,1,0
11:34:35.546,0,0,0,1,0
11:34:35.546,0,0,0,0,0
11:34:36.160,0,0,0,0,0
11:34:36.160,0,0,0,1,0
11:34:36.776,0,0,0,1,0
11:34:36.776,0,0,0,0,0
11:34:37.378,0,0,0,0,0
11:34:37.378,0,0,0,1,0
11:34:37.984,0,0,0,1,0
11:34:37.984,0,0,0,0,0
11:34:38.601,0,0,0,0,0
11:34:38.601,0,0,0,1,0
11:34:39.205,0,0,0,1,0
11:34:39.205,0,0,0,0,0
11:34:39.821,0,0,0,0,0
11:34:39.821,0,0,0,1,0
11:34:40.454,0,0,0,1,0
11:34:40.454,0,0,0,0,0
11:34:40.469,0,0,0,1,0
11:34:40.469,0,0,0,0,0
11:34:40.580,0,0,0,1,0
11:34:40.580,0,0,0,0,0
11:36:00.530,0,0,0,0,0
11:36:00.530,1,0,0,0,0
11:36:00.625,1,0,0,0,0
11:36:00.625,0,0,0,0,0
11:36:02.432,0,0,0,0,0
11:36:02.432,1,0,0,0,0
11:36:04.246,1,0,0,0,0
11:36:04.246,0,0,0,0,0
11:36:05.530,1,0,0,0,0
11:36:05.530,0,0,0,0,0
11:36:05.609,1,0,0,0,0
11:36:05.609,0,0,0,0,0
11:36:10.562,0,0,0,0,0
11:36:10.562,0,1,0,0,0
11:36:10.598,0,1,0,0,0
11:36:10.598,0,0,0,0,0
11:36:11.211,0,0,0,0,0
11:36:11.211,0,1,0,0,0
11:36:11.812,0,1,0,0,0
11:36:11.812,0,0,0,0,0
11:36:12.414,0,0,0,0,0
11:36:12.414,0,1,0,0,0
11:36:13.017,0,1,0,0,0
11:36:13.017,0,0,0,0,0
11:36:13.620,0,0,0,0,0
11:36:13.620,0,1,0,0,0
11:36:14.222,0,1,0,0,0
11:36:14.222,0,0,0,0,0
11:36:14.823,0,0,0,0,0
11:36:14.823,0,1,0,0,0
11:36:15.424,0,1,0,0,0
11:36:15.424,0,0,0,0,0
11:36:15.583,0,1,0,0,0
11:36:15.583,0,0,0,0,0
11:36:15.648,0,1,0,0,0
11:36:15.648,0,0,0,0,0
11:36:20.619,0,0,0,0,0
11:36:20.619,0,0,1,0,0
11:36:20.698,0,0,1,0,0
11:36:20.698,0,0,0,0,0
11:36:21.313,0,0,0,0,0
11:36:21.313,0,0,1,0,0
11:36:21.915,0,0,1,0,0
11:36:21.915,0,0,0,0,0
11:36:22.518,0,0,0,0,0
11:36:22.518,0,0,1,0,0
11:36:23.121,0,0,1,0,0
11:36:23.121,0,0,0,0,0
11:36:23.724,0,0,0,0,0
11:36:23.724,0,0,1,0,0
11:36:24.326,0,0,1,0,0
11:36:24.326,0,0,0,0,0
11:36:24.929,0,0,0,0,0
11:36:24.929,0,0,1,0,0
11:36:25.529,0,0,1,0,0
11:36:25.529,0,0,0,0,0
11:36:25.642,0,0,1,0,0
11:36:25.642,0,0,0,0,0
11:36:25.736,0,0,1,0,0
11:36:25.736,0,0,0,0,0
11:37:00.714,0,0,0,0,0
11:37:00.714,0,0,0,1,0
11:37:00.808,0,0,0,1,0
11:37:00.808,0,0,0,0,0
11:37:01.427,0,0,0,0,0
11:37:01.427,0,0,0,1,0
11:37:02.036,0,0,0,1,0
11:37:02.036,0,0,0,0,0
11:37:02.647,0,0,0,0,0
11:37:02.647,0,0,0,1,0
11:37:03.277,0,0,0,1,0
11:37:03.277,0,0,0,0,0
11:37:03.884,0,0,0,0,0
11:37:03.884,0,0,0,1,0
11:37:04.487,0,0,0,1,0
11:37:04.487,0,0,0,0,0
11:37:05.091,0,0,0,0,0
11:37:05.091,0,0,0,1,0
11:37:05.708,0,0,0,1,0
11:37:05.708,0,0,0,0,0
11:37:05.724,0,0,0,1,0
11:37:05.724,0,0,0,0,0
11:37:05.807,0,0,0,1,0
11:37:05.807,0,0,0,0,0
11:37:21.965,0,0,0,0,0
11:37:21.965,0,0,0,1,0
11:37:22.075,0,0,0,1,0
11:37:22.075,0,0,0,0,0
11:37:22.678,0,0,0,0,0
11:37:22.678,0,0,0,1,0
11:37:23.297,0,0,0,1,0
11:37:23.297,0,0,0,0,0
11:37:23.906,0,0,0,0,0
11:37:23.906,0,0,0,1,0
11:37:24.508,0,0,0,1,0
11:37:24.508,0,0,0,0,0
11:37:25.121,0,0,0,0,0
11:37:25.121,0,0,0,1,0
11:37:25.727,0,0,0,1,0
11:37:25.727,0,0,0,0,0
11:37:26.333,0,0,0,0,0
11:37:26.333,0,0,0,1,0
11:37:26.936,0,0,0,1,0
11:37:26.936,0,0,0,0,0
11:37:27.230,0,0,0,1,0
11:37:27.230,0,0,0,0,0
11:37:27.313,0,0,0,1,0
11:37:27.313,0,0,0,0,0
11:39:27.964,0,0,0,0,0
11:39:27.964,0,0,0,0,1
11:39:28.054,0,0,0,0,1
11:39:28.054,0,0,0,0,0
11:39:28.669,0,0,0,0,0
11:39:28.669,0,0,0,0,1
11:39:29.274,0,0,0,0,1
11:39:29.274,0,0,0,0,0
11:39:29.878,0,0,0,0,0
11:39:29.878,0,0,0,0,1
11:39:30.480,0,0,0,0,1
11:39:30.480,0,0,0,0,0
11:39:31.082,0,0,0,0,0
11:39:31.082,0,0,0,0,1
11:39:31.724,0,0,0,0,1
11:39:31.724,0,0,0,0,0
11:39:32.336,0,0,0,0,0
11:39:32.336,0,0,0,0,1
11:39:32.973,0,0,0,0,1
11:39:32.973,0,0,0,0,0
11:39:33.562,0,0,0,0,1
11:39:33.562,0,0,0,0,0
11:39:33.636,0,0,0,0,1
11:39:33.636,0,0,0,0,0
11:40:50.235,0,0,0,0,0
11:40:50.235,0,0,0,0,1
11:40:50.300,0,0,0,0,1
11:40:50.300,0,0,0,0,0
11:40:50.920,0,0,0,0,0
11:40:50.920,0,0,0,0,1
11:40:51.523,0,0,0,0,1
11:40:51.523,0,0,0,0,0
11:40:52.124,0,0,0,0,0
11:40:52.124,0,0,0,0,1
11:40:52.751,0,0,0,0,1
11:40:52.751,0,0,0,0,0
11:40:53.363,0,0,0,0,0
11:40:53.363,0,0,0,0,1
11:40:53.987,0,0,0,0,1
11:40:53.987,0,0,0,0,0
11:40:54.588,0,0,0,0,0
11:40:54.588,0,0,0,0,1
11:40:55.210,0,0,0,0,1
11:40:55.210,0,0,0,0,0
11:40:55.817,0,0,0,0,0
11:40:55.817,0,0,0,0,1
11:40:56.422,0,0,0,0,1
11:40:56.422,0,0,0,0,0
11:40:57.024,0,0,0,0,0
11:40:57.024,0,0,0,0,1
11:40:57.641,0,0,0,0,1
11:40:57.641,0,0,0,0,0
11:40:58.254,0,0,0,0,0
11:40:58.254,0,0,0,0,1
11:40:58.857,0,0,0,0,1
11:40:58.857,0,0,0,0,0
11:40:59.458,0,0,0,0,0
11:40:59.458,0,0,0,0,1
11:41:00.081,0,0,0,0,1
11:41:00.081,0,0,0,0,0
11:41:00.697,0,0,0,0,0
11:41:00.697,0,0,0,0,1
11:41:01.320,0,0,0,0,1
11:41:01.320,0,0,0,0,0
11:41:01.931,0,0,0,0,0
11:41:01.931,0,0,0,0,1
11:41:02.557,0,0,0,0,1
11:41:02.557,0,0,0,0,0
11:41:03.168,0,0,0,0,0
11:41:03.168,0,0,0,0,1
11:41:03.792,0,0,0,0,1
11:41:03.792,0,0,0,0,0
11:41:04.401,0,0,0,0,0
11:41:04.401,0,0,0,0,1
11:41:05.021,0,0,0,0,1
11:41:05.021,0,0,0,0,0
11:41:05.638,0,0,0,0,0
11:41:05.638,0,0,0,0,1
11:41:06.264,0,0,0,0,1
11:41:06.264,0,0,0,0,0
11:41:06.875,0,0,0,0,0
11:41:06.875,0,0,0,0,1
11:41:07.500,0,0,0,0,1
11:41:07.500,0,0,0,0,0
11:41:08.111,0,0,0,0,0
11:41:08.111,0,0,0,0,1
11:41:08.728,0,0,0,0,1
11:41:08.728,0,0,0,0,0
11:41:09.346,0,0,0,0,0
11:41:09.346,0,0,0,0,1
11:41:09.952,0,0,0,0,1
11:41:09.952,0,0,0,0,0
11:41:10.237,0,0,0,0,1
11:41:10.237,0,0,0,0,0
11:41:10.294,0,0,0,0,1
11:41:10.294,0,0,0,0,0
11:41:44.435,0,0,0,0,0
11:41:44.435,1,0,0,0,0
11:41:44.515,1,0,0,0,0
11:41:44.515,0,0,0,0,0
11:41:46.328,0,0,0,0,0
11:41:46.328,1,0,0,0,0
11:41:48.130,1,0,0,0,0
11:41:48.130,0,0,0,0,0
11:41:49.442,1,0,0,0,0
11:41:49.442,0,0,0,0,0
11:41:49.494,1,0,0,0,0
11:41:49.494,0,0,0,0,0
11:42:11.195,0,0,0,0,0
11:42:11.195,1,0,0,0,0
11:42:11.274,1,0,0,0,0
11:42:11.274,0,0,0,0,0
11:42:13.082,0,0,0,0,0
11:42:13.082,1,0,0,0,0
11:42:14.891,1,0,0,0,0
11:42:14.891,0,0,0,0,0
11:42:16.702,0,0,0,0,0
11:42:16.702,1,0,0,0,0
11:42:18.505,1,0,0,0,0
11:42:18.505,0,0,0,0,0
11:42:20.312,0,0,0,0,0
11:42:20.312,1,0,0,0,0
11:42:22.112,1,0,0,0,0
11:42:22.112,0,0,0,0,0
11:42:23.978,0,0,0,0,0
11:42:23.978,1,0,0,0,0
11:42:25.793,1,0,0,0,0
11:42:25.793,0,0,0,0,0
11:42:27.617,0,0,0,0,0
11:42:27.617,1,0,0,0,0
11:42:29.424,1,0,0,0,0
11:42:29.424,0,0,0,0,0
11:42:31.226,0,0,0,0,0
11:42:31.226,1,0,0,0,0
11:42:33.034,1,0,0,0,0
11:42:33.034,0,0,0,0,0
11:42:34.844,0,0,0,0,0
11:42:34.844,1,0,0,0,0
11:42:36.646,1,0,0,0,0
11:42:36.646,0,0,0,0,0
11:42:38.463,0,0,0,0,0
11:42:38.463,1,0,0,0,0
11:42:40.274,1,0,0,0,0
11:42:40.274,0,0,0,0,0
11:42:42.086,0,0,0,0,0
11:42:42.086,1,0,0,0,0
11:42:43.895,1,0,0,0,0
11:42:43.895,0,0,0,0,0
11:42:45.696,0,0,0,0,0
11:42:45.696,1,0,0,0,0
11:42:47.505,1,0,0,0,0
11:42:47.505,0,0,0,0,0
11:42:49.305,0,0,0,0,0
11:42:49.305,1,0,0,0,0
11:42:51.113,1,0,0,0,0
11:42:51.113,0,0,0,0,0
11:42:52.918,0,0,0,0,0
11:42:52.918,1,0,0,0,0
11:42:54.721,1,0,0,0,0
11:42:54.721,0,0,0,0,0
11:42:56.531,0,0,0,0,0
11:42:56.531,1,0,0,0,0
11:42:58.339,1,0,0,0,0
11:42:58.339,0,0,0,0,0
11:43:00.147,0,0,0,0,0
11:43:00.147,1,0,0,0,0
11:43:01.954,1,0,0,0,0
11:43:01.954,0,0,0,0,0
11:43:03.762,0,0,0,0,0
11:43:03.762,1,0,0,0,0
11:43:05.564,1,0,0,0,0
11:43:05.564,0,0,0,0,0
11:43:07.366,0,0,0,0,0
11:43:07.366,1,0,0,0,0
11:43:09.174,1,0,0,0,0
11:43:09.174,0,0,0,0,0
11:43:10.440,0,0,0,0,0
11:43:10.440,0,0,0,0,1
11:43:10.510,0,0,0,0,1
11:43:10.510,0,0,0,0,0
11:43:10.981,0,0,0,0,0
11:43:10.981,1,0,0,0,0
11:43:11.116,1,0,0,0,0
11:43:11.116,1,0,0,0,1
11:43:11.728,1,0,0,0,1
11:43:11.728,1,0,0,0,0
11:43:12.332,1,0,0,0,0
11:43:12.332,1,0,0,0,1
11:43:12.789,1,0,0,0,1
11:43:12.789,0,0,0,0,1
11:43:12.948,0,0,0,0,1
11:43:12.948,0,0,0,0,0
11:43:13.563,0,0,0,0,0
11:43:13.563,0,0,0,0,1
11:43:14.173,0,0,0,0,1
11:43:14.173,0,0,0,0,0
11:43:14.600,0,0,0,0,0
11:43:14.600,1,0,0,0,0
11:43:14.775,1,0,0,0,0
11:43:14.775,1,0,0,0,1
11:43:15.378,1,0,0,0,1
11:43:15.378,1,0,0,0,0
11:43:15.979,1,0,0,0,0
11:43:15.979,1,0,0,0,1
11:43:16.409,1,0,0,0,1
11:43:16.409,0,0,0,0,1
11:43:16.583,0,0,0,0,1
11:43:16.583,0,0,0,0,0
11:43:17.185,0,0,0,0,0
11:43:17.185,0,0,0,0,1
11:43:17.788,0,0,0,0,1
11:43:17.788,0,0,0,0,0
11:43:18.215,0,0,0,0,0
11:43:18.215,1,0,0,0,0
11:43:18.388,1,0,0,0,0
11:43:18.388,1,0,0,0,1
11:43:18.990,1,0,0,0,1
11:43:18.990,1,0,0,0,0
11:43:19.593,1,0,0,0,0
11:43:19.593,1,0,0,0,1
11:43:20.020,1,0,0,0,1
11:43:20.020,0,0,0,0,1
11:43:20.210,0,0,0,0,1
11:43:20.210,0,0,0,0,0
11:43:20.826,0,0,0,0,0
11:43:20.826,0,0,0,0,1
11:43:21.478,0,0,0,0,1
11:43:21.478,0,0,0,0,0
11:43:21.823,0,0,0,0,0
11:43:21.823,1,0,0,0,0
11:43:22.091,1,0,0,0,0
11:43:22.091,1,0,0,0,1
11:43:22.688,1,0,0,0,1
11:43:22.688,1,0,0,0,0
11:43:23.294,1,0,0,0,0
11:43:23.294,1,0,0,0,1
11:43:23.640,1,0,0,0,1
11:43:23.640,0,0,0,0,1
11:43:23.900,0,0,0,0,1
11:43:23.900,0,0,0,0,0
11:43:24.510,0,0,0,0,0
11:43:24.510,0,0,0,0,1
11:43:25.134,0,0,0,0,1
11:43:25.134,0,0,0,0,0
11:43:25.431,0,0,0,0,0
11:43:25.431,1,0,0,0,0
11:43:25.731,1,0,0,0,0
11:43:25.731,1,0,0,0,1
11:43:26.350,1,0,0,0,1
11:43:26.350,1,0,0,0,0
11:43:26.960,1,0,0,0,0
11:43:26.960,1,0,0,0,1
11:43:27.242,1,0,0,0,1
11:43:27.242,0,0,0,0,1
11:43:27.577,0,0,0,0,1
11:43:27.577,0,0,0,0,0
11:43:28.178,0,0,0,0,0
11:43:28.178,0,0,0,0,1
11:43:28.784,0,0,0,0,1
11:43:28.784,0,0,0,0,0
11:43:29.044,0,0,0,0,0
11:43:29.044,1,0,0,0,0
11:43:29.393,1,0,0,0,0
11:43:29.393,1,0,0,0,1
11:43:30.015,1,0,0,0,1
11:43:30.015,1,0,0,0,0
11:43:30.632,1,0,0,0,0
11:43:30.632,1,0,0,0,1
11:43:30.851,1,0,0,0,1
11:43:30.851,0,0,0,0,1
11:43:31.231,0,0,0,0,1
11:43:31.231,0,0,0,0,0
11:43:31.838,0,0,0,0,0
11:43:31.838,0,0,0,0,1
11:43:32.451,0,0,0,0,1
11:43:32.451,0,0,0,0,0
11:43:32.663,0,0,0,0,0
11:43:32.663,1,0,0,0,0
11:43:33.061,1,0,0,0,0
11:43:33.061,1,0,0,0,1
11:43:33.687,1,0,0,0,1
11:43:33.687,1,0,0,0,0
11:43:34.300,1,0,0,0,0
11:43:34.300,1,0,0,0,1
11:43:34.467,1,0,0,0,1
11:43:34.467,0,0,0,0,1
11:43:34.913,0,0,0,0,1
11:43:34.913,0,0,0,0,0
11:43:35.526,0,0,0,0,0
11:43:35.526,0,0,0,0,1
11:43:36.140,0,0,0,0,1
11:43:36.140,0,0,0,0,0
11:43:36.277,0,0,0,0,0
11:43:36.277,1,0,0,0,0
11:43:36.753,1,0,0,0,0
11:43:36.753,1,0,0,0,1
11:43:37.389,1,0,0,0,1
11:43:37.389,1,0,0,0,0
11:43:37.994,1,0,0,0,0
11:43:37.994,1,0,0,0,1
11:43:38.089,1,0,0,0,1
11:43:38.089,0,0,0,0,1
11:43:38.596,0,0,0,0,1
11:43:38.596,0,0,0,0,0
11:43:39.217,0,0,0,0,0
11:43:39.217,0,0,0,0,1
11:43:39.839,0,0,0,0,1
11:43:39.839,0,0,0,0,0
11:43:39.891,0,0,0,0,0
11:43:39.891,1,0,0,0,0
11:43:40.441,1,0,0,0,0
11:43:40.441,1,0,0,0,1
11:43:41.078,1,0,0,0,1
11:43:41.078,1,0,0,0,0
11:43:41.693,1,0,0,0,0
11:43:41.693,1,0,0,0,1
11:43:41.695,1,0,0,0,1
11:43:41.695,0,0,0,0,1
11:43:42.312,0,0,0,0,1
11:43:42.312,0,0,0,0,0
11:43:42.913,0,0,0,0,0
11:43:42.913,0,0,0,0,1
11:43:43.522,0,0,0,0,1
11:43:43.522,1,0,0,0,1
11:43:43.522,1,0,0,0,1
11:43:43.522,1,0,0,0,0
11:43:44.137,1,0,0,0,0
11:43:44.137,1,0,0,0,1
11:43:44.740,1,0,0,0,1
11:43:44.740,1,0,0,0,0
11:43:45.329,1,0,0,0,0
11:43:45.329,0,0,0,0,0
11:43:45.341,0,0,0,0,0
11:43:45.341,0,0,0,0,1
11:43:45.973,0,0,0,0,1
11:43:45.973,0,0,0,0,0
11:43:46.584,0,0,0,0,0
11:43:46.584,0,0,0,0,1
11:43:47.139,0,0,0,0,1
11:43:47.139,1,0,0,0,1
11:43:47.202,1,0,0,0,1
11:43:47.202,1,0,0,0,0
11:43:47.806,1,0,0,0,0
11:43:47.806,1,0,0,0,1
11:43:48.413,1,0,0,0,1
11:43:48.413,1,0,0,0,0
11:43:48.951,1,0,0,0,0
11:43:48.951,0,0,0,0,0
11:43:49.031,0,0,0,0,0
11:43:49.031,0,0,0,0,1
11:43:49.651,0,0,0,0,1
11:43:49.651,0,0,0,0,0
11:43:50.267,0,0,0,0,0
11:43:50.267,0,0,0,0,1
11:43:50.760,0,0,0,0,1
11:43:50.760,1,0,0,0,1
11:43:50.891,1,0,0,0,1
11:43:50.891,1,0,0,0,0
11:43:51.505,1,0,0,0,0
11:43:51.505,1,0,0,0,1
11:43:52.147,1,0,0,0,1
11:43:52.147,1,0,0,0,0
11:43:52.572,1,0,0,0,0
11:43:52.572,0,0,0,0,0
11:43:52.747,0,0,0,0,0
11:43:52.747,0,0,0,0,1
11:43:53.387,0,0,0,0,1
11:43:53.387,0,0,0,0,0
11:43:54.000,0,0,0,0,0
11:43:54.000,0,0,0,0,1
11:43:54.381,0,0,0,0,1
11:43:54.381,1,0,0,0,1
11:43:54.635,1,0,0,0,1
11:43:54.635,1,0,0,0,0
11:43:55.235,1,0,0,0,0
11:43:55.235,1,0,0,0,1
11:43:55.840,1,0,0,0,1
11:43:55.840,1,0,0,0,0
11:43:56.191,1,0,0,0,0
11:43:56.191,0,0,0,0,0
11:43:56.446,0,0,0,0,0
11:43:56.446,0,0,0,0,1
11:43:57.083,0,0,0,0,1
11:43:57.083,0,0,0,0,0
11:43:57.702,0,0,0,0,0
11:43:57.702,0,0,0,0,1
11:43:58.004,0,0,0,0,1
11:43:58.004,1,0,0,0,1
11:43:58.328,1,0,0,0,1
11:43:58.328,1,0,0,0,0
11:43:58.944,1,0,0,0,0
11:43:58.944,1,0,0,0,1
11:43:59.544,1,0,0,0,1
11:43:59.544,1,0,0,0,0
11:43:59.815,1,0,0,0,0
11:43:59.815,0,0,0,0,0
11:44:00.148,0,0,0,0,0
11:44:00.148,0,0,0,0,1
11:44:00.794,0,0,0,0,1
11:44:00.794,0,0,0,0,0
11:44:01.407,0,0,0,0,0
11:44:01.407,0,0,0,0,1
11:44:01.628,0,0,0,0,1
11:44:01.628,1,0,0,0,1
11:44:02.007,1,0,0,0,1
11:44:02.007,1,0,0,0,0
11:44:02.612,1,0,0,0,0
11:44:02.612,1,0,0,0,1
11:44:03.233,1,0,0,0,1
11:44:03.233,1,0,0,0,0
11:44:03.439,1,0,0,0,0
11:44:03.439,0,0,0,0,0
11:44:03.852,0,0,0,0,0
11:44:03.852,0,0,0,0,1
11:44:04.456,0,0,0,0,1
11:44:04.456,0,0,0,0,0
11:44:05.076,0,0,0,0,0
11:44:05.076,0,0,0,0,1
11:44:05.240,0,0,0,0,1
11:44:05.240,1,0,0,0,1
11:44:05.692,1,0,0,0,1
11:44:05.692,1,0,0,0,0
11:44:06.306,1,0,0,0,0
11:44:06.306,1,0,0,0,1
11:44:06.953,1,0,0,0,1
11:44:06.953,1,0,0,0,0
11:44:07.053,1,0,0,0,0
11:44:07.053,0,0,0,0,0
11:44:07.563,0,0,0,0,0
11:44:07.563,0,0,0,0,1
11:44:08.173,0,0,0,0,1
11:44:08.173,0,0,0,0,0
11:44:08.789,0,0,0,0,0
11:44:08.789,0,0,0,0,1
11:44:08.853,0,0,0,0,1
11:44:08.853,1,0,0,0,1
11:44:09.424,1,0,0,0,1
11:44:09.424,1,0,0,0,0
11:44:10.027,1,0,0,0,0
11:44:10.027,1,0,0,0,1
11:44:10.630,1,0,0,0,1
11:44:10.630,1,0,0,0,0
11:44:10.695,1,0,0,0,0
11:44:10.695,0,0,0,0,0
11:44:11.234,0,0,0,0,0
11:44:11.234,0,0,0,0,1
11:44:11.874,0,0,0,0,1
11:44:11.874,0,0,0,0,0
11:44:12.488,0,0,0,0,0
11:44:12.488,0,0,0,0,1
11:44:12.503,0,0,0,0,1
11:44:12.503,1,0,0,0,1
11:44:13.092,1,0,0,0,1
11:44:13.092,1,0,0,0,0
11:44:13.707,1,0,0,0,0
11:44:13.707,1,0,0,0,1
11:44:14.333,1,0,0,0,1
11:44:14.333,0,0,0,0,1
11:44:14.343,0,0,0,0,1
11:44:14.343,0,0,0,0,0
11:44:14.946,0,0,0,0,0
11:44:14.946,0,0,0,0,1
11:44:15.582,0,0,0,0,1
11:44:15.582,0,0,0,0,0
11:44:16.149,0,0,0,0,0
11:44:16.149,1,0,0,0,0
11:44:16.214,1,0,0,0,0
11:44:16.214,1,0,0,0,1
11:44:16.831,1,0,0,0,1
11:44:16.831,1,0,0,0,0
11:44:17.436,1,0,0,0,0
11:44:17.436,1,0,0,0,1
11:44:17.960,1,0,0,0,1
11:44:17.960,0,0,0,0,1
11:44:18.031,0,0,0,0,1
11:44:18.031,0,0,0,0,0
11:44:18.642,0,0,0,0,0
11:44:18.642,0,0,0,0,1
11:44:19.246,0,0,0,0,1
11:44:19.246,0,0,0,0,0
11:44:19.773,0,0,0,0,0
11:44:19.773,1,0,0,0,0
11:44:19.852,1,0,0,0,0
11:44:19.852,1,0,0,0,1
11:44:20.467,1,0,0,0,1
11:44:20.467,1,0,0,0,0
11:44:21.068,1,0,0,0,0
11:44:21.068,1,0,0,0,1
11:44:21.578,1,0,0,0,1
11:44:21.578,0,0,0,0,1
11:44:21.672,0,0,0,0,1
11:44:21.672,0,0,0,0,0
11:44:22.277,0,0,0,0,0
11:44:22.277,0,0,0,0,1
11:44:22.881,0,0,0,0,1
11:44:22.881,0,0,0,0,0
11:44:23.388,0,0,0,0,0
11:44:23.388,1,0,0,0,0
11:44:23.484,1,0,0,0,0
11:44:23.484,1,0,0,0,1
11:44:24.087,1,0,0,0,1
11:44:24.087,1,0,0,0,0
11:44:24.690,1,0,0,0,0
11:44:24.690,1,0,0,0,1
11:44:25.199,1,0,0,0,1
11:44:25.199,0,0,0,0,1
11:44:25.295,0,0,0,0,1
11:44:25.295,0,0,0,0,0
11:44:25.904,0,0,0,0,0
11:44:25.904,0,0,0,0,1
11:44:26.514,0,0,0,0,1
11:44:26.514,0,0,0,0,0
11:44:27.007,0,0,0,0,0
11:44:27.007,1,0,0,0,0
11:44:27.168,1,0,0,0,0
11:44:27.168,1,0,0,0,1
11:44:27.786,1,0,0,0,1
11:44:27.786,1,0,0,0,0
11:44:28.388,1,0,0,0,0
11:44:28.388,1,0,0,0,1
11:44:28.817,1,0,0,0,1
11:44:28.817,0,0,0,0,1
11:44:28.993,0,0,0,0,1
11:44:28.993,0,0,0,0,0
11:44:29.622,0,0,0,0,0
11:44:29.622,0,0,0,0,1
11:44:30.223,0,0,0,0,1
11:44:30.223,0,0,0,0,0
11:44:30.631,0,0,0,0,0
11:44:30.631,1,0,0,0,0
11:44:30.838,1,0,0,0,0
11:44:30.838,1,0,0,0,1
11:44:31.454,1,0,0,0,1
11:44:31.454,1,0,0,0,0
11:44:32.081,1,0,0,0,0
11:44:32.081,1,0,0,0,1
11:44:32.437,1,0,0,0,1
11:44:32.437,0,0,0,0,1
11:44:32.691,0,0,0,0,1
11:44:32.691,0,0,0,0,0
11:44:33.329,0,0,0,0,0
11:44:33.329,0,0,0,0,1
11:44:33.944,0,0,0,0,1
11:44:33.944,0,0,0,0,0
11:44:34.244,0,0,0,0,0
11:44:34.244,1,0,0,0,0
11:44:34.550,1,0,0,0,0
11:44:34.550,1,0,0,0,1
11:44:35.163,1,0,0,0,1
11:44:35.163,1,0,0,0,0
11:44:35.783,1,0,0,0,0
11:44:35.783,1,0,0,0,1
11:44:36.051,1,0,0,0,1
11:44:36.051,0,0,0,0,1
11:44:36.399,0,0,0,0,1
11:44:36.399,0,0,0,0,0
11:44:37.038,0,0,0,0,0
11:44:37.038,0,0,0,0,1
11:44:37.654,0,0,0,0,1
11:44:37.654,0,0,0,0,0
11:44:37.847,0,0,0,0,0
11:44:37.847,1,0,0,0,0
11:44:38.259,1,0,0,0,0
11:44:38.259,1,0,0,0,1
11:44:38.876,1,0,0,0,1
11:44:38.876,1,0,0,0,0
11:44:39.483,1,0,0,0,0
11:44:39.483,1,0,0,0,1
11:44:39.667,1,0,0,0,1
11:44:39.667,0,0,0,0,1
11:44:40.095,0,0,0,0,1
11:44:40.095,0,0,0,0,0
11:44:40.722,0,0,0,0,0
11:44:40.722,0,0,0,0,1
11:44:41.332,0,0,0,0,1
11:44:41.332,0,0,0,0,0
11:44:41.475,0,0,0,0,0
11:44:41.475,1,0,0,0,0
11:44:41.944,1,0,0,0,0
11:44:41.944,1,0,0,0,1
11:44:42.551,1,0,0,0,1
11:44:42.551,1,0,0,0,0
11:44:43.185,1,0,0,0,0
11:44:43.185,1,0,0,0,1
11:44:43.280,1,0,0,0,1
11:44:43.280,0,0,0,0,1
11:44:43.789,0,0,0,0,1
11:44:43.789,0,0,0,0,0
11:44:44.407,0,0,0,0,0
11:44:44.407,0,0,0,0,1
11:44:45.024,0,0,0,0,1
11:44:45.024,0,0,0,0,0
11:44:45.079,0,0,0,0,0
11:44:45.079,1,0,0,0,0
11:44:45.640,1,0,0,0,0
11:44:45.640,1,0,0,0,1
11:44:46.261,1,0,0,0,1
11:44:46.261,1,0,0,0,0
11:44:46.888,1,0,0,0,0
11:44:46.888,1,0,0,0,1
11:44:46.888,1,0,0,0,1
11:44:46.888,0,0,0,0,1
11:44:47.498,0,0,0,0,1
11:44:47.498,0,0,0,0,0
11:44:48.114,0,0,0,0,0
11:44:48.114,0,0,0,0,1
11:44:48.701,0,0,0,0,1
11:44:48.701,1,0,0,0,1
11:44:48.753,1,0,0,0,1
11:44:48.753,1,0,0,0,0
11:44:49.359,1,0,0,0,0
11:44:49.359,1,0,0,0,1
11:44:49.972,1,0,0,0,1
11:44:49.972,1,0,0,0,0
11:44:50.512,1,0,0,0,0
11:44:50.512,0,0,0,0,0
11:44:50.580,0,0,0,0,0
11:44:50.580,0,0,0,0,1
11:44:51.189,0,0,0,0,1
11:44:51.189,0,0,0,0,0
11:44:51.790,0,0,0,0,0
11:44:51.790,0,0,0,0,1
11:44:51.862,0,0,0,0,1
11:44:51.862,0,0,0,0,0
11:44:51.949,0,0,0,0,1
11:44:51.949,0,0,0,0,0
11:44:52.315,0,0,0,0,0
11:44:52.315,1,0,0,0,0
11:44:54.118,1,0,0,0,0
11:44:54.118,0,0,0,0,0
11:44:55.921,0,0,0,0,0
11:44:55.921,1,0,0,0,0
11:44:57.725,1,0,0,0,0
11:44:57.725,0,0,0,0,0
11:44:58.100,1,0,0,0,0
11:44:58.100,0,0,0,0,0
11:44:58.162,1,0,0,0,0
11:44:58.162,0,0,0,0,0
11:45:22.453,0,0,0,0,0
11:45:22.453,1,0,0,0,0
11:45:22.535,1,0,0,0,0
11:45:22.535,0,0,0,0,0
11:45:24.347,0,0,0,0,0
11:45:24.347,1,0,0,0,0
11:45:26.158,1,0,0,0,0
11:45:26.158,0,0,0,0,0
11:45:27.965,0,0,0,0,0
11:45:27.965,1,0,0,0,0
11:45:29.780,1,0,0,0,0
11:45:29.780,0,0,0,0,0
11:45:31.590,0,0,0,0,0
11:45:31.590,1,0,0,0,0
11:45:33.398,1,0,0,0,0
11:45:33.398,0,0,0,0,0
11:45:35.230,0,0,0,0,0
11:45:35.230,1,0,0,0,0
11:45:37.031,1,0,0,0,0
11:45:37.031,0,0,0,0,0
11:45:38.838,0,0,0,0,0
11:45:38.838,1,0,0,0,0
11:45:40.648,1,0,0,0,0
11:45:40.648,0,0,0,0,0
11:45:42.459,0,0,0,0,0
11:45:42.459,1,0,0,0,0
11:45:44.264,1,0,0,0,0
11:45:44.264,0,0,0,0,0
11:45:46.077,0,0,0,0,0
11:45:46.077,1,0,0,0,0
11:45:47.878,1,0,0,0,0
11:45:47.878,0,0,0,0,0
11:45:49.687,0,0,0,0,0
11:45:49.687,1,0,0,0,0
11:45:51.496,1,0,0,0,0
11:45:51.496,0,0,0,0,0
11:45:53.295,0,0,0,0,0
11:45:53.295,1,0,0,0,0
11:45:55.111,1,0,0,0,0
11:45:55.111,0,0,0,0,0
11:45:56.921,0,0,0,0,0
11:45:56.921,1,0,0,0,0
11:45:58.724,1,0,0,0,0
11:45:58.724,0,0,0,0,0
11:46:00.529,0,0,0,0,0
11:46:00.529,1,0,0,0,0
11:46:02.335,1,0,0,0,0
11:46:02.335,0,0,0,0,0
11:46:04.145,0,0,0,0,0
11:46:04.145,1,0,0,0,0
11:46:05.954,1,0,0,0,0
11:46:05.954,0,0,0,0,0
11:46:07.760,0,0,0,0,0
11:46:07.760,1,0,0,0,0
11:46:09.569,1,0,0,0,0
11:46:09.569,0,0,0,0,0
11:46:11.375,0,0,0,0,0
11:46:11.375,1,0,0,0,0
11:46:13.183,1,0,0,0,0
11:46:13.183,0,0,0,0,0
11:46:14.993,0,0,0,0,0
11:46:14.993,1,0,0,0,0
11:46:16.799,1,0,0,0,0
11:46:16.799,0,0,0,0,0
11:46:18.609,0,0,0,0,0
11:46:18.609,1,0,0,0,0
11:46:20.410,1,0,0,0,0
11:46:20.410,0,0,0,0,0
11:46:21.705,0,0,0,0,0
11:46:21.705,0,0,0,0,1
11:46:21.729,0,0,0,0,1
11:46:21.729,0,0,0,0,0
11:46:22.214,0,0,0,0,0
11:46:22.214,1,0,0,0,0
11:46:22.340,1,0,0,0,0
11:46:22.340,1,0,0,0,1
11:46:22.943,1,0,0,0,1
11:46:22.943,1,0,0,0,0
11:46:23.548,1,0,0,0,0
11:46:23.548,1,0,0,0,1
11:46:24.023,1,0,0,0,1
11:46:24.023,0,0,0,0,1
11:46:24.151,0,0,0,0,1
11:46:24.151,0,0,0,0,0
11:46:24.752,0,0,0,0,0
11:46:24.752,0,0,0,0,1
11:46:25.353,0,0,0,0,1
11:46:25.353,0,0,0,0,0
11:46:25.828,0,0,0,0,0
11:46:25.828,1,0,0,0,0
11:46:25.954,1,0,0,0,0
11:46:25.954,1,0,0,0,1
11:46:26.556,1,0,0,0,1
11:46:26.556,1,0,0,0,0
11:46:27.160,1,0,0,0,0
11:46:27.160,1,0,0,0,1
11:46:27.635,1,0,0,0,1
11:46:27.635,0,0,0,0,1
11:46:27.762,0,0,0,0,1
11:46:27.762,0,0,0,0,0
11:46:28.370,0,0,0,0,0
11:46:28.370,0,0,0,0,1
11:46:28.979,0,0,0,0,1
11:46:28.979,0,0,0,0,0
11:46:29.442,0,0,0,0,0
11:46:29.442,1,0,0,0,0
11:46:29.607,1,0,0,0,0
11:46:29.607,1,0,0,0,1
11:46:30.220,1,0,0,0,1
11:46:30.220,1,0,0,0,0
11:46:30.843,1,0,0,0,0
11:46:30.843,1,0,0,0,1
11:46:31.097,1,0,0,0,1
11:46:31.097,1,0,0,0,0
11:46:31.154,1,0,0,0,1
11:46:31.154,1,0,0,0,0
11:46:31.248,1,0,0,0,0
11:46:31.248,0,0,0,0,0
11:46:33.054,0,0,0,0,0
11:46:33.054,1,0,0,0,0
11:46:34.866,1,0,0,0,0
11:46:34.866,0,0,0,0,0
11:46:36.677,0,0,0,0,0
11:46:36.677,1,0,0,0,0
11:46:38.484,1,0,0,0,0
11:46:38.484,0,0,0,0,0
11:46:40.293,0,0,0,0,0
11:46:40.293,1,0,0,0,0
11:46:42.095,1,0,0,0,0
11:46:42.095,0,0,0,0,0
11:46:43.904,0,0,0,0,0
11:46:43.904,1,0,0,0,0
11:46:45.713,1,0,0,0,0
11:46:45.713,0,0,0,0,0
11:46:47.520,0,0,0,0,0
11:46:47.520,1,0,0,0,0
11:46:49.328,1,0,0,0,0
11:46:49.328,0,0,0,0,0
11:46:51.138,0,0,0,0,0
11:46:51.138,1,0,0,0,0
11:46:52.942,1,0,0,0,0
11:46:52.942,0,0,0,0,0
11:46:54.751,0,0,0,0,0
11:46:54.751,1,0,0,0,0
11:46:56.559,1,0,0,0,0
11:46:56.559,0,0,0,0,0
11:46:58.363,0,0,0,0,0
11:46:58.363,1,0,0,0,0
11:47:00.178,1,0,0,0,0
11:47:00.178,0,0,0,0,0
11:47:01.988,0,0,0,0,0
11:47:01.988,1,0,0,0,0
11:47:03.793,1,0,0,0,0
11:47:03.793,0,0,0,0,0
11:47:05.604,0,0,0,0,0
11:47:05.604,1,0,0,0,0
11:47:07.413,1,0,0,0,0
11:47:07.413,0,0,0,0,0
11:47:09.221,0,0,0,0,0
11:47:09.221,1,0,0,0,0
11:47:11.024,1,0,0,0,0
11:47:11.024,0,0,0,0,0
11:47:12.826,0,0,0,0,0
11:47:12.826,1,0,0,0,0
11:47:14.632,1,0,0,0,0
11:47:14.632,0,0,0,0,0
11:47:16.443,0,0,0,0,0
11:47:16.443,1,0,0,0,0
11:47:18.257,1,0,0,0,0
11:47:18.257,0,0,0,0,0
11:47:20.056,0,0,0,0,0
11:47:20.056,1,0,0,0,0
11:47:21.868,1,0,0,0,0
11:47:21.868,0,0,0,0,0
11:47:23.677,0,0,0,0,0
11:47:23.677,1,0,0,0,0
11:47:25.484,1,0,0,0,0
11:47:25.484,0,0,0,0,0
11:47:27.296,0,0,0,0,0
11:47:27.296,1,0,0,0,0
11:47:29.108,1,0,0,0,0
11:47:29.108,0,0,0,0,0
11:47:30.913,0,0,0,0,0
11:47:30.913,1,0,0,0,0
11:47:32.725,1,0,0,0,0
11:47:32.725,0,0,0,0,0
11:47:34.531,0,0,0,0,0
11:47:34.531,1,0,0,0,0
11:47:36.338,1,0,0,0,0
11:47:36.338,0,0,0,0,0
11:47:38.148,0,0,0,0,0
11:47:38.148,1,0,0,0,0
11:47:39.948,1,0,0,0,0
11:47:39.948,0,0,0,0,0
11:47:41.755,0,0,0,0,0
11:47:41.755,1,0,0,0,0
11:47:43.563,1,0,0,0,0
11:47:43.563,0,0,0,0,0
11:47:45.379,0,0,0,0,0
11:47:45.379,1,0,0,0,0
11:47:47.186,1,0,0,0,0
11:47:47.186,0,0,0,0,0
11:47:48.990,0,0,0,0,0
11:47:48.990,1,0,0,0,0
11:47:50.799,1,0,0,0,0
11:47:50.799,0,0,0,0,0
11:47:52.606,0,0,0,0,0
11:47:52.606,1,0,0,0,0
11:47:54.411,1,0,0,0,0
11:47:54.411,0,0,0,0,0
11:47:56.224,0,0,0,0,0
11:47:56.224,1,0,0,0,0
11:47:58.050,1,0,0,0,0
11:47:58.050,0,0,0,0,0
11:47:59.862,0,0,0,0,0
11:47:59.862,1,0,0,0,0
11:48:01.663,1,0,0,0,0
11:48:01.663,0,0,0,0,0
11:48:03.468,0,0,0,0,0
11:48:03.468,1,0,0,0,0
11:48:05.275,1,0,0,0,0
11:48:05.275,0,0,0,0,0
11:48:07.075,0,0,0,0,0
11:48:07.075,1,0,0,0,0
11:48:08.890,1,0,0,0,0
11:48:08.890,0,0,0,0,0
11:48:10.697,0,0,0,0,0
11:48:10.697,1,0,0,0,0
11:48:12.507,1,0,0,0,0
11:48:12.507,0,0,0,0,0
11:48:14.314,0,0,0,0,0
11:48:14.314,1,0,0,0,0
11:48:16.133,1,0,0,0,0
11:48:16.133,0,0,0,0,0
11:48:17.946,0,0,0,0,0
11:48:17.946,1,0,0,0,0
11:48:19.754,1,0,0,0,0
11:48:19.754,0,0,0,0,0
11:48:21.560,0,0,0,0,0
11:48:21.560,1,0,0,0,0
11:48:23.367,1,0,0,0,0
11:48:23.367,0,0,0,0,0
11:48:25.192,0,0,0,0,0
11:48:25.192,1,0,0,0,0
11:48:27.000,1,0,0,0,0
11:48:27.000,0,0,0,0,0
11:48:28.805,0,0,0,0,0
11:48:28.805,1,0,0,0,0
11:48:30.610,1,0,0,0,0
11:48:30.610,0,0,0,0,0
11:48:32.417,0,0,0,0,0
11:48:32.417,1,0,0,0,0
11:48:34.282,1,0,0,0,0
11:48:34.282,0,0,0,0,0
11:48:36.097,0,0,0,0,0
11:48:36.097,1,0,0,0,0
11:48:37.889,1,0,0,0,0
11:48:37.889,0,0,0,0,0
11:48:39.711,0,0,0,0,0
11:48:39.711,1,0,0,0,0
11:48:41.514,1,0,0,0,0
11:48:41.514,0,0,0,0,0
11:48:43.321,0,0,0,0,0
11:48:43.321,1,0,0,0,0
11:48:45.128,1,0,0,0,0
11:48:45.128,0,0,0,0,0
11:48:46.943,0,0,0,0,0
11:48:46.943,1,0,0,0,0
11:48:48.750,1,0,0,0,0
11:48:48.750,0,0,0,0,0
11:48:50.557,0,0,0,0,0
11:48:50.557,1,0,0,0,0
11:48:52.362,1,0,0,0,0
11:48:52.362,0,0,0,0,0
11:48:54.167,0,0,0,0,0
11:48:54.167,1,0,0,0,0
11:48:55.972,1,0,0,0,0
11:48:55.972,0,0,0,0,0
11:48:57.784,0,0,0,0,0
11:48:57.784,1,0,0,0,0
11:48:59.592,1,0,0,0,0
11:48:59.592,0,0,0,0,0
11:49:01.461,0,0,0,0,0
11:49:01.461,1,0,0,0,0
11:49:03.264,1,0,0,0,0
11:49:03.264,0,0,0,0,0
11:49:05.070,0,0,0,0,0
11:49:05.070,1,0,0,0,0
11:49:06.876,1,0,0,0,0
11:49:06.876,0,0,0,0,0
11:49:08.675,0,0,0,0,0
11:49:08.675,1,0,0,0,0
11:49:10.478,1,0,0,0,0
11:49:10.478,0,0,0,0,0
11:49:12.281,0,0,0,0,0
11:49:12.281,1,0,0,0,0
11:49:14.088,1,0,0,0,0
11:49:14.088,0,0,0,0,0
11:49:15.895,0,0,0,0,0
11:49:15.895,1,0,0,0,0
11:49:17.701,1,0,0,0,0
11:49:17.701,0,0,0,0,0
11:49:19.508,0,0,0,0,0
11:49:19.508,1,0,0,0,0
11:49:21.310,1,0,0,0,0
11:49:21.310,0,0,0,0,0
11:49:23.115,0,0,0,0,0
11:49:23.115,1,0,0,0,0
11:49:24.916,1,0,0,0,0
11:49:24.916,0,0,0,0,0
11:49:26.724,0,0,0,0,0
11:49:26.724,1,0,0,0,0
11:49:28.543,1,0,0,0,0
11:49:28.543,0,0,0,0,0
11:49:30.354,0,0,0,0,0
11:49:30.354,1,0,0,0,0
11:49:32.162,1,0,0,0,0
11:49:32.162,0,0,0,0,0
11:49:33.972,0,0,0,0,0
11:49:33.972,1,0,0,0,0
11:49:35.780,1,0,0,0,0
11:49:35.780,0,0,0,0,0
11:49:37.606,0,0,0,0,0
11:49:37.606,1,0,0,0,0
11:49:39.419,1,0,0,0,0
11:49:39.419,0,0,0,0,0
11:49:41.228,0,0,0,0,0
11:49:41.228,1,0,0,0,0
11:49:43.036,1,0,0,0,0
11:49:43.036,0,0,0,0,0
11:49:44.846,0,0,0,0,0
11:49:44.846,1,0,0,0,0
11:49:46.656,1,0,0,0,0
11:49:46.656,0,0,0,0,0
11:49:48.476,0,0,0,0,0
11:49:48.476,1,0,0,0,0
11:49:50.277,1,0,0,0,0
11:49:50.277,0,0,0,0,0
11:49:52.091,0,0,0,0,0
11:49:52.091,1,0,0,0,0
11:49:53.906,1,0,0,0,0
11:49:53.906,0,0,0,0,0
11:49:55.718,0,0,0,0,0
11:49:55.718,1,0,0,0,0
11:49:57.518,1,0,0,0,0
11:49:57.518,0,0,0,0,0
11:49:59.322,0,0,0,0,0
11:49:59.322,1,0,0,0,0
11:50:01.122,1,0,0,0,0
11:50:01.122,0,0,0,0,0
11:50:02.924,0,0,0,0,0
11:50:02.924,1,0,0,0,0
11:50:04.781,1,0,0,0,0
11:50:04.781,0,0,0,0,0
11:50:06.591,0,0,0,0,0
11:50:06.591,1,0,0,0,0
11:50:08.405,1,0,0,0,0
11:50:08.405,0,0,0,0,0
11:50:10.219,0,0,0,0,0
11:50:10.219,1,0,0,0,0
11:50:12.018,1,0,0,0,0
11:50:12.018,0,0,0,0,0
11:50:13.824,0,0,0,0,0
11:50:13.824,1,0,0,0,0
11:50:15.632,1,0,0,0,0
11:50:15.632,0,0,0,0,0
11:50:17.447,0,0,0,0,0
11:50:17.447,1,0,0,0,0
11:50:19.252,1,0,0,0,0
11:50:19.252,0,0,0,0,0
11:50:21.055,0,0,0,0,0
11:50:21.055,1,0,0,0,0
11:50:22.863,1,0,0,0,0
11:50:22.863,0,0,0,0,0
11:50:24.675,0,0,0,0,0
11:50:24.675,1,0,0,0,0
11:50:26.483,1,0,0,0,0
11:50:26.483,0,0,0,0,0
11:50:28.283,0,0,0,0,0
11:50:28.283,1,0,0,0,0
11:50:29.350,1,0,0,0,0
11:50:29.350,1,0,0,0,1
11:50:29.433,1,0,0,0,1
11:50:29.433,1,0,0,0,0
11:50:30.041,1,0,0,0,0
11:50:30.041,1,0,0,0,1
11:50:30.093,1,0,0,0,1
11:50:30.093,0,0,0,0,1
11:50:30.652,0,0,0,0,1
11:50:30.652,0,0,0,0,0
11:50:31.253,0,0,0,0,0
11:50:31.253,0,0,0,0,1
11:50:31.856,0,0,0,0,1
11:50:31.856,0,0,0,0,0
11:50:31.913,0,0,0,0,0
11:50:31.913,1,0,0,0,0
11:50:32.458,1,0,0,0,0
11:50:32.458,1,0,0,0,1
11:50:33.060,1,0,0,0,1
11:50:33.060,1,0,0,0,0
11:50:33.667,1,0,0,0,0
11:50:33.667,1,0,0,0,1
11:50:33.742,1,0,0,0,1
11:50:33.742,0,0,0,0,1
11:50:34.285,0,0,0,0,1
11:50:34.285,0,0,0,0,0
11:50:34.904,0,0,0,0,0
11:50:34.904,0,0,0,0,1
11:50:35.533,0,0,0,0,1
11:50:35.533,0,0,0,0,0
11:50:35.548,0,0,0,0,0
11:50:35.548,1,0,0,0,0
11:50:36.142,1,0,0,0,0
11:50:36.142,1,0,0,0,1
11:50:36.800,1,0,0,0,1
11:50:36.800,1,0,0,0,0
11:50:37.356,1,0,0,0,0
11:50:37.356,0,0,0,0,0
11:50:37.435,0,0,0,0,0
11:50:37.435,0,0,0,0,1
11:50:38.039,0,0,0,0,1
11:50:38.039,0,0,0,0,0
11:50:38.642,0,0,0,0,0
11:50:38.642,0,0,0,0,1
11:50:39.165,0,0,0,0,1
11:50:39.165,1,0,0,0,1
11:50:39.244,1,0,0,0,1
11:50:39.244,1,0,0,0,0
11:50:39.307,1,0,0,0,1
11:50:39.307,1,0,0,0,0
11:50:39.387,1,0,0,0,1
11:50:39.387,1,0,0,0,0
11:50:40.970,1,0,0,0,0
11:50:40.970,0,0,0,0,0
11:50:42.774,0,0,0,0,0
11:50:42.774,1,0,0,0,0
11:50:44.620,1,0,0,0,0
11:50:44.620,0,0,0,0,0
11:50:46.430,0,0,0,0,0
11:50:46.430,1,0,0,0,0
11:50:48.241,1,0,0,0,0
11:50:48.241,0,0,0,0,0
11:50:50.054,0,0,0,0,0
11:50:50.054,1,0,0,0,0
11:50:51.865,1,0,0,0,0
11:50:51.865,0,0,0,0,0
11:50:53.678,0,0,0,0,0
11:50:53.678,1,0,0,0,0
11:50:55.486,1,0,0,0,0
11:50:55.486,0,0,0,0,0
11:50:57.282,0,0,0,0,0
11:50:57.282,1,0,0,0,0
11:50:59.094,1,0,0,0,0
11:50:59.094,0,0,0,0,0
11:51:00.907,0,0,0,0,0
11:51:00.907,1,0,0,0,0
11:51:02.707,1,0,0,0,0
11:51:02.707,0,0,0,0,0
11:51:04.519,0,0,0,0,0
11:51:04.519,1,0,0,0,0
11:51:06.336,1,0,0,0,0
11:51:06.336,0,0,0,0,0
11:51:08.147,0,0,0,0,0
11:51:08.147,1,0,0,0,0
11:51:09.953,1,0,0,0,0
11:51:09.953,0,0,0,0,0
11:51:11.759,0,0,0,0,0
11:51:11.759,1,0,0,0,0
11:51:13.562,1,0,0,0,0
11:51:13.562,0,0,0,0,0
11:51:15.367,0,0,0,0,0
11:51:15.367,1,0,0,0,0
11:51:17.166,1,0,0,0,0
11:51:17.166,0,0,0,0,0
11:51:18.974,0,0,0,0,0
11:51:18.974,1,0,0,0,0
11:51:20.785,1,0,0,0,0
11:51:20.785,0,0,0,0,0
11:51:22.591,0,0,0,0,0
11:51:22.591,1,0,0,0,0
11:51:24.391,1,0,0,0,0
11:51:24.391,0,0,0,0,0
11:51:26.203,0,0,0,0,0
11:51:26.203,1,0,0,0,0
11:51:28.007,1,0,0,0,0
11:51:28.007,0,0,0,0,0
11:51:29.819,0,0,0,0,0
11:51:29.819,1,0,0,0,0
11:51:31.628,1,0,0,0,0
11:51:31.628,0,0,0,0,0
11:51:33.441,0,0,0,0,0
11:51:33.441,1,0,0,0,0
11:51:35.248,1,0,0,0,0
11:51:35.248,0,0,0,0,0
11:51:37.063,0,0,0,0,0
11:51:37.063,1,0,0,0,0
11:51:38.877,1,0,0,0,0
11:51:38.877,0,0,0,0,0
11:51:40.750,0,0,0,0,0
11:51:40.750,1,0,0,0,0
11:51:42.562,1,0,0,0,0
11:51:42.562,0,0,0,0,0
11:51:44.394,0,0,0,0,0
11:51:44.394,1,0,0,0,0
11:51:46.213,1,0,0,0,0
11:51:46.213,0,0,0,0,0
11:51:48.026,0,0,0,0,0
11:51:48.026,1,0,0,0,0
11:51:49.839,1,0,0,0,0
11:51:49.839,0,0,0,0,0
11:51:51.643,0,0,0,0,0
11:51:51.643,1,0,0,0,0
11:51:53.457,1,0,0,0,0
11:51:53.457,0,0,0,0,0
11:51:55.308,0,0,0,0,0
11:51:55.308,1,0,0,0,0
11:51:57.109,1,0,0,0,0
11:51:57.109,0,0,0,0,0
11:51:58.911,0,0,0,0,0
11:51:58.911,1,0,0,0,0
11:52:00.731,1,0,0,0,0
11:52:00.731,0,0,0,0,0
11:52:02.544,0,0,0,0,0
11:52:02.544,1,0,0,0,0
11:52:04.349,1,0,0,0,0
11:52:04.349,0,0,0,0,0
11:52:06.158,0,0,0,0,0
11:52:06.158,1,0,0,0,0
11:52:07.959,1,0,0,0,0
11:52:07.959,0,0,0,0,0
11:52:09.760,0,0,0,0,0
11:52:09.760,1,0,0,0,0
11:52:11.604,1,0,0,0,0
11:52:11.604,0,0,0,0,0
11:52:13.410,0,0,0,0,0
11:52:13.410,1,0,0,0,0
11:52:15.210,1,0,0,0,0
11:52:15.210,0,0,0,0,0
11:52:17.020,0,0,0,0,0
11:52:17.020,1,0,0,0,0
11:52:18.828,1,0,0,0,0
11:52:18.828,0,0,0,0,0
11:52:20.628,0,0,0,0,0
11:52:20.628,1,0,0,0,0
11:52:22.436,1,0,0,0,0
11:52:22.436,0,0,0,0,0
11:52:24.242,0,0,0,0,0
11:52:24.242,1,0,0,0,0
11:52:26.056,1,0,0,0,0
11:52:26.056,0,0,0,0,0
11:52:27.860,0,0,0,0,0
11:52:27.860,1,0,0,0,0
11:52:29.666,1,0,0,0,0
11:52:29.666,0,0,0,0,0
11:52:31.487,0,0,0,0,0
11:52:31.487,1,0,0,0,0
11:52:33.291,1,0,0,0,0
11:52:33.291,0,0,0,0,0
11:52:35.104,0,0,0,0,0
11:52:35.104,1,0,0,0,0
11:52:36.909,1,0,0,0,0
11:52:36.909,0,0,0,0,0
11:52:38.718,0,0,0,0,0
11:52:38.718,1,0,0,0,0
11:52:40.525,1,0,0,0,0
11:52:40.525,0,0,0,0,0
11:52:42.339,0,0,0,0,0
11:52:42.339,1,0,0,0,0
11:52:44.134,1,0,0,0,0
11:52:44.134,0,0,0,0,0
11:52:45.940,0,0,0,0,0
11:52:45.940,1,0,0,0,0
11:52:47.748,1,0,0,0,0
11:52:47.748,0,0,0,0,0
11:52:49.561,0,0,0,0,0
11:52:49.561,1,0,0,0,0
11:52:51.381,1,0,0,0,0
11:52:51.381,0,0,0,0,0
11:52:53.180,0,0,0,0,0
11:52:53.180,1,0,0,0,0
11:52:54.993,1,0,0,0,0
11:52:54.993,0,0,0,0,0
11:52:56.793,0,0,0,0,0
11:52:56.793,1,0,0,0,0
11:52:58.593,1,0,0,0,0
11:52:58.593,0,0,0,0,0
11:52:58.811,0,0,0,0,1
11:52:58.811,0,0,0,0,0
11:53:00.410,0,0,0,0,0
11:53:00.410,1,0,0,0,0
11:53:02.217,1,0,0,0,0
11:53:02.217,0,0,0,0,0
11:53:04.054,0,0,0,0,0
11:53:04.054,1,0,0,0,0
11:53:05.869,1,0,0,0,0
11:53:05.869,0,0,0,0,0
11:53:07.670,0,0,0,0,0
11:53:07.670,1,0,0,0,0
11:53:09.472,1,0,0,0,0
11:53:09.472,0,0,0,0,0
11:53:11.277,0,0,0,0,0
11:53:11.277,1,0,0,0,0
11:53:13.086,1,0,0,0,0
11:53:13.086,0,0,0,0,0
11:53:14.900,0,0,0,0,0
11:53:14.900,1,0,0,0,0
11:53:16.700,1,0,0,0,0
11:53:16.700,0,0,0,0,0
11:53:18.501,0,0,0,0,0
11:53:18.501,1,0,0,0,0
11:53:20.305,1,0,0,0,0
11:53:20.305,0,0,0,0,0
11:53:22.201,0,0,0,0,0
11:53:22.201,1,0,0,0,0
11:53:24.002,1,0,0,0,0
11:53:24.002,0,0,0,0,0
11:53:25.851,0,0,0,0,0
11:53:25.851,1,0,0,0,0
11:53:27.656,1,0,0,0,0
11:53:27.656,0,0,0,0,0
11:53:29.462,0,0,0,0,0
11:53:29.462,1,0,0,0,0
11:53:31.279,1,0,0,0,0
11:53:31.279,0,0,0,0,0
11:53:33.103,0,0,0,0,0
11:53:33.103,1,0,0,0,0
11:53:34.910,1,0,0,0,0
11:53:34.910,0,0,0,0,0
11:53:36.747,0,0,0,0,0
11:53:36.747,1,0,0,0,0
11:53:38.555,1,0,0,0,0
11:53:38.555,0,0,0,0,0
11:53:40.379,0,0,0,0,0
11:53:40.379,1,0,0,0,0
11:53:42.193,1,0,0,0,0
11:53:42.193,0,0,0,0,0
11:53:44.061,0,0,0,0,0
11:53:44.061,1,0,0,0,0
11:53:45.866,1,0,0,0,0
11:53:45.866,0,0,0,0,0
11:53:47.721,0,0,0,0,0
11:53:47.721,1,0,0,0,0
11:53:49.522,1,0,0,0,0
11:53:49.522,0,0,0,0,0
11:53:51.335,0,0,0,0,0
11:53:51.335,1,0,0,0,0
11:53:53.140,1,0,0,0,0
11:53:53.140,0,0,0,0,0
11:53:54.980,0,0,0,0,0
11:53:54.980,1,0,0,0,0
11:53:56.785,1,0,0,0,0
11:53:56.785,0,0,0,0,0
11:53:58.597,0,0,0,0,0
11:53:58.597,1,0,0,0,0
11:54:00.407,1,0,0,0,0
11:54:00.407,0,0,0,0,0
11:54:02.209,0,0,0,0,0
11:54:02.209,1,0,0,0,0
11:54:04.011,1,0,0,0,0
11:54:04.011,0,0,0,0,0
11:54:05.814,0,0,0,0,0
11:54:05.814,1,0,0,0,0
11:54:07.610,1,0,0,0,0
11:54:07.610,0,0,0,0,0
11:54:09.429,0,0,0,0,0
11:54:09.429,1,0,0,0,0
11:54:11.237,1,0,0,0,0
11:54:11.237,0,0,0,0,0
11:54:13.041,0,0,0,0,0
11:54:13.041,1,0,0,0,0
11:54:14.847,1,0,0,0,0
11:54:14.847,0,0,0,0,0
11:54:16.650,0,0,0,0,0
11:54:16.650,1,0,0,0,0
11:54:18.456,1,0,0,0,0
11:54:18.456,0,0,0,0,0
11:54:20.260,0,0,0,0,0
11:54:20.260,1,0,0,0,0
11:54:22.071,1,0,0,0,0
11:54:22.071,0,0,0,0,0
11:54:23.875,0,0,0,0,0
11:54:23.875,1,0,0,0,0
11:54:25.690,1,0,0,0,0
11:54:25.690,0,0,0,0,0
11:54:27.494,0,0,0,0,0
11:54:27.494,1,0,0,0,0
11:54:29.302,1,0,0,0,0
11:54:29.302,0,0,0,0,0
11:54:31.113,0,0,0,0,0
11:54:31.113,1,0,0,0,0
11:54:32.921,1,0,0,0,0
11:54:32.921,0,0,0,0,0
11:54:34.726,0,0,0,0,0
11:54:34.726,1,0,0,0,0
11:54:36.531,1,0,0,0,0
11:54:36.531,0,0,0,0,0
11:54:38.337,0,0,0,0,0
11:54:38.337,1,0,0,0,0
11:54:40.144,1,0,0,0,0
11:54:40.144,0,0,0,0,0
11:54:41.477,0,0,0,0,0
11:54:41.477,0,0,0,0,1
11:54:41.957,0,0,0,0,1
11:54:41.957,1,0,0,0,1
11:54:42.124,1,0,0,0,1
11:54:42.124,1,0,0,0,0
11:54:42.730,1,0,0,0,0
11:54:42.730,1,0,0,0,1
11:54:43.367,1,0,0,0,1
11:54:43.367,1,0,0,0,0
11:54:43.776,1,0,0,0,0
11:54:43.776,0,0,0,0,0
11:54:43.981,0,0,0,0,0
11:54:43.981,0,0,0,0,1
11:54:44.578,0,0,0,0,1
11:54:44.578,0,0,0,0,0
11:54:45.188,0,0,0,0,0
11:54:45.188,0,0,0,0,1
11:54:45.585,0,0,0,0,1
11:54:45.585,1,0,0,0,1
11:54:45.816,1,0,0,0,1
11:54:45.816,1,0,0,0,0
11:54:46.427,1,0,0,0,0
11:54:46.427,1,0,0,0,1
11:54:47.032,1,0,0,0,1
11:54:47.032,1,0,0,0,0
11:54:47.381,1,0,0,0,0
11:54:47.381,0,0,0,0,0
11:54:47.644,0,0,0,0,0
11:54:47.644,0,0,0,0,1
11:54:48.258,0,0,0,0,1
11:54:48.258,0,0,0,0,0
11:54:48.875,0,0,0,0,0
11:54:48.875,0,0,0,0,1
11:54:49.192,0,0,0,0,1
11:54:49.192,1,0,0,0,1
11:54:49.508,1,0,0,0,1
11:54:49.508,1,0,0,0,0
11:54:50.113,1,0,0,0,0
11:54:50.113,1,0,0,0,1
11:54:50.734,1,0,0,0,1
11:54:50.734,1,0,0,0,0
11:54:51.002,1,0,0,0,0
11:54:51.002,0,0,0,0,0
11:54:51.336,0,0,0,0,0
11:54:51.336,0,0,0,0,1
11:54:51.454,0,0,0,0,1
11:54:51.454,0,0,0,0,0
11:54:52.830,0,0,0,0,0
11:54:52.830,1,0,0,0,0
11:54:54.647,1,0,0,0,0
11:54:54.647,0,0,0,0,0
11:54:56.458,0,0,0,0,0
11:54:56.458,1,0,0,0,0
11:54:58.266,1,0,0,0,0
11:54:58.266,0,0,0,0,0
11:55:00.068,0,0,0,0,0
11:55:00.068,1,0,0,0,0
11:55:01.880,1,0,0,0,0
11:55:01.880,0,0,0,0,0
11:55:03.680,0,0,0,0,0
11:55:03.680,1,0,0,0,0
11:55:05.489,1,0,0,0,0
11:55:05.489,0,0,0,0,0
11:55:07.293,0,0,0,0,0
11:55:07.293,1,0,0,0,0
11:55:09.093,1,0,0,0,0
11:55:09.093,0,0,0,0,0
11:55:10.894,0,0,0,0,0
11:55:10.894,1,0,0,0,0
11:55:12.694,1,0,0,0,0
11:55:12.694,0,0,0,0,0
11:55:14.523,0,0,0,0,0
11:55:14.523,1,0,0,0,0
11:55:16.326,1,0,0,0,0
11:55:16.326,0,0,0,0,0
11:55:18.126,0,0,0,0,0
11:55:18.126,1,0,0,0,0
11:55:19.926,1,0,0,0,0
11:55:19.926,0,0,0,0,0
11:55:21.749,0,0,0,0,0
11:55:21.749,1,0,0,0,0
11:55:23.560,1,0,0,0,0
11:55:23.560,0,0,0,0,0
11:55:25.360,0,0,0,0,0
11:55:25.360,1,0,0,0,0
11:55:27.161,1,0,0,0,0
11:55:27.161,0,0,0,0,0
11:55:28.979,0,0,0,0,0
11:55:28.979,1,0,0,0,0
11:55:30.791,1,0,0,0,0
11:55:30.791,0,0,0,0,0
11:55:32.622,0,0,0,0,0
11:55:32.622,1,0,0,0,0
11:55:34.427,1,0,0,0,0
11:55:34.427,0,0,0,0,0
11:55:36.272,0,0,0,0,0
11:55:36.272,1,0,0,0,0
11:55:38.076,1,0,0,0,0
11:55:38.076,0,0,0,0,0
11:55:39.925,0,0,0,0,0
11:55:39.925,1,0,0,0,0
11:55:41.727,1,0,0,0,0
11:55:41.727,0,0,0,0,0
11:55:43.561,0,0,0,0,0
11:55:43.561,1,0,0,0,0
11:55:45.377,1,0,0,0,0
11:55:45.377,0,0,0,0,0
11:55:47.178,0,0,0,0,0
11:55:47.178,1,0,0,0,0
11:55:48.993,1,0,0,0,0
11:55:48.993,0,0,0,0,0
11:55:50.856,0,0,0,0,0
11:55:50.856,1,0,0,0,0
11:55:52.662,1,0,0,0,0
11:55:52.662,0,0,0,0,0
11:55:54.500,0,0,0,0,0
11:55:54.500,1,0,0,0,0
11:55:56.309,1,0,0,0,0
11:55:56.309,0,0,0,0,0
11:55:58.154,0,0,0,0,0
11:55:58.154,1,0,0,0,0
11:55:59.960,1,0,0,0,0
11:55:59.960,0,0,0,0,0
11:56:01.760,0,0,0,0,0
11:56:01.760,1,0,0,0,0
11:56:03.575,1,0,0,0,0
11:56:03.575,0,0,0,0,0
11:56:05.376,0,0,0,0,0
11:56:05.376,1,0,0,0,0
11:56:07.184,1,0,0,0,0
11:56:07.184,0,0,0,0,0
11:56:08.994,0,0,0,0,0
11:56:08.994,1,0,0,0,0
11:56:10.830,1,0,0,0,0
11:56:10.830,0,0,0,0,0
11:56:12.644,0,0,0,0,0
11:56:12.644,1,0,0,0,0
11:56:14.479,1,0,0,0,0
11:56:14.479,0,0,0,0,0
11:56:16.294,0,0,0,0,0
11:56:16.294,1,0,0,0,0
11:56:18.086,1,0,0,0,0
11:56:18.086,0,0,0,0,0
11:56:19.910,0,0,0,0,0
11:56:19.910,1,0,0,0,0
11:56:21.733,1,0,0,0,0
11:56:21.733,0,0,0,0,0
11:56:23.533,0,0,0,0,0
11:56:23.533,1,0,0,0,0
11:56:25.377,1,0,0,0,0
11:56:25.377,0,0,0,0,0
11:56:27.178,0,0,0,0,0
11:56:27.178,1,0,0,0,0
11:56:28.998,1,0,0,0,0
11:56:28.998,0,0,0,0,0
11:56:30.811,0,0,0,0,0
11:56:30.811,1,0,0,0,0
11:56:32.626,1,0,0,0,0
11:56:32.626,0,0,0,0,0
11:56:34.436,0,0,0,0,0
11:56:34.436,1,0,0,0,0
11:56:36.236,1,0,0,0,0
11:56:36.236,0,0,0,0,0
11:56:38.041,0,0,0,0,0
11:56:38.041,1,0,0,0,0
11:56:39.846,1,0,0,0,0
11:56:39.846,0,0,0,0,0
11:56:41.648,0,0,0,0,0
11:56:41.648,1,0,0,0,0
11:56:43.460,1,0,0,0,0
11:56:43.460,0,0,0,0,0
11:56:45.284,0,0,0,0,0
11:56:45.284,1,0,0,0,0
11:56:47.093,1,0,0,0,0
11:56:47.093,0,0,0,0,0
11:56:48.949,0,0,0,0,0
11:56:48.949,1,0,0,0,0
11:56:50.760,1,0,0,0,0
11:56:50.760,0,0,0,0,0
11:56:52.617,0,0,0,0,0
11:56:52.617,1,0,0,0,0
11:56:54.427,1,0,0,0,0
11:56:54.427,0,0,0,0,0
11:56:56.239,0,0,0,0,0
11:56:56.239,1,0,0,0,0
11:56:58.058,1,0,0,0,0
11:56:58.058,0,0,0,0,0
11:56:59.857,0,0,0,0,0
11:56:59.857,1,0,0,0,0
11:57:01.664,1,0,0,0,0
11:57:01.664,0,0,0,0,0
11:57:03.474,0,0,0,0,0
11:57:03.474,1,0,0,0,0
11:57:05.276,1,0,0,0,0
11:57:05.276,0,0,0,0,0
11:57:07.080,0,0,0,0,0
11:57:07.080,1,0,0,0,0
11:57:08.909,1,0,0,0,0
11:57:08.909,0,0,0,0,0
11:57:10.721,0,0,0,0,0
11:57:10.721,1,0,0,0,0
11:57:12.524,1,0,0,0,0
11:57:12.524,0,0,0,0,0
11:57:14.326,0,0,0,0,0
11:57:14.326,1,0,0,0,0
11:57:16.201,1,0,0,0,0
11:57:16.201,0,0,0,0,0
11:57:18.003,0,0,0,0,0
11:57:18.003,1,0,0,0,0
11:57:19.805,1,0,0,0,0
11:57:19.805,0,0,0,0,0
11:57:21.609,0,0,0,0,0
11:57:21.609,1,0,0,0,0
11:57:23.447,1,0,0,0,0
11:57:23.447,0,0,0,0,0
11:57:25.260,0,0,0,0,0
11:57:25.260,1,0,0,0,0
11:57:27.067,1,0,0,0,0
11:57:27.067,0,0,0,0,0
11:57:28.876,0,0,0,0,0
11:57:28.876,1,0,0,0,0
11:57:30.689,1,0,0,0,0
11:57:30.689,0,0,0,0,0
11:57:32.493,0,0,0,0,0
11:57:32.493,1,0,0,0,0
11:57:34.334,1,0,0,0,0
11:57:34.334,0,0,0,0,0
11:57:36.143,0,0,0,0,0
11:57:36.143,1,0,0,0,0
11:57:37.977,1,0,0,0,0
11:57:37.977,0,0,0,0,0
11:57:39.778,0,0,0,0,0
11:57:39.778,1,0,0,0,0
11:57:41.578,1,0,0,0,0
11:57:41.578,0,0,0,0,0
11:57:43.393,0,0,0,0,0
11:57:43.393,1,0,0,0,0
11:57:45.202,1,0,0,0,0
11:57:45.202,0,0,0,0,0
11:57:47.010,0,0,0,0,0
11:57:47.010,1,0,0,0,0
11:57:48.814,1,0,0,0,0
11:57:48.814,0,0,0,0,0
11:57:50.627,0,0,0,0,0
11:57:50.627,1,0,0,0,0
11:57:52.447,1,0,0,0,0
11:57:52.447,0,0,0,0,0
11:57:54.258,0,0,0,0,0
11:57:54.258,1,0,0,0,0
11:57:56.072,1,0,0,0,0
11:57:56.072,0,0,0,0,0
11:57:57.877,0,0,0,0,0
11:57:57.877,1,0,0,0,0
11:57:59.712,1,0,0,0,0
11:57:59.712,0,0,0,0,0
11:58:01.520,0,0,0,0,0
11:58:01.520,1,0,0,0,0
11:58:03.342,1,0,0,0,0
11:58:03.342,0,0,0,0,0
11:58:05.158,0,0,0,0,0
11:58:05.158,1,0,0,0,0
11:58:06.985,1,0,0,0,0
11:58:06.985,0,0,0,0,0
11:58:08.789,0,0,0,0,0
11:58:08.789,1,0,0,0,0
11:58:10.592,1,0,0,0,0
11:58:10.592,0,0,0,0,0
11:58:12.400,0,0,0,0,0
11:58:12.400,1,0,0,0,0
11:58:14.205,1,0,0,0,0
11:58:14.205,0,0,0,0,0
11:58:16.006,0,0,0,0,0
11:58:16.006,1,0,0,0,0
11:58:17.809,1,0,0,0,0
11:58:17.809,0,0,0,0,0
11:58:19.610,0,0,0,0,0
11:58:19.610,1,0,0,0,0
11:58:21.417,1,0,0,0,0
11:58:21.417,0,0,0,0,0
11:58:23.223,0,0,0,0,0
11:58:23.223,1,0,0,0,0
11:58:25.023,1,0,0,0,0
11:58:25.023,0,0,0,0,0
11:58:26.829,0,0,0,0,0
11:58:26.829,1,0,0,0,0
11:58:28.643,1,0,0,0,0
11:58:28.643,0,0,0,0,0
11:58:30.449,0,0,0,0,0
11:58:30.449,1,0,0,0,0
11:58:32.252,1,0,0,0,0
11:58:32.252,0,0,0,0,0
11:58:34.069,0,0,0,0,0
11:58:34.069,1,0,0,0,0
11:58:35.887,1,0,0,0,0
11:58:35.887,0,0,0,0,0
11:58:37.691,0,0,0,0,0
11:58:37.691,1,0,0,0,0
11:58:39.528,1,0,0,0,0
11:58:39.528,0,0,0,0,0
11:58:41.343,0,0,0,0,0
11:58:41.343,1,0,0,0,0
11:58:43.183,1,0,0,0,0
11:58:43.183,0,0,0,0,0
11:58:44.987,0,0,0,0,0
11:58:44.987,1,0,0,0,0
11:58:46.787,1,0,0,0,0
11:58:46.787,0,0,0,0,0
11:58:48.608,0,0,0,0,0
11:58:48.608,1,0,0,0,0
11:58:50.408,1,0,0,0,0
11:58:50.408,0,0,0,0,0
11:58:52.217,0,0,0,0,0
11:58:52.217,1,0,0,0,0
11:58:54.027,1,0,0,0,0
11:58:54.027,0,0,0,0,0
11:58:55.834,0,0,0,0,0
11:58:55.834,1,0,0,0,0
11:58:57.637,1,0,0,0,0
11:58:57.637,0,0,0,0,0
11:58:59.473,0,0,0,0,0
11:58:59.473,1,0,0,0,0
11:59:01.278,1,0,0,0,0
11:59:01.278,0,0,0,0,0
11:59:03.091,0,0,0,0,0
11:59:03.091,1,0,0,0,0
11:59:04.900,1,0,0,0,0
11:59:04.900,0,0,0,0,0
11:59:06.702,0,0,0,0,0
11:59:06.702,1,0,0,0,0
11:59:08.504,1,0,0,0,0
11:59:08.504,0,0,0,0,0
11:59:10.309,0,0,0,0,0
11:59:10.309,1,0,0,0,0
11:59:12.116,1,0,0,0,0
11:59:12.116,0,0,0,0,0
11:59:13.928,0,0,0,0,0
11:59:13.928,1,0,0,0,0
11:59:15.767,1,0,0,0,0
11:59:15.767,0,0,0,0,0
11:59:17.574,0,0,0,0,0
11:59:17.574,1,0,0,0,0
11:59:19.389,1,0,0,0,0
11:59:19.389,0,0,0,0,0
11:59:21.190,0,0,0,0,0
11:59:21.190,1,0,0,0,0
11:59:22.997,1,0,0,0,0
11:59:22.997,0,0,0,0,0
11:59:24.811,0,0,0,0,0
11:59:24.811,1,0,0,0,0
11:59:26.618,1,0,0,0,0
11:59:26.618,0,0,0,0,0
11:59:28.422,0,0,0,0,0
11:59:28.422,1,0,0,0,0
11:59:30.222,1,0,0,0,0
11:59:30.222,0,0,0,0,0
11:59:32.024,0,0,0,0,0
11:59:32.024,1,0,0,0,0
11:59:33.828,1,0,0,0,0
11:59:33.828,0,0,0,0,0
11:59:35.638,0,0,0,0,0
11:59:35.638,1,0,0,0,0
11:59:37.441,1,0,0,0,0
11:59:37.441,0,0,0,0,0
11:59:39.254,0,0,0,0,0
11:59:39.254,1,0,0,0,0
11:59:41.059,1,0,0,0,0
11:59:41.059,0,0,0,0,0
11:59:42.859,0,0,0,0,0
11:59:42.859,1,0,0,0,0
11:59:44.688,1,0,0,0,0
11:59:44.688,0,0,0,0,0
11:59:46.494,0,0,0,0,0
11:59:46.494,1,0,0,0,0
11:59:48.326,1,0,0,0,0
11:59:48.326,0,0,0,0,0
11:59:50.139,0,0,0,0,0
11:59:50.139,1,0,0,0,0
11:59:51.977,1,0,0,0,0
11:59:51.977,0,0,0,0,0
11:59:53.780,0,0,0,0,0
11:59:53.780,1,0,0,0,0
11:59:55.590,1,0,0,0,0
11:59:55.590,0,0,0,0,0
11:59:57.391,0,0,0,0,0
11:59:57.391,1,0,0,0,0
11:59:59.192,1,0,0,0,0
11:59:59.192,0,0,0,0,0
12:00:01.001,0,0,0,0,0
12:00:01.001,1,0,0,0,0
12:00:02.803,1,0,0,0,0
12:00:02.803,0,0,0,0,0
12:00:04.639,0,0,0,0,0
12:00:04.639,1,0,0,0,0
12:00:06.441,1,0,0,0,0
12:00:06.441,0,0,0,0,0
12:00:08.292,0,0,0,0,0
12:00:08.292,1,0,0,0,0
12:00:10.100,1,0,0,0,0
12:00:10.100,0,0,0,0,0
12:00:11.925,0,0,0,0,0
12:00:11.925,1,0,0,0,0
12:00:13.735,1,0,0,0,0
12:00:13.735,0,0,0,0,0
12:00:15.611,0,0,0,0,0
12:00:15.611,1,0,0,0,0
12:00:17.418,1,0,0,0,0
12:00:17.418,0,0,0,0,0
12:00:19.224,0,0,0,0,0
12:00:19.224,1,0,0,0,0
12:00:21.027,1,0,0,0,0
12:00:21.027,0,0,0,0,0
12:00:22.838,0,0,0,0,0
12:00:22.838,1,0,0,0,0
12:00:24.652,1,0,0,0,0
12:00:24.652,0,0,0,0,0
12:00:26.459,0,0,0,0,0
12:00:26.459,1,0,0,0,0
12:00:28.272,1,0,0,0,0
12:00:28.272,0,0,0,0,0
12:00:30.085,0,0,0,0,0
12:00:30.085,1,0,0,0,0
12:00:31.885,1,0,0,0,0
12:00:31.885,0,0,0,0,0
12:00:33.552,0,0,0,0,0
12:00:33.552,1,0,0,0,0
12:00:35.352,1,0,0,0,0
12:00:35.352,0,0,0,0,0
12:00:37.167,0,0,0,0,0
12:00:37.167,1,0,0,0,0
12:00:38.969,1,0,0,0,0
12:00:38.969,0,0,0,0,0
12:00:40.776,0,0,0,0,0
12:00:40.776,1,0,0,0,0
12:00:42.587,1,0,0,0,0
12:00:42.587,0,0,0,0,0
12:00:44.400,0,0,0,0,0
12:00:44.400,1,0,0,0,0
12:00:46.201,1,0,0,0,0
12:00:46.201,0,0,0,0,0
12:00:48.015,0,0,0,0,0
12:00:48.015,1,0,0,0,0
12:00:49.821,1,0,0,0,0
12:00:49.821,0,0,0,0,0
12:00:51.629,0,0,0,0,0
12:00:51.629,1,0,0,0,0
12:00:53.431,1,0,0,0,0
12:00:53.431,0,0,0,0,0
12:00:55.242,0,0,0,0,0
12:00:55.242,1,0,0,0,0
12:00:56.734,1,0,0,0,0
12:00:56.734,0,0,0,0,0
12:00:56.807,1,0,0,0,0
12:00:56.807,0,0,0,0,0
12:01:14.120,0,0,0,0,0
12:01:14.120,1,0,0,0,0
12:01:14.199,1,0,0,0,0
12:01:14.199,0,0,0,0,0
12:01:16.006,0,0,0,0,0
12:01:16.006,1,0,0,0,0
12:01:17.849,1,0,0,0,0
12:01:17.849,0,0,0,0,0
12:01:19.655,0,0,0,0,0
12:01:19.655,1,0,0,0,0
12:01:21.466,1,0,0,0,0
12:01:21.466,0,0,0,0,0
12:01:23.274,0,0,0,0,0
12:01:23.274,1,0,0,0,0
12:01:25.075,1,0,0,0,0
12:01:25.075,0,0,0,0,0
12:01:26.881,0,0,0,0,0
12:01:26.881,1,0,0,0,0
12:01:28.674,1,0,0,0,0
12:01:28.674,0,0,0,0,0
12:01:30.512,0,0,0,0,0
12:01:30.512,1,0,0,0,0
12:01:32.319,1,0,0,0,0
12:01:32.319,0,0,0,0,0
12:01:34.125,0,0,0,0,0
12:01:34.125,1,0,0,0,0
12:01:35.969,1,0,0,0,0
12:01:35.969,0,0,0,0,0
12:01:37.772,0,0,0,0,0
12:01:37.772,1,0,0,0,0
12:01:39.584,1,0,0,0,0
12:01:39.584,0,0,0,0,0
12:01:41.389,0,0,0,0,0
12:01:41.389,1,0,0,0,0
12:01:43.201,1,0,0,0,0
12:01:43.201,0,0,0,0,0
12:01:45.014,0,0,0,0,0
12:01:45.014,1,0,0,0,0
12:01:46.825,1,0,0,0,0
12:01:46.825,0,0,0,0,0
12:01:48.631,0,0,0,0,0
12:01:48.631,1,0,0,0,0
12:01:50.437,1,0,0,0,0
12:01:50.437,0,0,0,0,0
12:01:52.240,0,0,0,0,0
12:01:52.240,1,0,0,0,0
12:01:54.058,1,0,0,0,0
12:01:54.058,0,0,0,0,0
12:01:55.862,0,0,0,0,0
12:01:55.862,1,0,0,0,0
12:01:57.666,1,0,0,0,0
12:01:57.666,0,0,0,0,0
12:01:59.473,0,0,0,0,0
12:01:59.473,1,0,0,0,0
12:02:01.275,1,0,0,0,0
12:02:01.275,0,0,0,0,0
12:02:03.075,0,0,0,0,0
12:02:03.075,1,0,0,0,0
12:02:04.877,1,0,0,0,0
12:02:04.877,0,0,0,0,0
12:02:06.685,0,0,0,0,0
12:02:06.685,1,0,0,0,0
12:02:08.534,1,0,0,0,0
12:02:08.534,0,0,0,0,0
12:02:10.336,0,0,0,0,0
12:02:10.336,1,0,0,0,0
12:02:12.161,1,0,0,0,0
12:02:12.161,0,0,0,0,0
12:02:13.361,0,0,0,0,0
12:02:13.361,0,1,0,0,0
12:02:13.450,0,1,0,0,0
12:02:13.450,0,0,0,0,0
12:02:13.970,0,0,0,0,0
12:02:13.970,1,0,0,0,0
12:02:14.050,1,0,0,0,0
12:02:14.050,1,1,0,0,0
12:02:14.659,1,1,0,0,0
12:02:14.659,1,0,0,0,0
12:02:15.259,1,0,0,0,0
12:02:15.259,1,1,0,0,0
12:02:15.777,1,1,0,0,0
12:02:15.777,0,1,0,0,0
12:02:15.862,0,1,0,0,0
12:02:15.862,0,0,0,0,0
12:02:16.463,0,0,0,0,0
12:02:16.463,0,1,0,0,0
12:02:17.075,0,1,0,0,0
12:02:17.075,0,0,0,0,0
12:02:17.577,0,0,0,0,0
12:02:17.577,1,0,0,0,0
12:02:17.675,1,0,0,0,0
12:02:17.675,1,1,0,0,0
12:02:18.277,1,1,0,0,0
12:02:18.277,1,0,0,0,0
12:02:18.877,1,0,0,0,0
12:02:18.877,1,1,0,0,0
12:02:19.392,1,1,0,0,0
12:02:19.392,0,1,0,0,0
12:02:19.486,0,1,0,0,0
12:02:19.486,0,0,0,0,0
12:02:20.093,0,0,0,0,0
12:02:20.093,0,1,0,0,0
12:02:20.696,0,1,0,0,0
12:02:20.696,0,0,0,0,0
12:02:21.193,0,0,0,0,0
12:02:21.193,1,0,0,0,0
12:02:21.308,1,0,0,0,0
12:02:21.308,1,1,0,0,0
12:02:21.912,1,1,0,0,0
12:02:21.912,1,0,0,0,0
12:02:22.512,1,0,0,0,0
12:02:22.512,1,1,0,0,0
12:02:22.754,1,1,0,0,0
12:02:22.754,1,0,0,0,0
12:02:22.848,1,1,0,0,0
12:02:22.848,1,0,0,0,0
12:02:22.994,1,0,0,0,0
12:02:22.994,0,0,0,0,0
12:02:24.796,0,0,0,0,0
12:02:24.796,1,0,0,0,0
12:02:26.597,1,0,0,0,0
12:02:26.597,0,0,0,0,0
12:02:28.408,0,0,0,0,0
12:02:28.408,1,0,0,0,0
12:02:30.218,1,0,0,0,0
12:02:30.218,0,0,0,0,0
12:02:32.056,0,0,0,0,0
12:02:32.056,1,0,0,0,0
12:02:32.776,1,0,0,0,0
12:02:32.776,1,1,0,0,0
12:02:32.879,1,1,0,0,0
12:02:32.879,1,0,0,0,0
12:02:33.493,1,0,0,0,0
12:02:33.493,1,1,0,0,0
12:02:33.873,1,1,0,0,0
12:02:33.873,0,1,0,0,0
12:02:34.110,0,1,0,0,0
12:02:34.110,0,0,0,0,0
12:02:34.726,0,0,0,0,0
12:02:34.726,0,1,0,0,0
12:02:35.339,0,1,0,0,0
12:02:35.339,0,0,0,0,0
12:02:35.681,0,0,0,0,0
12:02:35.681,1,0,0,0,0
12:02:35.945,1,0,0,0,0
12:02:35.945,1,1,0,0,0
12:02:36.581,1,1,0,0,0
12:02:36.581,1,0,0,0,0
12:02:37.191,1,0,0,0,0
12:02:37.191,1,1,0,0,0
12:02:37.483,1,1,0,0,0
12:02:37.483,0,1,0,0,0
12:02:37.797,0,1,0,0,0
12:02:37.797,0,0,0,0,0
12:02:38.398,0,0,0,0,0
12:02:38.398,0,1,0,0,0
12:02:39.016,0,1,0,0,0
12:02:39.016,0,0,0,0,0
12:02:39.286,0,0,0,0,0
12:02:39.286,1,0,0,0,0
12:02:39.619,1,0,0,0,0
12:02:39.619,1,1,0,0,0
12:02:40.277,1,1,0,0,0
12:02:40.277,1,0,0,0,0
12:02:40.886,1,0,0,0,0
12:02:40.886,1,1,0,0,0
12:02:41.091,1,1,0,0,0
12:02:41.091,0,1,0,0,0
12:02:41.499,0,1,0,0,0
12:02:41.499,0,0,0,0,0
12:02:42.117,0,0,0,0,0
12:02:42.117,0,1,0,0,0
12:02:42.717,0,1,0,0,0
12:02:42.717,0,0,0,0,0
12:02:42.823,0,1,0,0,0
12:02:42.823,0,0,0,0,0
12:02:42.923,0,0,0,0,0
12:02:42.923,1,0,0,0,0
12:02:42.939,1,1,0,0,0
12:02:42.939,1,0,0,0,0
12:02:44.775,1,0,0,0,0
12:02:44.775,0,0,0,0,0
12:02:46.596,0,0,0,0,0
12:02:46.596,1,0,0,0,0
12:02:48.406,1,0,0,0,0
12:02:48.406,0,0,0,0,0
12:02:50.215,0,0,0,0,0
12:02:50.215,1,0,0,0,0
12:02:52.022,1,0,0,0,0
12:02:52.022,0,0,0,0,0
12:02:52.876,0,0,0,0,0
12:02:52.876,0,1,0,0,0
12:02:52.978,0,1,0,0,0
12:02:52.978,0,0,0,0,0
12:02:53.590,0,0,0,0,0
12:02:53.590,0,1,0,0,0
12:02:53.860,0,1,0,0,0
12:02:53.860,1,1,0,0,0
12:02:54.194,1,1,0,0,0
12:02:54.194,1,0,0,0,0
12:02:54.800,1,0,0,0,0
12:02:54.800,1,1,0,0,0
12:02:55.406,1,1,0,0,0
12:02:55.406,1,0,0,0,0
12:02:55.676,1,0,0,0,0
12:02:55.676,0,0,0,0,0
12:02:56.009,0,0,0,0,0
12:02:56.009,0,1,0,0,0
12:02:56.616,0,1,0,0,0
12:02:56.616,0,0,0,0,0
12:02:57.224,0,0,0,0,0
12:02:57.224,0,1,0,0,0
12:02:57.481,0,1,0,0,0
12:02:57.481,1,1,0,0,0
12:02:57.829,1,1,0,0,0
12:02:57.829,1,0,0,0,0
12:02:58.429,1,0,0,0,0
12:02:58.429,1,1,0,0,0
12:02:59.031,1,1,0,0,0
12:02:59.031,1,0,0,0,0
12:02:59.285,1,0,0,0,0
12:02:59.285,0,0,0,0,0
12:02:59.634,0,0,0,0,0
12:02:59.634,0,1,0,0,0
12:03:00.249,0,1,0,0,0
12:03:00.249,0,0,0,0,0
12:03:00.849,0,0,0,0,0
12:03:00.849,0,1,0,0,0
12:03:01.086,0,1,0,0,0
12:03:01.086,1,1,0,0,0
12:03:01.450,1,1,0,0,0
12:03:01.450,1,0,0,0,0
12:03:02.053,1,0,0,0,0
12:03:02.053,1,1,0,0,0
12:03:02.656,1,1,0,0,0
12:03:02.656,1,0,0,0,0
12:03:02.890,1,0,0,0,0
12:03:02.890,0,0,0,0,0
12:03:02.967,0,1,0,0,0
12:03:02.967,0,0,0,0,0
12:03:03.052,0,1,0,0,0
12:03:03.052,0,0,0,0,0
12:03:04.700,0,0,0,0,0
12:03:04.700,1,0,0,0,0
12:03:06.501,1,0,0,0,0
12:03:06.501,0,0,0,0,0
12:03:08.308,0,0,0,0,0
12:03:08.308,1,0,0,0,0
12:03:10.114,1,0,0,0,0
12:03:10.114,0,0,0,0,0
12:03:11.922,0,0,0,0,0
12:03:11.922,1,0,0,0,0
12:03:13.110,1,0,0,0,0
12:03:13.110,1,1,0,0,0
12:03:13.174,1,1,0,0,0
12:03:13.174,1,0,0,0,0
12:03:13.726,1,0,0,0,0
12:03:13.726,0,0,0,0,0
12:03:13.789,0,0,0,0,0
12:03:13.789,0,1,0,0,0
12:03:14.392,0,1,0,0,0
12:03:14.392,0,0,0,0,0
12:03:14.995,0,0,0,0,0
12:03:14.995,0,1,0,0,0
12:03:15.535,0,1,0,0,0
12:03:15.535,1,1,0,0,0
12:03:15.598,1,1,0,0,0
12:03:15.598,1,0,0,0,0
12:03:16.201,1,0,0,0,0
12:03:16.201,1,1,0,0,0
12:03:16.804,1,1,0,0,0
12:03:16.804,1,0,0,0,0
12:03:17.344,1,0,0,0,0
12:03:17.344,0,0,0,0,0
12:03:17.412,0,0,0,0,0
12:03:17.412,0,1,0,0,0
12:03:18.054,0,1,0,0,0
12:03:18.054,0,0,0,0,0
12:03:18.658,0,0,0,0,0
12:03:18.658,0,1,0,0,0
12:03:19.151,0,1,0,0,0
12:03:19.151,1,1,0,0,0
12:03:19.311,1,1,0,0,0
12:03:19.311,1,0,0,0,0
12:03:19.912,1,0,0,0,0
12:03:19.912,1,1,0,0,0
12:03:20.527,1,1,0,0,0
12:03:20.527,1,0,0,0,0
12:03:20.955,1,0,0,0,0
12:03:20.955,0,0,0,0,0
12:03:21.130,0,0,0,0,0
12:03:21.130,0,1,0,0,0
12:03:21.767,0,1,0,0,0
12:03:21.767,0,0,0,0,0
12:03:22.377,0,0,0,0,0
12:03:22.377,0,1,0,0,0
12:03:22.756,0,1,0,0,0
12:03:22.756,1,1,0,0,0
12:03:22.992,1,1,0,0,0
12:03:22.992,1,0,0,0,0
12:03:23.117,1,1,0,0,0
12:03:23.117,1,0,0,0,0
12:03:23.206,1,1,0,0,0
12:03:23.206,1,0,0,0,0
12:03:24.566,1,0,0,0,0
12:03:24.566,0,0,0,0,0
12:03:26.371,0,0,0,0,0
12:03:26.371,1,0,0,0,0
12:03:28.174,1,0,0,0,0
12:03:28.174,0,0,0,0,0
12:03:29.981,0,0,0,0,0
12:03:29.981,1,0,0,0,0
12:03:31.786,1,0,0,0,0
12:03:31.786,0,0,0,0,0
12:03:33.152,0,0,0,0,0
12:03:33.152,0,1,0,0,0
12:03:33.218,0,1,0,0,0
12:03:33.218,0,0,0,0,0
12:03:33.600,0,0,0,0,0
12:03:33.600,1,0,0,0,0
12:03:33.838,1,0,0,0,0
12:03:33.838,1,1,0,0,0
12:03:34.440,1,1,0,0,0
12:03:34.440,1,0,0,0,0
12:03:35.041,1,0,0,0,0
12:03:35.041,1,1,0,0,0
12:03:35.401,1,1,0,0,0
12:03:35.401,0,1,0,0,0
12:03:35.654,0,1,0,0,0
12:03:35.654,0,0,0,0,0
12:03:36.256,0,0,0,0,0
12:03:36.256,0,1,0,0,0
12:03:36.859,0,1,0,0,0
12:03:36.859,0,0,0,0,0
12:03:37.207,0,0,0,0,0
12:03:37.207,1,0,0,0,0
12:03:37.460,1,0,0,0,0
12:03:37.460,1,1,0,0,0
12:03:38.065,1,1,0,0,0
12:03:38.065,1,0,0,0,0
12:03:38.667,1,0,0,0,0
12:03:38.667,1,1,0,0,0
12:03:39.019,1,1,0,0,0
12:03:39.019,0,1,0,0,0
12:03:39.270,0,1,0,0,0
12:03:39.270,0,0,0,0,0
12:03:39.885,0,0,0,0,0
12:03:39.885,0,1,0,0,0
12:03:40.488,0,1,0,0,0
12:03:40.488,0,0,0,0,0
12:03:40.821,0,0,0,0,0
12:03:40.821,1,0,0,0,0
12:03:41.116,1,0,0,0,0
12:03:41.116,1,1,0,0,0
12:03:41.722,1,1,0,0,0
12:03:41.722,1,0,0,0,0
12:03:42.372,1,0,0,0,0
12:03:42.372,1,1,0,0,0
12:03:42.625,1,1,0,0,0
12:03:42.625,0,1,0,0,0
12:03:42.989,0,1,0,0,0
12:03:42.989,0,0,0,0,0
12:03:43.193,0,1,0,0,0
12:03:43.193,0,0,0,0,0
12:03:43.281,0,1,0,0,0
12:03:43.281,0,0,0,0,0
12:03:44.428,0,0,0,0,0
12:03:44.428,1,0,0,0,0
12:03:46.237,1,0,0,0,0
12:03:46.237,0,0,0,0,0
12:03:48.041,0,0,0,0,0
12:03:48.041,1,0,0,0,0
12:03:49.848,1,0,0,0,0
12:03:49.848,0,0,0,0,0
12:03:51.653,0,0,0,0,0
12:03:51.653,1,0,0,0,0
12:03:53.238,1,0,0,0,0
12:03:53.238,1,1,0,0,0
12:03:53.308,1,1,0,0,0
12:03:53.308,1,0,0,0,0
12:03:53.508,1,0,0,0,0
12:03:53.508,0,0,0,0,0
12:03:53.916,0,0,0,0,0
12:03:53.916,0,1,0,0,0
12:03:54.518,0,1,0,0,0
12:03:54.518,0,0,0,0,0
12:03:55.120,0,0,0,0,0
12:03:55.120,0,1,0,0,0
12:03:55.309,0,1,0,0,0
12:03:55.309,1,1,0,0,0
12:03:55.721,1,1,0,0,0
12:03:55.721,1,0,0,0,0
12:03:56.345,1,0,0,0,0
12:03:56.345,1,1,0,0,0
12:03:56.956,1,1,0,0,0
12:03:56.956,1,0,0,0,0
12:03:57.115,1,0,0,0,0
12:03:57.115,0,0,0,0,0
12:03:57.606,0,0,0,0,0
12:03:57.606,0,1,0,0,0
12:03:58.222,0,1,0,0,0
12:03:58.222,0,0,0,0,0
12:03:58.827,0,0,0,0,0
12:03:58.827,0,1,0,0,0
12:03:58.918,0,1,0,0,0
12:03:58.918,1,1,0,0,0
12:03:59.440,1,1,0,0,0
12:03:59.440,1,0,0,0,0
12:04:00.061,1,0,0,0,0
12:04:00.061,1,1,0,0,0
12:04:00.677,1,1,0,0,0
12:04:00.677,1,0,0,0,0
12:04:00.740,1,0,0,0,0
12:04:00.740,0,0,0,0,0
12:04:01.283,0,0,0,0,0
12:04:01.283,0,1,0,0,0
12:04:01.895,0,1,0,0,0
12:04:01.895,0,0,0,0,0
12:04:02.550,0,0,0,0,0
12:04:02.550,0,1,0,0,0
12:04:02.550,0,1,0,0,0
12:04:02.550,1,1,0,0,0
12:04:03.162,1,1,0,0,0
12:04:03.162,1,0,0,0,0
12:04:03.351,1,1,0,0,0
12:04:03.351,1,0,0,0,0
12:04:03.426,1,1,0,0,0
12:04:03.426,1,0,0,0,0
12:04:04.365,1,0,0,0,0
12:04:04.365,0,0,0,0,0
12:04:06.178,0,0,0,0,0
12:04:06.178,1,0,0,0,0
12:04:07.979,1,0,0,0,0
12:04:07.979,0,0,0,0,0
12:04:09.792,0,0,0,0,0
12:04:09.792,1,0,0,0,0
12:04:11.597,1,0,0,0,0
12:04:11.597,0,0,0,0,0
12:04:13.403,0,0,0,0,0
12:04:13.403,1,0,0,0,0
12:04:13.459,1,0,0,0,0
12:04:13.459,1,1,0,0,0
12:04:13.478,1,1,0,0,0
12:04:13.478,1,0,0,0,0
12:04:14.084,1,0,0,0,0
12:04:14.084,1,1,0,0,0
12:04:14.684,1,1,0,0,0
12:04:14.684,1,0,0,0,0
12:04:15.209,1,0,0,0,0
12:04:15.209,0,0,0,0,0
12:04:15.291,0,0,0,0,0
12:04:15.291,0,1,0,0,0
12:04:15.902,0,1,0,0,0
12:04:15.902,0,0,0,0,0
12:04:16.525,0,0,0,0,0
12:04:16.525,0,1,0,0,0
12:04:17.012,0,1,0,0,0
12:04:17.012,1,1,0,0,0
12:04:17.138,1,1,0,0,0
12:04:17.138,1,0,0,0,0
12:04:17.740,1,0,0,0,0
12:04:17.740,1,1,0,0,0
12:04:18.343,1,1,0,0,0
12:04:18.343,1,0,0,0,0
12:04:18.818,1,0,0,0,0
12:04:18.818,0,0,0,0,0
12:04:18.971,0,0,0,0,0
12:04:18.971,0,1,0,0,0
12:04:19.579,0,1,0,0,0
12:04:19.579,0,0,0,0,0
12:04:20.206,0,0,0,0,0
12:04:20.206,0,1,0,0,0
12:04:20.609,0,1,0,0,0
12:04:20.609,1,1,0,0,0
12:04:20.809,1,1,0,0,0
12:04:20.809,1,0,0,0,0
12:04:21.435,1,0,0,0,0
12:04:21.435,1,1,0,0,0
12:04:22.045,1,1,0,0,0
12:04:22.045,1,0,0,0,0
12:04:22.423,1,0,0,0,0
12:04:22.423,0,0,0,0,0
12:04:22.676,0,0,0,0,0
12:04:22.676,0,1,0,0,0
12:04:23.279,0,1,0,0,0
12:04:23.279,0,0,0,0,0
12:04:23.516,0,1,0,0,0
12:04:23.516,0,0,0,0,0
12:04:23.599,0,1,0,0,0
12:04:23.599,0,0,0,0,0
12:04:24.227,0,0,0,0,0
12:04:24.227,1,0,0,0,0
12:04:26.037,1,0,0,0,0
12:04:26.037,0,0,0,0,0
12:04:27.843,0,0,0,0,0
12:04:27.843,1,0,0,0,0
12:04:29.659,1,0,0,0,0
12:04:29.659,0,0,0,0,0
12:04:31.469,0,0,0,0,0
12:04:31.469,1,0,0,0,0
12:04:33.275,1,0,0,0,0
12:04:33.275,0,0,0,0,0
12:04:33.559,0,0,0,0,0
12:04:33.559,0,1,0,0,0
12:04:33.626,0,1,0,0,0
12:04:33.626,0,0,0,0,0
12:04:34.243,0,0,0,0,0
12:04:34.243,0,1,0,0,0
12:04:34.845,0,1,0,0,0
12:04:34.845,0,0,0,0,0
12:04:35.083,0,0,0,0,0
12:04:35.083,1,0,0,0,0
12:04:35.448,1,0,0,0,0
12:04:35.448,1,1,0,0,0
12:04:36.052,1,1,0,0,0
12:04:36.052,1,0,0,0,0
12:04:36.656,1,0,0,0,0
12:04:36.656,1,1,0,0,0
12:04:36.893,1,1,0,0,0
12:04:36.893,0,1,0,0,0
12:04:37.258,0,1,0,0,0
12:04:37.258,0,0,0,0,0
12:04:37.892,0,0,0,0,0
12:04:37.892,0,1,0,0,0
12:04:38.494,0,1,0,0,0
12:04:38.494,0,0,0,0,0
12:04:38.719,0,0,0,0,0
12:04:38.719,1,0,0,0,0
12:04:39.133,1,0,0,0,0
12:04:39.133,1,1,0,0,0
12:04:39.744,1,1,0,0,0
12:04:39.744,1,0,0,0,0
12:04:40.359,1,0,0,0,0
12:04:40.359,1,1,0,0,0
12:04:40.532,1,1,0,0,0
12:04:40.532,0,1,0,0,0
12:04:40.975,0,1,0,0,0
12:04:40.975,0,0,0,0,0
12:04:41.586,0,0,0,0,0
12:04:41.586,0,1,0,0,0
12:04:42.193,0,1,0,0,0
12:04:42.193,0,0,0,0,0
12:04:42.337,0,0,0,0,0
12:04:42.337,1,0,0,0,0
12:04:42.826,1,0,0,0,0
12:04:42.826,1,1,0,0,0
12:04:43.428,1,1,0,0,0
12:04:43.428,1,0,0,0,0
12:04:43.644,1,1,0,0,0
12:04:43.644,1,0,0,0,0
12:04:43.717,1,1,0,0,0
12:04:43.717,1,0,0,0,0
12:04:44.140,1,0,0,0,0
12:04:44.140,0,0,0,0,0
12:04:45.943,0,0,0,0,0
12:04:45.943,1,0,0,0,0
12:04:47.784,1,0,0,0,0
12:04:47.784,0,0,0,0,0
12:04:49.590,0,0,0,0,0
12:04:49.590,1,0,0,0,0
12:04:51.397,1,0,0,0,0
12:04:51.397,0,0,0,0,0
12:04:53.203,0,0,0,0,0
12:04:53.203,1,0,0,0,0
12:04:53.649,1,0,0,0,0
12:04:53.649,1,1,0,0,0
12:04:53.751,1,1,0,0,0
12:04:53.751,1,0,0,0,0
12:04:54.360,1,0,0,0,0
12:04:54.360,1,1,0,0,0
12:04:54.976,1,1,0,0,0
12:04:54.976,1,0,0,0,0
12:04:55.042,1,0,0,0,0
12:04:55.042,0,0,0,0,0
12:04:55.597,0,0,0,0,0
12:04:55.597,0,1,0,0,0
12:04:56.211,0,1,0,0,0
12:04:56.211,0,0,0,0,0
12:04:56.829,0,0,0,0,0
12:04:56.829,0,1,0,0,0
12:04:56.845,0,1,0,0,0
12:04:56.845,1,1,0,0,0
12:04:57.447,1,1,0,0,0
12:04:57.447,1,0,0,0,0
12:04:58.076,1,0,0,0,0
12:04:58.076,1,1,0,0,0
12:04:58.652,1,1,0,0,0
12:04:58.652,0,1,0,0,0
12:04:58.708,0,1,0,0,0
12:04:58.708,0,0,0,0,0
12:04:59.308,0,0,0,0,0
12:04:59.308,0,1,0,0,0
12:04:59.920,0,1,0,0,0
12:04:59.920,0,0,0,0,0
12:05:00.458,0,0,0,0,0
12:05:00.458,1,0,0,0,0
12:05:00.521,1,0,0,0,0
12:05:00.521,1,1,0,0,0
12:05:01.140,1,1,0,0,0
12:05:01.140,1,0,0,0,0
12:05:01.741,1,0,0,0,0
12:05:01.741,1,1,0,0,0
12:05:02.262,1,1,0,0,0
12:05:02.262,0,1,0,0,0
12:05:02.356,0,1,0,0,0
12:05:02.356,0,0,0,0,0
12:05:02.960,0,0,0,0,0
12:05:02.960,0,1,0,0,0
12:05:03.561,0,1,0,0,0
12:05:03.561,0,0,0,0,0
12:05:03.700,0,1,0,0,0
12:05:03.700,0,0,0,0,0
12:05:03.767,0,1,0,0,0
12:05:03.767,0,0,0,0,0
12:05:04.068,0,0,0,0,0
12:05:04.068,1,0,0,0,0
12:05:05.896,1,0,0,0,0
12:05:05.896,0,0,0,0,0
12:05:07.711,0,0,0,0,0
12:05:07.711,1,0,0,0,0
12:05:09.517,1,0,0,0,0
12:05:09.517,0,0,0,0,0
12:05:11.324,0,0,0,0,0
12:05:11.324,1,0,0,0,0
12:05:13.132,1,0,0,0,0
12:05:13.132,0,0,0,0,0
12:05:13.837,0,0,0,0,0
12:05:13.837,0,1,0,0,0
12:05:13.931,0,1,0,0,0
12:05:13.931,0,0,0,0,0
12:05:14.542,0,0,0,0,0
12:05:14.542,0,1,0,0,0
12:05:14.936,0,1,0,0,0
12:05:14.936,1,1,0,0,0
12:05:15.142,1,1,0,0,0
12:05:15.142,1,0,0,0,0
12:05:15.746,1,0,0,0,0
12:05:15.746,1,1,0,0,0
12:05:16.350,1,1,0,0,0
12:05:16.350,1,0,0,0,0
12:05:16.748,1,0,0,0,0
12:05:16.748,0,0,0,0,0
12:05:16.956,0,0,0,0,0
12:05:16.956,0,1,0,0,0
12:05:17.558,0,1,0,0,0
12:05:17.558,0,0,0,0,0
12:05:18.161,0,0,0,0,0
12:05:18.161,0,1,0,0,0
12:05:18.557,0,1,0,0,0
12:05:18.557,1,1,0,0,0
12:05:18.761,1,1,0,0,0
12:05:18.761,1,0,0,0,0
12:05:19.374,1,0,0,0,0
12:05:19.374,1,1,0,0,0
12:05:19.977,1,1,0,0,0
12:05:19.977,1,0,0,0,0
12:05:20.358,1,0,0,0,0
12:05:20.358,0,0,0,0,0
12:05:20.578,0,0,0,0,0
12:05:20.578,0,1,0,0,0
12:05:21.188,0,1,0,0,0
12:05:21.188,0,0,0,0,0
12:05:21.791,0,0,0,0,0
12:05:21.791,0,1,0,0,0
12:05:22.171,0,1,0,0,0
12:05:22.171,1,1,0,0,0
12:05:22.393,1,1,0,0,0
12:05:22.393,1,0,0,0,0
12:05:22.993,1,0,0,0,0
12:05:22.993,1,1,0,0,0
12:05:23.659,1,1,0,0,0
12:05:23.659,1,0,0,0,0
12:05:23.886,1,1,0,0,0
12:05:23.886,1,0,0,0,0
12:05:23.955,1,1,0,0,0
12:05:23.955,1,0,0,0,0
12:05:23.974,1,0,0,0,0
12:05:23.974,0,0,0,0,0
12:05:25.788,0,0,0,0,0
12:05:25.788,1,0,0,0,0
12:05:27.600,1,0,0,0,0
12:05:27.600,0,0,0,0,0
12:05:29.410,0,0,0,0,0
12:05:29.410,1,0,0,0,0
12:05:31.221,1,0,0,0,0
12:05:31.221,0,0,0,0,0
12:05:33.027,0,0,0,0,0
12:05:33.027,1,0,0,0,0
12:05:33.930,1,0,0,0,0
12:05:33.930,1,1,0,0,0
12:05:34.005,1,1,0,0,0
12:05:34.005,1,0,0,0,0
12:05:34.617,1,0,0,0,0
12:05:34.617,1,1,0,0,0
12:05:34.838,1,1,0,0,0
12:05:34.838,0,1,0,0,0
12:05:35.220,0,1,0,0,0
12:05:35.220,0,0,0,0,0
12:05:35.823,0,0,0,0,0
12:05:35.823,0,1,0,0,0
12:05:36.428,0,1,0,0,0
12:05:36.428,0,0,0,0,0
12:05:36.650,0,0,0,0,0
12:05:36.650,1,0,0,0,0
12:05:37.029,1,0,0,0,0
12:05:37.029,1,1,0,0,0
12:05:37.643,1,1,0,0,0
12:05:37.643,1,0,0,0,0
12:05:38.248,1,0,0,0,0
12:05:38.248,1,1,0,0,0
12:05:38.486,1,1,0,0,0
12:05:38.486,0,1,0,0,0
12:05:38.848,0,1,0,0,0
12:05:38.848,0,0,0,0,0
12:05:39.465,0,0,0,0,0
12:05:39.465,0,1,0,0,0
12:05:40.090,0,1,0,0,0
12:05:40.090,0,0,0,0,0
12:05:40.305,0,0,0,0,0
12:05:40.305,1,0,0,0,0
12:05:40.701,1,0,0,0,0
12:05:40.701,1,1,0,0,0
12:05:41.335,1,1,0,0,0
12:05:41.335,1,0,0,0,0
12:05:41.940,1,0,0,0,0
12:05:41.940,1,1,0,0,0
12:05:42.116,1,1,0,0,0
12:05:42.116,0,1,0,0,0
12:05:42.568,0,1,0,0,0
12:05:42.568,0,0,0,0,0
12:05:43.176,0,0,0,0,0
12:05:43.176,0,1,0,0,0
12:05:43.827,0,1,0,0,0
12:05:43.827,0,0,0,0,0
12:05:43.931,0,0,0,0,0
12:05:43.931,1,0,0,0,0
12:05:44.013,1,1,0,0,0
12:05:44.013,1,0,0,0,0
12:05:44.032,1,1,0,0,0
12:05:44.032,1,0,0,0,0
12:05:45.742,1,0,0,0,0
12:05:45.742,0,0,0,0,0
12:05:47.546,0,0,0,0,0
12:05:47.546,1,0,0,0,0
12:05:49.354,1,0,0,0,0
12:05:49.354,0,0,0,0,0
12:05:51.183,0,0,0,0,0
12:05:51.183,1,0,0,0,0
12:05:52.995,1,0,0,0,0
12:05:52.995,0,0,0,0,0
12:05:54.065,0,0,0,0,0
12:05:54.065,0,1,0,0,0
12:05:54.089,0,1,0,0,0
12:05:54.089,0,0,0,0,0
12:05:54.693,0,0,0,0,0
12:05:54.693,0,1,0,0,0
12:05:54.804,0,1,0,0,0
12:05:54.804,1,1,0,0,0
12:05:55.315,1,1,0,0,0
12:05:55.315,1,0,0,0,0
12:05:55.924,1,0,0,0,0
12:05:55.924,1,1,0,0,0
12:05:56.584,1,1,0,0,0
12:05:56.584,1,0,0,0,0
12:05:56.655,1,0,0,0,0
12:05:56.655,0,0,0,0,0
12:05:57.191,0,0,0,0,0
12:05:57.191,0,1,0,0,0
12:05:57.799,0,1,0,0,0
12:05:57.799,0,0,0,0,0
12:05:58.411,0,0,0,0,0
12:05:58.411,0,1,0,0,0
12:05:58.477,0,1,0,0,0
12:05:58.477,1,1,0,0,0
12:05:59.021,1,1,0,0,0
12:05:59.021,1,0,0,0,0
12:05:59.627,1,0,0,0,0
12:05:59.627,1,1,0,0,0
12:06:00.291,1,1,0,0,0
12:06:00.291,1,0,0,0,0
12:06:00.291,1,0,0,0,0
12:06:00.291,0,0,0,0,0
12:06:00.900,0,0,0,0,0
12:06:00.900,0,1,0,0,0
12:06:01.501,0,1,0,0,0
12:06:01.501,0,0,0,0,0
12:06:02.105,0,0,0,0,0
12:06:02.105,1,0,0,0,0
12:06:02.105,1,0,0,0,0
12:06:02.105,1,1,0,0,0
12:06:02.756,1,1,0,0,0
12:06:02.756,1,0,0,0,0
12:06:03.372,1,0,0,0,0
12:06:03.372,1,1,0,0,0
12:06:03.911,1,1,0,0,0
12:06:03.911,0,1,0,0,0
12:06:03.977,0,1,0,0,0
12:06:03.977,0,0,0,0,0
12:06:04.062,0,1,0,0,0
12:06:04.062,0,0,0,0,0
12:06:04.161,0,1,0,0,0
12:06:04.161,0,0,0,0,0
12:06:05.718,0,0,0,0,0
12:06:05.718,1,0,0,0,0
12:06:07.529,1,0,0,0,0
12:06:07.529,0,0,0,0,0
12:06:09.337,0,0,0,0,0
12:06:09.337,1,0,0,0,0
12:06:11.141,1,0,0,0,0
12:06:11.141,0,0,0,0,0
12:06:12.944,0,0,0,0,0
12:06:12.944,1,0,0,0,0
12:06:14.210,1,0,0,0,0
12:06:14.210,1,1,0,0,0
12:06:14.295,1,1,0,0,0
12:06:14.295,1,0,0,0,0
12:06:14.743,1,0,0,0,0
12:06:14.743,0,0,0,0,0
12:06:14.902,0,0,0,0,0
12:06:14.902,0,1,0,0,0
12:06:15.505,0,1,0,0,0
12:06:15.505,0,0,0,0,0
12:06:16.108,0,0,0,0,0
12:06:16.108,0,1,0,0,0
12:06:16.552,0,1,0,0,0
12:06:16.552,1,1,0,0,0
12:06:16.758,1,1,0,0,0
12:06:16.758,1,0,0,0,0
12:06:17.375,1,0,0,0,0
12:06:17.375,1,1,0,0,0
12:06:17.975,1,1,0,0,0
12:06:17.975,1,0,0,0,0
12:06:18.372,1,0,0,0,0
12:06:18.372,0,0,0,0,0
12:06:18.576,0,0,0,0,0
12:06:18.576,0,1,0,0,0
12:06:19.187,0,1,0,0,0
12:06:19.187,0,0,0,0,0
12:06:19.800,0,0,0,0,0
12:06:19.800,0,1,0,0,0
12:06:20.181,0,1,0,0,0
12:06:20.181,1,1,0,0,0
12:06:20.404,1,1,0,0,0
12:06:20.404,1,0,0,0,0
12:06:21.017,1,0,0,0,0
12:06:21.017,1,1,0,0,0
12:06:21.678,1,1,0,0,0
12:06:21.678,1,0,0,0,0
12:06:21.986,1,0,0,0,0
12:06:21.986,0,0,0,0,0
12:06:22.286,0,0,0,0,0
12:06:22.286,0,1,0,0,0
12:06:22.889,0,1,0,0,0
12:06:22.889,0,0,0,0,0
12:06:23.496,0,0,0,0,0
12:06:23.496,0,1,0,0,0
12:06:23.797,0,1,0,0,0
12:06:23.797,1,1,0,0,0
12:06:24.121,1,1,0,0,0
12:06:24.121,1,0,0,0,0
12:06:24.258,1,1,0,0,0
12:06:24.258,1,0,0,0,0
12:06:24.342,1,1,0,0,0
12:06:24.342,1,0,0,0,0
12:06:25.603,1,0,0,0,0
12:06:25.603,0,0,0,0,0
12:06:27.417,0,0,0,0,0
12:06:27.417,1,0,0,0,0
12:06:29.231,1,0,0,0,0
12:06:29.231,0,0,0,0,0
12:06:31.035,0,0,0,0,0
12:06:31.035,1,0,0,0,0
12:06:32.844,1,0,0,0,0
12:06:32.844,0,0,0,0,0
12:06:34.304,0,0,0,0,0
12:06:34.304,0,1,0,0,0
12:06:34.430,0,1,0,0,0
12:06:34.430,0,0,0,0,0
12:06:34.651,0,0,0,0,0
12:06:34.651,1,0,0,0,0
12:06:35.049,1,0,0,0,0
12:06:35.049,1,1,0,0,0
12:06:35.658,1,1,0,0,0
12:06:35.658,1,0,0,0,0
12:06:36.270,1,0,0,0,0
12:06:36.270,1,1,0,0,0
12:06:36.494,1,1,0,0,0
12:06:36.494,0,1,0,0,0
12:06:36.904,0,1,0,0,0
12:06:36.904,0,0,0,0,0
12:06:37.507,0,0,0,0,0
12:06:37.507,0,1,0,0,0
12:06:38.135,0,1,0,0,0
12:06:38.135,0,0,0,0,0
12:06:38.298,0,0,0,0,0
12:06:38.298,1,0,0,0,0
12:06:38.738,1,0,0,0,0
12:06:38.738,1,1,0,0,0
12:06:39.346,1,1,0,0,0
12:06:39.346,1,0,0,0,0
12:06:39.954,1,0,0,0,0
12:06:39.954,1,1,0,0,0
12:06:40.105,1,1,0,0,0
12:06:40.105,0,1,0,0,0
12:06:40.589,0,1,0,0,0
12:06:40.589,0,0,0,0,0
12:06:41.189,0,0,0,0,0
12:06:41.189,0,1,0,0,0
12:06:41.816,0,1,0,0,0
12:06:41.816,0,0,0,0,0
12:06:41.918,0,0,0,0,0
12:06:41.918,1,0,0,0,0
12:06:42.423,1,0,0,0,0
12:06:42.423,1,1,0,0,0
12:06:43.035,1,1,0,0,0
12:06:43.035,1,0,0,0,0
12:06:43.639,1,0,0,0,0
12:06:43.639,1,1,0,0,0
12:06:43.718,1,1,0,0,0
12:06:43.718,0,1,0,0,0
12:06:44.266,0,1,0,0,0
12:06:44.266,0,0,0,0,0
12:06:44.347,0,1,0,0,0
12:06:44.347,0,0,0,0,0
12:06:44.414,0,1,0,0,0
12:06:44.414,0,0,0,0,0
12:06:45.516,0,0,0,0,0
12:06:45.516,1,0,0,0,0
12:06:47.335,1,0,0,0,0
12:06:47.335,0,0,0,0,0
12:06:49.148,0,0,0,0,0
12:06:49.148,1,0,0,0,0
12:06:50.957,1,0,0,0,0
12:06:50.957,0,0,0,0,0
12:06:52.757,0,0,0,0,0
12:06:52.757,1,0,0,0,0
12:06:54.397,1,0,0,0,0
12:06:54.397,1,1,0,0,0
12:06:54.469,1,1,0,0,0
12:06:54.469,1,0,0,0,0
12:06:54.569,1,0,0,0,0
12:06:54.569,0,0,0,0,0
12:06:55.075,0,0,0,0,0
12:06:55.075,0,1,0,0,0
12:06:55.687,0,1,0,0,0
12:06:55.687,0,0,0,0,0
12:06:56.290,0,0,0,0,0
12:06:56.290,0,1,0,0,0
12:06:56.369,0,1,0,0,0
12:06:56.369,1,1,0,0,0
12:06:56.891,1,1,0,0,0
12:06:56.891,1,0,0,0,0
12:06:57.497,1,0,0,0,0
12:06:57.497,1,1,0,0,0
12:06:58.097,1,1,0,0,0
12:06:58.097,1,0,0,0,0
12:06:58.172,1,0,0,0,0
12:06:58.172,0,0,0,0,0
12:06:58.702,0,0,0,0,0
12:06:58.702,0,1,0,0,0
12:06:59.313,0,1,0,0,0
12:06:59.313,0,0,0,0,0
12:06:59.917,0,0,0,0,0
12:06:59.917,0,1,0,0,0
12:06:59.991,0,1,0,0,0
12:06:59.991,1,1,0,0,0
12:07:00.518,1,1,0,0,0
12:07:00.518,1,0,0,0,0
12:07:01.129,1,0,0,0,0
12:07:01.129,1,1,0,0,0
12:07:01.743,1,1,0,0,0
12:07:01.743,1,0,0,0,0
12:07:01.828,1,0,0,0,0
12:07:01.828,0,0,0,0,0
12:07:02.340,0,0,0,0,0
12:07:02.340,0,1,0,0,0
12:07:02.950,0,1,0,0,0
12:07:02.950,0,0,0,0,0
12:07:03.550,0,0,0,0,0
12:07:03.550,0,1,0,0,0
12:07:03.648,0,1,0,0,0
12:07:03.648,1,1,0,0,0
12:07:04.152,1,1,0,0,0
12:07:04.152,1,0,0,0,0
12:07:04.447,1,1,0,0,0
12:07:04.447,1,0,0,0,0
12:07:04.515,1,1,0,0,0
12:07:04.515,1,0,0,0,0
12:07:05.464,1,0,0,0,0
12:07:05.464,0,0,0,0,0
12:07:07.284,0,0,0,0,0
12:07:07.284,1,0,0,0,0
12:07:09.088,1,0,0,0,0
12:07:09.088,0,0,0,0,0
12:07:10.888,0,0,0,0,0
12:07:10.888,1,0,0,0,0
12:07:12.702,1,0,0,0,0
12:07:12.702,0,0,0,0,0
12:07:14.511,0,0,0,0,0
12:07:14.511,1,0,0,0,0
12:07:14.598,1,0,0,0,0
12:07:14.598,1,1,0,0,0
12:07:14.643,1,1,0,0,0
12:07:14.643,1,0,0,0,0
12:07:15.257,1,0,0,0,0
12:07:15.257,1,1,0,0,0
12:07:15.888,1,1,0,0,0
12:07:15.888,1,0,0,0,0
12:07:16.324,1,0,0,0,0
12:07:16.324,0,0,0,0,0
12:07:16.498,0,0,0,0,0
12:07:16.498,0,1,0,0,0
12:07:17.124,0,1,0,0,0
12:07:17.124,0,0,0,0,0
12:07:17.738,0,0,0,0,0
12:07:17.738,0,1,0,0,0
12:07:18.133,0,1,0,0,0
12:07:18.133,1,1,0,0,0
12:07:18.371,1,1,0,0,0
12:07:18.371,1,0,0,0,0
12:07:18.984,1,0,0,0,0
12:07:18.984,1,1,0,0,0
12:07:19.596,1,1,0,0,0
12:07:19.596,1,0,0,0,0
12:07:19.943,1,0,0,0,0
12:07:19.943,0,0,0,0,0
12:07:20.201,0,0,0,0,0
12:07:20.201,0,1,0,0,0
12:07:20.814,0,1,0,0,0
12:07:20.814,0,0,0,0,0
12:07:21.421,0,0,0,0,0
12:07:21.421,0,1,0,0,0
12:07:21.750,0,1,0,0,0
12:07:21.750,1,1,0,0,0
12:07:22.071,1,1,0,0,0
12:07:22.071,1,0,0,0,0
12:07:22.675,1,0,0,0,0
12:07:22.675,1,1,0,0,0
12:07:23.284,1,1,0,0,0
12:07:23.284,1,0,0,0,0
12:07:23.559,1,0,0,0,0
12:07:23.559,0,0,0,0,0
12:07:23.892,0,0,0,0,0
12:07:23.892,0,1,0,0,0
12:07:24.505,0,1,0,0,0
12:07:24.505,0,0,0,0,0
12:07:24.634,0,1,0,0,0
12:07:24.634,0,0,0,0,0
12:07:24.722,0,1,0,0,0
12:07:24.722,0,0,0,0,0
12:07:25.359,0,0,0,0,0
12:07:25.359,1,0,0,0,0
12:07:27.160,1,0,0,0,0
12:07:27.160,0,0,0,0,0
12:07:28.963,0,0,0,0,0
12:07:28.963,1,0,0,0,0
12:07:30.774,1,0,0,0,0
12:07:30.774,0,0,0,0,0
12:07:32.610,0,0,0,0,0
12:07:32.610,1,0,0,0,0
12:07:34.420,1,0,0,0,0
12:07:34.420,0,0,0,0,0
12:07:34.685,0,0,0,0,0
12:07:34.685,0,1,0,0,0
12:07:34.800,0,1,0,0,0
12:07:34.800,0,0,0,0,0
12:07:35.445,0,0,0,0,0
12:07:35.445,0,1,0,0,0
12:07:36.056,0,1,0,0,0
12:07:36.056,0,0,0,0,0
12:07:36.238,0,0,0,0,0
12:07:36.238,1,0,0,0,0
12:07:36.668,1,0,0,0,0
12:07:36.668,1,1,0,0,0
12:07:37.270,1,1,0,0,0
12:07:37.270,1,0,0,0,0
12:07:37.891,1,0,0,0,0
12:07:37.891,1,1,0,0,0
12:07:38.043,1,1,0,0,0
12:07:38.043,0,1,0,0,0
12:07:38.499,0,1,0,0,0
12:07:38.499,0,0,0,0,0
12:07:39.134,0,0,0,0,0
12:07:39.134,0,1,0,0,0
12:07:39.739,0,1,0,0,0
12:07:39.739,0,0,0,0,0
12:07:39.848,0,0,0,0,0
12:07:39.848,1,0,0,0,0
12:07:40.342,1,0,0,0,0
12:07:40.342,1,1,0,0,0
12:07:40.951,1,1,0,0,0
12:07:40.951,1,0,0,0,0
12:07:41.589,1,0,0,0,0
12:07:41.589,1,1,0,0,0
12:07:41.681,1,1,0,0,0
12:07:41.681,0,1,0,0,0
12:07:42.208,0,1,0,0,0
12:07:42.208,0,0,0,0,0
12:07:42.812,0,0,0,0,0
12:07:42.812,0,1,0,0,0
12:07:43.417,0,1,0,0,0
12:07:43.417,0,0,0,0,0
12:07:43.498,0,0,0,0,0
12:07:43.498,1,0,0,0,0
12:07:44.102,1,0,0,0,0
12:07:44.102,1,1,0,0,0
12:07:44.707,1,1,0,0,0
12:07:44.707,1,0,0,0,0
12:07:44.784,1,1,0,0,0
12:07:44.784,1,0,0,0,0
12:07:44.834,1,1,0,0,0
12:07:44.834,1,0,0,0,0
12:07:45.308,1,0,0,0,0
12:07:45.308,0,0,0,0,0
12:07:47.110,0,0,0,0,0
12:07:47.110,1,0,0,0,0
12:07:48.955,1,0,0,0,0
12:07:48.955,0,0,0,0,0
12:07:50.763,0,0,0,0,0
12:07:50.763,1,0,0,0,0
12:07:52.614,1,0,0,0,0
12:07:52.614,0,0,0,0,0
12:07:54.416,0,0,0,0,0
12:07:54.416,1,0,0,0,0
12:07:54.785,1,0,0,0,0
12:07:54.785,1,1,0,0,0
12:07:54.820,1,1,0,0,0
12:07:54.820,1,0,0,0,0
12:07:55.425,1,0,0,0,0
12:07:55.425,1,1,0,0,0
12:07:56.026,1,1,0,0,0
12:07:56.026,1,0,0,0,0
12:07:56.218,1,0,0,0,0
12:07:56.218,0,0,0,0,0
12:07:56.630,0,0,0,0,0
12:07:56.630,0,1,0,0,0
12:07:57.241,0,1,0,0,0
12:07:57.241,0,0,0,0,0
12:07:57.847,0,0,0,0,0
12:07:57.847,0,1,0,0,0
12:07:58.049,0,1,0,0,0
12:07:58.049,1,1,0,0,0
12:07:58.464,1,1,0,0,0
12:07:58.464,1,0,0,0,0
12:07:59.065,1,0,0,0,0
12:07:59.065,1,1,0,0,0
12:07:59.762,1,1,0,0,0
12:07:59.762,1,0,0,0,0
12:07:59.929,1,0,0,0,0
12:07:59.929,0,0,0,0,0
12:08:00.375,0,0,0,0,0
12:08:00.375,0,1,0,0,0
12:08:00.978,0,1,0,0,0
12:08:00.978,0,0,0,0,0
12:08:01.592,0,0,0,0,0
12:08:01.592,0,1,0,0,0
12:08:01.750,0,1,0,0,0
12:08:01.750,1,1,0,0,0
12:08:02.235,1,1,0,0,0
12:08:02.235,1,0,0,0,0
12:08:02.838,1,0,0,0,0
12:08:02.838,1,1,0,0,0
12:08:03.440,1,1,0,0,0
12:08:03.440,1,0,0,0,0
12:08:03.667,1,0,0,0,0
12:08:03.667,0,0,0,0,0
12:08:04.041,0,0,0,0,0
12:08:04.041,0,1,0,0,0
12:08:04.653,0,1,0,0,0
12:08:04.653,0,0,0,0,0
12:08:04.836,0,1,0,0,0
12:08:04.836,0,0,0,0,0
12:08:04.939,0,1,0,0,0
12:08:04.939,0,0,0,0,0
12:08:05.474,0,0,0,0,0
12:08:05.474,1,0,0,0,0
12:08:07.275,1,0,0,0,0
12:08:07.275,0,0,0,0,0
12:08:09.149,0,0,0,0,0
12:08:09.149,1,0,0,0,0
12:08:10.957,1,0,0,0,0
12:08:10.957,0,0,0,0,0
12:08:12.798,0,0,0,0,0
12:08:12.798,1,0,0,0,0
12:08:14.608,1,0,0,0,0
12:08:14.608,0,0,0,0,0
12:08:14.971,0,0,0,0,0
12:08:14.971,0,1,0,0,0
12:08:15.321,0,1,0,0,0
12:08:15.321,0,0,0,0,0
12:08:15.922,0,0,0,0,0
12:08:15.922,0,1,0,0,0
12:08:16.414,0,1,0,0,0
12:08:16.414,1,1,0,0,0
12:08:16.620,1,1,0,0,0
12:08:16.620,1,0,0,0,0
12:08:17.234,1,0,0,0,0
12:08:17.234,1,1,0,0,0
12:08:17.840,1,1,0,0,0
12:08:17.840,1,0,0,0,0
12:08:18.221,1,0,0,0,0
12:08:18.221,0,0,0,0,0
12:08:18.451,0,0,0,0,0
12:08:18.451,0,1,0,0,0
12:08:19.062,0,1,0,0,0
12:08:19.062,0,0,0,0,0
12:08:19.669,0,0,0,0,0
12:08:19.669,0,1,0,0,0
12:08:20.033,0,1,0,0,0
12:08:20.033,1,1,0,0,0
12:08:20.305,1,1,0,0,0
12:08:20.305,1,0,0,0,0
12:08:20.910,1,0,0,0,0
12:08:20.910,1,1,0,0,0
12:08:21.514,1,1,0,0,0
12:08:21.514,1,0,0,0,0
12:08:21.936,1,0,0,0,0
12:08:21.936,0,0,0,0,0
12:08:22.121,0,0,0,0,0
12:08:22.121,0,1,0,0,0
12:08:22.768,0,1,0,0,0
12:08:22.768,0,0,0,0,0
12:08:23.387,0,0,0,0,0
12:08:23.387,0,1,0,0,0
12:08:23.741,0,1,0,0,0
12:08:23.741,1,1,0,0,0
12:08:23.989,1,1,0,0,0
12:08:23.989,1,0,0,0,0
12:08:24.591,1,0,0,0,0
12:08:24.591,1,1,0,0,0
12:08:25.005,1,1,0,0,0
12:08:25.005,1,0,0,0,0
12:08:25.377,1,1,0,0,0
12:08:25.377,1,0,0,0,0
12:08:25.550,1,0,0,0,0
12:08:25.550,0,0,0,0,0
12:08:27.432,0,0,0,0,0
12:08:27.432,1,0,0,0,0
12:08:29.245,1,0,0,0,0
12:08:29.245,0,0,0,0,0
12:08:31.128,0,0,0,0,0
12:08:31.128,1,0,0,0,0
12:08:32.939,1,0,0,0,0
12:08:32.939,0,0,0,0,0
12:08:34.833,0,0,0,0,0
12:08:34.833,1,0,0,0,0
12:08:35.101,1,0,0,0,0
12:08:35.101,1,1,0,0,0
12:08:35.141,1,1,0,0,0
12:08:35.141,1,0,0,0,0
12:08:35.748,1,0,0,0,0
12:08:35.748,1,1,0,0,0
12:08:36.347,1,1,0,0,0
12:08:36.347,1,0,0,0,0
12:08:36.636,1,0,0,0,0
12:08:36.636,0,0,0,0,0
12:08:36.968,0,0,0,0,0
12:08:36.968,0,1,0,0,0
12:08:37.578,0,1,0,0,0
12:08:37.578,0,0,0,0,0
12:08:38.181,0,0,0,0,0
12:08:38.181,0,1,0,0,0
12:08:38.451,0,1,0,0,0
12:08:38.451,1,1,0,0,0
12:08:38.856,1,1,0,0,0
12:08:38.856,1,0,0,0,0
12:08:39.459,1,0,0,0,0
12:08:39.459,1,1,0,0,0
12:08:40.115,1,1,0,0,0
12:08:40.115,1,0,0,0,0
12:08:40.257,1,0,0,0,0
12:08:40.257,0,0,0,0,0
12:08:40.720,0,0,0,0,0
12:08:40.720,0,1,0,0,0
12:08:41.358,0,1,0,0,0
12:08:41.358,0,0,0,0,0
12:08:41.970,0,0,0,0,0
12:08:41.970,0,1,0,0,0
12:08:42.128,0,1,0,0,0
12:08:42.128,1,1,0,0,0
12:08:42.587,1,1,0,0,0
12:08:42.587,1,0,0,0,0
12:08:43.202,1,0,0,0,0
12:08:43.202,1,1,0,0,0
12:08:43.809,1,1,0,0,0
12:08:43.809,1,0,0,0,0
12:08:44.050,1,0,0,0,0
12:08:44.050,0,0,0,0,0
12:08:44.450,0,0,0,0,0
12:08:44.450,0,1,0,0,0
12:08:45.068,0,1,0,0,0
12:08:45.068,0,0,0,0,0
12:08:45.148,0,1,0,0,0
12:08:45.148,0,0,0,0,0
12:08:45.338,0,1,0,0,0
12:08:45.338,0,0,0,0,0
12:08:45.865,0,0,0,0,0
12:08:45.865,1,0,0,0,0
12:08:47.702,1,0,0,0,0
12:08:47.702,0,0,0,0,0
12:08:49.507,0,0,0,0,0
12:08:49.507,1,0,0,0,0
12:08:51.320,1,0,0,0,0
12:08:51.320,0,0,0,0,0
12:08:53.204,0,0,0,0,0
12:08:53.204,1,0,0,0,0
12:08:55.017,1,0,0,0,0
12:08:55.017,0,0,0,0,0
12:08:55.269,0,0,0,0,0
12:08:55.269,0,1,0,0,0
12:08:55.686,0,1,0,0,0
12:08:55.686,0,0,0,0,0
12:08:56.304,0,0,0,0,0
12:08:56.304,0,1,0,0,0
12:08:56.817,0,1,0,0,0
12:08:56.817,1,1,0,0,0
12:08:57.022,1,1,0,0,0
12:08:57.022,1,0,0,0,0
12:08:57.625,1,0,0,0,0
12:08:57.625,1,1,0,0,0
12:08:58.242,1,1,0,0,0
12:08:58.242,1,0,0,0,0
12:08:58.628,1,0,0,0,0
12:08:58.628,0,0,0,0,0
12:08:58.867,0,0,0,0,0
12:08:58.867,0,1,0,0,0
12:08:59.484,0,1,0,0,0
12:08:59.484,0,0,0,0,0
12:09:00.090,0,0,0,0,0
12:09:00.090,0,1,0,0,0
12:09:00.438,0,1,0,0,0
12:09:00.438,1,1,0,0,0
12:09:00.838,1,1,0,0,0
12:09:00.838,1,0,0,0,0
12:09:01.443,1,0,0,0,0
12:09:01.443,1,1,0,0,0
12:09:02.051,1,1,0,0,0
12:09:02.051,1,0,0,0,0
12:09:02.242,1,0,0,0,0
12:09:02.242,0,0,0,0,0
12:09:02.652,0,0,0,0,0
12:09:02.652,0,1,0,0,0
12:09:03.257,0,1,0,0,0
12:09:03.257,0,0,0,0,0
12:09:03.875,0,0,0,0,0
12:09:03.875,0,1,0,0,0
12:09:04.113,0,1,0,0,0
12:09:04.113,1,1,0,0,0
12:09:04.532,1,1,0,0,0
12:09:04.532,1,0,0,0,0
12:09:05.145,1,0,0,0,0
12:09:05.145,1,1,0,0,0
12:09:05.366,1,1,0,0,0
12:09:05.366,1,0,0,0,0
12:09:05.584,1,1,0,0,0
12:09:05.584,1,0,0,0,0
12:09:05.932,1,0,0,0,0
12:09:05.932,0,0,0,0,0
12:09:07.746,0,0,0,0,0
12:09:07.746,1,0,0,0,0
12:09:09.637,1,0,0,0,0
12:09:09.637,0,0,0,0,0
12:09:11.440,0,0,0,0,0
12:09:11.440,1,0,0,0,0
12:09:13.353,1,0,0,0,0
12:09:13.353,0,0,0,0,0
12:09:15.164,0,0,0,0,0
12:09:15.164,1,0,0,0,0
12:09:15.385,1,0,0,0,0
12:09:15.385,1,1,0,0,0
12:09:15.598,1,1,0,0,0
12:09:15.598,1,0,0,0,0
12:09:16.297,1,0,0,0,0
12:09:16.297,1,1,0,0,0
12:09:16.914,1,1,0,0,0
12:09:16.914,1,0,0,0,0
12:09:16.993,1,0,0,0,0
12:09:16.993,0,0,0,0,0
12:09:17.557,0,0,0,0,0
12:09:17.557,0,1,0,0,0
12:09:18.176,0,1,0,0,0
12:09:18.176,0,0,0,0,0
12:09:18.783,0,0,0,0,0
12:09:18.783,0,1,0,0,0
12:09:18.830,0,1,0,0,0
12:09:18.830,1,1,0,0,0
12:09:19.385,1,1,0,0,0
12:09:19.385,1,0,0,0,0
12:09:20.036,1,0,0,0,0
12:09:20.036,1,1,0,0,0
12:09:20.644,1,1,0,0,0
12:09:20.644,0,1,0,0,0
12:09:20.644,0,1,0,0,0
12:09:20.644,0,0,0,0,0
12:09:21.319,0,0,0,0,0
12:09:21.319,0,1,0,0,0
12:09:21.921,0,1,0,0,0
12:09:21.921,0,0,0,0,0
12:09:22.589,0,0,0,0,0
12:09:22.589,1,0,0,0,0
12:09:22.589,1,0,0,0,0
12:09:22.589,1,1,0,0,0
12:09:23.208,1,1,0,0,0
12:09:23.208,1,0,0,0,0
12:09:23.848,1,0,0,0,0
12:09:23.848,1,1,0,0,0
12:09:24.401,1,1,0,0,0
12:09:24.401,0,1,0,0,0
12:09:24.603,0,1,0,0,0
12:09:24.603,0,0,0,0,0
12:09:25.213,0,0,0,0,0
12:09:25.213,0,1,0,0,0
12:09:25.406,0,1,0,0,0
12:09:25.406,0,0,0,0,0
12:09:25.483,0,1,0,0,0
12:09:25.483,0,0,0,0,0
12:09:26.205,0,0,0,0,0
12:09:26.205,1,0,0,0,0
12:09:28.096,1,0,0,0,0
12:09:28.096,0,0,0,0,0
12:09:29.909,0,0,0,0,0
12:09:29.909,1,0,0,0,0
12:09:31.792,1,0,0,0,0
12:09:31.792,0,0,0,0,0
12:09:33.607,0,0,0,0,0
12:09:33.607,1,0,0,0,0
12:09:35.482,1,0,0,0,0
12:09:35.482,0,0,0,0,0
12:09:35.523,0,0,0,0,0
12:09:35.523,0,1,0,0,0
12:09:35.716,0,1,0,0,0
12:09:35.716,0,0,0,0,0
12:09:36.328,0,0,0,0,0
12:09:36.328,0,1,0,0,0
12:09:36.953,0,1,0,0,0
12:09:36.953,0,0,0,0,0
12:09:37.283,0,0,0,0,0
12:09:37.283,1,0,0,0,0
12:09:37.559,1,0,0,0,0
12:09:37.559,1,1,0,0,0
12:09:38.162,1,1,0,0,0
12:09:38.162,1,0,0,0,0
12:09:38.825,1,0,0,0,0
12:09:38.825,1,1,0,0,0
12:09:39.216,1,1,0,0,0
12:09:39.216,0,1,0,0,0
12:09:39.447,0,1,0,0,0
12:09:39.447,0,0,0,0,0
12:09:40.063,0,0,0,0,0
12:09:40.063,0,1,0,0,0
12:09:40.673,0,1,0,0,0
12:09:40.673,0,0,0,0,0
12:09:41.022,0,0,0,0,0
12:09:41.022,1,0,0,0,0
12:09:41.275,1,0,0,0,0
12:09:41.275,1,1,0,0,0
12:09:41.890,1,1,0,0,0
12:09:41.890,1,0,0,0,0
12:09:42.493,1,0,0,0,0
12:09:42.493,1,1,0,0,0
12:09:42.905,1,1,0,0,0
12:09:42.905,0,1,0,0,0
12:09:43.111,0,1,0,0,0
12:09:43.111,0,0,0,0,0
12:09:43.761,0,0,0,0,0
12:09:43.761,0,1,0,0,0
12:09:44.379,0,1,0,0,0
12:09:44.379,0,0,0,0,0
12:09:44.726,0,0,0,0,0
12:09:44.726,1,0,0,0,0
12:09:44.980,1,0,0,0,0
12:09:44.980,1,1,0,0,0
12:09:45.527,1,1,0,0,0
12:09:45.527,1,0,0,0,0
12:09:45.729,1,1,0,0,0
12:09:45.729,1,0,0,0,0
12:09:46.543,1,0,0,0,0
12:09:46.543,0,0,0,0,0
12:09:48.398,0,0,0,0,0
12:09:48.398,1,0,0,0,0
12:09:50.214,1,0,0,0,0
12:09:50.214,0,0,0,0,0
12:09:52.093,0,0,0,0,0
12:09:52.093,1,0,0,0,0
12:09:53.908,1,0,0,0,0
12:09:53.908,0,0,0,0,0
12:09:55.538,0,0,0,0,0
12:09:55.538,0,1,0,0,0
12:09:55.625,0,1,0,0,0
12:09:55.625,0,0,0,0,0
12:09:55.705,0,0,0,0,0
12:09:55.705,1,0,0,0,0
12:09:56.243,1,0,0,0,0
12:09:56.243,1,1,0,0,0
12:09:56.871,1,1,0,0,0
12:09:56.871,1,0,0,0,0
12:09:57.490,1,0,0,0,0
12:09:57.490,1,1,0,0,0
12:09:57.543,1,1,0,0,0
12:09:57.543,0,1,0,0,0
12:09:58.096,0,1,0,0,0
12:09:58.096,0,0,0,0,0
12:09:58.704,0,0,0,0,0
12:09:58.704,0,1,0,0,0
12:09:59.320,0,1,0,0,0
12:09:59.320,0,0,0,0,0
12:09:59.365,0,0,0,0,0
12:09:59.365,1,0,0,0,0
12:09:59.923,1,0,0,0,0
12:09:59.923,1,1,0,0,0
12:10:00.576,1,1,0,0,0
12:10:00.576,1,0,0,0,0
12:10:01.171,1,0,0,0,0
12:10:01.171,0,0,0,0,0
12:10:01.203,0,0,0,0,0
12:10:01.203,0,1,0,0,0
12:10:01.821,0,1,0,0,0
12:10:01.821,0,0,0,0,0
12:10:02.430,0,0,0,0,0
12:10:02.430,0,1,0,0,0
12:10:03.085,0,1,0,0,0
12:10:03.085,1,1,0,0,0
12:10:03.085,1,1,0,0,0
12:10:03.085,1,0,0,0,0
12:10:03.693,1,0,0,0,0
12:10:03.693,1,1,0,0,0
12:10:04.331,1,1,0,0,0
12:10:04.331,1,0,0,0,0
12:10:04.893,1,0,0,0,0
12:10:04.893,0,0,0,0,0
12:10:04.940,0,0,0,0,0
12:10:04.940,0,1,0,0,0
12:10:05.589,0,1,0,0,0
12:10:05.589,0,0,0,0,0
12:10:05.667,0,1,0,0,0
12:10:05.667,0,0,0,0,0
12:10:05.875,0,1,0,0,0
12:10:05.875,0,0,0,0,0
12:10:06.721,0,0,0,0,0
12:10:06.721,1,0,0,0,0
12:10:08.548,1,0,0,0,0
12:10:08.548,0,0,0,0,0
12:10:10.359,0,0,0,0,0
12:10:10.359,1,0,0,0,0
12:10:12.250,1,0,0,0,0
12:10:12.250,0,0,0,0,0
12:10:14.052,0,0,0,0,0
12:10:14.052,1,0,0,0,0
12:10:15.719,1,0,0,0,0
12:10:15.719,1,1,0,0,0
12:10:15.972,1,1,0,0,0
12:10:15.972,0,1,0,0,0
12:10:15.972,0,1,0,0,0
12:10:15.972,0,0,0,0,0
12:10:16.582,0,0,0,0,0
12:10:16.582,0,1,0,0,0
12:10:17.185,0,1,0,0,0
12:10:17.185,0,0,0,0,0
12:10:17.793,0,0,0,0,0
12:10:17.793,1,0,0,0,0
12:10:17.793,1,0,0,0,0
12:10:17.793,1,1,0,0,0
12:10:18.404,1,1,0,0,0
12:10:18.404,1,0,0,0,0
12:10:19.031,1,0,0,0,0
12:10:19.031,1,1,0,0,0
12:10:19.597,1,1,0,0,0
12:10:19.597,0,1,0,0,0
12:10:19.632,0,1,0,0,0
12:10:19.632,0,0,0,0,0
12:10:20.312,0,0,0,0,0
12:10:20.312,0,1,0,0,0
12:10:20.922,0,1,0,0,0
12:10:20.922,0,0,0,0,0
12:10:21.539,0,0,0,0,0
12:10:21.539,1,0,0,0,0
12:10:21.539,1,0,0,0,0
12:10:21.539,1,1,0,0,0
12:10:22.145,1,1,0,0,0
12:10:22.145,1,0,0,0,0
12:10:22.794,1,0,0,0,0
12:10:22.794,1,1,0,0,0
12:10:23.339,1,1,0,0,0
12:10:23.339,0,1,0,0,0
12:10:23.532,0,1,0,0,0
12:10:23.532,0,0,0,0,0
12:10:24.143,0,0,0,0,0
12:10:24.143,0,1,0,0,0
12:10:24.750,0,1,0,0,0
12:10:24.750,0,0,0,0,0
12:10:25.149,0,0,0,0,0
12:10:25.149,1,0,0,0,0
12:10:25.346,1,0,0,0,0
12:10:25.346,1,1,0,0,0
12:10:25.803,1,1,0,0,0
12:10:25.803,1,0,0,0,0
12:10:25.994,1,1,0,0,0
12:10:25.994,1,0,0,0,0
12:10:27.012,1,0,0,0,0
12:10:27.012,0,0,0,0,0
12:10:28.829,0,0,0,0,0
12:10:28.829,1,0,0,0,0
12:10:30.639,1,0,0,0,0
12:10:30.639,0,0,0,0,0
12:10:32.506,0,0,0,0,0
12:10:32.506,1,0,0,0,0
12:10:34.306,1,0,0,0,0
12:10:34.306,0,0,0,0,0
12:10:35.809,0,0,0,0,0
12:10:35.809,0,1,0,0,0
12:10:36.199,0,1,0,0,0
12:10:36.199,1,1,0,0,0
12:10:36.199,1,1,0,0,0
12:10:36.199,1,0,0,0,0
12:10:36.824,1,0,0,0,0
12:10:36.824,1,1,0,0,0
12:10:37.428,1,1,0,0,0
12:10:37.428,1,0,0,0,0
12:10:38.029,1,0,0,0,0
12:10:38.029,0,0,0,0,0
12:10:38.029,0,0,0,0,0
12:10:38.029,0,1,0,0,0
12:10:38.643,0,1,0,0,0
12:10:38.643,0,0,0,0,0
12:10:39.316,0,0,0,0,0
12:10:39.316,0,1,0,0,0
12:10:39.847,0,1,0,0,0
12:10:39.847,1,1,0,0,0
12:10:40.049,1,1,0,0,0
12:10:40.049,1,0,0,0,0
12:10:40.671,1,0,0,0,0
12:10:40.671,1,1,0,0,0
12:10:41.289,1,1,0,0,0
12:10:41.289,1,0,0,0,0
12:10:41.655,1,0,0,0,0
12:10:41.655,0,0,0,0,0
12:10:41.907,0,0,0,0,0
12:10:41.907,0,1,0,0,0
12:10:42.525,0,1,0,0,0
12:10:42.525,0,0,0,0,0
12:10:43.132,0,0,0,0,0
12:10:43.132,0,1,0,0,0
12:10:43.531,0,1,0,0,0
12:10:43.531,1,1,0,0,0
12:10:43.733,1,1,0,0,0
12:10:43.733,1,0,0,0,0
12:10:44.368,1,0,0,0,0
12:10:44.368,1,1,0,0,0
12:10:44.984,1,1,0,0,0
12:10:44.984,1,0,0,0,0
12:10:45.349,1,0,0,0,0
12:10:45.349,0,0,0,0,0
12:10:45.585,0,0,0,0,0
12:10:45.585,0,1,0,0,0
12:10:45.936,0,1,0,0,0
12:10:45.936,0,0,0,0,0
12:10:46.124,0,1,0,0,0
12:10:46.124,0,0,0,0,0
12:10:47.145,0,0,0,0,0
12:10:47.145,1,0,0,0,0
12:10:48.957,1,0,0,0,0
12:10:48.957,0,0,0,0,0
12:10:50.766,0,0,0,0,0
12:10:50.766,1,0,0,0,0
12:10:52.661,1,0,0,0,0
12:10:52.661,0,0,0,0,0
12:10:54.469,0,0,0,0,0
12:10:54.469,1,0,0,0,0
12:10:55.938,1,0,0,0,0
12:10:55.938,1,1,0,0,0
12:10:56.207,1,1,0,0,0
12:10:56.207,1,0,0,0,0
12:10:56.302,1,0,0,0,0
12:10:56.302,0,0,0,0,0
12:10:56.831,0,0,0,0,0
12:10:56.831,0,1,0,0,0
12:10:57.434,0,1,0,0,0
12:10:57.434,0,0,0,0,0
12:10:58.041,0,0,0,0,0
12:10:58.041,0,1,0,0,0
12:10:58.250,0,1,0,0,0
12:10:58.250,1,1,0,0,0
12:10:58.655,1,1,0,0,0
12:10:58.655,1,0,0,0,0
12:10:59.369,1,0,0,0,0
12:10:59.369,1,1,0,0,0
12:10:59.986,1,1,0,0,0
12:10:59.986,1,0,0,0,0
12:11:00.085,1,0,0,0,0
12:11:00.085,0,0,0,0,0
12:11:00.592,0,0,0,0,0
12:11:00.592,0,1,0,0,0
12:11:01.192,0,1,0,0,0
12:11:01.192,0,0,0,0,0
12:11:01.830,0,0,0,0,0
12:11:01.830,0,1,0,0,0
12:11:02.012,0,1,0,0,0
12:11:02.012,1,1,0,0,0
12:11:02.432,1,1,0,0,0
12:11:02.432,1,0,0,0,0
12:11:03.082,1,0,0,0,0
12:11:03.082,1,1,0,0,0
12:11:03.698,1,1,0,0,0
12:11:03.698,1,0,0,0,0
12:11:03.925,1,0,0,0,0
12:11:03.925,0,0,0,0,0
12:11:04.304,0,0,0,0,0
12:11:04.304,0,1,0,0,0
12:11:04.910,0,1,0,0,0
12:11:04.910,0,0,0,0,0
12:11:05.550,0,0,0,0,0
12:11:05.550,0,1,0,0,0
12:11:05.739,0,1,0,0,0
12:11:05.739,1,1,0,0,0
12:11:05.976,1,1,0,0,0
12:11:05.976,1,0,0,0,0
12:11:06.135,1,1,0,0,0
12:11:06.135,1,0,0,0,0
12:11:07.683,1,0,0,0,0
12:11:07.683,0,0,0,0,0
12:11:09.497,0,0,0,0,0
12:11:09.497,1,0,0,0,0
12:11:11.371,1,0,0,0,0
12:11:11.371,0,0,0,0,0
12:11:13.179,0,0,0,0,0
12:11:13.179,1,0,0,0,0
12:11:15.042,1,0,0,0,0
12:11:15.042,0,0,0,0,0
12:11:16.260,0,0,0,0,0
12:11:16.260,0,1,0,0,0
12:11:16.473,0,1,0,0,0
12:11:16.473,0,0,0,0,0
12:11:16.858,0,0,0,0,0
12:11:16.858,1,0,0,0,0
12:11:17.113,1,0,0,0,0
12:11:17.113,1,1,0,0,0
12:11:17.727,1,1,0,0,0
12:11:17.727,1,0,0,0,0
12:11:18.359,1,0,0,0,0
12:11:18.359,1,1,0,0,0
12:11:18.663,1,1,0,0,0
12:11:18.663,0,1,0,0,0
12:11:19.027,0,1,0,0,0
12:11:19.027,0,0,0,0,0
12:11:19.628,0,0,0,0,0
12:11:19.628,0,1,0,0,0
12:11:20.266,0,1,0,0,0
12:11:20.266,0,0,0,0,0
12:11:20.472,0,0,0,0,0
12:11:20.472,1,0,0,0,0
12:11:20.877,1,0,0,0,0
12:11:20.877,1,1,0,0,0
12:11:21.543,1,1,0,0,0
12:11:21.543,1,0,0,0,0
12:11:22.158,1,0,0,0,0
12:11:22.158,1,1,0,0,0
12:11:22.382,1,1,0,0,0
12:11:22.382,0,1,0,0,0
12:11:22.768,0,1,0,0,0
12:11:22.768,0,0,0,0,0
12:11:23.381,0,0,0,0,0
12:11:23.381,0,1,0,0,0
12:11:24.036,0,1,0,0,0
12:11:24.036,0,0,0,0,0
12:11:24.236,0,0,0,0,0
12:11:24.236,1,0,0,0,0
12:11:24.650,1,0,0,0,0
12:11:24.650,1,1,0,0,0
12:11:25.303,1,1,0,0,0
12:11:25.303,1,0,0,0,0
12:11:25.925,1,0,0,0,0
12:11:25.925,1,1,0,0,0
12:11:26.184,1,1,0,0,0
12:11:26.184,0,1,0,0,0
12:11:26.237,0,1,0,0,0
12:11:26.237,0,0,0,0,0
12:11:26.453,0,1,0,0,0
12:11:26.453,0,0,0,0,0
12:11:28.004,0,0,0,0,0
12:11:28.004,1,0,0,0,0
12:11:29.805,1,0,0,0,0
12:11:29.805,0,0,0,0,0
12:11:31.684,0,0,0,0,0
12:11:31.684,1,0,0,0,0
12:11:33.496,1,0,0,0,0
12:11:33.496,0,0,0,0,0
12:11:35.343,0,0,0,0,0
12:11:35.343,1,0,0,0,0
12:11:36.201,1,0,0,0,0
12:11:36.201,1,1,0,0,0
12:11:36.358,1,1,0,0,0
12:11:36.358,1,0,0,0,0
12:11:37.058,1,0,0,0,0
12:11:37.058,1,1,0,0,0
12:11:37.280,1,1,0,0,0
12:11:37.280,0,1,0,0,0
12:11:37.668,0,1,0,0,0
12:11:37.668,0,0,0,0,0
12:11:38.334,0,0,0,0,0
12:11:38.334,0,1,0,0,0
12:11:38.940,0,1,0,0,0
12:11:38.940,0,0,0,0,0
12:11:39.147,0,0,0,0,0
12:11:39.147,1,0,0,0,0
12:11:39.541,1,0,0,0,0
12:11:39.541,1,1,0,0,0
12:11:40.148,1,1,0,0,0
12:11:40.148,1,0,0,0,0
12:11:40.805,1,0,0,0,0
12:11:40.805,1,1,0,0,0
12:11:41.008,1,1,0,0,0
12:11:41.008,0,1,0,0,0
12:11:41.416,0,1,0,0,0
12:11:41.416,0,0,0,0,0
12:11:42.027,0,0,0,0,0
12:11:42.027,0,1,0,0,0
12:11:42.631,0,1,0,0,0
12:11:42.631,0,0,0,0,0
12:11:42.875,0,0,0,0,0
12:11:42.875,1,0,0,0,0
12:11:43.289,1,0,0,0,0
12:11:43.289,1,1,0,0,0
12:11:43.902,1,1,0,0,0
12:11:43.902,1,0,0,0,0
12:11:44.515,1,0,0,0,0
12:11:44.515,1,1,0,0,0
12:11:44.720,1,1,0,0,0
12:11:44.720,0,1,0,0,0
12:11:45.117,0,1,0,0,0
12:11:45.117,0,0,0,0,0
12:11:45.748,0,0,0,0,0
12:11:45.748,0,1,0,0,0
12:11:46.238,0,1,0,0,0
12:11:46.238,0,0,0,0,0
12:11:46.408,0,1,0,0,0
12:11:46.408,0,0,0,0,0
12:11:46.565,0,0,0,0,0
12:11:46.565,1,0,0,0,0
12:11:48.375,1,0,0,0,0
12:11:48.375,0,0,0,0,0
12:11:50.180,0,0,0,0,0
12:11:50.180,1,0,0,0,0
12:11:52.051,1,0,0,0,0
12:11:52.051,0,0,0,0,0
12:11:53.861,0,0,0,0,0
12:11:53.861,1,0,0,0,0
12:11:55.779,1,0,0,0,0
12:11:55.779,0,0,0,0,0
12:11:56.297,0,0,0,0,0
12:11:56.297,0,1,0,0,0
12:11:56.535,0,1,0,0,0
12:11:56.535,0,0,0,0,0
12:11:57.138,0,0,0,0,0
12:11:57.138,0,1,0,0,0
12:11:57.589,0,1,0,0,0
12:11:57.589,1,1,0,0,0
12:11:57.787,1,1,0,0,0
12:11:57.787,1,0,0,0,0
12:11:58.419,1,0,0,0,0
12:11:58.419,1,1,0,0,0
12:11:59.022,1,1,0,0,0
12:11:59.022,1,0,0,0,0
12:11:59.404,1,0,0,0,0
12:11:59.404,0,0,0,0,0
12:11:59.647,0,0,0,0,0
12:11:59.647,0,1,0,0,0
12:12:00.250,0,1,0,0,0
12:12:00.250,0,0,0,0,0
12:12:00.909,0,0,0,0,0
12:12:00.909,0,1,0,0,0
12:12:01.321,0,1,0,0,0
12:12:01.321,1,1,0,0,0
12:12:01.517,1,1,0,0,0
12:12:01.517,1,0,0,0,0
12:12:02.167,1,0,0,0,0
12:12:02.167,1,1,0,0,0
12:12:02.778,1,1,0,0,0
12:12:02.778,1,0,0,0,0
12:12:03.126,1,0,0,0,0
12:12:03.126,0,0,0,0,0
12:12:03.410,0,0,0,0,0
12:12:03.410,0,1,0,0,0
12:12:04.021,0,1,0,0,0
12:12:04.021,0,0,0,0,0
12:12:04.739,0,0,0,0,0
12:12:04.739,0,1,0,0,0
12:12:04.920,0,1,0,0,0
12:12:04.920,1,1,0,0,0
12:12:05.350,1,1,0,0,0
12:12:05.350,1,0,0,0,0
12:12:05.995,1,0,0,0,0
12:12:05.995,1,1,0,0,0
12:12:06.394,1,1,0,0,0
12:12:06.394,1,0,0,0,0
12:12:06.557,1,1,0,0,0
12:12:06.557,1,0,0,0,0
12:12:06.740,1,0,0,0,0
12:12:06.740,0,0,0,0,0
12:12:08.562,0,0,0,0,0
12:12:08.562,1,0,0,0,0
12:12:10.369,1,0,0,0,0
12:12:10.369,0,0,0,0,0
12:12:12.268,0,0,0,0,0
12:12:12.268,1,0,0,0,0
12:12:14.083,1,0,0,0,0
12:12:14.083,0,0,0,0,0
12:12:15.925,0,0,0,0,0
12:12:15.925,1,0,0,0,0
12:12:16.480,1,0,0,0,0
12:12:16.480,1,1,0,0,0
12:12:16.536,1,1,0,0,0
12:12:16.536,1,0,0,0,0
12:12:17.201,1,0,0,0,0
12:12:17.201,1,1,0,0,0
12:12:17.730,1,1,0,0,0
12:12:17.730,0,1,0,0,0
12:12:17.911,0,1,0,0,0
12:12:17.911,0,0,0,0,0
12:12:18.514,0,0,0,0,0
12:12:18.514,0,1,0,0,0
12:12:19.128,0,1,0,0,0
12:12:19.128,0,0,0,0,0
12:12:19.542,0,0,0,0,0
12:12:19.542,1,0,0,0,0
12:12:19.784,1,0,0,0,0
12:12:19.784,1,1,0,0,0
12:12:20.391,1,1,0,0,0
12:12:20.391,1,0,0,0,0
12:12:21.048,1,0,0,0,0
12:12:21.048,1,1,0,0,0
12:12:21.431,1,1,0,0,0
12:12:21.431,0,1,0,0,0
12:12:21.667,0,1,0,0,0
12:12:21.667,0,0,0,0,0
12:12:22.268,0,0,0,0,0
12:12:22.268,0,1,0,0,0
12:12:22.875,0,1,0,0,0
12:12:22.875,0,0,0,0,0
12:12:23.239,0,0,0,0,0
12:12:23.239,1,0,0,0,0
12:12:23.621,1,0,0,0,0
12:12:23.621,1,1,0,0,0
12:12:24.229,1,1,0,0,0
12:12:24.229,1,0,0,0,0
12:12:24.885,1,0,0,0,0
12:12:24.885,1,1,0,0,0
12:12:25.060,1,1,0,0,0
12:12:25.060,0,1,0,0,0
12:12:25.488,0,1,0,0,0
12:12:25.488,0,0,0,0,0
12:12:26.146,0,0,0,0,0
12:12:26.146,0,1,0,0,0
12:12:26.557,0,1,0,0,0
12:12:26.557,0,0,0,0,0
12:12:26.788,0,1,0,0,0
12:12:26.788,0,0,0,0,0
12:12:26.979,0,0,0,0,0
12:12:26.979,1,0,0,0,0
12:12:28.782,1,0,0,0,0
12:12:28.782,0,0,0,0,0
12:12:30.660,0,0,0,0,0
12:12:30.660,1,0,0,0,0
12:12:32.469,1,0,0,0,0
12:12:32.469,0,0,0,0,0
12:12:34.346,0,0,0,0,0
12:12:34.346,1,0,0,0,0
12:12:36.154,1,0,0,0,0
12:12:36.154,0,0,0,0,0
12:12:36.566,0,0,0,0,0
12:12:36.566,0,1,0,0,0
12:12:36.996,0,1,0,0,0
12:12:36.996,0,0,0,0,0
12:12:37.602,0,0,0,0,0
12:12:37.602,0,1,0,0,0
12:12:37.989,0,1,0,0,0
12:12:37.989,1,1,0,0,0
12:12:38.203,1,1,0,0,0
12:12:38.203,1,0,0,0,0
12:12:38.803,1,0,0,0,0
12:12:38.803,1,1,0,0,0
12:12:39.412,1,1,0,0,0
12:12:39.412,1,0,0,0,0
12:12:39.795,1,0,0,0,0
12:12:39.795,0,0,0,0,0
12:12:40.037,0,0,0,0,0
12:12:40.037,0,1,0,0,0
12:12:40.643,0,1,0,0,0
12:12:40.643,0,0,0,0,0
12:12:41.277,0,0,0,0,0
12:12:41.277,0,1,0,0,0
12:12:41.606,0,1,0,0,0
12:12:41.606,1,1,0,0,0
12:12:41.891,1,1,0,0,0
12:12:41.891,1,0,0,0,0
12:12:42.492,1,0,0,0,0
12:12:42.492,1,1,0,0,0
12:12:43.090,1,1,0,0,0
12:12:43.090,1,0,0,0,0
12:12:43.516,1,0,0,0,0
12:12:43.516,0,0,0,0,0
12:12:43.703,0,0,0,0,0
12:12:43.703,0,1,0,0,0
12:12:44.323,0,1,0,0,0
12:12:44.323,0,0,0,0,0
12:12:44.929,0,0,0,0,0
12:12:44.929,0,1,0,0,0
12:12:45.330,0,1,0,0,0
12:12:45.330,1,1,0,0,0
12:12:45.538,1,1,0,0,0
12:12:45.538,1,0,0,0,0
12:12:46.144,1,0,0,0,0
12:12:46.144,1,1,0,0,0
12:12:46.617,1,1,0,0,0
12:12:46.617,1,0,0,0,0
12:12:46.956,1,1,0,0,0
12:12:46.956,1,0,0,0,0
12:12:47.167,1,0,0,0,0
12:12:47.167,0,0,0,0,0
12:12:49.066,0,0,0,0,0
12:12:49.066,1,0,0,0,0
12:12:50.874,1,0,0,0,0
12:12:50.874,0,0,0,0,0
12:12:52.772,0,0,0,0,0
12:12:52.772,1,0,0,0,0
12:12:54.587,1,0,0,0,0
12:12:54.587,0,0,0,0,0
12:12:56.450,0,0,0,0,0
12:12:56.450,1,0,0,0,0
12:12:56.847,1,0,0,0,0
12:12:56.847,1,1,0,0,0
12:12:57.115,1,1,0,0,0
12:12:57.115,1,0,0,0,0
12:12:57.732,1,0,0,0,0
12:12:57.732,1,1,0,0,0
12:12:58.271,1,1,0,0,0
12:12:58.271,0,1,0,0,0
12:12:58.350,0,1,0,0,0
12:12:58.350,0,0,0,0,0
12:12:58.973,0,0,0,0,0
12:12:58.973,0,1,0,0,0
12:12:59.574,0,1,0,0,0
12:12:59.574,0,0,0,0,0
12:13:00.080,0,0,0,0,0
12:13:00.080,1,0,0,0,0
12:13:00.255,1,0,0,0,0
12:13:00.255,1,1,0,0,0
12:13:00.863,1,1,0,0,0
12:13:00.863,1,0,0,0,0
12:13:01.468,1,0,0,0,0
12:13:01.468,1,1,0,0,0
12:13:01.883,1,1,0,0,0
12:13:01.883,0,1,0,0,0
12:13:02.119,0,1,0,0,0
12:13:02.119,0,0,0,0,0
12:13:02.731,0,0,0,0,0
12:13:02.731,0,1,0,0,0
12:13:03.393,0,1,0,0,0
12:13:03.393,0,0,0,0,0
12:13:03.796,0,0,0,0,0
12:13:03.796,1,0,0,0,0
12:13:03.998,1,0,0,0,0
12:13:03.998,1,1,0,0,0
12:13:04.617,1,1,0,0,0
12:13:04.617,1,0,0,0,0
12:13:05.223,1,0,0,0,0
12:13:05.223,1,1,0,0,0
12:13:05.607,1,1,0,0,0
12:13:05.607,0,1,0,0,0
12:13:05.854,0,1,0,0,0
12:13:05.854,0,0,0,0,0
12:13:06.462,0,0,0,0,0
12:13:06.462,0,1,0,0,0
12:13:06.724,0,1,0,0,0
12:13:06.724,0,0,0,0,0
12:13:06.782,0,1,0,0,0
12:13:06.782,0,0,0,0,0
12:13:07.413,0,0,0,0,0
12:13:07.413,1,0,0,0,0
12:13:09.245,1,0,0,0,0
12:13:09.245,0,0,0,0,0
12:13:11.058,0,0,0,0,0
12:13:11.058,1,0,0,0,0
12:13:12.941,1,0,0,0,0
12:13:12.941,0,0,0,0,0
12:13:14.753,0,0,0,0,0
12:13:14.753,1,0,0,0,0
12:13:16.570,1,0,0,0,0
12:13:16.570,0,0,0,0,0
12:13:17.013,0,0,0,0,0
12:13:17.013,0,1,0,0,0
12:13:17.205,0,1,0,0,0
12:13:17.205,0,0,0,0,0
12:13:17.880,0,0,0,0,0
12:13:17.880,0,1,0,0,0
12:13:18.383,0,1,0,0,0
12:13:18.383,1,1,0,0,0
12:13:18.577,1,1,0,0,0
12:13:18.577,1,0,0,0,0
12:13:19.192,1,0,0,0,0
12:13:19.192,1,1,0,0,0
12:13:19.800,1,1,0,0,0
12:13:19.800,1,0,0,0,0
12:13:20.197,1,0,0,0,0
12:13:20.197,0,0,0,0,0
12:13:20.434,0,0,0,0,0
12:13:20.434,0,1,0,0,0
12:13:21.052,0,1,0,0,0
12:13:21.052,0,0,0,0,0
12:13:21.664,0,0,0,0,0
12:13:21.664,0,1,0,0,0
12:13:22.076,0,1,0,0,0
12:13:22.076,1,1,0,0,0
12:13:22.280,1,1,0,0,0
12:13:22.280,1,0,0,0,0
12:13:22.896,1,0,0,0,0
12:13:22.896,1,1,0,0,0
12:13:23.513,1,1,0,0,0
12:13:23.513,1,0,0,0,0
12:13:23.889,1,0,0,0,0
12:13:23.889,0,0,0,0,0
12:13:24.120,0,0,0,0,0
12:13:24.120,0,1,0,0,0
12:13:24.734,0,1,0,0,0
12:13:24.734,0,0,0,0,0
12:13:25.399,0,0,0,0,0
12:13:25.399,0,1,0,0,0
12:13:25.699,0,1,0,0,0
12:13:25.699,1,1,0,0,0
12:13:26.000,1,1,0,0,0
12:13:26.000,1,0,0,0,0
12:13:26.599,1,0,0,0,0
12:13:26.599,1,1,0,0,0
12:13:26.895,1,1,0,0,0
12:13:26.895,1,0,0,0,0
12:13:27.288,1,1,0,0,0
12:13:27.288,1,0,0,0,0
12:13:27.532,1,0,0,0,0
12:13:27.532,0,0,0,0,0
12:13:29.346,0,0,0,0,0
12:13:29.346,1,0,0,0,0
12:13:31.157,1,0,0,0,0
12:13:31.157,0,0,0,0,0
12:13:33.018,0,0,0,0,0
12:13:33.018,1,0,0,0,0
12:13:34.822,1,0,0,0,0
12:13:34.822,0,0,0,0,0
12:13:36.622,0,0,0,0,0
12:13:36.622,1,0,0,0,0
12:13:36.956,1,0,0,0,0
12:13:36.956,1,1,0,0,0
12:13:37.354,1,1,0,0,0
12:13:37.354,1,0,0,0,0
12:13:37.971,1,0,0,0,0
12:13:37.971,1,1,0,0,0
12:13:38.428,1,1,0,0,0
12:13:38.428,0,1,0,0,0
12:13:38.631,0,1,0,0,0
12:13:38.631,0,0,0,0,0
12:13:39.229,0,0,0,0,0
12:13:39.229,0,1,0,0,0
12:13:39.832,0,1,0,0,0
12:13:39.832,0,0,0,0,0
12:13:40.243,0,0,0,0,0
12:13:40.243,1,0,0,0,0
12:13:40.502,1,0,0,0,0
12:13:40.502,1,1,0,0,0
12:13:41.112,1,1,0,0,0
12:13:41.112,1,0,0,0,0
12:13:41.729,1,0,0,0,0
12:13:41.729,1,1,0,0,0
12:13:42.122,1,1,0,0,0
12:13:42.122,0,1,0,0,0
12:13:42.365,0,1,0,0,0
12:13:42.365,0,0,0,0,0
12:13:42.987,0,0,0,0,0
12:13:42.987,0,1,0,0,0
12:13:43.604,0,1,0,0,0
12:13:43.604,0,0,0,0,0
12:13:43.938,0,0,0,0,0
12:13:43.938,1,0,0,0,0
12:13:44.206,1,0,0,0,0
12:13:44.206,1,1,0,0,0
12:13:44.842,1,1,0,0,0
12:13:44.842,1,0,0,0,0
12:13:45.444,1,0,0,0,0
12:13:45.444,1,1,0,0,0
12:13:45.842,1,1,0,0,0
12:13:45.842,0,1,0,0,0
12:13:46.049,0,1,0,0,0
12:13:46.049,0,0,0,0,0
12:13:46.667,0,0,0,0,0
12:13:46.667,0,1,0,0,0
12:13:47.102,0,1,0,0,0
12:13:47.102,0,0,0,0,0
12:13:47.318,0,1,0,0,0
12:13:47.318,0,0,0,0,0
12:13:47.659,0,0,0,0,0
12:13:47.659,1,0,0,0,0
12:13:49.470,1,0,0,0,0
12:13:49.470,0,0,0,0,0
12:13:51.357,0,0,0,0,0
12:13:51.357,1,0,0,0,0
12:13:53.174,1,0,0,0,0
12:13:53.174,0,0,0,0,0
12:13:55.087,0,0,0,0,0
12:13:55.087,1,0,0,0,0
12:13:56.904,1,0,0,0,0
12:13:56.904,0,0,0,0,0
12:13:57.132,0,0,0,0,0
12:13:57.132,0,1,0,0,0
12:13:57.191,0,1,0,0,0
12:13:57.191,0,0,0,0,0
12:13:57.799,0,0,0,0,0
12:13:57.799,0,1,0,0,0
12:13:58.400,0,1,0,0,0
12:13:58.400,0,0,0,0,0
12:13:58.706,0,0,0,0,0
12:13:58.706,1,0,0,0,0
12:13:59.095,1,0,0,0,0
12:13:59.095,1,1,0,0,0
12:13:59.702,1,1,0,0,0
12:13:59.702,1,0,0,0,0
12:14:00.319,1,0,0,0,0
12:14:00.319,1,1,0,0,0
12:14:00.506,1,1,0,0,0
12:14:00.506,0,1,0,0,0
12:14:00.931,0,1,0,0,0
12:14:00.931,0,0,0,0,0
12:14:01.548,0,0,0,0,0
12:14:01.548,0,1,0,0,0
12:14:02.163,0,1,0,0,0
12:14:02.163,0,0,0,0,0
12:14:02.383,0,0,0,0,0
12:14:02.383,1,0,0,0,0
12:14:02.792,1,0,0,0,0
12:14:02.792,1,1,0,0,0
12:14:03.407,1,1,0,0,0
12:14:03.407,1,0,0,0,0
12:14:04.043,1,0,0,0,0
12:14:04.043,1,1,0,0,0
12:14:04.234,1,1,0,0,0
12:14:04.234,0,1,0,0,0
12:14:04.653,0,1,0,0,0
12:14:04.653,0,0,0,0,0
12:14:05.307,0,0,0,0,0
12:14:05.307,0,1,0,0,0
12:14:05.959,0,1,0,0,0
12:14:05.959,0,0,0,0,0
12:14:06.184,0,0,0,0,0
12:14:06.184,1,0,0,0,0
12:14:06.592,1,0,0,0,0
12:14:06.592,1,1,0,0,0
12:14:07.101,1,1,0,0,0
12:14:07.101,1,0,0,0,0
12:14:07.147,1,1,0,0,0
12:14:07.147,1,0,0,0,0
12:14:07.991,1,0,0,0,0
12:14:07.991,0,0,0,0,0
12:14:09.806,0,0,0,0,0
12:14:09.806,1,0,0,0,0
12:14:11.685,1,0,0,0,0
12:14:11.685,0,0,0,0,0
12:14:13.493,0,0,0,0,0
12:14:13.493,1,0,0,0,0
12:14:15.302,1,0,0,0,0
12:14:15.302,0,0,0,0,0
12:14:17.117,0,0,0,0,0
12:14:17.117,1,0,0,0,0
12:14:17.300,1,0,0,0,0
12:14:17.300,1,1,0,0,0
12:14:17.535,1,1,0,0,0
12:14:17.535,1,0,0,0,0
12:14:18.155,1,0,0,0,0
12:14:18.155,1,1,0,0,0
12:14:18.761,1,1,0,0,0
12:14:18.761,1,0,0,0,0
12:14:19.023,1,0,0,0,0
12:14:19.023,0,0,0,0,0
12:14:19.405,0,0,0,0,0
12:14:19.405,0,1,0,0,0
12:14:20.005,0,1,0,0,0
12:14:20.005,0,0,0,0,0
12:14:20.705,0,0,0,0,0
12:14:20.705,0,1,0,0,0
12:14:20.904,0,1,0,0,0
12:14:20.904,1,1,0,0,0
12:14:21.323,1,1,0,0,0
12:14:21.323,1,0,0,0,0
12:14:21.944,1,0,0,0,0
12:14:21.944,1,1,0,0,0
12:14:22.557,1,1,0,0,0
12:14:22.557,1,0,0,0,0
12:14:22.796,1,0,0,0,0
12:14:22.796,0,0,0,0,0
12:14:23.204,0,0,0,0,0
12:14:23.204,0,1,0,0,0
12:14:23.815,0,1,0,0,0
12:14:23.815,0,0,0,0,0
12:14:24.436,0,0,0,0,0
12:14:24.436,0,1,0,0,0
12:14:24.625,0,1,0,0,0
12:14:24.625,1,1,0,0,0
12:14:25.036,1,1,0,0,0
12:14:25.036,1,0,0,0,0
12:14:25.651,1,0,0,0,0
12:14:25.651,1,1,0,0,0
12:14:26.252,1,1,0,0,0
12:14:26.252,1,0,0,0,0
12:14:26.508,1,0,0,0,0
12:14:26.508,0,0,0,0,0
12:14:26.866,0,0,0,0,0
12:14:26.866,0,1,0,0,0
12:14:27.332,0,1,0,0,0
12:14:27.332,0,0,0,0,0
12:14:27.765,0,1,0,0,0
12:14:27.765,0,0,0,0,0
12:14:28.320,0,0,0,0,0
12:14:28.320,1,0,0,0,0
12:14:30.126,1,0,0,0,0
12:14:30.126,0,0,0,0,0
12:14:31.994,0,0,0,0,0
12:14:31.994,1,0,0,0,0
12:14:33.802,1,0,0,0,0
12:14:33.802,0,0,0,0,0
12:14:35.609,0,0,0,0,0
12:14:35.609,1,0,0,0,0
12:14:37.407,1,0,0,0,0
12:14:37.407,1,1,0,0,0
12:14:37.426,1,1,0,0,0
12:14:37.426,0,1,0,0,0
12:14:37.465,0,1,0,0,0
12:14:37.465,0,0,0,0,0
12:14:38.069,0,0,0,0,0
12:14:38.069,0,1,0,0,0
12:14:38.716,0,1,0,0,0
12:14:38.716,0,0,0,0,0
12:14:39.238,0,0,0,0,0
12:14:39.238,1,0,0,0,0
12:14:39.432,1,0,0,0,0
12:14:39.432,1,1,0,0,0
12:14:40.044,1,1,0,0,0
12:14:40.044,1,0,0,0,0
12:14:40.653,1,0,0,0,0
12:14:40.653,1,1,0,0,0
12:14:41.049,1,1,0,0,0
12:14:41.049,0,1,0,0,0
12:14:41.286,0,1,0,0,0
12:14:41.286,0,0,0,0,0
12:14:41.897,0,0,0,0,0
12:14:41.897,0,1,0,0,0
12:14:42.502,0,1,0,0,0
12:14:42.502,0,0,0,0,0
12:14:42.860,0,0,0,0,0
12:14:42.860,1,0,0,0,0
12:14:43.165,1,0,0,0,0
12:14:43.165,1,1,0,0,0
12:14:43.781,1,1,0,0,0
12:14:43.781,1,0,0,0,0
12:14:44.388,1,0,0,0,0
12:14:44.388,1,1,0,0,0
12:14:44.673,1,1,0,0,0
12:14:44.673,0,1,0,0,0
12:14:45.003,0,1,0,0,0
12:14:45.003,0,0,0,0,0
12:14:45.723,0,0,0,0,0
12:14:45.723,0,1,0,0,0
12:14:46.337,0,1,0,0,0
12:14:46.337,0,0,0,0,0
12:14:46.557,0,0,0,0,0
12:14:46.557,1,0,0,0,0
12:14:46.950,1,0,0,0,0
12:14:46.950,1,1,0,0,0
12:14:47.371,1,1,0,0,0
12:14:47.371,1,0,0,0,0
12:14:47.503,1,1,0,0,0
12:14:47.503,1,0,0,0,0
12:14:48.367,1,0,0,0,0
12:14:48.367,0,0,0,0,0
12:14:50.180,0,0,0,0,0
12:14:50.180,1,0,0,0,0
12:14:52.073,1,0,0,0,0
12:14:52.073,0,0,0,0,0
12:14:53.893,0,0,0,0,0
12:14:53.893,1,0,0,0,0
12:14:55.757,1,0,0,0,0
12:14:55.757,0,0,0,0,0
12:14:57.425,0,0,0,0,0
12:14:57.425,0,1,0,0,0
12:14:57.565,0,1,0,0,0
12:14:57.565,1,1,0,0,0
12:14:57.565,1,1,0,0,0
12:14:57.565,1,0,0,0,0
12:14:58.271,1,0,0,0,0
12:14:58.271,1,1,0,0,0
12:14:58.877,1,1,0,0,0
12:14:58.877,1,0,0,0,0
12:14:59.481,1,0,0,0,0
12:14:59.481,0,0,0,0,0
12:14:59.481,0,0,0,0,0
12:14:59.481,0,1,0,0,0
12:15:00.094,0,1,0,0,0
12:15:00.094,0,0,0,0,0
12:15:00.720,0,0,0,0,0
12:15:00.720,0,1,0,0,0
12:15:01.299,0,1,0,0,0
12:15:01.299,1,1,0,0,0
12:15:01.346,1,1,0,0,0
12:15:01.346,1,0,0,0,0
12:15:01.950,1,0,0,0,0
12:15:01.950,1,1,0,0,0
12:15:02.569,1,1,0,0,0
12:15:02.569,1,0,0,0,0
12:15:03.181,1,0,0,0,0
12:15:03.181,0,0,0,0,0
12:15:03.181,0,0,0,0,0
12:15:03.181,0,1,0,0,0
12:15:03.795,0,1,0,0,0
12:15:03.795,0,0,0,0,0
12:15:04.429,0,0,0,0,0
12:15:04.429,0,1,0,0,0
12:15:04.988,0,1,0,0,0
12:15:04.988,1,1,0,0,0
12:15:05.185,1,1,0,0,0
12:15:05.185,1,0,0,0,0
12:15:05.813,1,0,0,0,0
12:15:05.813,1,1,0,0,0
12:15:06.464,1,1,0,0,0
12:15:06.464,1,0,0,0,0
12:15:06.801,1,0,0,0,0
12:15:06.801,0,0,0,0,0
12:15:07.073,0,0,0,0,0
12:15:07.073,0,1,0,0,0
12:15:07.468,0,1,0,0,0
12:15:07.468,0,0,0,0,0
12:15:07.634,0,1,0,0,0
12:15:07.634,0,0,0,0,0
12:15:08.696,0,0,0,0,0
12:15:08.696,1,0,0,0,0
12:15:10.503,1,0,0,0,0
12:15:10.503,0,0,0,0,0
12:15:12.368,0,0,0,0,0
12:15:12.368,1,0,0,0,0
12:15:14.170,1,0,0,0,0
12:15:14.170,0,0,0,0,0
12:15:15.976,0,0,0,0,0
12:15:15.976,1,0,0,0,0
12:15:17.617,1,0,0,0,0
12:15:17.617,1,1,0,0,0
12:15:17.710,1,1,0,0,0
12:15:17.710,1,0,0,0,0
12:15:17.788,1,0,0,0,0
12:15:17.788,0,0,0,0,0
12:15:18.322,0,0,0,0,0
12:15:18.322,0,1,0,0,0
12:15:18.962,0,1,0,0,0
12:15:18.962,0,0,0,0,0
12:15:19.569,0,0,0,0,0
12:15:19.569,0,1,0,0,0
12:15:19.617,0,1,0,0,0
12:15:19.617,1,1,0,0,0
12:15:20.185,1,1,0,0,0
12:15:20.185,1,0,0,0,0
12:15:20.832,1,0,0,0,0
12:15:20.832,1,1,0,0,0
12:15:21.425,1,1,0,0,0
12:15:21.425,0,1,0,0,0
12:15:21.471,0,1,0,0,0
12:15:21.471,0,0,0,0,0
12:15:22.080,0,0,0,0,0
12:15:22.080,0,1,0,0,0
12:15:22.687,0,1,0,0,0
12:15:22.687,0,0,0,0,0
12:15:23.294,0,0,0,0,0
12:15:23.294,1,0,0,0,0
12:15:23.294,1,0,0,0,0
12:15:23.294,1,1,0,0,0
12:15:23.910,1,1,0,0,0
12:15:23.910,1,0,0,0,0
12:15:24.512,1,0,0,0,0
12:15:24.512,1,1,0,0,0
12:15:25.164,1,1,0,0,0
12:15:25.164,0,1,0,0,0
12:15:25.164,0,1,0,0,0
12:15:25.164,0,0,0,0,0
12:15:25.771,0,0,0,0,0
12:15:25.771,0,1,0,0,0
12:15:26.374,0,1,0,0,0
12:15:26.374,0,0,0,0,0
12:15:26.984,0,0,0,0,0
12:15:26.984,1,0,0,0,0
12:15:26.984,1,0,0,0,0
12:15:26.984,1,1,0,0,0
12:15:27.591,1,1,0,0,0
12:15:27.591,1,0,0,0,0
12:15:27.830,1,1,0,0,0
12:15:27.830,1,0,0,0,0
12:15:28.052,1,1,0,0,0
12:15:28.052,1,0,0,0,0
12:15:28.861,1,0,0,0,0
12:15:28.861,0,0,0,0,0
12:15:30.667,0,0,0,0,0
12:15:30.667,1,0,0,0,0
12:15:32.541,1,0,0,0,0
12:15:32.541,0,0,0,0,0
12:15:34.347,0,0,0,0,0
12:15:34.347,1,0,0,0,0
12:15:36.160,1,0,0,0,0
12:15:36.160,0,0,0,0,0
12:15:37.702,0,0,0,0,0
12:15:37.702,0,1,0,0,0
12:15:37.951,0,1,0,0,0
12:15:37.951,0,0,0,0,0
12:15:38.054,0,0,0,0,0
12:15:38.054,1,0,0,0,0
12:15:38.563,1,0,0,0,0
12:15:38.563,1,1,0,0,0
12:15:39.165,1,1,0,0,0
12:15:39.165,1,0,0,0,0
12:15:39.769,1,0,0,0,0
12:15:39.769,1,1,0,0,0
12:15:39.989,1,1,0,0,0
12:15:39.989,0,1,0,0,0
12:15:40.370,0,1,0,0,0
12:15:40.370,0,0,0,0,0
12:15:41.036,0,0,0,0,0
12:15:41.036,0,1,0,0,0
12:15:41.647,0,1,0,0,0
12:15:41.647,0,0,0,0,0
12:15:41.885,0,0,0,0,0
12:15:41.885,1,0,0,0,0
12:15:42.293,1,0,0,0,0
12:15:42.293,1,1,0,0,0
12:15:42.907,1,1,0,0,0
12:15:42.907,1,0,0,0,0
12:15:43.571,1,0,0,0,0
12:15:43.571,1,1,0,0,0
12:15:43.777,1,1,0,0,0
12:15:43.777,0,1,0,0,0
12:15:44.173,0,1,0,0,0
12:15:44.173,0,0,0,0,0
12:15:44.828,0,0,0,0,0
12:15:44.828,0,1,0,0,0
12:15:45.442,0,1,0,0,0
12:15:45.442,0,0,0,0,0
12:15:45.695,0,0,0,0,0
12:15:45.695,1,0,0,0,0
12:15:46.067,1,0,0,0,0
12:15:46.067,1,1,0,0,0
12:15:46.671,1,1,0,0,0
12:15:46.671,1,0,0,0,0
12:15:47.301,1,0,0,0,0
12:15:47.301,1,1,0,0,0
12:15:47.502,1,1,0,0,0
12:15:47.502,0,1,0,0,0
12:15:47.738,0,1,0,0,0
12:15:47.738,0,0,0,0,0
12:15:47.940,0,1,0,0,0
12:15:47.940,0,0,0,0,0
12:15:49.320,0,0,0,0,0
12:15:49.320,1,0,0,0,0
12:15:51.124,1,0,0,0,0
12:15:51.124,0,0,0,0,0
12:15:52.958,0,0,0,0,0
12:15:52.958,1,0,0,0,0
12:15:54.760,1,0,0,0,0
12:15:54.760,0,0,0,0,0
12:15:56.574,0,0,0,0,0
12:15:56.574,1,0,0,0,0
12:15:57.760,1,0,0,0,0
12:15:57.760,1,1,0,0,0
12:15:58.034,1,1,0,0,0
12:15:58.034,1,0,0,0,0
12:15:58.384,1,0,0,0,0
12:15:58.384,0,0,0,0,0
12:15:58.638,0,0,0,0,0
12:15:58.638,0,1,0,0,0
12:15:59.259,0,1,0,0,0
12:15:59.259,0,0,0,0,0
12:15:59.860,0,0,0,0,0
12:15:59.860,0,1,0,0,0
12:16:00.248,0,1,0,0,0
12:16:00.248,1,1,0,0,0
12:16:00.475,1,1,0,0,0
12:16:00.475,1,0,0,0,0
12:16:01.084,1,0,0,0,0
12:16:01.084,1,1,0,0,0
12:16:01.690,1,1,0,0,0
12:16:01.690,1,0,0,0,0
12:16:02.055,1,0,0,0,0
12:16:02.055,0,0,0,0,0
12:16:02.299,0,0,0,0,0
12:16:02.299,0,1,0,0,0
12:16:02.907,0,1,0,0,0
12:16:02.907,0,0,0,0,0
12:16:03.516,0,0,0,0,0
12:16:03.516,0,1,0,0,0
12:16:03.892,0,1,0,0,0
12:16:03.892,1,1,0,0,0
12:16:04.130,1,1,0,0,0
12:16:04.130,1,0,0,0,0
12:16:04.731,1,0,0,0,0
12:16:04.731,1,1,0,0,0
12:16:05.349,1,1,0,0,0
12:16:05.349,1,0,0,0,0
12:16:05.711,1,0,0,0,0
12:16:05.711,0,0,0,0,0
12:16:05.956,0,0,0,0,0
12:16:05.956,0,1,0,0,0
12:16:06.560,0,1,0,0,0
12:16:06.560,0,0,0,0,0
12:16:07.243,0,0,0,0,0
12:16:07.243,0,1,0,0,0
12:16:07.631,0,1,0,0,0
12:16:07.631,1,1,0,0,0
12:16:07.798,1,1,0,0,0
12:16:07.798,1,0,0,0,0
12:16:08.052,1,1,0,0,0
12:16:08.052,1,0,0,0,0
12:16:09.438,1,0,0,0,0
12:16:09.438,0,0,0,0,0
12:16:11.247,0,0,0,0,0
12:16:11.247,1,0,0,0,0
12:16:13.131,1,0,0,0,0
12:16:13.131,0,0,0,0,0
12:16:14.940,0,0,0,0,0
12:16:14.940,1,0,0,0,0
12:16:16.810,1,0,0,0,0
12:16:16.810,0,0,0,0,0
12:16:18.030,0,0,0,0,0
12:16:18.030,0,1,0,0,0
12:16:18.082,0,1,0,0,0
12:16:18.082,0,0,0,0,0
12:16:18.616,0,0,0,0,0
12:16:18.616,1,0,0,0,0
12:16:18.820,1,0,0,0,0
12:16:18.820,1,1,0,0,0
12:16:19.417,1,1,0,0,0
12:16:19.417,1,0,0,0,0
12:16:20.034,1,0,0,0,0
12:16:20.034,1,1,0,0,0
12:16:20.431,1,1,0,0,0
12:16:20.431,0,1,0,0,0
12:16:20.676,0,1,0,0,0
12:16:20.676,0,0,0,0,0
12:16:21.278,0,0,0,0,0
12:16:21.278,0,1,0,0,0
12:16:21.923,0,1,0,0,0
12:16:21.923,0,0,0,0,0
12:16:22.233,0,0,0,0,0
12:16:22.233,1,0,0,0,0
12:16:22.537,1,0,0,0,0
12:16:22.537,1,1,0,0,0
12:16:23.143,1,1,0,0,0
12:16:23.143,1,0,0,0,0
12:16:23.752,1,0,0,0,0
12:16:23.752,1,1,0,0,0
12:16:24.154,1,1,0,0,0
12:16:24.154,0,1,0,0,0
12:16:24.357,0,1,0,0,0
12:16:24.357,0,0,0,0,0
12:16:24.976,0,0,0,0,0
12:16:24.976,0,1,0,0,0
12:16:25.594,0,1,0,0,0
12:16:25.594,0,0,0,0,0
12:16:25.960,0,0,0,0,0
12:16:25.960,1,0,0,0,0
12:16:26.213,1,0,0,0,0
12:16:26.213,1,1,0,0,0
12:16:26.820,1,1,0,0,0
12:16:26.820,1,0,0,0,0
12:16:27.484,1,0,0,0,0
12:16:27.484,1,1,0,0,0
12:16:27.903,1,1,0,0,0
12:16:27.903,0,1,0,0,0
12:16:28.094,0,1,0,0,0
12:16:28.094,0,0,0,0,0
12:16:28.094,0,1,0,0,0
12:16:28.094,0,0,0,0,0
12:16:28.230,0,1,0,0,0
12:16:28.230,0,0,0,0,0
12:16:29.713,0,0,0,0,0
12:16:29.713,1,0,0,0,0
12:16:31.607,1,0,0,0,0
12:16:31.607,0,0,0,0,0
12:16:33.417,0,0,0,0,0
12:16:33.417,1,0,0,0,0
12:16:35.251,1,0,0,0,0
12:16:35.251,0,0,0,0,0
12:16:37.057,0,0,0,0,0
12:16:37.057,1,0,0,0,0
12:16:38.270,1,0,0,0,0
12:16:38.270,1,1,0,0,0
12:16:38.558,1,1,0,0,0
12:16:38.558,1,0,0,0,0
12:16:38.860,1,0,0,0,0
12:16:38.860,0,0,0,0,0
12:16:39.162,0,0,0,0,0
12:16:39.162,0,1,0,0,0
12:16:39.770,0,1,0,0,0
12:16:39.770,0,0,0,0,0
12:16:40.373,0,0,0,0,0
12:16:40.373,0,1,0,0,0
12:16:40.766,0,1,0,0,0
12:16:40.766,1,1,0,0,0
12:16:40.983,1,1,0,0,0
12:16:40.983,1,0,0,0,0
12:16:41.626,1,0,0,0,0
12:16:41.626,1,1,0,0,0
12:16:42.239,1,1,0,0,0
12:16:42.239,1,0,0,0,0
12:16:42.577,1,0,0,0,0
12:16:42.577,0,0,0,0,0
12:16:42.975,0,0,0,0,0
12:16:42.975,0,1,0,0,0
12:16:43.590,0,1,0,0,0
12:16:43.590,0,0,0,0,0
12:16:44.223,0,0,0,0,0
12:16:44.223,0,1,0,0,0
12:16:44.410,0,1,0,0,0
12:16:44.410,1,1,0,0,0
12:16:44.863,1,1,0,0,0
12:16:44.863,1,0,0,0,0
12:16:45.467,1,0,0,0,0
12:16:45.467,1,1,0,0,0
12:16:46.107,1,1,0,0,0
12:16:46.107,1,0,0,0,0
12:16:46.257,1,0,0,0,0
12:16:46.257,0,0,0,0,0
12:16:46.722,0,0,0,0,0
12:16:46.722,0,1,0,0,0
12:16:47.361,0,1,0,0,0
12:16:47.361,0,0,0,0,0
12:16:47.963,0,0,0,0,0
12:16:47.963,0,1,0,0,0
12:16:48.137,0,1,0,0,0
12:16:48.137,1,1,0,0,0
12:16:48.137,1,1,0,0,0
12:16:48.137,1,0,0,0,0
12:16:48.344,1,1,0,0,0
12:16:48.344,1,0,0,0,0
12:16:49.987,1,0,0,0,0
12:16:49.987,0,0,0,0,0
12:16:51.799,0,0,0,0,0
12:16:51.799,1,0,0,0,0
12:16:53.707,1,0,0,0,0
12:16:53.707,0,0,0,0,0
12:16:55.526,0,0,0,0,0
12:16:55.526,1,0,0,0,0
12:16:57.431,1,0,0,0,0
12:16:57.431,0,0,0,0,0
12:16:58.236,0,0,0,0,0
12:16:58.236,0,1,0,0,0
12:16:58.506,0,1,0,0,0
12:16:58.506,0,0,0,0,0
12:16:59.113,0,0,0,0,0
12:16:59.113,0,1,0,0,0
12:16:59.308,0,1,0,0,0
12:16:59.308,1,1,0,0,0
12:16:59.721,1,1,0,0,0
12:16:59.721,1,0,0,0,0
12:17:00.321,1,0,0,0,0
12:17:00.321,1,1,0,0,0
12:17:00.934,1,1,0,0,0
12:17:00.934,1,0,0,0,0
12:17:01.163,1,0,0,0,0
12:17:01.163,0,0,0,0,0
12:17:01.572,0,0,0,0,0
12:17:01.572,0,1,0,0,0
12:17:02.174,0,1,0,0,0
12:17:02.174,0,0,0,0,0
12:17:02.833,0,0,0,0,0
12:17:02.833,0,1,0,0,0
12:17:03.001,0,1,0,0,0
12:17:03.001,1,1,0,0,0
12:17:03.446,1,1,0,0,0
12:17:03.446,1,0,0,0,0
12:17:04.056,1,0,0,0,0
12:17:04.056,1,1,0,0,0
12:17:04.663,1,1,0,0,0
12:17:04.663,1,0,0,0,0
12:17:04.884,1,0,0,0,0
12:17:04.884,0,0,0,0,0
12:17:05.297,0,0,0,0,0
12:17:05.297,0,1,0,0,0
12:17:05.912,0,1,0,0,0
12:17:05.912,0,0,0,0,0
12:17:06.533,0,0,0,0,0
12:17:06.533,0,1,0,0,0
12:17:06.732,0,1,0,0,0
12:17:06.732,1,1,0,0,0
12:17:07.139,1,1,0,0,0
12:17:07.139,1,0,0,0,0
12:17:07.744,1,0,0,0,0
12:17:07.744,1,1,0,0,0
12:17:08.222,1,1,0,0,0
12:17:08.222,1,0,0,0,0
12:17:08.460,1,1,0,0,0
12:17:08.460,1,0,0,0,0
12:17:08.707,1,0,0,0,0
12:17:08.707,0,0,0,0,0
12:17:10.529,0,0,0,0,0
12:17:10.529,1,0,0,0,0
12:17:12.451,1,0,0,0,0
12:17:12.451,0,0,0,0,0
12:17:14.259,0,0,0,0,0
12:17:14.259,1,0,0,0,0
12:17:16.079,1,0,0,0,0
12:17:16.079,0,0,0,0,0
12:17:17.889,0,0,0,0,0
12:17:17.889,1,0,0,0,0
12:17:18.511,1,0,0,0,0
12:17:18.511,1,1,0,0,0
12:17:18.718,1,1,0,0,0
12:17:18.718,1,0,0,0,0
12:17:19.420,1,0,0,0,0
12:17:19.420,1,1,0,0,0
12:17:19.816,1,1,0,0,0
12:17:19.816,0,1,0,0,0
12:17:20.040,0,1,0,0,0
12:17:20.040,0,0,0,0,0
12:17:20.655,0,0,0,0,0
12:17:20.655,0,1,0,0,0
12:17:21.266,0,1,0,0,0
12:17:21.266,0,0,0,0,0
12:17:21.620,0,0,0,0,0
12:17:21.620,1,0,0,0,0
12:17:21.868,1,0,0,0,0
12:17:21.868,1,1,0,0,0
12:17:22.476,1,1,0,0,0
12:17:22.476,1,0,0,0,0
12:17:23.083,1,0,0,0,0
12:17:23.083,1,1,0,0,0
12:17:23.433,1,1,0,0,0
12:17:23.433,0,1,0,0,0
12:17:23.682,0,1,0,0,0
12:17:23.682,0,0,0,0,0
12:17:24.294,0,0,0,0,0
12:17:24.294,0,1,0,0,0
12:17:24.956,0,1,0,0,0
12:17:24.956,0,0,0,0,0
12:17:25.385,0,0,0,0,0
12:17:25.385,1,0,0,0,0
12:17:25.597,1,0,0,0,0
12:17:25.597,1,1,0,0,0
12:17:26.209,1,1,0,0,0
12:17:26.209,1,0,0,0,0
12:17:26.811,1,0,0,0,0
12:17:26.811,1,1,0,0,0
12:17:27.207,1,1,0,0,0
12:17:27.207,0,1,0,0,0
12:17:27.413,0,1,0,0,0
12:17:27.413,0,0,0,0,0
12:17:28.018,0,0,0,0,0
12:17:28.018,0,1,0,0,0
12:17:28.444,0,1,0,0,0
12:17:28.444,0,0,0,0,0
12:17:28.874,0,1,0,0,0
12:17:28.874,0,0,0,0,0
12:17:29.096,0,0,0,0,0
12:17:29.096,1,0,0,0,0
12:17:30.934,1,0,0,0,0
12:17:30.934,0,0,0,0,0
12:17:32.745,0,0,0,0,0
12:17:32.745,1,0,0,0,0
12:17:34.644,1,0,0,0,0
12:17:34.644,0,0,0,0,0
12:17:36.450,0,0,0,0,0
12:17:36.450,1,0,0,0,0
12:17:38.336,1,0,0,0,0
12:17:38.336,0,0,0,0,0
12:17:38.597,0,0,0,0,0
12:17:38.597,0,1,0,0,0
12:17:38.812,0,1,0,0,0
12:17:38.812,0,0,0,0,0
12:17:39.433,0,0,0,0,0
12:17:39.433,0,1,0,0,0
12:17:40.110,0,1,0,0,0
12:17:40.110,0,0,0,0,0
12:17:40.161,0,0,0,0,0
12:17:40.161,1,0,0,0,0
12:17:40.720,1,0,0,0,0
12:17:40.720,1,1,0,0,0
12:17:41.322,1,1,0,0,0
12:17:41.322,1,0,0,0,0
12:17:41.977,1,0,0,0,0
12:17:41.977,1,1,0,0,0
12:17:41.977,1,1,0,0,0
12:17:41.977,0,1,0,0,0
12:17:42.593,0,1,0,0,0
12:17:42.593,0,0,0,0,0
12:17:43.193,0,0,0,0,0
12:17:43.193,0,1,0,0,0
12:17:43.819,0,1,0,0,0
12:17:43.819,1,1,0,0,0
12:17:43.819,1,1,0,0,0
12:17:43.819,1,0,0,0,0
12:17:44.432,1,0,0,0,0
12:17:44.432,1,1,0,0,0
12:17:45.078,1,1,0,0,0
12:17:45.078,1,0,0,0,0
12:17:45.633,1,0,0,0,0
12:17:45.633,0,0,0,0,0
12:17:45.692,0,0,0,0,0
12:17:45.692,0,1,0,0,0
12:17:46.303,0,1,0,0,0
12:17:46.303,0,0,0,0,0
12:17:46.908,0,0,0,0,0
12:17:46.908,0,1,0,0,0
12:17:47.552,0,1,0,0,0
12:17:47.552,1,1,0,0,0
12:17:47.552,1,1,0,0,0
12:17:47.552,1,0,0,0,0
12:17:48.158,1,0,0,0,0
12:17:48.158,1,1,0,0,0
12:17:48.509,1,1,0,0,0
12:17:48.509,1,0,0,0,0
12:17:48.732,1,1,0,0,0
12:17:48.732,1,0,0,0,0
12:17:49.365,1,0,0,0,0
12:17:49.365,0,0,0,0,0
12:17:51.183,0,0,0,0,0
12:17:51.183,1,0,0,0,0
12:17:52.985,1,0,0,0,0
12:17:52.985,0,0,0,0,0
12:17:54.785,0,0,0,0,0
12:17:54.785,1,0,0,0,0
12:17:56.668,1,0,0,0,0
12:17:56.668,0,0,0,0,0
12:17:58.482,0,0,0,0,0
12:17:58.482,1,0,0,0,0
12:17:58.715,1,0,0,0,0
12:17:58.715,1,1,0,0,0
12:17:58.934,1,1,0,0,0
12:17:58.934,1,0,0,0,0
12:17:59.537,1,0,0,0,0
12:17:59.537,1,1,0,0,0
12:18:00.138,1,1,0,0,0
12:18:00.138,1,0,0,0,0
12:18:00.295,1,0,0,0,0
12:18:00.295,0,0,0,0,0
12:18:00.750,0,0,0,0,0
12:18:00.750,0,1,0,0,0
12:18:01.364,0,1,0,0,0
12:18:01.364,0,0,0,0,0
12:18:02.008,0,0,0,0,0
12:18:02.008,0,1,0,0,0
12:18:02.214,0,1,0,0,0
12:18:02.214,1,1,0,0,0
12:18:02.618,1,1,0,0,0
12:18:02.618,1,0,0,0,0
12:18:03.267,1,0,0,0,0
12:18:03.267,1,1,0,0,0
12:18:03.870,1,1,0,0,0
12:18:03.870,1,0,0,0,0
12:18:04.098,1,0,0,0,0
12:18:04.098,0,0,0,0,0
12:18:04.515,0,0,0,0,0
12:18:04.515,0,1,0,0,0
12:18:05.127,0,1,0,0,0
12:18:05.127,0,0,0,0,0
12:18:05.781,0,0,0,0,0
12:18:05.781,0,1,0,0,0
12:18:06.003,0,1,0,0,0
12:18:06.003,1,1,0,0,0
12:18:06.398,1,1,0,0,0
12:18:06.398,1,0,0,0,0
12:18:07.065,1,0,0,0,0
12:18:07.065,1,1,0,0,0
12:18:07.671,1,1,0,0,0
12:18:07.671,1,0,0,0,0
12:18:07.909,1,0,0,0,0
12:18:07.909,0,0,0,0,0
12:18:08.272,0,0,0,0,0
12:18:08.272,0,1,0,0,0
12:18:08.718,0,1,0,0,0
12:18:08.718,0,0,0,0,0
12:18:09.162,0,1,0,0,0
12:18:09.162,0,0,0,0,0
12:18:09.715,0,0,0,0,0
12:18:09.715,1,0,0,0,0
12:18:11.525,1,0,0,0,0
12:18:11.525,0,0,0,0,0
12:18:13.414,0,0,0,0,0
12:18:13.414,1,0,0,0,0
12:18:15.227,1,0,0,0,0
12:18:15.227,0,0,0,0,0
12:18:17.098,0,0,0,0,0
12:18:17.098,1,0,0,0,0
12:18:18.740,1,0,0,0,0
12:18:18.740,1,1,0,0,0
12:18:18.931,1,1,0,0,0
12:18:18.931,0,1,0,0,0
12:18:19.017,0,1,0,0,0
12:18:19.017,0,0,0,0,0
12:18:19.640,0,0,0,0,0
12:18:19.640,0,1,0,0,0
12:18:20.245,0,1,0,0,0
12:18:20.245,0,0,0,0,0
12:18:20.838,0,0,0,0,0
12:18:20.838,1,0,0,0,0
12:18:20.885,1,0,0,0,0
12:18:20.885,1,1,0,0,0
12:18:21.557,1,1,0,0,0
12:18:21.557,1,0,0,0,0
12:18:22.163,1,0,0,0,0
12:18:22.163,1,1,0,0,0
12:18:22.654,1,1,0,0,0
12:18:22.654,0,1,0,0,0
12:18:22.853,0,1,0,0,0
12:18:22.853,0,0,0,0,0
12:18:23.481,0,0,0,0,0
12:18:23.481,0,1,0,0,0
12:18:24.086,0,1,0,0,0
12:18:24.086,0,0,0,0,0
12:18:24.466,0,0,0,0,0
12:18:24.466,1,0,0,0,0
12:18:24.685,1,0,0,0,0
12:18:24.685,1,1,0,0,0
12:18:25.305,1,1,0,0,0
12:18:25.305,1,0,0,0,0
12:18:25.967,1,0,0,0,0
12:18:25.967,1,1,0,0,0
12:18:26.316,1,1,0,0,0
12:18:26.316,0,1,0,0,0
12:18:26.574,0,1,0,0,0
12:18:26.574,0,0,0,0,0
12:18:27.192,0,0,0,0,0
12:18:27.192,0,1,0,0,0
12:18:27.803,0,1,0,0,0
12:18:27.803,0,0,0,0,0
12:18:28.119,0,0,0,0,0
12:18:28.119,1,0,0,0,0
12:18:28.458,1,0,0,0,0
12:18:28.458,1,1,0,0,0
12:18:28.922,1,1,0,0,0
12:18:28.922,1,0,0,0,0
12:18:29.112,1,1,0,0,0
12:18:29.112,1,0,0,0,0
12:18:29.926,1,0,0,0,0
12:18:29.926,0,0,0,0,0
12:18:31.737,0,0,0,0,0
12:18:31.737,1,0,0,0,0
12:18:33.607,1,0,0,0,0
12:18:33.607,0,0,0,0,0
12:18:35.416,0,0,0,0,0
12:18:35.416,1,0,0,0,0
12:18:37.299,1,0,0,0,0
12:18:37.299,0,0,0,0,0
12:18:38.941,0,0,0,0,0
12:18:38.941,0,1,0,0,0
12:18:39.149,0,1,0,0,0
12:18:39.149,1,1,0,0,0
12:18:39.407,1,1,0,0,0
12:18:39.407,1,0,0,0,0
12:18:40.008,1,0,0,0,0
12:18:40.008,1,1,0,0,0
12:18:40.744,1,1,0,0,0
12:18:40.744,1,0,0,0,0
12:18:40.996,1,0,0,0,0
12:18:40.996,0,0,0,0,0
12:18:41.356,0,0,0,0,0
12:18:41.356,0,1,0,0,0
12:18:41.970,0,1,0,0,0
12:18:41.970,0,0,0,0,0
12:18:42.581,0,0,0,0,0
12:18:42.581,0,1,0,0,0
12:18:42.804,0,1,0,0,0
12:18:42.804,1,1,0,0,0
12:18:43.186,1,1,0,0,0
12:18:43.186,1,0,0,0,0
12:18:43.793,1,0,0,0,0
12:18:43.793,1,1,0,0,0
12:18:44.422,1,1,0,0,0
12:18:44.422,1,0,0,0,0
12:18:44.610,1,0,0,0,0
12:18:44.610,0,0,0,0,0
12:18:45.038,0,0,0,0,0
12:18:45.038,0,1,0,0,0
12:18:45.670,0,1,0,0,0
12:18:45.670,0,0,0,0,0
12:18:46.273,0,0,0,0,0
12:18:46.273,0,1,0,0,0
12:18:46.432,0,1,0,0,0
12:18:46.432,1,1,0,0,0
12:18:46.887,1,1,0,0,0
12:18:46.887,1,0,0,0,0
12:18:47.501,1,0,0,0,0
12:18:47.501,1,1,0,0,0
12:18:48.093,1,1,0,0,0
12:18:48.093,1,0,0,0,0
12:18:48.236,1,0,0,0,0
12:18:48.236,0,0,0,0,0
12:18:48.701,0,0,0,0,0
12:18:48.701,0,1,0,0,0
12:18:48.940,0,1,0,0,0
12:18:48.940,0,0,0,0,0
12:18:49.146,0,1,0,0,0
12:18:49.146,0,0,0,0,0
12:18:50.048,0,0,0,0,0
12:18:50.048,1,0,0,0,0
12:18:51.848,1,0,0,0,0
12:18:51.848,0,0,0,0,0
12:18:53.738,0,0,0,0,0
12:18:53.738,1,0,0,0,0
12:18:55.552,1,0,0,0,0
12:18:55.552,0,0,0,0,0
12:18:57.441,0,0,0,0,0
12:18:57.441,1,0,0,0,0
12:18:59.100,1,0,0,0,0
12:18:59.100,1,1,0,0,0
12:18:59.274,1,1,0,0,0
12:18:59.274,0,1,0,0,0
12:18:59.306,0,1,0,0,0
12:18:59.306,0,0,0,0,0
12:18:59.924,0,0,0,0,0
12:18:59.924,0,1,0,0,0
12:19:00.525,0,1,0,0,0
12:19:00.525,0,0,0,0,0
12:19:01.153,0,0,0,0,0
12:19:01.153,1,0,0,0,0
12:19:01.153,1,0,0,0,0
12:19:01.153,1,1,0,0,0
12:19:01.768,1,1,0,0,0
12:19:01.768,1,0,0,0,0
12:19:02.398,1,0,0,0,0
12:19:02.398,1,1,0,0,0
12:19:02.967,1,1,0,0,0
12:19:02.967,0,1,0,0,0
12:19:03.014,0,1,0,0,0
12:19:03.014,0,0,0,0,0
12:19:03.668,0,0,0,0,0
12:19:03.668,0,1,0,0,0
12:19:04.287,0,1,0,0,0
12:19:04.287,0,0,0,0,0
12:19:04.891,0,0,0,0,0
12:19:04.891,1,0,0,0,0
12:19:04.891,1,0,0,0,0
12:19:04.891,1,1,0,0,0
12:19:05.494,1,1,0,0,0
12:19:05.494,1,0,0,0,0
12:19:06.146,1,0,0,0,0
12:19:06.146,1,1,0,0,0
12:19:06.691,1,1,0,0,0
12:19:06.691,0,1,0,0,0
12:19:06.880,0,1,0,0,0
12:19:06.880,0,0,0,0,0
12:19:07.487,0,0,0,0,0
12:19:07.487,0,1,0,0,0
12:19:08.099,0,1,0,0,0
12:19:08.099,0,0,0,0,0
12:19:08.495,0,0,0,0,0
12:19:08.495,1,0,0,0,0
12:19:08.833,1,0,0,0,0
12:19:08.833,1,1,0,0,0
12:19:09.044,1,1,0,0,0
12:19:09.044,1,0,0,0,0
12:19:09.291,1,1,0,0,0
12:19:09.291,1,0,0,0,0
12:19:10.306,1,0,0,0,0
12:19:10.306,0,0,0,0,0
12:19:12.182,0,0,0,0,0
12:19:12.182,1,0,0,0,0
12:19:13.989,1,0,0,0,0
12:19:13.989,0,0,0,0,0
12:19:15.853,0,0,0,0,0
12:19:15.853,1,0,0,0,0
12:19:17.660,1,0,0,0,0
12:19:17.660,0,0,0,0,0
12:19:19.126,0,0,0,0,0
12:19:19.126,0,1,0,0,0
12:19:19.177,0,1,0,0,0
12:19:19.177,0,0,0,0,0
12:19:19.484,0,0,0,0,0
12:19:19.484,1,0,0,0,0
12:19:19.770,1,0,0,0,0
12:19:19.770,1,1,0,0,0
12:19:20.390,1,1,0,0,0
12:19:20.390,1,0,0,0,0
12:19:21.002,1,0,0,0,0
12:19:21.002,1,1,0,0,0
12:19:21.286,1,1,0,0,0
12:19:21.286,0,1,0,0,0
12:19:21.626,0,1,0,0,0
12:19:21.626,0,0,0,0,0
12:19:22.238,0,0,0,0,0
12:19:22.238,0,1,0,0,0
12:19:22.893,0,1,0,0,0
12:19:22.893,0,0,0,0,0
12:19:23.085,0,0,0,0,0
12:19:23.085,1,0,0,0,0
12:19:23.498,1,0,0,0,0
12:19:23.498,1,1,0,0,0
12:19:24.098,1,1,0,0,0
12:19:24.098,1,0,0,0,0
12:19:24.713,1,0,0,0,0
12:19:24.713,1,1,0,0,0
12:19:24.888,1,1,0,0,0
12:19:24.888,0,1,0,0,0
12:19:25.332,0,1,0,0,0
12:19:25.332,0,0,0,0,0
12:19:25.938,0,0,0,0,0
12:19:25.938,0,1,0,0,0
12:19:26.585,0,1,0,0,0
12:19:26.585,0,0,0,0,0
12:19:26.783,0,0,0,0,0
12:19:26.783,1,0,0,0,0
12:19:27.198,1,0,0,0,0
12:19:27.198,1,1,0,0,0
12:19:27.853,1,1,0,0,0
12:19:27.853,1,0,0,0,0
12:19:28.462,1,0,0,0,0
12:19:28.462,1,1,0,0,0
12:19:28.716,1,1,0,0,0
12:19:28.716,0,1,0,0,0
12:19:29.106,0,1,0,0,0
12:19:29.106,0,0,0,0,0
12:19:29.297,0,1,0,0,0
12:19:29.297,0,0,0,0,0
12:19:29.551,0,1,0,0,0
12:19:29.551,0,0,0,0,0
12:19:30.527,0,0,0,0,0
12:19:30.527,1,0,0,0,0
12:19:32.332,1,0,0,0,0
12:19:32.332,0,0,0,0,0
12:19:34.215,0,0,0,0,0
12:19:34.215,1,0,0,0,0
12:19:36.037,1,0,0,0,0
12:19:36.037,0,0,0,0,0
12:19:37.928,0,0,0,0,0
12:19:37.928,1,0,0,0,0
12:19:39.212,1,0,0,0,0
12:19:39.212,1,1,0,0,0
12:19:39.463,1,1,0,0,0
12:19:39.463,1,0,0,0,0
12:19:39.751,1,0,0,0,0
12:19:39.751,0,0,0,0,0
12:19:40.091,0,0,0,0,0
12:19:40.091,0,1,0,0,0
12:19:40.697,0,1,0,0,0
12:19:40.697,0,0,0,0,0
12:19:41.303,0,0,0,0,0
12:19:41.303,0,1,0,0,0
12:19:41.547,0,1,0,0,0
12:19:41.547,1,1,0,0,0
12:19:41.912,1,1,0,0,0
12:19:41.912,1,0,0,0,0
12:19:42.521,1,0,0,0,0
12:19:42.521,1,1,0,0,0
12:19:43.138,1,1,0,0,0
12:19:43.138,1,0,0,0,0
12:19:43.374,1,0,0,0,0
12:19:43.374,0,0,0,0,0
12:19:43.746,0,0,0,0,0
12:19:43.746,0,1,0,0,0
12:19:44.363,0,1,0,0,0
12:19:44.363,0,0,0,0,0
12:19:45.028,0,0,0,0,0
12:19:45.028,0,1,0,0,0
12:19:45.191,0,1,0,0,0
12:19:45.191,1,1,0,0,0
12:19:45.640,1,1,0,0,0
12:19:45.640,1,0,0,0,0
12:19:46.252,1,0,0,0,0
12:19:46.252,1,1,0,0,0
12:19:46.860,1,1,0,0,0
12:19:46.860,1,0,0,0,0
12:19:47.045,1,0,0,0,0
12:19:47.045,0,0,0,0,0
12:19:47.505,0,0,0,0,0
12:19:47.505,0,1,0,0,0
12:19:48.115,0,1,0,0,0
12:19:48.115,0,0,0,0,0
12:19:48.754,0,0,0,0,0
12:19:48.754,0,1,0,0,0
12:19:48.937,0,1,0,0,0
12:19:48.937,1,1,0,0,0
12:19:49.330,1,1,0,0,0
12:19:49.330,1,0,0,0,0
12:19:49.358,1,1,0,0,0
12:19:49.358,1,0,0,0,0
12:19:50.751,1,0,0,0,0
12:19:50.751,0,0,0,0,0
12:19:52.642,0,0,0,0,0
12:19:52.642,1,0,0,0,0
12:19:54.444,1,0,0,0,0
12:19:54.444,0,0,0,0,0
12:19:56.313,0,0,0,0,0
12:19:56.313,1,0,0,0,0
12:19:58.120,1,0,0,0,0
12:19:58.120,0,0,0,0,0
12:19:59.311,0,0,0,0,0
12:19:59.311,0,1,0,0,0
12:19:59.547,0,1,0,0,0
12:19:59.547,0,0,0,0,0
12:19:59.943,0,0,0,0,0
12:19:59.943,1,0,0,0,0
12:20:00.165,1,0,0,0,0
12:20:00.165,1,1,0,0,0
12:20:00.803,1,1,0,0,0
12:20:00.803,1,0,0,0,0
12:20:01.405,1,0,0,0,0
12:20:01.405,1,1,0,0,0
12:20:01.783,1,1,0,0,0
12:20:01.783,0,1,0,0,0
12:20:02.045,0,1,0,0,0
12:20:02.045,0,0,0,0,0
12:20:02.653,0,0,0,0,0
12:20:02.653,0,1,0,0,0
12:20:03.258,0,1,0,0,0
12:20:03.258,0,0,0,0,0
12:20:03.603,0,0,0,0,0
12:20:03.603,1,0,0,0,0
12:20:03.988,1,0,0,0,0
12:20:03.988,1,1,0,0,0
12:20:04.607,1,1,0,0,0
12:20:04.607,1,0,0,0,0
12:20:05.258,1,0,0,0,0
12:20:05.258,1,1,0,0,0
12:20:05.408,1,1,0,0,0
12:20:05.408,0,1,0,0,0
12:20:05.864,0,1,0,0,0
12:20:05.864,0,0,0,0,0
12:20:06.521,0,0,0,0,0
12:20:06.521,0,1,0,0,0
12:20:07.136,0,1,0,0,0
12:20:07.136,0,0,0,0,0
12:20:07.332,0,0,0,0,0
12:20:07.332,1,0,0,0,0
12:20:07.744,1,0,0,0,0
12:20:07.744,1,1,0,0,0
12:20:08.350,1,1,0,0,0
12:20:08.350,1,0,0,0,0
12:20:08.968,1,0,0,0,0
12:20:08.968,1,1,0,0,0
12:20:09.177,1,1,0,0,0
12:20:09.177,0,1,0,0,0
12:20:09.366,0,1,0,0,0
12:20:09.366,0,0,0,0,0
12:20:09.639,0,1,0,0,0
12:20:09.639,0,0,0,0,0
12:20:10.989,0,0,0,0,0
12:20:10.989,1,0,0,0,0
12:20:12.819,1,0,0,0,0
12:20:12.819,0,0,0,0,0
12:20:14.622,0,0,0,0,0
12:20:14.622,1,0,0,0,0
12:20:16.520,1,0,0,0,0
12:20:16.520,0,0,0,0,0
12:20:18.331,0,0,0,0,0
12:20:18.331,1,0,0,0,0
12:20:19.503,1,0,0,0,0
12:20:19.503,1,1,0,0,0
12:20:19.726,1,1,0,0,0
12:20:19.726,1,0,0,0,0
12:20:20.218,1,0,0,0,0
12:20:20.218,0,0,0,0,0
12:20:20.352,0,0,0,0,0
12:20:20.352,0,1,0,0,0
12:20:20.967,0,1,0,0,0
12:20:20.967,0,0,0,0,0
12:20:21.591,0,0,0,0,0
12:20:21.591,0,1,0,0,0
12:20:22.035,0,1,0,0,0
12:20:22.035,1,1,0,0,0
12:20:22.215,1,1,0,0,0
12:20:22.215,1,0,0,0,0
12:20:22.832,1,0,0,0,0
12:20:22.832,1,1,0,0,0
12:20:23.441,1,1,0,0,0
12:20:23.441,1,0,0,0,0
12:20:23.843,1,0,0,0,0
12:20:23.843,0,0,0,0,0
12:20:24.077,0,0,0,0,0
12:20:24.077,0,1,0,0,0
12:20:24.681,0,1,0,0,0
12:20:24.681,0,0,0,0,0
12:20:25.284,0,0,0,0,0
12:20:25.284,0,1,0,0,0
12:20:25.654,0,1,0,0,0
12:20:25.654,1,1,0,0,0
12:20:25.892,1,1,0,0,0
12:20:25.892,1,0,0,0,0
12:20:26.496,1,0,0,0,0
12:20:26.496,1,1,0,0,0
12:20:27.149,1,1,0,0,0
12:20:27.149,1,0,0,0,0
12:20:27.463,1,0,0,0,0
12:20:27.463,0,0,0,0,0
12:20:27.765,0,0,0,0,0
12:20:27.765,0,1,0,0,0
12:20:28.421,0,1,0,0,0
12:20:28.421,0,0,0,0,0
12:20:29.035,0,0,0,0,0
12:20:29.035,0,1,0,0,0
12:20:29.268,0,1,0,0,0
12:20:29.268,1,1,0,0,0
12:20:29.611,1,1,0,0,0
12:20:29.611,1,0,0,0,0
12:20:29.761,1,1,0,0,0
12:20:29.761,1,0,0,0,0
12:20:31.072,1,0,0,0,0
12:20:31.072,0,0,0,0,0
12:20:32.876,0,0,0,0,0
12:20:32.876,1,0,0,0,0
12:20:34.700,1,0,0,0,0
12:20:34.700,0,0,0,0,0
12:20:36.513,0,0,0,0,0
12:20:36.513,1,0,0,0,0
12:20:38.391,1,0,0,0,0
12:20:38.391,0,0,0,0,0
12:20:39.615,0,0,0,0,0
12:20:39.615,0,1,0,0,0
12:20:39.667,0,1,0,0,0
12:20:39.667,0,0,0,0,0
12:20:40.202,0,0,0,0,0
12:20:40.202,1,0,0,0,0
12:20:40.379,1,0,0,0,0
12:20:40.379,1,1,0,0,0
12:20:41.001,1,1,0,0,0
12:20:41.001,1,0,0,0,0
12:20:41.608,1,0,0,0,0
12:20:41.608,1,1,0,0,0
12:20:42.005,1,1,0,0,0
12:20:42.005,0,1,0,0,0
12:20:42.258,0,1,0,0,0
12:20:42.258,0,0,0,0,0
12:20:42.862,0,0,0,0,0
12:20:42.862,0,1,0,0,0
12:20:43.515,0,1,0,0,0
12:20:43.515,0,0,0,0,0
12:20:43.923,0,0,0,0,0
12:20:43.923,1,0,0,0,0
12:20:44.123,1,0,0,0,0
12:20:44.123,1,1,0,0,0
12:20:44.758,1,1,0,0,0
12:20:44.758,1,0,0,0,0
12:20:45.361,1,0,0,0,0
12:20:45.361,1,1,0,0,0
12:20:45.730,1,1,0,0,0
12:20:45.730,0,1,0,0,0
12:20:46.051,0,1,0,0,0
12:20:46.051,0,0,0,0,0
12:20:46.666,0,0,0,0,0
12:20:46.666,0,1,0,0,0
12:20:47.317,0,1,0,0,0
12:20:47.317,0,0,0,0,0
12:20:47.571,0,0,0,0,0
12:20:47.571,1,0,0,0,0
12:20:47.926,1,0,0,0,0
12:20:47.926,1,1,0,0,0
12:20:48.580,1,1,0,0,0
12:20:48.580,1,0,0,0,0
12:20:49.192,1,0,0,0,0
12:20:49.192,1,1,0,0,0
12:20:49.415,1,1,0,0,0
12:20:49.415,0,1,0,0,0
12:20:49.681,0,1,0,0,0
12:20:49.681,0,0,0,0,0
12:20:49.734,0,1,0,0,0
12:20:49.734,0,0,0,0,0
12:20:51.220,0,0,0,0,0
12:20:51.220,1,0,0,0,0
12:20:53.116,1,0,0,0,0
12:20:53.116,0,0,0,0,0
12:20:54.919,0,0,0,0,0
12:20:54.919,1,0,0,0,0
12:20:56.743,1,0,0,0,0
12:20:56.743,0,0,0,0,0
12:20:58.561,0,0,0,0,0
12:20:58.561,1,0,0,0,0
12:20:59.758,1,0,0,0,0
12:20:59.758,1,1,0,0,0
12:20:59.964,1,1,0,0,0
12:20:59.964,1,0,0,0,0
12:21:00.376,1,0,0,0,0
12:21:00.376,0,0,0,0,0
12:21:00.610,0,0,0,0,0
12:21:00.610,0,1,0,0,0
12:21:01.220,0,1,0,0,0
12:21:01.220,0,0,0,0,0
12:21:01.877,0,0,0,0,0
12:21:01.877,0,1,0,0,0
12:21:02.273,0,1,0,0,0
12:21:02.273,1,1,0,0,0
12:21:02.493,1,1,0,0,0
12:21:02.493,1,0,0,0,0
12:21:03.102,1,0,0,0,0
12:21:03.102,1,1,0,0,0
12:21:03.732,1,1,0,0,0
12:21:03.732,1,0,0,0,0
12:21:04.082,1,0,0,0,0
12:21:04.082,0,0,0,0,0
12:21:04.352,0,0,0,0,0
12:21:04.352,0,1,0,0,0
12:21:04.953,0,1,0,0,0
12:21:04.953,0,0,0,0,0
12:21:05.577,0,0,0,0,0
12:21:05.577,0,1,0,0,0
12:21:05.979,0,1,0,0,0
12:21:05.979,1,1,0,0,0
12:21:06.182,1,1,0,0,0
12:21:06.182,1,0,0,0,0
12:21:06.802,1,0,0,0,0
12:21:06.802,1,1,0,0,0
12:21:07.416,1,1,0,0,0
12:21:07.416,1,0,0,0,0
12:21:07.785,1,0,0,0,0
12:21:07.785,0,0,0,0,0
12:21:08.026,0,0,0,0,0
12:21:08.026,0,1,0,0,0
12:21:08.633,0,1,0,0,0
12:21:08.633,0,0,0,0,0
12:21:09.282,0,0,0,0,0
12:21:09.282,0,1,0,0,0
12:21:09.710,0,1,0,0,0
12:21:09.710,1,1,0,0,0
12:21:09.746,1,1,0,0,0
12:21:09.746,1,0,0,0,0
12:21:09.825,1,1,0,0,0
12:21:09.825,1,0,0,0,0
12:21:11.522,1,0,0,0,0
12:21:11.522,0,0,0,0,0
12:21:13.324,0,0,0,0,0
12:21:13.324,1,0,0,0,0
12:21:15.202,1,0,0,0,0
12:21:15.202,0,0,0,0,0
12:21:17.012,0,0,0,0,0
12:21:17.012,1,0,0,0,0
12:21:18.811,1,0,0,0,0
12:21:18.811,0,0,0,0,0
12:21:19.882,0,0,0,0,0
12:21:19.882,0,1,0,0,0
12:21:19.941,0,1,0,0,0
12:21:19.941,0,0,0,0,0
12:21:20.559,0,0,0,0,0
12:21:20.559,0,1,0,0,0
12:21:20.606,0,1,0,0,0
12:21:20.606,1,1,0,0,0
12:21:21.274,1,1,0,0,0
12:21:21.274,1,0,0,0,0
12:21:21.917,1,0,0,0,0
12:21:21.917,1,1,0,0,0
12:21:22.475,1,1,0,0,0
12:21:22.475,0,1,0,0,0
12:21:22.526,0,1,0,0,0
12:21:22.526,0,0,0,0,0
12:21:23.130,0,0,0,0,0
12:21:23.130,0,1,0,0,0
12:21:23.731,0,1,0,0,0
12:21:23.731,0,0,0,0,0
12:21:24.286,0,0,0,0,0
12:21:24.286,1,0,0,0,0
12:21:24.496,1,0,0,0,0
12:21:24.496,1,1,0,0,0
12:21:25.107,1,1,0,0,0
12:21:25.107,1,0,0,0,0
12:21:25.716,1,0,0,0,0
12:21:25.716,1,1,0,0,0
12:21:26.097,1,1,0,0,0
12:21:26.097,0,1,0,0,0
12:21:26.334,0,1,0,0,0
12:21:26.334,0,0,0,0,0
12:21:26.942,0,0,0,0,0
12:21:26.942,0,1,0,0,0
12:21:27.542,0,1,0,0,0
12:21:27.542,0,0,0,0,0
12:21:27.904,0,0,0,0,0
12:21:27.904,1,0,0,0,0
12:21:28.160,1,0,0,0,0
12:21:28.160,1,1,0,0,0
12:21:28.763,1,1,0,0,0
12:21:28.763,1,0,0,0,0
12:21:29.368,1,0,0,0,0
12:21:29.368,1,1,0,0,0
12:21:29.704,1,1,0,0,0
12:21:29.704,0,1,0,0,0
12:21:30.085,0,1,0,0,0
12:21:30.085,0,0,0,0,0
12:21:30.085,0,1,0,0,0
12:21:30.085,0,0,0,0,0
12:21:30.496,0,1,0,0,0
12:21:30.496,0,0,0,0,0
12:21:31.515,0,0,0,0,0
12:21:31.515,1,0,0,0,0
12:21:33.385,1,0,0,0,0
12:21:33.385,0,0,0,0,0
12:21:35.195,0,0,0,0,0
12:21:35.195,1,0,0,0,0
12:21:37.087,1,0,0,0,0
12:21:37.087,0,0,0,0,0
12:21:38.907,0,0,0,0,0
12:21:38.907,1,0,0,0,0
12:21:39.978,1,0,0,0,0
12:21:39.978,1,1,0,0,0
12:21:40.185,1,1,0,0,0
12:21:40.185,1,0,0,0,0
12:21:40.794,1,0,0,0,0
12:21:40.794,0,0,0,0,0
12:21:40.796,0,0,0,0,0
12:21:40.796,0,1,0,0,0
12:21:41.404,0,1,0,0,0
12:21:41.404,0,0,0,0,0
12:21:42.026,0,0,0,0,0
12:21:42.026,0,1,0,0,0
12:21:42.602,0,1,0,0,0
12:21:42.602,1,1,0,0,0
12:21:42.633,1,1,0,0,0
12:21:42.633,1,0,0,0,0
12:21:43.290,1,0,0,0,0
12:21:43.290,1,1,0,0,0
12:21:43.891,1,1,0,0,0
12:21:43.891,1,0,0,0,0
12:21:44.412,1,0,0,0,0
12:21:44.412,0,0,0,0,0
12:21:44.608,0,0,0,0,0
12:21:44.608,0,1,0,0,0
12:21:45.222,0,1,0,0,0
12:21:45.222,0,0,0,0,0
12:21:45.836,0,0,0,0,0
12:21:45.836,0,1,0,0,0
12:21:46.219,0,1,0,0,0
12:21:46.219,1,1,0,0,0
12:21:46.441,1,1,0,0,0
12:21:46.441,1,0,0,0,0
12:21:47.051,1,0,0,0,0
12:21:47.051,1,1,0,0,0
12:21:47.685,1,1,0,0,0
12:21:47.685,1,0,0,0,0
12:21:48.084,1,0,0,0,0
12:21:48.084,0,0,0,0,0
12:21:48.305,0,0,0,0,0
12:21:48.305,0,1,0,0,0
12:21:48.950,0,1,0,0,0
12:21:48.950,0,0,0,0,0
12:21:49.563,0,0,0,0,0
12:21:49.563,0,1,0,0,0
12:21:49.897,0,1,0,0,0
12:21:49.897,1,1,0,0,0
12:21:50.077,1,1,0,0,0
12:21:50.077,1,0,0,0,0
12:21:50.325,1,1,0,0,0
12:21:50.325,1,0,0,0,0
12:21:51.711,1,0,0,0,0
12:21:51.711,0,0,0,0,0
12:21:53.525,0,0,0,0,0
12:21:53.525,1,0,0,0,0
12:21:55.417,1,0,0,0,0
12:21:55.417,0,0,0,0,0
12:21:57.234,0,0,0,0,0
12:21:57.234,1,0,0,0,0
12:21:59.112,1,0,0,0,0
12:21:59.112,0,0,0,0,0
12:22:00.060,0,0,0,0,0
12:22:00.060,0,1,0,0,0
12:22:00.269,0,1,0,0,0
12:22:00.269,0,0,0,0,0
12:22:00.883,0,0,0,0,0
12:22:00.883,0,1,0,0,0
12:22:00.933,0,1,0,0,0
12:22:00.933,1,1,0,0,0
12:22:01.487,1,1,0,0,0
12:22:01.487,1,0,0,0,0
12:22:02.118,1,0,0,0,0
12:22:02.118,1,1,0,0,0
12:22:02.725,1,1,0,0,0
12:22:02.725,1,0,0,0,0
12:22:02.773,1,0,0,0,0
12:22:02.773,0,0,0,0,0
12:22:03.361,0,0,0,0,0
12:22:03.361,0,1,0,0,0
12:22:03.971,0,1,0,0,0
12:22:03.971,0,0,0,0,0
12:22:04.623,0,0,0,0,0
12:22:04.623,0,1,0,0,0
12:22:04.625,0,1,0,0,0
12:22:04.625,1,1,0,0,0
12:22:05.224,1,1,0,0,0
12:22:05.224,1,0,0,0,0
12:22:05.877,1,0,0,0,0
12:22:05.877,1,1,0,0,0
12:22:06.439,1,1,0,0,0
12:22:06.439,0,1,0,0,0
12:22:06.486,0,1,0,0,0
12:22:06.486,0,0,0,0,0
12:22:07.099,0,0,0,0,0
12:22:07.099,0,1,0,0,0
12:22:07.749,0,1,0,0,0
12:22:07.749,0,0,0,0,0
12:22:08.306,0,0,0,0,0
12:22:08.306,1,0,0,0,0
12:22:08.350,1,0,0,0,0
12:22:08.350,1,1,0,0,0
12:22:09.006,1,1,0,0,0
12:22:09.006,1,0,0,0,0
12:22:09.613,1,0,0,0,0
12:22:09.613,1,1,0,0,0
12:22:10.110,1,1,0,0,0
12:22:10.110,0,1,0,0,0
12:22:10.296,0,1,0,0,0
12:22:10.296,0,0,0,0,0
12:22:10.296,0,1,0,0,0
12:22:10.296,0,0,0,0,0
12:22:10.603,0,1,0,0,0
12:22:10.603,0,0,0,0,0
12:22:11.924,0,0,0,0,0
12:22:11.924,1,0,0,0,0
12:22:13.733,1,0,0,0,0
12:22:13.733,0,0,0,0,0
12:22:15.593,0,0,0,0,0
12:22:15.593,1,0,0,0,0
12:22:17.403,1,0,0,0,0
12:22:17.403,0,0,0,0,0
12:22:19.289,0,0,0,0,0
12:22:19.289,1,0,0,0,0
12:22:20.252,1,0,0,0,0
12:22:20.252,1,1,0,0,0
12:22:20.577,1,1,0,0,0
12:22:20.577,1,0,0,0,0
12:22:21.095,1,0,0,0,0
12:22:21.095,0,0,0,0,0
12:22:21.291,0,0,0,0,0
12:22:21.291,0,1,0,0,0
12:22:21.893,0,1,0,0,0
12:22:21.893,0,0,0,0,0
12:22:22.506,0,0,0,0,0
12:22:22.506,0,1,0,0,0
12:22:22.910,0,1,0,0,0
12:22:22.910,1,1,0,0,0
12:22:23.153,1,1,0,0,0
12:22:23.153,1,0,0,0,0
12:22:23.800,1,0,0,0,0
12:22:23.800,1,1,0,0,0
12:22:24.404,1,1,0,0,0
12:22:24.404,1,0,0,0,0
12:22:24.805,1,0,0,0,0
12:22:24.805,0,0,0,0,0
12:22:25.017,0,0,0,0,0
12:22:25.017,0,1,0,0,0
12:22:25.628,0,1,0,0,0
12:22:25.628,0,0,0,0,0
12:22:26.231,0,0,0,0,0
12:22:26.231,0,1,0,0,0
12:22:26.617,0,1,0,0,0
12:22:26.617,1,1,0,0,0
12:22:26.839,1,1,0,0,0
12:22:26.839,1,0,0,0,0
12:22:27.453,1,0,0,0,0
12:22:27.453,1,1,0,0,0
12:22:28.099,1,1,0,0,0
12:22:28.099,1,0,0,0,0
12:22:28.505,1,0,0,0,0
12:22:28.505,0,0,0,0,0
12:22:28.710,0,0,0,0,0
12:22:28.710,0,1,0,0,0
12:22:29.368,0,1,0,0,0
12:22:29.368,0,0,0,0,0
12:22:29.984,0,0,0,0,0
12:22:29.984,0,1,0,0,0
12:22:30.300,0,1,0,0,0
12:22:30.300,0,0,0,0,0
12:22:30.332,0,0,0,0,0
12:22:30.332,1,0,0,0,0
12:22:30.475,1,1,0,0,0
12:22:30.475,1,0,0,0,0
12:22:32.152,1,0,0,0,0
12:22:32.152,0,0,0,0,0
12:22:33.972,0,0,0,0,0
12:22:33.972,1,0,0,0,0
12:22:35.779,1,0,0,0,0
12:22:35.779,0,0,0,0,0
12:22:37.626,0,0,0,0,0
12:22:37.626,1,0,0,0,0
12:22:39.428,1,0,0,0,0
12:22:39.428,0,0,0,0,0
12:22:40.351,0,0,0,0,0
12:22:40.351,0,1,0,0,0
12:22:40.409,0,1,0,0,0
12:22:40.409,0,0,0,0,0
12:22:41.102,0,0,0,0,0
12:22:41.102,0,1,0,0,0
12:22:41.266,0,1,0,0,0
12:22:41.266,1,1,0,0,0
12:22:41.717,1,1,0,0,0
12:22:41.717,1,0,0,0,0
12:22:42.319,1,0,0,0,0
12:22:42.319,1,1,0,0,0
12:22:42.961,1,1,0,0,0
12:22:42.961,1,0,0,0,0
12:22:43.150,1,0,0,0,0
12:22:43.150,0,0,0,0,0
12:22:43.569,0,0,0,0,0
12:22:43.569,0,1,0,0,0
12:22:44.229,0,1,0,0,0
12:22:44.229,0,0,0,0,0
12:22:44.843,0,0,0,0,0
12:22:44.843,0,1,0,0,0
12:22:45.001,0,1,0,0,0
12:22:45.001,1,1,0,0,0
12:22:45.493,1,1,0,0,0
12:22:45.493,1,0,0,0,0
12:22:46.103,1,0,0,0,0
12:22:46.103,1,1,0,0,0
12:22:46.743,1,1,0,0,0
12:22:46.743,1,0,0,0,0
12:22:46.928,1,0,0,0,0
12:22:46.928,0,0,0,0,0
12:22:47.354,0,0,0,0,0
12:22:47.354,0,1,0,0,0
12:22:48.002,0,1,0,0,0
12:22:48.002,0,0,0,0,0
12:22:48.617,0,0,0,0,0
12:22:48.617,0,1,0,0,0
12:22:48.859,0,1,0,0,0
12:22:48.859,1,1,0,0,0
12:22:49.284,1,1,0,0,0
12:22:49.284,1,0,0,0,0
12:22:49.891,1,0,0,0,0
12:22:49.891,1,1,0,0,0
12:22:50.509,1,1,0,0,0
12:22:50.509,1,0,0,0,0
12:22:50.556,1,1,0,0,0
12:22:50.556,1,0,0,0,0
12:22:50.777,1,0,0,0,0
12:22:50.777,0,0,0,0,0
12:22:50.873,0,1,0,0,0
12:22:50.873,0,0,0,0,0
12:22:52.624,0,0,0,0,0
12:22:52.624,1,0,0,0,0
12:22:54.439,1,0,0,0,0
12:22:54.439,0,0,0,0,0
12:22:56.285,0,0,0,0,0
12:22:56.285,1,0,0,0,0
12:22:58.090,1,0,0,0,0
12:22:58.090,0,0,0,0,0
12:22:59.890,0,0,0,0,0
12:22:59.890,1,0,0,0,0
12:23:00.528,1,0,0,0,0
12:23:00.528,1,1,0,0,0
12:23:00.734,1,1,0,0,0
12:23:00.734,1,0,0,0,0
12:23:01.434,1,0,0,0,0
12:23:01.434,1,1,0,0,0
12:23:01.815,1,1,0,0,0
12:23:01.815,0,1,0,0,0
12:23:02.054,0,1,0,0,0
12:23:02.054,0,0,0,0,0
12:23:02.666,0,0,0,0,0
12:23:02.666,0,1,0,0,0
12:23:03.280,0,1,0,0,0
12:23:03.280,0,0,0,0,0
12:23:03.628,0,0,0,0,0
12:23:03.628,1,0,0,0,0
12:23:03.969,1,0,0,0,0
12:23:03.969,1,1,0,0,0
12:23:04.585,1,1,0,0,0
12:23:04.585,1,0,0,0,0
12:23:05.252,1,0,0,0,0
12:23:05.252,1,1,0,0,0
12:23:05.442,1,1,0,0,0
12:23:05.442,0,1,0,0,0
12:23:05.857,0,1,0,0,0
12:23:05.857,0,0,0,0,0
12:23:06.514,0,0,0,0,0
12:23:06.514,0,1,0,0,0
12:23:07.122,0,1,0,0,0
12:23:07.122,0,0,0,0,0
12:23:07.347,0,0,0,0,0
12:23:07.347,1,0,0,0,0
12:23:07.781,1,0,0,0,0
12:23:07.781,1,1,0,0,0
12:23:08.394,1,1,0,0,0
12:23:08.394,1,0,0,0,0
12:23:09.007,1,0,0,0,0
12:23:09.007,1,1,0,0,0
12:23:09.221,1,1,0,0,0
12:23:09.221,0,1,0,0,0
12:23:09.619,0,1,0,0,0
12:23:09.619,0,0,0,0,0
12:23:10.278,0,0,0,0,0
12:23:10.278,0,1,0,0,0
12:23:10.687,0,1,0,0,0
12:23:10.687,0,0,0,0,0
12:23:10.941,0,1,0,0,0
12:23:10.941,0,0,0,0,0
12:23:11.164,0,0,0,0,0
12:23:11.164,1,0,0,0,0
12:23:12.972,1,0,0,0,0
12:23:12.972,0,0,0,0,0
12:23:14.864,0,0,0,0,0
12:23:14.864,1,0,0,0,0
12:23:16.670,1,0,0,0,0
12:23:16.670,0,0,0,0,0
12:23:18.537,0,0,0,0,0
12:23:18.537,1,0,0,0,0
12:23:20.344,1,0,0,0,0
12:23:20.344,0,0,0,0,0
12:23:20.632,0,0,0,0,0
12:23:20.632,0,1,0,0,0
12:23:20.657,0,1,0,0,0
12:23:20.657,0,0,0,0,0
12:23:21.270,0,0,0,0,0
12:23:21.270,0,1,0,0,0
12:23:21.933,0,1,0,0,0
12:23:21.933,0,0,0,0,0
12:23:22.179,0,0,0,0,0
12:23:22.179,1,0,0,0,0
12:23:22.549,1,0,0,0,0
12:23:22.549,1,1,0,0,0
12:23:23.184,1,1,0,0,0
12:23:23.184,1,0,0,0,0
12:23:23.807,1,0,0,0,0
12:23:23.807,1,1,0,0,0
12:23:23.987,1,1,0,0,0
12:23:23.987,0,1,0,0,0
12:23:24.413,0,1,0,0,0
12:23:24.413,0,0,0,0,0
12:23:25.051,0,0,0,0,0
12:23:25.051,0,1,0,0,0
12:23:25.672,0,1,0,0,0
12:23:25.672,0,0,0,0,0
12:23:25.863,0,0,0,0,0
12:23:25.863,1,0,0,0,0
12:23:26.274,1,0,0,0,0
12:23:26.274,1,1,0,0,0
12:23:26.882,1,1,0,0,0
12:23:26.882,1,0,0,0,0
12:23:27.493,1,0,0,0,0
12:23:27.493,1,1,0,0,0
12:23:27.734,1,1,0,0,0
12:23:27.734,0,1,0,0,0
12:23:28.132,0,1,0,0,0
12:23:28.132,0,0,0,0,0
12:23:28.745,0,0,0,0,0
12:23:28.745,0,1,0,0,0
12:23:29.410,0,1,0,0,0
12:23:29.410,0,0,0,0,0
12:23:29.623,0,0,0,0,0
12:23:29.623,1,0,0,0,0
12:23:30.018,1,0,0,0,0
12:23:30.018,1,1,0,0,0
12:23:30.645,1,1,0,0,0
12:23:30.645,1,0,0,0,0
12:23:30.674,1,1,0,0,0
12:23:30.674,1,0,0,0,0
12:23:30.710,1,1,0,0,0
12:23:30.710,1,0,0,0,0
12:23:31.452,1,0,0,0,0
12:23:31.452,0,0,0,0,0
12:23:33.253,0,0,0,0,0
12:23:33.253,1,0,0,0,0
12:23:35.065,1,0,0,0,0
12:23:35.065,0,0,0,0,0
12:23:36.941,0,0,0,0,0
12:23:36.941,1,0,0,0,0
12:23:38.752,1,0,0,0,0
12:23:38.752,0,0,0,0,0
12:23:40.646,0,0,0,0,0
12:23:40.646,1,0,0,0,0
12:23:40.828,1,0,0,0,0
12:23:40.828,1,1,0,0,0
12:23:40.907,1,1,0,0,0
12:23:40.907,1,0,0,0,0
12:23:41.521,1,0,0,0,0
12:23:41.521,1,1,0,0,0
12:23:42.125,1,1,0,0,0
12:23:42.125,1,0,0,0,0
12:23:42.459,1,0,0,0,0
12:23:42.459,0,0,0,0,0
12:23:42.860,0,0,0,0,0
12:23:42.860,0,1,0,0,0
12:23:43.464,0,1,0,0,0
12:23:43.464,0,0,0,0,0
12:23:44.092,0,0,0,0,0
12:23:44.092,0,1,0,0,0
12:23:44.297,0,1,0,0,0
12:23:44.297,1,1,0,0,0
12:23:44.698,1,1,0,0,0
12:23:44.698,1,0,0,0,0
12:23:45.303,1,0,0,0,0
12:23:45.303,1,1,0,0,0
12:23:45.909,1,1,0,0,0
12:23:45.909,1,0,0,0,0
12:23:46.115,1,0,0,0,0
12:23:46.115,0,0,0,0,0
12:23:46.514,0,0,0,0,0
12:23:46.514,0,1,0,0,0
12:23:47.154,0,1,0,0,0
12:23:47.154,0,0,0,0,0
12:23:47.769,0,0,0,0,0
12:23:47.769,0,1,0,0,0
12:23:47.960,0,1,0,0,0
12:23:47.960,1,1,0,0,0
12:23:48.370,1,1,0,0,0
12:23:48.370,1,0,0,0,0
12:23:48.975,1,0,0,0,0
12:23:48.975,1,1,0,0,0
12:23:49.610,1,1,0,0,0
12:23:49.610,1,0,0,0,0
12:23:49.773,1,0,0,0,0
12:23:49.773,0,0,0,0,0
12:23:50.215,0,0,0,0,0
12:23:50.215,0,1,0,0,0
12:23:50.945,0,1,0,0,0
12:23:50.945,0,0,0,0,0
12:23:50.945,0,1,0,0,0
12:23:50.945,0,0,0,0,0
12:23:51.022,0,1,0,0,0
12:23:51.022,0,0,0,0,0
12:23:51.583,0,0,0,0,0
12:23:51.583,1,0,0,0,0
12:23:53.393,1,0,0,0,0
12:23:53.393,0,0,0,0,0
12:23:55.219,0,0,0,0,0
12:23:55.219,1,0,0,0,0
12:23:57.032,1,0,0,0,0
12:23:57.032,0,0,0,0,0
12:23:58.906,0,0,0,0,0
12:23:58.906,1,0,0,0,0
12:24:00.710,1,0,0,0,0
12:24:00.710,0,0,0,0,0
12:24:00.885,0,0,0,0,0
12:24:00.885,0,1,0,0,0
12:24:01.075,0,1,0,0,0
12:24:01.075,0,0,0,0,0
12:24:01.762,0,0,0,0,0
12:24:01.762,0,1,0,0,0
12:24:02.364,0,1,0,0,0
12:24:02.364,0,0,0,0,0
12:24:02.587,0,0,0,0,0
12:24:02.587,1,0,0,0,0
12:24:03.010,1,0,0,0,0
12:24:03.010,1,1,0,0,0
12:24:03.626,1,1,0,0,0
12:24:03.626,1,0,0,0,0
12:24:04.263,1,0,0,0,0
12:24:04.263,1,1,0,0,0
12:24:04.460,1,1,0,0,0
12:24:04.460,0,1,0,0,0
12:24:04.871,0,1,0,0,0
12:24:04.871,0,0,0,0,0
12:24:05.528,0,0,0,0,0
12:24:05.528,0,1,0,0,0
12:24:06.140,0,1,0,0,0
12:24:06.140,0,0,0,0,0
12:24:06.379,0,0,0,0,0
12:24:06.379,1,0,0,0,0
12:24:06.750,1,0,0,0,0
12:24:06.750,1,1,0,0,0
12:24:07.353,1,1,0,0,0
12:24:07.353,1,0,0,0,0
12:24:07.998,1,0,0,0,0
12:24:07.998,1,1,0,0,0
12:24:08.192,1,1,0,0,0
12:24:08.192,0,1,0,0,0
12:24:08.603,0,1,0,0,0
12:24:08.603,0,0,0,0,0
12:24:09.242,0,0,0,0,0
12:24:09.242,0,1,0,0,0
12:24:09.860,0,1,0,0,0
12:24:09.860,0,0,0,0,0
12:24:10.087,0,0,0,0,0
12:24:10.087,1,0,0,0,0
12:24:10.515,1,0,0,0,0
12:24:10.515,1,1,0,0,0
12:24:10.903,1,1,0,0,0
12:24:10.903,1,0,0,0,0
12:24:10.958,1,1,0,0,0
12:24:10.958,1,0,0,0,0
12:24:11.900,1,0,0,0,0
12:24:11.900,0,0,0,0,0
12:24:13.706,0,0,0,0,0
12:24:13.706,1,0,0,0,0
12:24:15.569,1,0,0,0,0
12:24:15.569,0,0,0,0,0
12:24:17.379,0,0,0,0,0
12:24:17.379,1,0,0,0,0
12:24:19.236,1,0,0,0,0
12:24:19.236,0,0,0,0,0
12:24:21.012,0,0,0,0,0
12:24:21.012,0,1,0,0,0
12:24:21.052,0,1,0,0,0
12:24:21.052,1,1,0,0,0
12:24:21.147,1,1,0,0,0
12:24:21.147,1,0,0,0,0
12:24:21.769,1,0,0,0,0
12:24:21.769,1,1,0,0,0
12:24:22.370,1,1,0,0,0
12:24:22.370,1,0,0,0,0
12:24:22.868,1,0,0,0,0
12:24:22.868,0,0,0,0,0
12:24:23.075,0,0,0,0,0
12:24:23.075,0,1,0,0,0
12:24:23.698,0,1,0,0,0
12:24:23.698,0,0,0,0,0
12:24:24.297,0,0,0,0,0
12:24:24.297,0,1,0,0,0
12:24:24.715,0,1,0,0,0
12:24:24.715,1,1,0,0,0
12:24:24.918,1,1,0,0,0
12:24:24.918,1,0,0,0,0
12:24:25.544,1,0,0,0,0
12:24:25.544,1,1,0,0,0
12:24:26.179,1,1,0,0,0
12:24:26.179,1,0,0,0,0
12:24:26.527,1,0,0,0,0
12:24:26.527,0,0,0,0,0
12:24:26.798,0,0,0,0,0
12:24:26.798,0,1,0,0,0
12:24:27.401,0,1,0,0,0
12:24:27.401,0,0,0,0,0
12:24:28.056,0,0,0,0,0
12:24:28.056,0,1,0,0,0
12:24:28.467,0,1,0,0,0
12:24:28.467,1,1,0,0,0
12:24:28.678,1,1,0,0,0
12:24:28.678,1,0,0,0,0
12:24:29.300,1,0,0,0,0
12:24:29.300,1,1,0,0,0
12:24:29.917,1,1,0,0,0
12:24:29.917,1,0,0,0,0
12:24:30.280,1,0,0,0,0
12:24:30.280,0,0,0,0,0
12:24:30.524,0,0,0,0,0
12:24:30.524,0,1,0,0,0
12:24:31.048,0,1,0,0,0
12:24:31.048,0,0,0,0,0
12:24:31.412,0,1,0,0,0
12:24:31.412,0,0,0,0,0
12:24:32.118,0,0,0,0,0
12:24:32.118,1,0,0,0,0
12:24:33.928,1,0,0,0,0
12:24:33.928,0,0,0,0,0
12:24:35.778,0,0,0,0,0
12:24:35.778,1,0,0,0,0
12:24:37.585,1,0,0,0,0
12:24:37.585,0,0,0,0,0
12:24:39.386,0,0,0,0,0
12:24:39.386,1,0,0,0,0
12:24:41.111,1,0,0,0,0
12:24:41.111,1,1,0,0,0
12:24:41.128,1,1,0,0,0
12:24:41.128,1,0,0,0,0
12:24:41.254,1,0,0,0,0
12:24:41.254,0,0,0,0,0
12:24:41.734,0,0,0,0,0
12:24:41.734,0,1,0,0,0
12:24:42.338,0,1,0,0,0
12:24:42.338,0,0,0,0,0
12:24:42.940,0,0,0,0,0
12:24:42.940,0,1,0,0,0
12:24:43.123,0,1,0,0,0
12:24:43.123,1,1,0,0,0
12:24:43.549,1,1,0,0,0
12:24:43.549,1,0,0,0,0
12:24:44.192,1,0,0,0,0
12:24:44.192,1,1,0,0,0
12:24:44.809,1,1,0,0,0
12:24:44.809,1,0,0,0,0
12:24:45.034,1,0,0,0,0
12:24:45.034,0,0,0,0,0
12:24:45.411,0,0,0,0,0
12:24:45.411,0,1,0,0,0
12:24:46.020,0,1,0,0,0
12:24:46.020,0,0,0,0,0
12:24:46.648,0,0,0,0,0
12:24:46.648,0,1,0,0,0
12:24:46.844,0,1,0,0,0
12:24:46.844,1,1,0,0,0
12:24:47.256,1,1,0,0,0
12:24:47.256,1,0,0,0,0
12:24:47.870,1,0,0,0,0
12:24:47.870,1,1,0,0,0
12:24:48.488,1,1,0,0,0
12:24:48.488,1,0,0,0,0
12:24:48.689,1,0,0,0,0
12:24:48.689,0,0,0,0,0
12:24:49.096,0,0,0,0,0
12:24:49.096,0,1,0,0,0
12:24:49.706,0,1,0,0,0
12:24:49.706,0,0,0,0,0
12:24:50.312,0,0,0,0,0
12:24:50.312,0,1,0,0,0
12:24:50.540,0,1,0,0,0
12:24:50.540,1,1,0,0,0
12:24:50.918,1,1,0,0,0
12:24:50.918,1,0,0,0,0
12:24:51.152,1,1,0,0,0
12:24:51.152,1,0,0,0,0
12:24:51.408,1,1,0,0,0
12:24:51.408,1,0,0,0,0
12:24:52.351,1,0,0,0,0
12:24:52.351,0,0,0,0,0
12:24:54.160,0,0,0,0,0
12:24:54.160,1,0,0,0,0
12:24:56.044,1,0,0,0,0
12:24:56.044,0,0,0,0,0
12:24:57.859,0,0,0,0,0
12:24:57.859,1,0,0,0,0
12:24:59.732,1,0,0,0,0
12:24:59.732,0,0,0,0,0
12:25:01.225,0,0,0,0,0
12:25:01.225,0,1,0,0,0
12:25:01.268,0,1,0,0,0
12:25:01.268,0,0,0,0,0
12:25:01.550,0,0,0,0,0
12:25:01.550,1,0,0,0,0
12:25:01.879,1,0,0,0,0
12:25:01.879,1,1,0,0,0
12:25:02.484,1,1,0,0,0
12:25:02.484,1,0,0,0,0
12:25:03.087,1,0,0,0,0
12:25:03.087,1,1,0,0,0
12:25:03.473,1,1,0,0,0
12:25:03.473,0,1,0,0,0
12:25:03.723,0,1,0,0,0
12:25:03.723,0,0,0,0,0
12:25:04.328,0,0,0,0,0
12:25:04.328,0,1,0,0,0
12:25:04.940,0,1,0,0,0
12:25:04.940,0,0,0,0,0
12:25:05.288,0,0,0,0,0
12:25:05.288,1,0,0,0,0
12:25:05.551,1,0,0,0,0
12:25:05.551,1,1,0,0,0
12:25:06.169,1,1,0,0,0
12:25:06.169,1,0,0,0,0
12:25:06.838,1,0,0,0,0
12:25:06.838,1,1,0,0,0
12:25:07.107,1,1,0,0,0
12:25:07.107,0,1,0,0,0
12:25:07.455,0,1,0,0,0
12:25:07.455,0,0,0,0,0
12:25:08.107,0,0,0,0,0
12:25:08.107,0,1,0,0,0
12:25:08.724,0,1,0,0,0
12:25:08.724,0,0,0,0,0
12:25:08.967,0,0,0,0,0
12:25:08.967,1,0,0,0,0
12:25:09.373,1,0,0,0,0
12:25:09.373,1,1,0,0,0
12:25:09.987,1,1,0,0,0
12:25:09.987,1,0,0,0,0
12:25:10.592,1,0,0,0,0
12:25:10.592,1,1,0,0,0
12:25:10.775,1,1,0,0,0
12:25:10.775,0,1,0,0,0
12:25:11.199,0,1,0,0,0
12:25:11.199,0,0,0,0,0
12:25:11.293,0,1,0,0,0
12:25:11.293,0,0,0,0,0
12:25:11.361,0,1,0,0,0
12:25:11.361,0,0,0,0,0
12:25:12.685,0,0,0,0,0
12:25:12.685,1,0,0,0,0
12:25:14.493,1,0,0,0,0
12:25:14.493,0,0,0,0,0
12:25:16.305,0,0,0,0,0
12:25:16.305,1,0,0,0,0
12:25:18.116,1,0,0,0,0
12:25:18.116,0,0,0,0,0
12:25:19.920,0,0,0,0,0
12:25:19.920,1,0,0,0,0
12:25:21.388,1,0,0,0,0
12:25:21.388,1,1,0,0,0
12:25:21.669,1,1,0,0,0
12:25:21.669,1,0,0,0,0
12:25:21.760,1,0,0,0,0
12:25:21.760,0,0,0,0,0
12:25:22.272,0,0,0,0,0
12:25:22.272,0,1,0,0,0
12:25:22.879,0,1,0,0,0
12:25:22.879,0,0,0,0,0
12:25:23.479,0,0,0,0,0
12:25:23.479,0,1,0,0,0
12:25:23.618,0,1,0,0,0
12:25:23.618,1,1,0,0,0
12:25:24.119,1,1,0,0,0
12:25:24.119,1,0,0,0,0
12:25:24.722,1,0,0,0,0
12:25:24.722,1,1,0,0,0
12:25:25.323,1,1,0,0,0
12:25:25.323,1,0,0,0,0
12:25:25.419,1,0,0,0,0
12:25:25.419,0,0,0,0,0
12:25:26.000,0,0,0,0,0
12:25:26.000,0,1,0,0,0
12:25:26.605,0,1,0,0,0
12:25:26.605,0,0,0,0,0
12:25:27.215,0,0,0,0,0
12:25:27.215,0,1,0,0,0
12:25:27.266,0,1,0,0,0
12:25:27.266,1,1,0,0,0
12:25:27.831,1,1,0,0,0
12:25:27.831,1,0,0,0,0
12:25:28.487,1,0,0,0,0
12:25:28.487,1,1,0,0,0
12:25:29.080,1,1,0,0,0
12:25:29.080,0,1,0,0,0
12:25:29.128,0,1,0,0,0
12:25:29.128,0,0,0,0,0
12:25:29.728,0,0,0,0,0
12:25:29.728,0,1,0,0,0
12:25:30.337,0,1,0,0,0
12:25:30.337,0,0,0,0,0
12:25:30.984,0,0,0,0,0
12:25:30.984,1,0,0,0,0
12:25:30.984,1,0,0,0,0
12:25:30.984,1,1,0,0,0
12:25:31.423,1,1,0,0,0
12:25:31.423,1,0,0,0,0
12:25:31.848,1,1,0,0,0
12:25:31.848,1,0,0,0,0
12:25:32.784,1,0,0,0,0
12:25:32.784,0,0,0,0,0
12:25:34.584,0,0,0,0,0
12:25:34.584,1,0,0,0,0
12:25:36.411,1,0,0,0,0
12:25:36.411,0,0,0,0,0
12:25:38.225,0,0,0,0,0
12:25:38.225,1,0,0,0,0
12:25:40.032,1,0,0,0,0
12:25:40.032,0,0,0,0,0
12:25:41.523,0,0,0,0,0
12:25:41.523,0,1,0,0,0
12:25:41.730,0,1,0,0,0
12:25:41.730,0,0,0,0,0
12:25:41.857,0,0,0,0,0
12:25:41.857,1,0,0,0,0
12:25:42.352,1,0,0,0,0
12:25:42.352,1,1,0,0,0
12:25:42.957,1,1,0,0,0
12:25:42.957,1,0,0,0,0
12:25:43.580,1,0,0,0,0
12:25:43.580,1,1,0,0,0
12:25:43.773,1,1,0,0,0
12:25:43.773,0,1,0,0,0
12:25:44.183,0,1,0,0,0
12:25:44.183,0,0,0,0,0
12:25:44.793,0,0,0,0,0
12:25:44.793,0,1,0,0,0
12:25:45.442,0,1,0,0,0
12:25:45.442,0,0,0,0,0
12:25:45.627,0,0,0,0,0
12:25:45.627,1,0,0,0,0
12:25:46.050,1,0,0,0,0
12:25:46.050,1,1,0,0,0
12:25:46.687,1,1,0,0,0
12:25:46.687,1,0,0,0,0
12:25:47.293,1,0,0,0,0
12:25:47.293,1,1,0,0,0
12:25:47.434,1,1,0,0,0
12:25:47.434,0,1,0,0,0
12:25:47.908,0,1,0,0,0
12:25:47.908,0,0,0,0,0
12:25:48.528,0,0,0,0,0
12:25:48.528,0,1,0,0,0
12:25:49.134,0,1,0,0,0
12:25:49.134,0,0,0,0,0
12:25:49.357,0,0,0,0,0
12:25:49.357,1,0,0,0,0
12:25:49.763,1,0,0,0,0
12:25:49.763,1,1,0,0,0
12:25:50.369,1,1,0,0,0
12:25:50.369,1,0,0,0,0
12:25:51.023,1,0,0,0,0
12:25:51.023,1,1,0,0,0
12:25:51.179,1,1,0,0,0
12:25:51.179,0,1,0,0,0
12:25:51.527,0,1,0,0,0
12:25:51.527,0,0,0,0,0
12:25:51.581,0,1,0,0,0
12:25:51.581,0,0,0,0,0
12:25:52.985,0,0,0,0,0
12:25:52.985,1,0,0,0,0
12:25:54.863,1,0,0,0,0
12:25:54.863,0,0,0,0,0
12:25:56.673,0,0,0,0,0
12:25:56.673,1,0,0,0,0
12:25:58.560,1,0,0,0,0
12:25:58.560,0,0,0,0,0
12:26:00.373,0,0,0,0,0
12:26:00.373,1,0,0,0,0
12:26:01.567,1,0,0,0,0
12:26:01.567,1,1,0,0,0
12:26:01.960,1,1,0,0,0
12:26:01.960,1,0,0,0,0
12:26:02.200,1,0,0,0,0
12:26:02.200,0,0,0,0,0
12:26:02.572,0,0,0,0,0
12:26:02.572,0,1,0,0,0
12:26:03.190,0,1,0,0,0
12:26:03.190,0,0,0,0,0
12:26:03.795,0,0,0,0,0
12:26:03.795,0,1,0,0,0
12:26:04.128,0,1,0,0,0
12:26:04.128,1,1,0,0,0
12:26:04.511,1,1,0,0,0
12:26:04.511,1,0,0,0,0
12:26:05.115,1,0,0,0,0
12:26:05.115,1,1,0,0,0
12:26:05.722,1,1,0,0,0
12:26:05.722,1,0,0,0,0
12:26:05.942,1,0,0,0,0
12:26:05.942,0,0,0,0,0
12:26:06.339,0,0,0,0,0
12:26:06.339,0,1,0,0,0
12:26:06.946,0,1,0,0,0
12:26:06.946,0,0,0,0,0
12:26:07.555,0,0,0,0,0
12:26:07.555,0,1,0,0,0
12:26:07.749,0,1,0,0,0
12:26:07.749,1,1,0,0,0
12:26:08.171,1,1,0,0,0
12:26:08.171,1,0,0,0,0
12:26:08.811,1,0,0,0,0
12:26:08.811,1,1,0,0,0
12:26:09.425,1,1,0,0,0
12:26:09.425,1,0,0,0,0
12:26:09.657,1,0,0,0,0
12:26:09.657,0,0,0,0,0
12:26:10.072,0,0,0,0,0
12:26:10.072,0,1,0,0,0
12:26:10.690,0,1,0,0,0
12:26:10.690,0,0,0,0,0
12:26:11.309,0,0,0,0,0
12:26:11.309,0,1,0,0,0
12:26:11.511,0,1,0,0,0
12:26:11.511,1,1,0,0,0
12:26:11.734,1,1,0,0,0
12:26:11.734,1,0,0,0,0
12:26:11.942,1,1,0,0,0
12:26:11.942,1,0,0,0,0
12:26:13.425,1,0,0,0,0
12:26:13.425,0,0,0,0,0
12:26:15.229,0,0,0,0,0
12:26:15.229,1,0,0,0,0
12:26:17.078,1,0,0,0,0
12:26:17.078,0,0,0,0,0
12:26:18.893,0,0,0,0,0
12:26:18.893,1,0,0,0,0
12:26:20.787,1,0,0,0,0
12:26:20.787,0,0,0,0,0
12:26:21.761,0,0,0,0,0
12:26:21.761,0,1,0,0,0
12:26:21.795,0,1,0,0,0
12:26:21.795,0,0,0,0,0
12:26:22.437,0,0,0,0,0
12:26:22.437,0,1,0,0,0
12:26:22.647,0,1,0,0,0
12:26:22.647,1,1,0,0,0
12:26:23.052,1,1,0,0,0
12:26:23.052,1,0,0,0,0
12:26:23.707,1,0,0,0,0
12:26:23.707,1,1,0,0,0
12:26:24.313,1,1,0,0,0
12:26:24.313,1,0,0,0,0
12:26:24.541,1,0,0,0,0
12:26:24.541,0,0,0,0,0
12:26:24.939,0,0,0,0,0
12:26:24.939,0,1,0,0,0
12:26:25.544,0,1,0,0,0
12:26:25.544,0,0,0,0,0
12:26:26.200,0,0,0,0,0
12:26:26.200,0,1,0,0,0
12:26:26.399,0,1,0,0,0
12:26:26.399,1,1,0,0,0
12:26:26.851,1,1,0,0,0
12:26:26.851,1,0,0,0,0
12:26:27.466,1,0,0,0,0
12:26:27.466,1,1,0,0,0
12:26:28.076,1,1,0,0,0
12:26:28.076,1,0,0,0,0
12:26:28.312,1,0,0,0,0
12:26:28.312,0,0,0,0,0
12:26:28.678,0,0,0,0,0
12:26:28.678,0,1,0,0,0
12:26:29.282,0,1,0,0,0
12:26:29.282,0,0,0,0,0
12:26:29.945,0,0,0,0,0
12:26:29.945,0,1,0,0,0
12:26:30.143,0,1,0,0,0
12:26:30.143,1,1,0,0,0
12:26:30.561,1,1,0,0,0
12:26:30.561,1,0,0,0,0
12:26:31.182,1,0,0,0,0
12:26:31.182,1,1,0,0,0
12:26:31.820,1,1,0,0,0
12:26:31.820,1,0,0,0,0
12:26:31.868,1,1,0,0,0
12:26:31.868,1,0,0,0,0
12:26:32.010,1,0,0,0,0
12:26:32.010,0,0,0,0,0
12:26:32.059,0,1,0,0,0
12:26:32.059,0,0,0,0,0
12:26:33.828,0,0,0,0,0
12:26:33.828,1,0,0,0,0
12:26:35.629,1,0,0,0,0
12:26:35.629,0,0,0,0,0
12:26:37.426,0,0,0,0,0
12:26:37.426,1,0,0,0,0
12:26:39.236,1,0,0,0,0
12:26:39.236,0,0,0,0,0
12:26:41.103,0,0,0,0,0
12:26:41.103,1,0,0,0,0
12:26:41.902,1,0,0,0,0
12:26:41.902,1,1,0,0,0
12:26:42.073,1,1,0,0,0
12:26:42.073,1,0,0,0,0
12:26:42.728,1,0,0,0,0
12:26:42.728,1,1,0,0,0
12:26:42.911,1,1,0,0,0
12:26:42.911,0,1,0,0,0
12:26:43.338,0,1,0,0,0
12:26:43.338,0,0,0,0,0
12:26:43.995,0,0,0,0,0
12:26:43.995,0,1,0,0,0
12:26:44.603,0,1,0,0,0
12:26:44.603,0,0,0,0,0
12:26:44.833,0,0,0,0,0
12:26:44.833,1,0,0,0,0
12:26:45.206,1,0,0,0,0
12:26:45.206,1,1,0,0,0
12:26:45.818,1,1,0,0,0
12:26:45.818,1,0,0,0,0
12:26:46.440,1,0,0,0,0
12:26:46.440,1,1,0,0,0
12:26:46.648,1,1,0,0,0
12:26:46.648,0,1,0,0,0
12:26:47.043,0,1,0,0,0
12:26:47.043,0,0,0,0,0
12:26:47.644,0,0,0,0,0
12:26:47.644,0,1,0,0,0
12:26:48.251,0,1,0,0,0
12:26:48.251,0,0,0,0,0
12:26:48.460,0,0,0,0,0
12:26:48.460,1,0,0,0,0
12:26:48.879,1,0,0,0,0
12:26:48.879,1,1,0,0,0
12:26:49.485,1,1,0,0,0
12:26:49.485,1,0,0,0,0
12:26:50.124,1,0,0,0,0
12:26:50.124,1,1,0,0,0
12:26:50.278,1,1,0,0,0
12:26:50.278,0,1,0,0,0
12:26:50.727,0,1,0,0,0
12:26:50.727,0,0,0,0,0
12:26:51.343,0,0,0,0,0
12:26:51.343,0,1,0,0,0
12:26:51.903,0,1,0,0,0
12:26:51.903,0,0,0,0,0
12:26:52.050,0,1,0,0,0
12:26:52.050,0,0,0,0,0
12:26:52.184,0,0,0,0,0
12:26:52.184,1,0,0,0,0
12:26:54.002,1,0,0,0,0
12:26:54.002,0,0,0,0,0
12:26:55.814,0,0,0,0,0
12:26:55.814,1,0,0,0,0
12:26:57.628,1,0,0,0,0
12:26:57.628,0,0,0,0,0
12:26:59.441,0,0,0,0,0
12:26:59.441,1,0,0,0,0
12:27:01.249,1,0,0,0,0
12:27:01.249,0,0,0,0,0
12:27:01.951,0,0,0,0,0
12:27:01.951,0,1,0,0,0
12:27:02.330,0,1,0,0,0
12:27:02.330,0,0,0,0,0
12:27:02.937,0,0,0,0,0
12:27:02.937,0,1,0,0,0
12:27:03.166,0,1,0,0,0
12:27:03.166,1,1,0,0,0
12:27:03.573,1,1,0,0,0
12:27:03.573,1,0,0,0,0
12:27:04.183,1,0,0,0,0
12:27:04.183,1,1,0,0,0
12:27:04.798,1,1,0,0,0
12:27:04.798,1,0,0,0,0
12:27:04.970,1,0,0,0,0
12:27:04.970,0,0,0,0,0
12:27:05.413,0,0,0,0,0
12:27:05.413,0,1,0,0,0
12:27:06.018,0,1,0,0,0
12:27:06.018,0,0,0,0,0
12:27:06.618,0,0,0,0,0
12:27:06.618,0,1,0,0,0
12:27:06.779,0,1,0,0,0
12:27:06.779,1,1,0,0,0
12:27:07.227,1,1,0,0,0
12:27:07.227,1,0,0,0,0
12:27:07.832,1,0,0,0,0
12:27:07.832,1,1,0,0,0
12:27:08.436,1,1,0,0,0
12:27:08.436,1,0,0,0,0
12:27:08.596,1,0,0,0,0
12:27:08.596,0,0,0,0,0
12:27:09.042,0,0,0,0,0
12:27:09.042,0,1,0,0,0
12:27:09.653,0,1,0,0,0
12:27:09.653,0,0,0,0,0
12:27:10.255,0,0,0,0,0
12:27:10.255,0,1,0,0,0
12:27:10.521,0,1,0,0,0
12:27:10.521,1,1,0,0,0
12:27:10.858,1,1,0,0,0
12:27:10.858,1,0,0,0,0
12:27:11.461,1,0,0,0,0
12:27:11.461,1,1,0,0,0
12:27:12.000,1,1,0,0,0
12:27:12.000,1,0,0,0,0
12:27:12.083,1,1,0,0,0
12:27:12.083,1,0,0,0,0
12:27:12.337,1,0,0,0,0
12:27:12.337,0,0,0,0,0
12:27:14.224,0,0,0,0,0
12:27:14.224,1,0,0,0,0
12:27:16.034,1,0,0,0,0
12:27:16.034,0,0,0,0,0
12:27:17.905,0,0,0,0,0
12:27:17.905,1,0,0,0,0
12:27:19.715,1,0,0,0,0
12:27:19.715,0,0,0,0,0
12:27:21.543,0,0,0,0,0
12:27:21.543,1,0,0,0,0
12:27:22.138,1,0,0,0,0
12:27:22.138,1,1,0,0,0
12:27:22.304,1,1,0,0,0
12:27:22.304,1,0,0,0,0
12:27:22.976,1,0,0,0,0
12:27:22.976,1,1,0,0,0
12:27:23.345,1,1,0,0,0
12:27:23.345,0,1,0,0,0
12:27:23.587,0,1,0,0,0
12:27:23.587,0,0,0,0,0
12:27:24.196,0,0,0,0,0
12:27:24.196,0,1,0,0,0
12:27:24.809,0,1,0,0,0
12:27:24.809,0,0,0,0,0
12:27:25.157,0,0,0,0,0
12:27:25.157,1,0,0,0,0
12:27:25.509,1,0,0,0,0
12:27:25.509,1,1,0,0,0
12:27:26.113,1,1,0,0,0
12:27:26.113,1,0,0,0,0
12:27:26.715,1,0,0,0,0
12:27:26.715,1,1,0,0,0
12:27:26.967,1,1,0,0,0
12:27:26.967,0,1,0,0,0
12:27:27.316,0,1,0,0,0
12:27:27.316,0,0,0,0,0
12:27:27.923,0,0,0,0,0
12:27:27.923,0,1,0,0,0
12:27:28.526,0,1,0,0,0
12:27:28.526,0,0,0,0,0
12:27:28.833,0,0,0,0,0
12:27:28.833,1,0,0,0,0
12:27:29.223,1,0,0,0,0
12:27:29.223,1,1,0,0,0
12:27:29.830,1,1,0,0,0
12:27:29.830,1,0,0,0,0
12:27:30.530,1,0,0,0,0
12:27:30.530,1,1,0,0,0
12:27:30.655,1,1,0,0,0
12:27:30.655,0,1,0,0,0
12:27:31.145,0,1,0,0,0
12:27:31.145,0,0,0,0,0
12:27:31.802,0,0,0,0,0
12:27:31.802,0,1,0,0,0
12:27:32.255,0,1,0,0,0
12:27:32.255,0,0,0,0,0
12:27:32.380,0,1,0,0,0
12:27:32.380,0,0,0,0,0
12:27:32.528,0,0,0,0,0
12:27:32.528,1,0,0,0,0
12:27:34.357,1,0,0,0,0
12:27:34.357,0,0,0,0,0
12:27:36.161,0,0,0,0,0
12:27:36.161,1,0,0,0,0
12:27:38.053,1,0,0,0,0
12:27:38.053,0,0,0,0,0
12:27:39.867,0,0,0,0,0
12:27:39.867,1,0,0,0,0
12:27:41.700,1,0,0,0,0
12:27:41.700,0,0,0,0,0
12:27:42.230,0,0,0,0,0
12:27:42.230,0,1,0,0,0
12:27:42.590,0,1,0,0,0
12:27:42.590,0,0,0,0,0
12:27:43.209,0,0,0,0,0
12:27:43.209,0,1,0,0,0
12:27:43.512,0,1,0,0,0
12:27:43.512,1,1,0,0,0
12:27:43.850,1,1,0,0,0
12:27:43.850,1,0,0,0,0
12:27:44.457,1,0,0,0,0
12:27:44.457,1,1,0,0,0
12:27:45.089,1,1,0,0,0
12:27:45.089,1,0,0,0,0
12:27:45.326,1,0,0,0,0
12:27:45.326,0,0,0,0,0
12:27:45.707,0,0,0,0,0
12:27:45.707,0,1,0,0,0
12:27:46.309,0,1,0,0,0
12:27:46.309,0,0,0,0,0
12:27:46.914,0,0,0,0,0
12:27:46.914,0,1,0,0,0
12:27:47.214,0,1,0,0,0
12:27:47.214,1,1,0,0,0
12:27:47.510,1,1,0,0,0
12:27:47.510,1,0,0,0,0
12:27:48.128,1,0,0,0,0
12:27:48.128,1,1,0,0,0
12:27:48.735,1,1,0,0,0
12:27:48.735,1,0,0,0,0
12:27:49.019,1,0,0,0,0
12:27:49.019,0,0,0,0,0
12:27:49.372,0,0,0,0,0
12:27:49.372,0,1,0,0,0
12:27:49.991,0,1,0,0,0
12:27:49.991,0,0,0,0,0
12:27:50.642,0,0,0,0,0
12:27:50.642,0,1,0,0,0
12:27:50.864,0,1,0,0,0
12:27:50.864,1,1,0,0,0
12:27:51.253,1,1,0,0,0
12:27:51.253,1,0,0,0,0
12:27:51.862,1,0,0,0,0
12:27:51.862,1,1,0,0,0
12:27:52.280,1,1,0,0,0
12:27:52.280,1,0,0,0,0
12:27:52.318,1,1,0,0,0
12:27:52.318,1,0,0,0,0
12:27:52.683,1,0,0,0,0
12:27:52.683,0,0,0,0,0
12:27:54.490,0,0,0,0,0
12:27:54.490,1,0,0,0,0
12:27:56.299,1,0,0,0,0
12:27:56.299,0,0,0,0,0
12:27:58.132,0,0,0,0,0
12:27:58.132,1,0,0,0,0
12:27:59.944,1,0,0,0,0
12:27:59.944,0,0,0,0,0
12:28:01.781,0,0,0,0,0
12:28:01.781,1,0,0,0,0
12:28:02.335,1,0,0,0,0
12:28:02.335,1,1,0,0,0
12:28:02.480,1,1,0,0,0
12:28:02.480,1,0,0,0,0
12:28:03.082,1,0,0,0,0
12:28:03.082,1,1,0,0,0
12:28:03.592,1,1,0,0,0
12:28:03.592,0,1,0,0,0
12:28:03.782,0,1,0,0,0
12:28:03.782,0,0,0,0,0
12:28:04.398,0,0,0,0,0
12:28:04.398,0,1,0,0,0
12:28:05.008,0,1,0,0,0
12:28:05.008,0,0,0,0,0
12:28:05.403,0,0,0,0,0
12:28:05.403,1,0,0,0,0
12:28:05.643,1,0,0,0,0
12:28:05.643,1,1,0,0,0
12:28:06.257,1,1,0,0,0
12:28:06.257,1,0,0,0,0
12:28:06.887,1,0,0,0,0
12:28:06.887,1,1,0,0,0
12:28:07.307,1,1,0,0,0
12:28:07.307,0,1,0,0,0
12:28:07.494,0,1,0,0,0
12:28:07.494,0,0,0,0,0
12:28:08.132,0,0,0,0,0
12:28:08.132,0,1,0,0,0
12:28:08.733,0,1,0,0,0
12:28:08.733,0,0,0,0,0
12:28:09.113,0,0,0,0,0
12:28:09.113,1,0,0,0,0
12:28:09.384,1,0,0,0,0
12:28:09.384,1,1,0,0,0
12:28:09.987,1,1,0,0,0
12:28:09.987,1,0,0,0,0
12:28:10.619,1,0,0,0,0
12:28:10.619,1,1,0,0,0
12:28:10.920,1,1,0,0,0
12:28:10.920,0,1,0,0,0
12:28:11.284,0,1,0,0,0
12:28:11.284,0,0,0,0,0
12:28:11.892,0,0,0,0,0
12:28:11.892,0,1,0,0,0
12:28:12.468,0,1,0,0,0
12:28:12.468,0,0,0,0,0
12:28:12.628,0,1,0,0,0
12:28:12.628,0,0,0,0,0
12:28:12.773,0,0,0,0,0
12:28:12.773,1,0,0,0,0
12:28:14.606,1,0,0,0,0
12:28:14.606,0,0,0,0,0
12:28:16.411,0,0,0,0,0
12:28:16.411,1,0,0,0,0
12:28:18.292,1,0,0,0,0
12:28:18.292,0,0,0,0,0
12:28:20.102,0,0,0,0,0
12:28:20.102,1,0,0,0,0
12:28:21.969,1,0,0,0,0
12:28:21.969,0,0,0,0,0
12:28:22.522,0,0,0,0,0
12:28:22.522,0,1,0,0,0
12:28:22.576,0,1,0,0,0
12:28:22.576,0,0,0,0,0
12:28:23.271,0,0,0,0,0
12:28:23.271,0,1,0,0,0
12:28:23.786,0,1,0,0,0
12:28:23.786,1,1,0,0,0
12:28:23.983,1,1,0,0,0
12:28:23.983,1,0,0,0,0
12:28:24.610,1,0,0,0,0
12:28:24.610,1,1,0,0,0
12:28:25.258,1,1,0,0,0
12:28:25.258,1,0,0,0,0
12:28:25.589,1,0,0,0,0
12:28:25.589,0,0,0,0,0
12:28:25.874,0,0,0,0,0
12:28:25.874,0,1,0,0,0
12:28:26.478,0,1,0,0,0
12:28:26.478,0,0,0,0,0
12:28:27.091,0,0,0,0,0
12:28:27.091,0,1,0,0,0
12:28:27.474,0,1,0,0,0
12:28:27.474,1,1,0,0,0
12:28:27.699,1,1,0,0,0
12:28:27.699,1,0,0,0,0
12:28:28.314,1,0,0,0,0
12:28:28.314,1,1,0,0,0
12:28:28.925,1,1,0,0,0
12:28:28.925,1,0,0,0,0
12:28:29.290,1,0,0,0,0
12:28:29.290,0,0,0,0,0
12:28:29.548,0,0,0,0,0
12:28:29.548,0,1,0,0,0
12:28:30.161,0,1,0,0,0
12:28:30.161,0,0,0,0,0
12:28:30.828,0,0,0,0,0
12:28:30.828,0,1,0,0,0
12:28:31.210,0,1,0,0,0
12:28:31.210,1,1,0,0,0
12:28:31.477,1,1,0,0,0
12:28:31.477,1,0,0,0,0
12:28:32.088,1,0,0,0,0
12:28:32.088,1,1,0,0,0
12:28:32.561,1,1,0,0,0
12:28:32.561,1,0,0,0,0
12:28:32.801,1,1,0,0,0
12:28:32.801,1,0,0,0,0
12:28:33.027,1,0,0,0,0
12:28:33.027,0,0,0,0,0
12:28:34.835,0,0,0,0,0
12:28:34.835,1,0,0,0,0
12:28:36.731,1,0,0,0,0
12:28:36.731,0,0,0,0,0
12:28:38.549,0,0,0,0,0
12:28:38.549,1,0,0,0,0
12:28:40.416,1,0,0,0,0
12:28:40.416,0,0,0,0,0
12:28:42.227,0,0,0,0,0
12:28:42.227,1,0,0,0,0
12:28:42.604,1,0,0,0,0
12:28:42.604,1,1,0,0,0
12:28:42.960,1,1,0,0,0
12:28:42.960,1,0,0,0,0
12:28:43.582,1,0,0,0,0
12:28:43.582,1,1,0,0,0
12:28:44.042,1,1,0,0,0
12:28:44.042,0,1,0,0,0
12:28:44.295,0,1,0,0,0
12:28:44.295,0,0,0,0,0
12:28:44.901,0,0,0,0,0
12:28:44.901,0,1,0,0,0
12:28:45.507,0,1,0,0,0
12:28:45.507,0,0,0,0,0
12:28:45.920,0,0,0,0,0
12:28:45.920,1,0,0,0,0
12:28:46.122,1,0,0,0,0
12:28:46.122,1,1,0,0,0
12:28:46.751,1,1,0,0,0
12:28:46.751,1,0,0,0,0
12:28:47.365,1,0,0,0,0
12:28:47.365,1,1,0,0,0
12:28:47.731,1,1,0,0,0
12:28:47.731,0,1,0,0,0
12:28:47.969,0,1,0,0,0
12:28:47.969,0,0,0,0,0
12:28:48.578,0,0,0,0,0
12:28:48.578,0,1,0,0,0
12:28:49.180,0,1,0,0,0
12:28:49.180,0,0,0,0,0
12:28:49.545,0,0,0,0,0
12:28:49.545,1,0,0,0,0
12:28:49.784,1,0,0,0,0
12:28:49.784,1,1,0,0,0
12:28:50.401,1,1,0,0,0
12:28:50.401,1,0,0,0,0
12:28:51.011,1,0,0,0,0
12:28:51.011,1,1,0,0,0
12:28:51.360,1,1,0,0,0
12:28:51.360,0,1,0,0,0
12:28:51.601,0,1,0,0,0
12:28:51.601,0,0,0,0,0
12:28:52.220,0,0,0,0,0
12:28:52.220,0,1,0,0,0
12:28:52.655,0,1,0,0,0
12:28:52.655,0,0,0,0,0
12:28:52.908,0,1,0,0,0
12:28:52.908,0,0,0,0,0
12:28:53.162,0,0,0,0,0
12:28:53.162,1,0,0,0,0
12:28:54.977,1,0,0,0,0
12:28:54.977,0,0,0,0,0
12:28:56.858,0,0,0,0,0
12:28:56.858,1,0,0,0,0
12:28:58.669,1,0,0,0,0
12:28:58.669,0,0,0,0,0
12:29:00.493,0,0,0,0,0
12:29:00.493,1,0,0,0,0
12:29:02.304,1,0,0,0,0
12:29:02.304,0,0,0,0,0
12:29:02.697,0,0,0,0,0
12:29:02.697,0,1,0,0,0
12:29:02.922,0,1,0,0,0
12:29:02.922,0,0,0,0,0
12:29:03.533,0,0,0,0,0
12:29:03.533,0,1,0,0,0
12:29:04.107,0,1,0,0,0
12:29:04.107,1,1,0,0,0
12:29:04.139,1,1,0,0,0
12:29:04.139,1,0,0,0,0
12:29:04.746,1,0,0,0,0
12:29:04.746,1,1,0,0,0
12:29:05.364,1,1,0,0,0
12:29:05.364,1,0,0,0,0
12:29:06.023,1,0,0,0,0
12:29:06.023,0,0,0,0,0
12:29:06.023,0,0,0,0,0
12:29:06.023,0,1,0,0,0
12:29:06.628,0,1,0,0,0
12:29:06.628,0,0,0,0,0
12:29:07.294,0,0,0,0,0
12:29:07.294,0,1,0,0,0
12:29:07.831,0,1,0,0,0
12:29:07.831,1,1,0,0,0
12:29:08.034,1,1,0,0,0
12:29:08.034,1,0,0,0,0
12:29:08.634,1,0,0,0,0
12:29:08.634,1,1,0,0,0
12:29:09.236,1,1,0,0,0
12:29:09.236,1,0,0,0,0
12:29:09.637,1,0,0,0,0
12:29:09.637,0,0,0,0,0
12:29:09.891,0,0,0,0,0
12:29:09.891,0,1,0,0,0
12:29:10.492,0,1,0,0,0
12:29:10.492,0,0,0,0,0
12:29:11.118,0,0,0,0,0
12:29:11.118,0,1,0,0,0
12:29:11.508,0,1,0,0,0
12:29:11.508,1,1,0,0,0
12:29:11.723,1,1,0,0,0
12:29:11.723,1,0,0,0,0
12:29:12.327,1,0,0,0,0
12:29:12.327,1,1,0,0,0
12:29:12.755,1,1,0,0,0
12:29:12.755,1,0,0,0,0
12:29:12.972,1,1,0,0,0
12:29:12.972,1,0,0,0,0
12:29:13.320,1,0,0,0,0
12:29:13.320,0,0,0,0,0
12:29:15.129,0,0,0,0,0
12:29:15.129,1,0,0,0,0
12:29:17.011,1,0,0,0,0
12:29:17.011,0,0,0,0,0
12:29:18.827,0,0,0,0,0
12:29:18.827,1,0,0,0,0
12:29:20.698,1,0,0,0,0
12:29:20.698,0,0,0,0,0
12:29:22.506,0,0,0,0,0
12:29:22.506,1,0,0,0,0
12:29:22.896,1,0,0,0,0
12:29:22.896,1,1,0,0,0
12:29:23.142,1,1,0,0,0
12:29:23.142,1,0,0,0,0
12:29:23.767,1,0,0,0,0
12:29:23.767,1,1,0,0,0
12:29:24.320,1,1,0,0,0
12:29:24.320,0,1,0,0,0
12:29:24.368,0,1,0,0,0
12:29:24.368,0,0,0,0,0
12:29:24.980,0,0,0,0,0
12:29:24.980,0,1,0,0,0
12:29:25.586,0,1,0,0,0
12:29:25.586,0,0,0,0,0
12:29:26.285,0,0,0,0,0
12:29:26.285,1,0,0,0,0
12:29:26.285,1,0,0,0,0
12:29:26.285,1,1,0,0,0
12:29:26.957,1,1,0,0,0
12:29:26.957,1,0,0,0,0
12:29:27.563,1,0,0,0,0
12:29:27.563,1,1,0,0,0
12:29:28.121,1,1,0,0,0
12:29:28.121,0,1,0,0,0
12:29:28.223,0,1,0,0,0
12:29:28.223,0,0,0,0,0
12:29:28.829,0,0,0,0,0
12:29:28.829,0,1,0,0,0
12:29:29.463,0,1,0,0,0
12:29:29.463,0,0,0,0,0
12:29:29.927,0,0,0,0,0
12:29:29.927,1,0,0,0,0
12:29:30.069,1,0,0,0,0
12:29:30.069,1,1,0,0,0
12:29:30.707,1,1,0,0,0
12:29:30.707,1,0,0,0,0
12:29:31.312,1,0,0,0,0
12:29:31.312,1,1,0,0,0
12:29:31.730,1,1,0,0,0
12:29:31.730,0,1,0,0,0
12:29:31.984,0,1,0,0,0
12:29:31.984,0,0,0,0,0
12:29:32.605,0,0,0,0,0
12:29:32.605,0,1,0,0,0
12:29:32.932,0,1,0,0,0
12:29:32.932,0,0,0,0,0
12:29:33.096,0,1,0,0,0
12:29:33.096,0,0,0,0,0
12:29:33.545,0,0,0,0,0
12:29:33.545,1,0,0,0,0
12:29:35.401,1,0,0,0,0
12:29:35.401,0,0,0,0,0
12:29:37.213,0,0,0,0,0
12:29:37.213,1,0,0,0,0
12:29:39.051,1,0,0,0,0
12:29:39.051,0,0,0,0,0
12:29:40.851,0,0,0,0,0
12:29:40.851,1,0,0,0,0
12:29:42.685,1,0,0,0,0
12:29:42.685,0,0,0,0,0
12:29:42.979,0,0,0,0,0
12:29:42.979,0,1,0,0,0
12:29:43.241,0,1,0,0,0
12:29:43.241,0,0,0,0,0
12:29:43.846,0,0,0,0,0
12:29:43.846,0,1,0,0,0
12:29:44.448,0,1,0,0,0
12:29:44.448,0,0,0,0,0
12:29:44.500,0,0,0,0,0
12:29:44.500,1,0,0,0,0
12:29:45.113,1,0,0,0,0
12:29:45.113,1,1,0,0,0
12:29:45.719,1,1,0,0,0
12:29:45.719,1,0,0,0,0
12:29:46.311,1,0,0,0,0
12:29:46.311,0,0,0,0,0
12:29:46.311,0,0,0,0,0
12:29:46.311,0,1,0,0,0
12:29:46.930,0,1,0,0,0
12:29:46.930,0,0,0,0,0
12:29:47.578,0,0,0,0,0
12:29:47.578,0,1,0,0,0
12:29:48.132,0,1,0,0,0
12:29:48.132,1,1,0,0,0
12:29:48.309,1,1,0,0,0
12:29:48.309,1,0,0,0,0
12:29:48.913,1,0,0,0,0
12:29:48.913,1,1,0,0,0
12:29:49.530,1,1,0,0,0
12:29:49.530,1,0,0,0,0
12:29:49.944,1,0,0,0,0
12:29:49.944,0,0,0,0,0
12:29:50.183,0,0,0,0,0
12:29:50.183,0,1,0,0,0
12:29:50.793,0,1,0,0,0
12:29:50.793,0,0,0,0,0
12:29:51.449,0,0,0,0,0
12:29:51.449,0,1,0,0,0
12:29:51.830,0,1,0,0,0
12:29:51.830,1,1,0,0,0
12:29:52.064,1,1,0,0,0
12:29:52.064,1,0,0,0,0
12:29:52.668,1,0,0,0,0
12:29:52.668,1,1,0,0,0
12:29:53.085,1,1,0,0,0
12:29:53.085,1,0,0,0,0
12:29:53.355,1,1,0,0,0
12:29:53.355,1,0,0,0,0
12:29:53.642,1,0,0,0,0
12:29:53.642,0,0,0,0,0
12:29:55.451,0,0,0,0,0
12:29:55.451,1,0,0,0,0
12:29:57.282,1,0,0,0,0
12:29:57.282,0,0,0,0,0
12:29:59.097,0,0,0,0,0
12:29:59.097,1,0,0,0,0
12:30:00.905,1,0,0,0,0
12:30:00.905,0,0,0,0,0
12:30:02.785,0,0,0,0,0
12:30:02.785,1,0,0,0,0
12:30:03.134,1,0,0,0,0
12:30:03.134,1,1,0,0,0
12:30:03.267,1,1,0,0,0
12:30:03.267,1,0,0,0,0
12:30:03.883,1,0,0,0,0
12:30:03.883,1,1,0,0,0
12:30:04.488,1,1,0,0,0
12:30:04.488,1,0,0,0,0
12:30:04.660,1,0,0,0,0
12:30:04.660,0,0,0,0,0
12:30:05.101,0,0,0,0,0
12:30:05.101,0,1,0,0,0
12:30:05.722,0,1,0,0,0
12:30:05.722,0,0,0,0,0
12:30:06.325,0,0,0,0,0
12:30:06.325,0,1,0,0,0
12:30:06.572,0,1,0,0,0
12:30:06.572,1,1,0,0,0
12:30:06.980,1,1,0,0,0
12:30:06.980,1,0,0,0,0
12:30:07.596,1,0,0,0,0
12:30:07.596,1,1,0,0,0
12:30:08.206,1,1,0,0,0
12:30:08.206,1,0,0,0,0
12:30:08.406,1,0,0,0,0
12:30:08.406,0,0,0,0,0
12:30:08.856,0,0,0,0,0
12:30:08.856,0,1,0,0,0
12:30:09.460,0,1,0,0,0
12:30:09.460,0,0,0,0,0
12:30:10.066,0,0,0,0,0
12:30:10.066,0,1,0,0,0
12:30:10.242,0,1,0,0,0
12:30:10.242,1,1,0,0,0
12:30:10.672,1,1,0,0,0
12:30:10.672,1,0,0,0,0
12:30:11.275,1,0,0,0,0
12:30:11.275,1,1,0,0,0
12:30:11.933,1,1,0,0,0
12:30:11.933,1,0,0,0,0
12:30:12.138,1,0,0,0,0
12:30:12.138,0,0,0,0,0
12:30:12.535,0,0,0,0,0
12:30:12.535,0,1,0,0,0
12:30:13.173,0,1,0,0,0
12:30:13.173,0,0,0,0,0
12:30:13.211,0,1,0,0,0
12:30:13.211,0,0,0,0,0
12:30:13.252,0,1,0,0,0
12:30:13.252,0,0,0,0,0
12:30:14.082,0,0,0,0,0
12:30:14.082,1,0,0,0,0
12:30:15.891,1,0,0,0,0
12:30:15.891,0,0,0,0,0
12:30:17.771,0,0,0,0,0
12:30:17.771,1,0,0,0,0
12:30:19.579,1,0,0,0,0
12:30:19.579,0,0,0,0,0
12:30:21.435,0,0,0,0,0
12:30:21.435,1,0,0,0,0
12:30:23.242,1,0,0,0,0
12:30:23.242,0,0,0,0,0
12:30:23.385,0,0,0,0,0
12:30:23.385,0,1,0,0,0
12:30:23.571,0,1,0,0,0
12:30:23.571,0,0,0,0,0
12:30:24.218,0,0,0,0,0
12:30:24.218,0,1,0,0,0
12:30:24.828,0,1,0,0,0
12:30:24.828,0,0,0,0,0
12:30:25.066,0,0,0,0,0
12:30:25.066,1,0,0,0,0
12:30:25.476,1,0,0,0,0
12:30:25.476,1,1,0,0,0
12:30:26.086,1,1,0,0,0
12:30:26.086,1,0,0,0,0
12:30:26.691,1,0,0,0,0
12:30:26.691,1,1,0,0,0
12:30:26.880,1,1,0,0,0
12:30:26.880,0,1,0,0,0
12:30:27.294,0,1,0,0,0
12:30:27.294,0,0,0,0,0
12:30:27.904,0,0,0,0,0
12:30:27.904,0,1,0,0,0
12:30:28.519,0,1,0,0,0
12:30:28.519,0,0,0,0,0
12:30:28.692,0,0,0,0,0
12:30:28.692,1,0,0,0,0
12:30:29.128,1,0,0,0,0
12:30:29.128,1,1,0,0,0
12:30:29.784,1,1,0,0,0
12:30:29.784,1,0,0,0,0
12:30:30.393,1,0,0,0,0
12:30:30.393,1,1,0,0,0
12:30:30.619,1,1,0,0,0
12:30:30.619,0,1,0,0,0
12:30:31.026,0,1,0,0,0
12:30:31.026,0,0,0,0,0
12:30:31.638,0,0,0,0,0
12:30:31.638,0,1,0,0,0
12:30:32.289,0,1,0,0,0
12:30:32.289,0,0,0,0,0
12:30:32.468,0,0,0,0,0
12:30:32.468,1,0,0,0,0
12:30:32.904,1,0,0,0,0
12:30:32.904,1,1,0,0,0
12:30:33.311,1,1,0,0,0
12:30:33.311,1,0,0,0,0
12:30:33.541,1,1,0,0,0
12:30:33.541,1,0,0,0,0
12:30:34.370,1,0,0,0,0
12:30:34.370,0,0,0,0,0
12:30:36.176,0,0,0,0,0
12:30:36.176,1,0,0,0,0
12:30:38.072,1,0,0,0,0
12:30:38.072,0,0,0,0,0
12:30:39.883,0,0,0,0,0
12:30:39.883,1,0,0,0,0
12:30:41.769,1,0,0,0,0
12:30:41.769,0,0,0,0,0
12:30:43.430,0,0,0,0,0
12:30:43.430,0,1,0,0,0
12:30:43.493,0,1,0,0,0
12:30:43.493,0,0,0,0,0
12:30:43.577,0,0,0,0,0
12:30:43.577,1,0,0,0,0
12:30:44.100,1,0,0,0,0
12:30:44.100,1,1,0,0,0
12:30:44.708,1,1,0,0,0
12:30:44.708,1,0,0,0,0
12:30:45.312,1,0,0,0,0
12:30:45.312,1,1,0,0,0
12:30:45.491,1,1,0,0,0
12:30:45.491,0,1,0,0,0
12:30:45.913,0,1,0,0,0
12:30:45.913,0,0,0,0,0
12:30:46.569,0,0,0,0,0
12:30:46.569,0,1,0,0,0
12:30:47.202,0,1,0,0,0
12:30:47.202,0,0,0,0,0
12:30:47.392,0,0,0,0,0
12:30:47.392,1,0,0,0,0
12:30:47.814,1,0,0,0,0
12:30:47.814,1,1,0,0,0
12:30:48.461,1,1,0,0,0
12:30:48.461,1,0,0,0,0
12:30:49.065,1,0,0,0,0
12:30:49.065,1,1,0,0,0
12:30:49.203,1,1,0,0,0
12:30:49.203,0,1,0,0,0
12:30:49.688,0,1,0,0,0
12:30:49.688,0,0,0,0,0
12:30:50.302,0,0,0,0,0
12:30:50.302,0,1,0,0,0
12:30:50.906,0,1,0,0,0
12:30:50.906,0,0,0,0,0
12:30:51.144,0,0,0,0,0
12:30:51.144,1,0,0,0,0
12:30:51.507,1,0,0,0,0
12:30:51.507,1,1,0,0,0
12:30:52.118,1,1,0,0,0
12:30:52.118,1,0,0,0,0
12:30:52.734,1,0,0,0,0
12:30:52.734,1,1,0,0,0
12:30:52.956,1,1,0,0,0
12:30:52.956,0,1,0,0,0
12:30:53.336,0,1,0,0,0
12:30:53.336,0,0,0,0,0
12:30:53.552,0,1,0,0,0
12:30:53.552,0,0,0,0,0
12:30:53.773,0,1,0,0,0
12:30:53.773,0,0,0,0,0
12:30:54.826,0,0,0,0,0
12:30:54.826,1,0,0,0,0
12:30:56.641,1,0,0,0,0
12:30:56.641,0,0,0,0,0
12:30:58.542,0,0,0,0,0
12:30:58.542,1,0,0,0,0
12:31:00.353,1,0,0,0,0
12:31:00.353,0,0,0,0,0
12:31:02.216,0,0,0,0,0
12:31:02.216,1,0,0,0,0
12:31:03.458,1,0,0,0,0
12:31:03.458,1,1,0,0,0
12:31:03.511,1,1,0,0,0
12:31:03.511,1,0,0,0,0
12:31:04.032,1,0,0,0,0
12:31:04.032,0,0,0,0,0
12:31:04.229,0,0,0,0,0
12:31:04.229,0,1,0,0,0
12:31:04.844,0,1,0,0,0
12:31:04.844,0,0,0,0,0
12:31:05.445,0,0,0,0,0
12:31:05.445,0,1,0,0,0
12:31:05.847,0,1,0,0,0
12:31:05.847,1,1,0,0,0
12:31:06.063,1,1,0,0,0
12:31:06.063,1,0,0,0,0
12:31:06.670,1,0,0,0,0
12:31:06.670,1,1,0,0,0
12:31:07.310,1,1,0,0,0
12:31:07.310,1,0,0,0,0
12:31:07.701,1,0,0,0,0
12:31:07.701,0,0,0,0,0
12:31:07.926,0,0,0,0,0
12:31:07.926,0,1,0,0,0
12:31:08.554,0,1,0,0,0
12:31:08.554,0,0,0,0,0
12:31:09.173,0,0,0,0,0
12:31:09.173,0,1,0,0,0
12:31:09.507,0,1,0,0,0
12:31:09.507,1,1,0,0,0
12:31:09.880,1,1,0,0,0
12:31:09.880,1,0,0,0,0
12:31:10.484,1,0,0,0,0
12:31:10.484,1,1,0,0,0
12:31:11.139,1,1,0,0,0
12:31:11.139,1,0,0,0,0
12:31:11.355,1,0,0,0,0
12:31:11.355,0,0,0,0,0
12:31:11.744,0,0,0,0,0
12:31:11.744,0,1,0,0,0
12:31:12.367,0,1,0,0,0
12:31:12.367,0,0,0,0,0
12:31:12.970,0,0,0,0,0
12:31:12.970,0,1,0,0,0
12:31:13.176,0,1,0,0,0
12:31:13.176,1,1,0,0,0
12:31:13.608,1,1,0,0,0
12:31:13.608,1,0,0,0,0
12:31:13.608,1,1,0,0,0
12:31:13.608,1,0,0,0,0
12:31:13.704,1,1,0,0,0
12:31:13.704,1,0,0,0,0
12:31:14.986,1,0,0,0,0
12:31:14.986,0,0,0,0,0
12:31:16.800,0,0,0,0,0
12:31:16.800,1,0,0,0,0
12:31:18.703,1,0,0,0,0
12:31:18.703,0,0,0,0,0
12:31:20.516,0,0,0,0,0
12:31:20.516,1,0,0,0,0
12:31:22.383,1,0,0,0,0
12:31:22.383,0,0,0,0,0
12:31:23.645,0,0,0,0,0
12:31:23.645,0,1,0,0,0
12:31:23.908,0,1,0,0,0
12:31:23.908,0,0,0,0,0
12:31:24.186,0,0,0,0,0
12:31:24.186,1,0,0,0,0
12:31:24.587,1,0,0,0,0
12:31:24.587,1,1,0,0,0
12:31:25.190,1,1,0,0,0
12:31:25.190,1,0,0,0,0
12:31:25.829,1,0,0,0,0
12:31:25.829,1,1,0,0,0
12:31:26.044,1,1,0,0,0
12:31:26.044,0,1,0,0,0
12:31:26.430,0,1,0,0,0
12:31:26.430,0,0,0,0,0
12:31:27.084,0,0,0,0,0
12:31:27.084,0,1,0,0,0
12:31:27.688,0,1,0,0,0
12:31:27.688,0,0,0,0,0
12:31:27.940,0,0,0,0,0
12:31:27.940,1,0,0,0,0
12:31:28.293,1,0,0,0,0
12:31:28.293,1,1,0,0,0
12:31:28.910,1,1,0,0,0
12:31:28.910,1,0,0,0,0
12:31:29.579,1,0,0,0,0
12:31:29.579,1,1,0,0,0
12:31:29.796,1,1,0,0,0
12:31:29.796,0,1,0,0,0
12:31:30.197,0,1,0,0,0
12:31:30.197,0,0,0,0,0
12:31:30.797,0,0,0,0,0
12:31:30.797,0,1,0,0,0
12:31:31.410,0,1,0,0,0
12:31:31.410,0,0,0,0,0
12:31:31.639,0,0,0,0,0
12:31:31.639,1,0,0,0,0
12:31:32.018,1,0,0,0,0
12:31:32.018,1,1,0,0,0
12:31:32.625,1,1,0,0,0
12:31:32.625,1,0,0,0,0
12:31:33.275,1,0,0,0,0
12:31:33.275,1,1,0,0,0
12:31:33.464,1,1,0,0,0
12:31:33.464,0,1,0,0,0
12:31:33.692,0,1,0,0,0
12:31:33.692,0,0,0,0,0
12:31:33.890,0,1,0,0,0
12:31:33.890,0,0,0,0,0
12:31:35.353,0,0,0,0,0
12:31:35.353,1,0,0,0,0
12:31:37.157,1,0,0,0,0
12:31:37.157,0,0,0,0,0
12:31:39.075,0,0,0,0,0
12:31:39.075,1,0,0,0,0
12:31:40.876,1,0,0,0,0
12:31:40.876,0,0,0,0,0
12:31:42.774,0,0,0,0,0
12:31:42.774,1,0,0,0,0
12:31:43.739,1,0,0,0,0
12:31:43.739,1,1,0,0,0
12:31:44.147,1,1,0,0,0
12:31:44.147,1,0,0,0,0
12:31:44.623,1,0,0,0,0
12:31:44.623,0,0,0,0,0
12:31:44.828,0,0,0,0,0
12:31:44.828,0,1,0,0,0
12:31:45.442,0,1,0,0,0
12:31:45.442,0,0,0,0,0
12:31:46.047,0,0,0,0,0
12:31:46.047,0,1,0,0,0
12:31:46.424,0,1,0,0,0
12:31:46.424,1,1,0,0,0
12:31:46.769,1,1,0,0,0
12:31:46.769,1,0,0,0,0
12:31:47.382,1,0,0,0,0
12:31:47.382,1,1,0,0,0
12:31:47.980,1,1,0,0,0
12:31:47.980,1,0,0,0,0
12:31:48.241,1,0,0,0,0
12:31:48.241,0,0,0,0,0
12:31:48.586,0,0,0,0,0
12:31:48.586,0,1,0,0,0
12:31:49.240,0,1,0,0,0
12:31:49.240,0,0,0,0,0
12:31:49.847,0,0,0,0,0
12:31:49.847,0,1,0,0,0
12:31:50.088,0,1,0,0,0
12:31:50.088,1,1,0,0,0
12:31:50.482,1,1,0,0,0
12:31:50.482,1,0,0,0,0
12:31:51.083,1,0,0,0,0
12:31:51.083,1,1,0,0,0
12:31:51.728,1,1,0,0,0
12:31:51.728,1,0,0,0,0
12:31:51.895,1,0,0,0,0
12:31:51.895,0,0,0,0,0
12:31:52.340,0,0,0,0,0
12:31:52.340,0,1,0,0,0
12:31:52.987,0,1,0,0,0
12:31:52.987,0,0,0,0,0
12:31:53.602,0,0,0,0,0
12:31:53.602,0,1,0,0,0
12:31:53.696,0,1,0,0,0
12:31:53.696,1,1,0,0,0
12:31:53.894,1,1,0,0,0
12:31:53.894,1,0,0,0,0
12:31:53.937,1,1,0,0,0
12:31:53.937,1,0,0,0,0
12:31:55.585,1,0,0,0,0
12:31:55.585,0,0,0,0,0
12:31:57.387,0,0,0,0,0
12:31:57.387,1,0,0,0,0
12:31:59.281,1,0,0,0,0
12:31:59.281,0,0,0,0,0
12:32:01.084,0,0,0,0,0
12:32:01.084,1,0,0,0,0
12:32:02.896,1,0,0,0,0
12:32:02.896,0,0,0,0,0
12:32:03.929,0,0,0,0,0
12:32:03.929,0,1,0,0,0
12:32:04.135,0,1,0,0,0
12:32:04.135,0,0,0,0,0
12:32:04.803,0,0,0,0,0
12:32:04.803,1,0,0,0,0
12:32:04.803,1,0,0,0,0
12:32:04.803,1,1,0,0,0
12:32:05.418,1,1,0,0,0
12:32:05.418,1,0,0,0,0
12:32:06.082,1,0,0,0,0
12:32:06.082,1,1,0,0,0
12:32:06.611,1,1,0,0,0
12:32:06.611,0,1,0,0,0
12:32:06.817,0,1,0,0,0
12:32:06.817,0,0,0,0,0
12:32:07.438,0,0,0,0,0
12:32:07.438,0,1,0,0,0
12:32:08.043,0,1,0,0,0
12:32:08.043,0,0,0,0,0
12:32:08.424,0,0,0,0,0
12:32:08.424,1,0,0,0,0
12:32:08.650,1,0,0,0,0
12:32:08.650,1,1,0,0,0
12:32:09.258,1,1,0,0,0
12:32:09.258,1,0,0,0,0
12:32:09.933,1,0,0,0,0
12:32:09.933,1,1,0,0,0
12:32:10.331,1,1,0,0,0
12:32:10.331,0,1,0,0,0
12:32:10.541,0,1,0,0,0
12:32:10.541,0,0,0,0,0
12:32:11.154,0,0,0,0,0
12:32:11.154,0,1,0,0,0
12:32:11.767,0,1,0,0,0
12:32:11.767,0,0,0,0,0
12:32:12.149,0,0,0,0,0
12:32:12.149,1,0,0,0,0
12:32:12.371,1,0,0,0,0
12:32:12.371,1,1,0,0,0
12:32:12.981,1,1,0,0,0
12:32:12.981,1,0,0,0,0
12:32:13.605,1,0,0,0,0
12:32:13.605,1,1,0,0,0
12:32:13.987,1,1,0,0,0
12:32:13.987,0,1,0,0,0
12:32:13.987,0,1,0,0,0
12:32:13.987,0,0,0,0,0
12:32:14.058,0,1,0,0,0
12:32:14.058,0,0,0,0,0
12:32:15.790,0,0,0,0,0
12:32:15.790,1,0,0,0,0
12:32:17.596,1,0,0,0,0
12:32:17.596,0,0,0,0,0
12:32:19.437,0,0,0,0,0
12:32:19.437,1,0,0,0,0
12:32:21.239,1,0,0,0,0
12:32:21.239,0,0,0,0,0
12:32:23.044,0,0,0,0,0
12:32:23.044,1,0,0,0,0
12:32:24.114,1,0,0,0,0
12:32:24.114,1,1,0,0,0
12:32:24.367,1,1,0,0,0
12:32:24.367,1,0,0,0,0
12:32:24.928,1,0,0,0,0
12:32:24.928,0,0,0,0,0
12:32:24.973,0,0,0,0,0
12:32:24.973,0,1,0,0,0
12:32:25.584,0,1,0,0,0
12:32:25.584,0,0,0,0,0
12:32:26.212,0,0,0,0,0
12:32:26.212,0,1,0,0,0
12:32:26.736,0,1,0,0,0
12:32:26.736,1,1,0,0,0
12:32:26.917,1,1,0,0,0
12:32:26.917,1,0,0,0,0
12:32:27.541,1,0,0,0,0
12:32:27.541,1,1,0,0,0
12:32:28.156,1,1,0,0,0
12:32:28.156,1,0,0,0,0
12:32:28.536,1,0,0,0,0
12:32:28.536,0,0,0,0,0
12:32:28.771,0,0,0,0,0
12:32:28.771,0,1,0,0,0
12:32:29.379,0,1,0,0,0
12:32:29.379,0,0,0,0,0
12:32:29.979,0,0,0,0,0
12:32:29.979,0,1,0,0,0
12:32:30.404,0,1,0,0,0
12:32:30.404,1,1,0,0,0
12:32:30.587,1,1,0,0,0
12:32:30.587,1,0,0,0,0
12:32:31.197,1,0,0,0,0
12:32:31.197,1,1,0,0,0
12:32:31.799,1,1,0,0,0
12:32:31.799,1,0,0,0,0
12:32:32.215,1,0,0,0,0
12:32:32.215,0,0,0,0,0
12:32:32.433,0,0,0,0,0
12:32:32.433,0,1,0,0,0
12:32:33.047,0,1,0,0,0
12:32:33.047,0,0,0,0,0
12:32:33.705,0,0,0,0,0
12:32:33.705,0,1,0,0,0
12:32:34.091,0,1,0,0,0
12:32:34.091,1,1,0,0,0
12:32:34.129,1,1,0,0,0
12:32:34.129,1,0,0,0,0
12:32:34.327,1,1,0,0,0
12:32:34.327,1,0,0,0,0
12:32:35.898,1,0,0,0,0
12:32:35.898,0,0,0,0,0
12:32:37.704,0,0,0,0,0
12:32:37.704,1,0,0,0,0
12:32:39.505,1,0,0,0,0
12:32:39.505,0,0,0,0,0
12:32:41.338,0,0,0,0,0
12:32:41.338,1,0,0,0,0
12:32:43.149,1,0,0,0,0
12:32:43.149,0,0,0,0,0
12:32:44.231,0,0,0,0,0
12:32:44.231,0,1,0,0,0
12:32:44.452,0,1,0,0,0
12:32:44.452,0,0,0,0,0
12:32:45.059,0,0,0,0,0
12:32:45.059,1,0,0,0,0
12:32:45.059,1,0,0,0,0
12:32:45.059,1,1,0,0,0
12:32:45.676,1,1,0,0,0
12:32:45.676,1,0,0,0,0
12:32:46.307,1,0,0,0,0
12:32:46.307,1,1,0,0,0
12:32:46.870,1,1,0,0,0
12:32:46.870,0,1,0,0,0
12:32:46.902,0,1,0,0,0
12:32:46.902,0,0,0,0,0
12:32:47.545,0,0,0,0,0
12:32:47.545,0,1,0,0,0
12:32:48.164,0,1,0,0,0
12:32:48.164,0,0,0,0,0
12:32:48.798,0,0,0,0,0
12:32:48.798,1,0,0,0,0
12:32:48.798,1,0,0,0,0
12:32:48.798,1,1,0,0,0
12:32:49.410,1,1,0,0,0
12:32:49.410,1,0,0,0,0
12:32:50.050,1,0,0,0,0
12:32:50.050,1,1,0,0,0
12:32:50.604,1,1,0,0,0
12:32:50.604,0,1,0,0,0
12:32:50.804,0,1,0,0,0
12:32:50.804,0,0,0,0,0
12:32:51.445,0,0,0,0,0
12:32:51.445,0,1,0,0,0
12:32:52.066,0,1,0,0,0
12:32:52.066,0,0,0,0,0
12:32:52.412,0,0,0,0,0
12:32:52.412,1,0,0,0,0
12:32:52.671,1,0,0,0,0
12:32:52.671,1,1,0,0,0
12:32:53.276,1,1,0,0,0
12:32:53.276,1,0,0,0,0
12:32:53.889,1,0,0,0,0
12:32:53.889,1,1,0,0,0
12:32:54.172,1,1,0,0,0
12:32:54.172,1,0,0,0,0
12:32:54.222,1,0,0,0,0
12:32:54.222,0,0,0,0,0
12:32:54.317,0,1,0,0,0
12:32:54.317,0,0,0,0,0
12:32:56.095,0,0,0,0,0
12:32:56.095,1,0,0,0,0
12:32:57.908,1,0,0,0,0
12:32:57.908,0,0,0,0,0
12:32:59.790,0,0,0,0,0
12:32:59.790,1,0,0,0,0
12:33:01.602,1,0,0,0,0
12:33:01.602,0,0,0,0,0
12:33:03.477,0,0,0,0,0
12:33:03.477,1,0,0,0,0
12:33:04.293,1,0,0,0,0
12:33:04.293,1,1,0,0,0
12:33:04.530,1,1,0,0,0
12:33:04.530,1,0,0,0,0
12:33:05.149,1,0,0,0,0
12:33:05.149,1,1,0,0,0
12:33:05.350,1,1,0,0,0
12:33:05.350,0,1,0,0,0
12:33:05.761,0,1,0,0,0
12:33:05.761,0,0,0,0,0
12:33:06.379,0,0,0,0,0
12:33:06.379,0,1,0,0,0
12:33:06.988,0,1,0,0,0
12:33:06.988,0,0,0,0,0
12:33:07.231,0,0,0,0,0
12:33:07.231,1,0,0,0,0
12:33:07.653,1,0,0,0,0
12:33:07.653,1,1,0,0,0
12:33:08.261,1,1,0,0,0
12:33:08.261,1,0,0,0,0
12:33:08.868,1,0,0,0,0
12:33:08.868,1,1,0,0,0
12:33:09.074,1,1,0,0,0
12:33:09.074,0,1,0,0,0
12:33:09.486,0,1,0,0,0
12:33:09.486,0,0,0,0,0
12:33:10.120,0,0,0,0,0
12:33:10.120,0,1,0,0,0
12:33:10.726,0,1,0,0,0
12:33:10.726,0,0,0,0,0
12:33:10.979,0,0,0,0,0
12:33:10.979,1,0,0,0,0
12:33:11.397,1,0,0,0,0
12:33:11.397,1,1,0,0,0
12:33:12.045,1,1,0,0,0
12:33:12.045,1,0,0,0,0
12:33:12.654,1,0,0,0,0
12:33:12.654,1,1,0,0,0
12:33:12.859,1,1,0,0,0
12:33:12.859,0,1,0,0,0
12:33:13.256,0,1,0,0,0
12:33:13.256,0,0,0,0,0
12:33:13.888,0,0,0,0,0
12:33:13.888,0,1,0,0,0
12:33:14.298,0,1,0,0,0
12:33:14.298,0,0,0,0,0
12:33:14.521,0,1,0,0,0
12:33:14.521,0,0,0,0,0
12:33:14.736,0,0,0,0,0
12:33:14.736,1,0,0,0,0
12:33:16.539,1,0,0,0,0
12:33:16.539,0,0,0,0,0
12:33:18.425,0,0,0,0,0
12:33:18.425,1,0,0,0,0
12:33:20.241,1,0,0,0,0
12:33:20.241,0,0,0,0,0
12:33:22.130,0,0,0,0,0
12:33:22.130,1,0,0,0,0
12:33:23.935,1,0,0,0,0
12:33:23.935,0,0,0,0,0
12:33:24.400,0,0,0,0,0
12:33:24.400,0,1,0,0,0
12:33:24.427,0,1,0,0,0
12:33:24.427,0,0,0,0,0
12:33:25.110,0,0,0,0,0
12:33:25.110,0,1,0,0,0
12:33:25.720,0,1,0,0,0
12:33:25.720,0,0,0,0,0
12:33:25.752,0,0,0,0,0
12:33:25.752,1,0,0,0,0
12:33:26.337,1,0,0,0,0
12:33:26.337,1,1,0,0,0
12:33:26.940,1,1,0,0,0
12:33:26.940,1,0,0,0,0
12:33:27.590,1,0,0,0,0
12:33:27.590,1,1,0,0,0
12:33:27.590,1,1,0,0,0
12:33:27.590,0,1,0,0,0
12:33:28.194,0,1,0,0,0
12:33:28.194,0,0,0,0,0
12:33:28.838,0,0,0,0,0
12:33:28.838,0,1,0,0,0
12:33:29.398,0,1,0,0,0
12:33:29.398,1,1,0,0,0
12:33:29.450,1,1,0,0,0
12:33:29.450,1,0,0,0,0
12:33:30.094,1,0,0,0,0
12:33:30.094,1,1,0,0,0
12:33:30.698,1,1,0,0,0
12:33:30.698,1,0,0,0,0
12:33:31.205,1,0,0,0,0
12:33:31.205,0,0,0,0,0
12:33:31.362,0,0,0,0,0
12:33:31.362,0,1,0,0,0
12:33:31.975,0,1,0,0,0
12:33:31.975,0,0,0,0,0
12:33:32.577,0,0,0,0,0
12:33:32.577,0,1,0,0,0
12:33:33.007,0,1,0,0,0
12:33:33.007,1,1,0,0,0
12:33:33.206,1,1,0,0,0
12:33:33.206,1,0,0,0,0
12:33:33.806,1,0,0,0,0
12:33:33.806,1,1,0,0,0
12:33:34.421,1,1,0,0,0
12:33:34.421,1,0,0,0,0
12:33:34.505,1,1,0,0,0
12:33:34.505,1,0,0,0,0
12:33:34.696,1,1,0,0,0
12:33:34.696,1,0,0,0,0
12:33:34.919,1,0,0,0,0
12:33:34.919,0,0,0,0,0
12:33:36.763,0,0,0,0,0
12:33:36.763,1,0,0,0,0
12:33:38.579,1,0,0,0,0
12:33:38.579,0,0,0,0,0
12:33:40.464,0,0,0,0,0
12:33:40.464,1,0,0,0,0
12:33:42.270,1,0,0,0,0
12:33:42.270,0,0,0,0,0
12:33:44.159,0,0,0,0,0
12:33:44.159,1,0,0,0,0
12:33:44.576,1,0,0,0,0
12:33:44.576,1,1,0,0,0
12:33:44.828,1,1,0,0,0
12:33:44.828,1,0,0,0,0
12:33:45.447,1,0,0,0,0
12:33:45.447,1,1,0,0,0
12:33:45.970,1,1,0,0,0
12:33:45.970,0,1,0,0,0
12:33:46.170,0,1,0,0,0
12:33:46.170,0,0,0,0,0
12:33:46.784,0,0,0,0,0
12:33:46.784,0,1,0,0,0
12:33:47.391,0,1,0,0,0
12:33:47.391,0,0,0,0,0
12:33:47.771,0,0,0,0,0
12:33:47.771,1,0,0,0,0
12:33:48.003,1,0,0,0,0
12:33:48.003,1,1,0,0,0
12:33:48.618,1,1,0,0,0
12:33:48.618,1,0,0,0,0
12:33:49.233,1,0,0,0,0
12:33:49.233,1,1,0,0,0
12:33:49.657,1,1,0,0,0
12:33:49.657,0,1,0,0,0
12:33:49.847,0,1,0,0,0
12:33:49.847,0,0,0,0,0
12:33:50.506,0,0,0,0,0
12:33:50.506,0,1,0,0,0
12:33:51.110,0,1,0,0,0
12:33:51.110,0,0,0,0,0
12:33:51.476,0,0,0,0,0
12:33:51.476,1,0,0,0,0
12:33:51.718,1,0,0,0,0
12:33:51.718,1,1,0,0,0
12:33:52.334,1,1,0,0,0
12:33:52.334,1,0,0,0,0
12:33:52.951,1,0,0,0,0
12:33:52.951,1,1,0,0,0
12:33:53.320,1,1,0,0,0
12:33:53.320,0,1,0,0,0
12:33:53.557,0,1,0,0,0
12:33:53.557,0,0,0,0,0
12:33:54.177,0,0,0,0,0
12:33:54.177,0,1,0,0,0
12:33:54.537,0,1,0,0,0
12:33:54.537,0,0,0,0,0
12:33:54.710,0,1,0,0,0
12:33:54.710,0,0,0,0,0
12:33:55.131,0,0,0,0,0
12:33:55.131,1,0,0,0,0
12:33:56.945,1,0,0,0,0
12:33:56.945,0,0,0,0,0
12:33:58.833,0,0,0,0,0
12:33:58.833,1,0,0,0,0
12:34:00.644,1,0,0,0,0
12:34:00.644,0,0,0,0,0
12:34:02.462,0,0,0,0,0
12:34:02.462,1,0,0,0,0
12:34:04.253,1,0,0,0,0
12:34:04.253,0,0,0,0,0
12:34:04.639,0,0,0,0,0
12:34:04.639,0,1,0,0,0
12:34:04.830,0,1,0,0,0
12:34:04.830,0,0,0,0,0
12:34:05.557,0,0,0,0,0
12:34:05.557,0,1,0,0,0
12:34:06.067,0,1,0,0,0
12:34:06.067,1,1,0,0,0
12:34:06.261,1,1,0,0,0
12:34:06.261,1,0,0,0,0
12:34:06.873,1,0,0,0,0
12:34:06.873,1,1,0,0,0
12:34:07.482,1,1,0,0,0
12:34:07.482,1,0,0,0,0
12:34:07.867,1,0,0,0,0
12:34:07.867,0,0,0,0,0
12:34:08.123,0,0,0,0,0
12:34:08.123,0,1,0,0,0
12:34:08.725,0,1,0,0,0
12:34:08.725,0,0,0,0,0
12:34:09.328,0,0,0,0,0
12:34:09.328,0,1,0,0,0
12:34:09.671,0,1,0,0,0
12:34:09.671,1,1,0,0,0
12:34:10.082,1,1,0,0,0
12:34:10.082,1,0,0,0,0
12:34:10.695,1,0,0,0,0
12:34:10.695,1,1,0,0,0
12:34:11.319,1,1,0,0,0
12:34:11.319,1,0,0,0,0
12:34:11.521,1,0,0,0,0
12:34:11.521,0,0,0,0,0
12:34:11.934,0,0,0,0,0
12:34:11.934,0,1,0,0,0
12:34:12.550,0,1,0,0,0
12:34:12.550,0,0,0,0,0
12:34:13.162,0,0,0,0,0
12:34:13.162,0,1,0,0,0
12:34:13.385,0,1,0,0,0
12:34:13.385,1,1,0,0,0
12:34:13.784,1,1,0,0,0
12:34:13.784,1,0,0,0,0
12:34:14.384,1,0,0,0,0
12:34:14.384,1,1,0,0,0
12:34:14.638,1,1,0,0,0
12:34:14.638,1,0,0,0,0
12:34:14.803,1,1,0,0,0
12:34:14.803,1,0,0,0,0
12:34:15.197,1,0,0,0,0
12:34:15.197,0,0,0,0,0
12:34:17.015,0,0,0,0,0
12:34:17.015,1,0,0,0,0
12:34:18.828,1,0,0,0,0
12:34:18.828,0,0,0,0,0
12:34:20.632,0,0,0,0,0
12:34:20.632,1,0,0,0,0
12:34:22.519,1,0,0,0,0
12:34:22.519,0,0,0,0,0
12:34:24.323,0,0,0,0,0
12:34:24.323,1,0,0,0,0
12:34:24.778,1,0,0,0,0
12:34:24.778,1,1,0,0,0
12:34:24.915,1,1,0,0,0
12:34:24.915,1,0,0,0,0
12:34:25.524,1,0,0,0,0
12:34:25.524,1,1,0,0,0
12:34:26.124,1,1,0,0,0
12:34:26.124,0,1,0,0,0
12:34:26.124,0,1,0,0,0
12:34:26.124,0,0,0,0,0
12:34:26.733,0,0,0,0,0
12:34:26.733,0,1,0,0,0
12:34:27.335,0,1,0,0,0
12:34:27.335,0,0,0,0,0
12:34:27.931,0,0,0,0,0
12:34:27.931,1,0,0,0,0
12:34:27.931,1,0,0,0,0
12:34:27.931,1,1,0,0,0
12:34:28.540,1,1,0,0,0
12:34:28.540,1,0,0,0,0
12:34:29.190,1,0,0,0,0
12:34:29.190,1,1,0,0,0
12:34:29.744,1,1,0,0,0
12:34:29.744,0,1,0,0,0
12:34:29.808,0,1,0,0,0
12:34:29.808,0,0,0,0,0
12:34:30.410,0,0,0,0,0
12:34:30.410,0,1,0,0,0
12:34:31.018,0,1,0,0,0
12:34:31.018,0,0,0,0,0
12:34:31.660,0,0,0,0,0
12:34:31.660,1,0,0,0,0
12:34:31.660,1,0,0,0,0
12:34:31.660,1,1,0,0,0
12:34:32.274,1,1,0,0,0
12:34:32.274,1,0,0,0,0
12:34:32.916,1,0,0,0,0
12:34:32.916,1,1,0,0,0
12:34:33.469,1,1,0,0,0
12:34:33.469,0,1,0,0,0
12:34:33.663,0,1,0,0,0
12:34:33.663,0,0,0,0,0
12:34:34.267,0,0,0,0,0
12:34:34.267,0,1,0,0,0
12:34:34.829,0,1,0,0,0
12:34:34.829,0,0,0,0,0
12:34:35.065,0,1,0,0,0
12:34:35.065,0,0,0,0,0
12:34:35.271,0,0,0,0,0
12:34:35.271,1,0,0,0,0
12:34:37.081,1,0,0,0,0
12:34:37.081,0,0,0,0,0
12:34:38.924,0,0,0,0,0
12:34:38.924,1,0,0,0,0
12:34:40.729,1,0,0,0,0
12:34:40.729,0,0,0,0,0
12:34:42.585,0,0,0,0,0
12:34:42.585,1,0,0,0,0
12:34:44.397,1,0,0,0,0
12:34:44.397,0,0,0,0,0
12:34:45.051,0,0,0,0,0
12:34:45.051,0,1,0,0,0
12:34:45.305,0,1,0,0,0
12:34:45.305,0,0,0,0,0
12:34:45.914,0,0,0,0,0
12:34:45.914,0,1,0,0,0
12:34:46.278,0,1,0,0,0
12:34:46.278,1,1,0,0,0
12:34:46.518,1,1,0,0,0
12:34:46.518,1,0,0,0,0
12:34:47.133,1,0,0,0,0
12:34:47.133,1,1,0,0,0
12:34:47.779,1,1,0,0,0
12:34:47.779,1,0,0,0,0
12:34:48.097,1,0,0,0,0
12:34:48.097,0,0,0,0,0
12:34:48.382,0,0,0,0,0
12:34:48.382,0,1,0,0,0
12:34:48.990,0,1,0,0,0
12:34:48.990,0,0,0,0,0
12:34:49.604,0,0,0,0,0
12:34:49.604,0,1,0,0,0
12:34:49.997,0,1,0,0,0
12:34:49.997,1,1,0,0,0
12:34:50.205,1,1,0,0,0
12:34:50.205,1,0,0,0,0
12:34:50.814,1,0,0,0,0
12:34:50.814,1,1,0,0,0
12:34:51.417,1,1,0,0,0
12:34:51.417,1,0,0,0,0
12:34:51.802,1,0,0,0,0
12:34:51.802,0,0,0,0,0
12:34:52.080,0,0,0,0,0
12:34:52.080,0,1,0,0,0
12:34:52.687,0,1,0,0,0
12:34:52.687,0,0,0,0,0
12:34:53.291,0,0,0,0,0
12:34:53.291,0,1,0,0,0
12:34:53.614,0,1,0,0,0
12:34:53.614,1,1,0,0,0
12:34:53.915,1,1,0,0,0
12:34:53.915,1,0,0,0,0
12:34:54.520,1,0,0,0,0
12:34:54.520,1,1,0,0,0
12:34:54.930,1,1,0,0,0
12:34:54.930,1,0,0,0,0
12:34:54.999,1,1,0,0,0
12:34:54.999,1,0,0,0,0
12:34:55.445,1,0,0,0,0
12:34:55.445,0,0,0,0,0
12:34:57.258,0,0,0,0,0
12:34:57.258,1,0,0,0,0
12:34:59.144,1,0,0,0,0
12:34:59.144,0,0,0,0,0
12:35:00.965,0,0,0,0,0
12:35:00.965,1,0,0,0,0
12:35:02.836,1,0,0,0,0
12:35:02.836,0,0,0,0,0
12:35:04.650,0,0,0,0,0
12:35:04.650,1,0,0,0,0
12:35:04.980,1,0,0,0,0
12:35:04.980,1,1,0,0,0
12:35:05.028,1,1,0,0,0
12:35:05.028,1,0,0,0,0
12:35:05.733,1,0,0,0,0
12:35:05.733,1,1,0,0,0
12:35:06.343,1,1,0,0,0
12:35:06.343,1,0,0,0,0
12:35:06.586,1,0,0,0,0
12:35:06.586,0,0,0,0,0
12:35:07.004,0,0,0,0,0
12:35:07.004,0,1,0,0,0
12:35:07.622,0,1,0,0,0
12:35:07.622,0,0,0,0,0
12:35:08.253,0,0,0,0,0
12:35:08.253,0,1,0,0,0
12:35:08.431,0,1,0,0,0
12:35:08.431,1,1,0,0,0
12:35:08.863,1,1,0,0,0
12:35:08.863,1,0,0,0,0
12:35:09.466,1,0,0,0,0
12:35:09.466,1,1,0,0,0
12:35:10.066,1,1,0,0,0
12:35:10.066,1,0,0,0,0
12:35:10.241,1,0,0,0,0
12:35:10.241,0,0,0,0,0
12:35:10.779,0,0,0,0,0
12:35:10.779,0,1,0,0,0
12:35:11.388,0,1,0,0,0
12:35:11.388,0,0,0,0,0
12:35:12.045,0,0,0,0,0
12:35:12.045,0,1,0,0,0
12:35:12.045,0,1,0,0,0
12:35:12.045,1,1,0,0,0
12:35:12.653,1,1,0,0,0
12:35:12.653,1,0,0,0,0
12:35:13.257,1,0,0,0,0
12:35:13.257,1,1,0,0,0
12:35:13.858,1,1,0,0,0
12:35:13.858,0,1,0,0,0
12:35:13.905,0,1,0,0,0
12:35:13.905,0,0,0,0,0
12:35:14.515,0,0,0,0,0
12:35:14.515,0,1,0,0,0
12:35:15.096,0,1,0,0,0
12:35:15.096,0,0,0,0,0
12:35:15.506,0,1,0,0,0
12:35:15.506,0,0,0,0,0
12:35:15.711,0,0,0,0,0
12:35:15.711,1,0,0,0,0
12:35:17.538,1,0,0,0,0
12:35:17.538,0,0,0,0,0
12:35:19.351,0,0,0,0,0
12:35:19.351,1,0,0,0,0
12:35:21.228,1,0,0,0,0
12:35:21.228,0,0,0,0,0
12:35:23.032,0,0,0,0,0
12:35:23.032,1,0,0,0,0
12:35:24.846,1,0,0,0,0
12:35:24.846,0,0,0,0,0
12:35:25.162,0,0,0,0,0
12:35:25.162,0,1,0,0,0
12:35:25.186,0,1,0,0,0
12:35:25.186,0,0,0,0,0
12:35:25.792,0,0,0,0,0
12:35:25.792,0,1,0,0,0
12:35:26.424,0,1,0,0,0
12:35:26.424,0,0,0,0,0
12:35:26.655,0,0,0,0,0
12:35:26.655,1,0,0,0,0
12:35:27.036,1,0,0,0,0
12:35:27.036,1,1,0,0,0
12:35:27.637,1,1,0,0,0
12:35:27.637,1,0,0,0,0
12:35:28.279,1,0,0,0,0
12:35:28.279,1,1,0,0,0
12:35:28.494,1,1,0,0,0
12:35:28.494,0,1,0,0,0
12:35:28.896,0,1,0,0,0
12:35:28.896,0,0,0,0,0
12:35:29.502,0,0,0,0,0
12:35:29.502,0,1,0,0,0
12:35:30.106,0,1,0,0,0
12:35:30.106,0,0,0,0,0
12:35:30.292,0,0,0,0,0
12:35:30.292,1,0,0,0,0
12:35:30.713,1,0,0,0,0
12:35:30.713,1,1,0,0,0
12:35:31.315,1,1,0,0,0
12:35:31.315,1,0,0,0,0
12:35:31.954,1,0,0,0,0
12:35:31.954,1,1,0,0,0
12:35:32.147,1,1,0,0,0
12:35:32.147,0,1,0,0,0
12:35:32.556,0,1,0,0,0
12:35:32.556,0,0,0,0,0
12:35:33.159,0,0,0,0,0
12:35:33.159,0,1,0,0,0
12:35:33.770,0,1,0,0,0
12:35:33.770,0,0,0,0,0
12:35:33.961,0,0,0,0,0
12:35:33.961,1,0,0,0,0
12:35:34.372,1,0,0,0,0
12:35:34.372,1,1,0,0,0
12:35:35.036,1,1,0,0,0
12:35:35.036,1,0,0,0,0
12:35:35.241,1,1,0,0,0
12:35:35.241,1,0,0,0,0
12:35:35.497,1,1,0,0,0
12:35:35.497,1,0,0,0,0
12:35:35.770,1,0,0,0,0
12:35:35.770,0,0,0,0,0
12:35:37.583,0,0,0,0,0
12:35:37.583,1,0,0,0,0
12:35:39.398,1,0,0,0,0
12:35:39.398,0,0,0,0,0
12:35:41.297,0,0,0,0,0
12:35:41.297,1,0,0,0,0
12:35:43.114,1,0,0,0,0
12:35:43.114,0,0,0,0,0
12:35:44.990,0,0,0,0,0
12:35:44.990,1,0,0,0,0
12:35:45.239,1,0,0,0,0
12:35:45.239,1,1,0,0,0
12:35:45.255,1,1,0,0,0
12:35:45.255,1,0,0,0,0
12:35:45.863,1,0,0,0,0
12:35:45.863,1,1,0,0,0
12:35:46.464,1,1,0,0,0
12:35:46.464,1,0,0,0,0
12:35:46.804,1,0,0,0,0
12:35:46.804,0,0,0,0,0
12:35:47.158,0,0,0,0,0
12:35:47.158,0,1,0,0,0
12:35:47.768,0,1,0,0,0
12:35:47.768,0,0,0,0,0
12:35:48.418,0,0,0,0,0
12:35:48.418,0,1,0,0,0
12:35:48.611,0,1,0,0,0
12:35:48.611,1,1,0,0,0
12:35:49.021,1,1,0,0,0
12:35:49.021,1,0,0,0,0
12:35:49.665,1,0,0,0,0
12:35:49.665,1,1,0,0,0
12:35:50.269,1,1,0,0,0
12:35:50.269,1,0,0,0,0
12:35:50.463,1,0,0,0,0
12:35:50.463,0,0,0,0,0
12:35:50.878,0,0,0,0,0
12:35:50.878,0,1,0,0,0
12:35:51.477,0,1,0,0,0
12:35:51.477,0,0,0,0,0
12:35:52.095,0,0,0,0,0
12:35:52.095,0,1,0,0,0
12:35:52.333,0,1,0,0,0
12:35:52.333,1,1,0,0,0
12:35:52.741,1,1,0,0,0
12:35:52.741,1,0,0,0,0
12:35:53.358,1,0,0,0,0
12:35:53.358,1,1,0,0,0
12:35:53.952,1,1,0,0,0
12:35:53.952,1,0,0,0,0
12:35:54.156,1,0,0,0,0
12:35:54.156,0,0,0,0,0
12:35:54.574,0,0,0,0,0
12:35:54.574,0,1,0,0,0
12:35:55.178,0,1,0,0,0
12:35:55.178,0,0,0,0,0
12:35:55.352,0,1,0,0,0
12:35:55.352,0,0,0,0,0
12:35:55.448,0,1,0,0,0
12:35:55.448,0,0,0,0,0
12:35:56.006,0,0,0,0,0
12:35:56.006,1,0,0,0,0
12:35:57.812,1,0,0,0,0
12:35:57.812,0,0,0,0,0
12:35:59.612,0,0,0,0,0
12:35:59.612,1,0,0,0,0
12:36:01.429,1,0,0,0,0
12:36:01.429,0,0,0,0,0
12:36:03.235,0,0,0,0,0
12:36:03.235,1,0,0,0,0
12:36:05.062,1,0,0,0,0
12:36:05.062,0,0,0,0,0
12:36:05.476,0,0,0,0,0
12:36:05.476,0,1,0,0,0
12:36:05.520,0,1,0,0,0
12:36:05.520,0,0,0,0,0
12:36:06.132,0,0,0,0,0
12:36:06.132,0,1,0,0,0
12:36:06.743,0,1,0,0,0
12:36:06.743,0,0,0,0,0
12:36:06.976,0,0,0,0,0
12:36:06.976,1,0,0,0,0
12:36:07.359,1,0,0,0,0
12:36:07.359,1,1,0,0,0
12:36:07.965,1,1,0,0,0
12:36:07.965,1,0,0,0,0
12:36:08.584,1,0,0,0,0
12:36:08.584,1,1,0,0,0
12:36:08.780,1,1,0,0,0
12:36:08.780,0,1,0,0,0
12:36:09.194,0,1,0,0,0
12:36:09.194,0,0,0,0,0
12:36:09.833,0,0,0,0,0
12:36:09.833,0,1,0,0,0
12:36:10.445,0,1,0,0,0
12:36:10.445,0,0,0,0,0
12:36:10.674,0,0,0,0,0
12:36:10.674,1,0,0,0,0
12:36:11.077,1,0,0,0,0
12:36:11.077,1,1,0,0,0
12:36:11.692,1,1,0,0,0
12:36:11.692,1,0,0,0,0
12:36:12.332,1,0,0,0,0
12:36:12.332,1,1,0,0,0
12:36:12.540,1,1,0,0,0
12:36:12.540,0,1,0,0,0
12:36:12.942,0,1,0,0,0
12:36:12.942,0,0,0,0,0
12:36:13.546,0,0,0,0,0
12:36:13.546,0,1,0,0,0
12:36:14.161,0,1,0,0,0
12:36:14.161,0,0,0,0,0
12:36:14.416,0,0,0,0,0
12:36:14.416,1,0,0,0,0
12:36:14.813,1,0,0,0,0
12:36:14.813,1,1,0,0,0
12:36:15.398,1,1,0,0,0
12:36:15.398,1,0,0,0,0
12:36:15.490,1,1,0,0,0
12:36:15.490,1,0,0,0,0
12:36:16.228,1,0,0,0,0
12:36:16.228,0,0,0,0,0
12:36:18.073,0,0,0,0,0
12:36:18.073,1,0,0,0,0
12:36:19.894,1,0,0,0,0
12:36:19.894,0,0,0,0,0
12:36:21.729,0,0,0,0,0
12:36:21.729,1,0,0,0,0
12:36:23.530,1,0,0,0,0
12:36:23.530,0,0,0,0,0
12:36:25.331,0,0,0,0,0
12:36:25.331,1,0,0,0,0
12:36:25.537,1,0,0,0,0
12:36:25.537,1,1,0,0,0
12:36:25.685,1,1,0,0,0
12:36:25.685,1,0,0,0,0
12:36:26.374,1,0,0,0,0
12:36:26.374,1,1,0,0,0
12:36:27.134,1,1,0,0,0
12:36:27.134,1,0,0,0,0
12:36:27.134,1,0,0,0,0
12:36:27.134,0,0,0,0,0
12:36:27.734,0,0,0,0,0
12:36:27.734,0,1,0,0,0
12:36:28.348,0,1,0,0,0
12:36:28.348,0,0,0,0,0
12:36:28.953,0,0,0,0,0
12:36:28.953,1,0,0,0,0
12:36:28.953,1,0,0,0,0
12:36:28.953,1,1,0,0,0
12:36:29.563,1,1,0,0,0
12:36:29.563,1,0,0,0,0
12:36:30.211,1,0,0,0,0
12:36:30.211,1,1,0,0,0
12:36:30.766,1,1,0,0,0
12:36:30.766,0,1,0,0,0
12:36:30.835,0,1,0,0,0
12:36:30.835,0,0,0,0,0
12:36:31.484,0,0,0,0,0
12:36:31.484,0,1,0,0,0
12:36:32.085,0,1,0,0,0
12:36:32.085,0,0,0,0,0
12:36:32.568,0,0,0,0,0
12:36:32.568,1,0,0,0,0
12:36:32.766,1,0,0,0,0
12:36:32.766,1,1,0,0,0
12:36:33.370,1,1,0,0,0
12:36:33.370,1,0,0,0,0
12:36:33.992,1,0,0,0,0
12:36:33.992,1,1,0,0,0
12:36:34.396,1,1,0,0,0
12:36:34.396,0,1,0,0,0
12:36:34.593,0,1,0,0,0
12:36:34.593,0,0,0,0,0
12:36:35.219,0,0,0,0,0
12:36:35.219,0,1,0,0,0
12:36:35.783,0,1,0,0,0
12:36:35.783,0,0,0,0,0
12:36:35.997,0,1,0,0,0
12:36:35.997,0,0,0,0,0
12:47:20.927,0,0,0,0,0
12:47:20.927,1,0,0,0,0
12:47:20.931,1,0,0,0,0
12:47:20.931,1,1,0,0,0
12:47:21.156,1,1,0,0,0
12:47:21.156,1,0,0,0,0
12:47:21.722,1,1,0,0,0
12:47:21.722,1,0,0,0,0
12:47:22.275,1,1,0,0,0
12:47:22.275,1,0,0,0,0
12:47:22.512,1,0,0,0,0
12:47:22.512,1,1,0,0,0
12:47:22.750,1,1,0,0,0
12:47:22.750,0,1,0,0,0
12:47:22.807,0,1,0,0,0
12:47:22.807,0,0,0,0,0
12:47:22.929,0,1,0,0,0
12:47:22.929,0,0,0,0,0
12:47:23.200,0,1,0,0,0
12:47:23.200,0,0,0,0,0
12:47:23.330,0,0,0,0,0
12:47:23.330,0,1,0,0,0
12:47:23.474,0,1,0,0,0
12:47:23.474,0,0,0,0,0
12:47:23.587,0,1,0,0,0
12:47:23.587,0,0,0,0,0
12:47:23.632,0,1,0,0,0
12:47:23.632,0,0,0,0,0
12:47:23.710,0,0,0,0,0
12:47:23.710,0,1,0,0,0
12:47:23.789,0,1,0,0,0
12:47:23.789,0,0,0,0,0
12:47:23.860,0,1,0,0,0
12:47:23.860,0,0,0,0,0
12:47:23.900,0,1,0,0,0
12:47:23.900,0,0,0,0,0
12:47:24.110,0,0,0,0,0
12:47:24.110,0,1,0,0,0
12:47:24.190,0,1,0,0,0
12:47:24.190,0,0,0,0,0
12:47:24.261,0,1,0,0,0
12:47:24.261,0,0,0,0,0
12:47:24.330,0,1,0,0,0
12:47:24.330,0,0,0,0,0
12:47:24.372,0,0,0,0,0
12:47:24.372,0,1,0,0,0
12:47:24.424,0,1,0,0,0
12:47:24.424,0,0,0,0,0
12:47:24.499,0,1,0,0,0
12:47:24.499,0,0,0,0,0
12:47:24.540,0,1,0,0,0
12:47:24.540,0,0,0,0,0
12:47:24.580,0,0,0,0,0
12:47:24.580,1,0,0,0,0
12:47:24.580,1,0,0,0,0
12:47:24.580,1,1,0,0,0
12:47:24.687,1,1,0,0,0
12:47:24.687,1,0,0,0,0
12:47:24.781,1,1,0,0,0
12:47:24.781,1,0,0,0,0
12:47:24.852,1,1,0,0,0
12:47:24.852,1,0,0,0,0
12:47:24.890,1,0,0,0,0
12:47:24.890,1,1,0,0,0
12:47:24.930,1,1,0,0,0
12:47:24.930,1,0,0,0,0
12:47:24.999,1,1,0,0,0
12:47:24.999,1,0,0,0,0
12:47:25.260,1,1,0,0,0
12:47:25.260,1,0,0,0,0
12:47:25.300,1,0,0,0,0
12:47:25.300,1,1,0,0,0
12:47:25.340,1,1,0,0,0
12:47:25.340,1,0,0,0,0
12:47:25.424,1,1,0,0,0
12:47:25.424,1,0,0,0,0
12:47:25.642,1,1,0,0,0
12:47:25.642,1,0,0,0,0
12:47:25.925,1,0,0,0,0
12:47:25.925,1,1,0,0,0
12:47:26.140,1,1,0,0,0
12:47:26.140,1,0,0,0,0
12:47:26.213,1,1,0,0,0
12:47:26.213,1,0,0,0,0
12:47:26.260,1,1,0,0,0
12:47:26.260,1,0,0,0,0
12:47:26.314,1,0,0,0,0
12:47:26.314,1,1,0,0,0
12:47:26.400,1,1,0,0,0
12:47:26.400,1,0,0,0,0
12:47:26.403,1,0,0,0,0
12:47:26.403,0,0,0,0,0
12:47:26.490,0,1,0,0,0
12:47:26.490,0,0,0,0,0
12:47:26.520,0,1,0,0,0
12:47:26.520,0,0,0,0,0
12:47:26.562,0,0,0,0,0
12:47:26.562,0,1,0,0,0
12:47:26.704,0,1,0,0,0
12:47:26.704,0,0,0,0,0
12:47:26.770,0,1,0,0,0
12:47:26.770,0,0,0,0,0
12:47:26.841,0,1,0,0,0
12:47:26.841,0,0,0,0,0
12:47:26.873,0,0,0,0,0
12:47:26.873,0,1,0,0,0
12:47:26.910,0,1,0,0,0
12:47:26.910,0,0,0,0,0
12:47:26.970,0,1,0,0,0
12:47:26.970,0,0,0,0,0
12:47:27.010,0,1,0,0,0
12:47:27.010,0,0,0,0,0
12:47:27.050,0,0,0,0,0
12:47:27.050,0,1,0,0,0
12:47:27.090,0,1,0,0,0
12:47:27.090,0,0,0,0,0
12:47:27.187,0,1,0,0,0
12:47:27.187,0,0,0,0,0
12:47:27.362,0,1,0,0,0
12:47:27.362,0,0,0,0,0
12:47:27.400,0,0,0,0,0
12:47:27.400,0,1,0,0,0
12:47:27.431,0,1,0,0,0
12:47:27.431,0,0,0,0,0
12:47:27.516,0,1,0,0,0
12:47:27.516,0,0,0,0,0
12:47:27.556,0,1,0,0,0
12:47:27.556,0,0,0,0,0
12:47:27.596,0,0,0,0,0
12:47:27.596,0,1,0,0,0
12:47:27.674,0,1,0,0,0
12:47:27.674,0,0,0,0,0
12:47:27.867,0,1,0,0,0
12:47:27.867,0,0,0,0,0
12:47:27.906,0,1,0,0,0
12:47:27.906,0,0,0,0,0
12:47:27.939,0,0,0,0,0
12:47:27.939,0,1,0,0,0
12:47:27.981,0,1,0,0,0
12:47:27.981,0,0,0,0,0
12:47:28.069,0,1,0,0,0
12:47:28.069,0,0,0,0,0
12:47:28.133,0,1,0,0,0
12:47:28.133,0,0,0,0,0
12:47:28.164,0,0,0,0,0
12:47:28.164,0,1,0,0,0
12:47:28.192,0,1,0,0,0
12:47:28.192,0,0,0,0,0
12:47:28.262,0,0,0,0,0
12:47:28.262,1,0,0,0,0
12:47:28.290,1,1,0,0,0
12:47:28.290,1,0,0,0,0
12:47:28.326,1,1,0,0,0
12:47:28.326,1,0,0,0,0
12:47:28.355,1,0,0,0,0
12:47:28.355,1,1,0,0,0
12:47:28.505,1,1,0,0,0
12:47:28.505,1,0,0,0,0
12:47:28.590,1,1,0,0,0
12:47:28.590,1,0,0,0,0
12:47:28.764,1,1,0,0,0
12:47:28.764,1,0,0,0,0
12:47:28.809,1,0,0,0,0
12:47:28.809,1,1,0,0,0
12:47:28.847,1,1,0,0,0
12:47:28.847,1,0,0,0,0
12:47:28.964,1,1,0,0,0
12:47:28.964,1,0,0,0,0
12:47:29.017,1,1,0,0,0
12:47:29.017,1,0,0,0,0
12:47:29.058,1,0,0,0,0
12:47:29.058,1,1,0,0,0
12:47:29.080,1,1,0,0,0
12:47:29.080,1,0,0,0,0
12:47:29.158,1,1,0,0,0
12:47:29.158,1,0,0,0,0
12:47:29.187,1,1,0,0,0
12:47:29.187,1,0,0,0,0
12:47:29.220,1,0,0,0,0
12:47:29.220,1,1,0,0,0
12:47:29.262,1,1,0,0,0
12:47:29.262,1,0,0,0,0
12:47:29.320,1,1,0,0,0
12:47:29.320,1,0,0,0,0
12:47:29.373,1,1,0,0,0
12:47:29.373,1,0,0,0,0
12:47:29.405,1,0,0,0,0
12:47:29.405,1,1,0,0,0
12:47:29.437,1,1,0,0,0
12:47:29.437,1,0,0,0,0
12:47:29.506,1,1,0,0,0
12:47:29.506,1,0,0,0,0
12:47:29.537,1,1,0,0,0
12:47:29.537,1,0,0,0,0
12:47:29.569,1,0,0,0,0
12:47:29.569,1,1,0,0,0
12:47:29.605,1,1,0,0,0
12:47:29.605,1,0,0,0,0
12:47:29.671,1,1,0,0,0
12:47:29.671,1,0,0,0,0
12:47:29.711,1,1,0,0,0
12:47:29.711,1,0,0,0,0
12:47:29.743,1,0,0,0,0
12:47:29.743,1,1,0,0,0
12:47:29.824,1,1,0,0,0
12:47:29.824,1,0,0,0,0
12:47:29.885,1,1,0,0,0
12:47:29.885,1,0,0,0,0
12:47:29.933,1,1,0,0,0
12:47:29.933,1,0,0,0,0
12:47:30.014,1,0,0,0,0
12:47:30.014,1,1,0,0,0
12:47:30.146,1,1,0,0,0
12:47:30.146,0,1,0,0,0
12:47:30.177,0,1,0,0,0
12:47:30.177,0,0,0,0,0
12:47:30.236,0,1,0,0,0
12:47:30.236,0,0,0,0,0
12:47:30.314,0,1,0,0,0
12:47:30.314,0,0,0,0,0
12:47:30.467,0,0,0,0,0
12:47:30.467,0,1,0,0,0
12:47:30.555,0,1,0,0,0
12:47:30.555,0,0,0,0,0
12:47:30.616,0,1,0,0,0
12:47:30.616,0,0,0,0,0
12:47:30.680,0,1,0,0,0
12:47:30.680,0,0,0,0,0
12:47:30.834,0,0,0,0,0
12:47:30.834,0,1,0,0,0
12:47:30.861,0,1,0,0,0
12:47:30.861,0,0,0,0,0
12:47:30.953,0,1,0,0,0
12:47:30.953,0,0,0,0,0
12:47:31.220,0,1,0,0,0
12:47:31.220,0,0,0,0,0
12:47:31.320,0,0,0,0,0
12:47:31.320,0,1,0,0,0
12:47:31.400,0,1,0,0,0
12:47:31.400,0,0,0,0,0
12:47:31.528,0,1,0,0,0
12:47:31.528,0,0,0,0,0
12:47:31.720,0,1,0,0,0
12:47:31.720,0,0,0,0,0
12:47:31.758,0,0,0,0,0
12:47:31.758,0,1,0,0,0
12:47:31.803,0,1,0,0,0
12:47:31.803,0,0,0,0,0
12:47:31.881,0,1,0,0,0
12:47:31.881,0,0,0,0,0
12:47:31.960,0,0,0,0,0
12:47:31.960,1,0,0,0,0
12:47:31.961,1,1,0,0,0
12:47:31.961,1,0,0,0,0
12:47:32.228,1,0,0,0,0
12:47:32.228,1,1,0,0,0
12:47:32.283,1,1,0,0,0
12:47:32.283,1,0,0,0,0
12:47:32.425,1,1,0,0,0
12:47:32.425,1,0,0,0,0
12:47:32.472,1,1,0,0,0
12:47:32.472,1,0,0,0,0
12:47:32.518,1,0,0,0,0
12:47:32.518,1,1,0,0,0
12:47:32.599,1,1,0,0,0
12:47:32.599,1,0,0,0,0
12:47:32.676,1,1,0,0,0
12:47:32.676,1,0,0,0,0
12:47:32.869,1,1,0,0,0
12:47:32.869,1,0,0,0,0
12:47:33.045,1,0,0,0,0
12:47:33.045,1,1,0,0,0
12:47:33.117,1,1,0,0,0
12:47:33.117,1,0,0,0,0
12:47:33.717,1,0,0,0,0
12:47:33.717,1,1,0,0,0
12:47:33.841,1,1,0,0,0
12:47:33.841,0,1,0,0,0
12:47:34.320,0,1,0,0,0
12:47:34.320,0,0,0,0,0
12:47:34.928,0,0,0,0,0
12:47:34.928,0,1,0,0,0
12:47:35.519,0,1,0,0,0
12:47:35.519,0,0,0,0,0
12:47:35.681,0,0,0,0,0
12:47:35.681,1,0,0,0,0
12:47:36.136,1,0,0,0,0
12:47:36.136,1,1,0,0,0
12:47:36.745,1,1,0,0,0
12:47:36.745,1,0,0,0,0
12:47:37.347,1,0,0,0,0
12:47:37.347,1,1,0,0,0
12:47:37.490,1,1,0,0,0
12:47:37.490,0,1,0,0,0
12:47:37.954,0,1,0,0,0
12:47:37.954,0,0,0,0,0
12:47:38.560,0,0,0,0,0
12:47:38.560,0,1,0,0,0
12:47:39.168,0,1,0,0,0
12:47:39.168,0,0,0,0,0
12:47:39.310,0,0,0,0,0
12:47:39.310,1,0,0,0,0
12:47:39.738,1,1,0,0,0
12:47:39.738,1,0,0,0,0
12:47:39.917,1,1,0,0,0
12:47:39.917,1,0,0,0,0
12:47:41.161,1,0,0,0,0
12:47:41.161,0,0,0,0,0
12:47:42.973,0,0,0,0,0
12:47:42.973,1,0,0,0,0
12:47:44.776,1,0,0,0,0
12:47:44.776,0,0,0,0,0
12:47:46.638,0,0,0,0,0
12:47:46.638,1,0,0,0,0
12:47:48.459,1,0,0,0,0
12:47:48.459,0,0,0,0,0
12:47:49.893,0,0,0,0,0
12:47:49.893,0,1,0,0,0
12:47:50.101,0,1,0,0,0
12:47:50.101,0,0,0,0,0
12:47:50.352,0,0,0,0,0
12:47:50.352,1,0,0,0,0
12:47:50.713,1,0,0,0,0
12:47:50.713,1,1,0,0,0
12:47:51.312,1,1,0,0,0
12:47:51.312,1,0,0,0,0
12:47:51.975,1,0,0,0,0
12:47:51.975,1,1,0,0,0
12:47:52.160,1,1,0,0,0
12:47:52.160,0,1,0,0,0
12:47:52.589,0,1,0,0,0
12:47:52.589,0,0,0,0,0
12:47:53.246,0,0,0,0,0
12:47:53.246,0,1,0,0,0
12:47:53.862,0,1,0,0,0
12:47:53.862,0,0,0,0,0
12:47:54.100,0,0,0,0,0
12:47:54.100,1,0,0,0,0
12:47:54.464,1,0,0,0,0
12:47:54.464,1,1,0,0,0
12:47:55.077,1,1,0,0,0
12:47:55.077,1,0,0,0,0
12:47:55.735,1,0,0,0,0
12:47:55.735,1,1,0,0,0
12:47:55.924,1,1,0,0,0
12:47:55.924,0,1,0,0,0
12:47:56.420,0,1,0,0,0
12:47:56.420,0,0,0,0,0
12:47:57.030,0,0,0,0,0
12:47:57.030,0,1,0,0,0
12:47:57.636,0,1,0,0,0
12:47:57.636,0,0,0,0,0
12:47:57.818,0,0,0,0,0
12:47:57.818,1,0,0,0,0
12:47:58.236,1,0,0,0,0
12:47:58.236,1,1,0,0,0
12:47:58.840,1,1,0,0,0
12:47:58.840,1,0,0,0,0
12:47:59.508,1,0,0,0,0
12:47:59.508,1,1,0,0,0
12:47:59.696,1,1,0,0,0
12:47:59.696,0,1,0,0,0
12:47:59.846,0,1,0,0,0
12:47:59.846,0,0,0,0,0
12:48:00.027,0,1,0,0,0
12:48:00.027,0,0,0,0,0
12:48:01.520,0,0,0,0,0
12:48:01.520,1,0,0,0,0
12:48:03.341,1,0,0,0,0
12:48:03.341,0,0,0,0,0
12:48:05.150,0,0,0,0,0
12:48:05.150,1,0,0,0,0
12:48:07.010,1,0,0,0,0
12:48:07.010,0,0,0,0,0
12:48:08.817,0,0,0,0,0
12:48:08.817,1,0,0,0,0
12:48:09.918,1,0,0,0,0
12:48:09.918,1,1,0,0,0
12:48:09.955,1,1,0,0,0
12:48:09.955,1,0,0,0,0
12:48:10.562,1,0,0,0,0
12:48:10.562,1,1,0,0,0
12:48:10.641,1,1,0,0,0
12:48:10.641,0,1,0,0,0
12:48:11.206,0,1,0,0,0
12:48:11.206,0,0,0,0,0
12:48:11.819,0,0,0,0,0
12:48:11.819,0,1,0,0,0
12:48:12.453,0,1,0,0,0
12:48:12.453,0,0,0,0,0
12:48:12.453,0,0,0,0,0
12:48:12.453,1,0,0,0,0
12:48:13.060,1,0,0,0,0
12:48:13.060,1,1,0,0,0
12:48:13.683,1,1,0,0,0
12:48:13.683,1,0,0,0,0
12:48:14.265,1,0,0,0,0
12:48:14.265,0,0,0,0,0
12:48:14.347,0,0,0,0,0
12:48:14.347,0,1,0,0,0
12:48:14.950,0,1,0,0,0
12:48:14.950,0,0,0,0,0
12:48:15.556,0,0,0,0,0
12:48:15.556,0,1,0,0,0
12:48:16.172,0,1,0,0,0
12:48:16.172,1,1,0,0,0
12:48:16.172,1,1,0,0,0
12:48:16.172,1,0,0,0,0
12:48:16.778,1,0,0,0,0
12:48:16.778,1,1,0,0,0
12:48:17.402,1,1,0,0,0
12:48:17.402,1,0,0,0,0
12:48:17.975,1,0,0,0,0
12:48:17.975,0,0,0,0,0
12:48:18.011,0,0,0,0,0
12:48:18.011,0,1,0,0,0
12:48:18.626,0,1,0,0,0
12:48:18.626,0,0,0,0,0
12:48:19.240,0,0,0,0,0
12:48:19.240,0,1,0,0,0
12:48:19.876,0,1,0,0,0
12:48:19.876,1,1,0,0,0
12:48:19.878,1,1,0,0,0
12:48:19.878,1,0,0,0,0
12:48:20.054,1,1,0,0,0
12:48:20.054,1,0,0,0,0
12:48:20.398,1,1,0,0,0
12:48:20.398,1,0,0,0,0
12:48:21.678,1,0,0,0,0
12:48:21.678,0,0,0,0,0
12:48:23.485,0,0,0,0,0
12:48:23.485,1,0,0,0,0
12:48:25.330,1,0,0,0,0
12:48:25.330,0,0,0,0,0
12:48:27.144,0,0,0,0,0
12:48:27.144,1,0,0,0,0
12:48:29.030,1,0,0,0,0
12:48:29.030,0,0,0,0,0
12:48:30.073,0,0,0,0,0
12:48:30.073,0,1,0,0,0
12:48:30.272,0,1,0,0,0
12:48:30.272,0,0,0,0,0
12:48:30.846,0,0,0,0,0
12:48:30.846,1,0,0,0,0
12:48:30.884,1,0,0,0,0
12:48:30.884,1,1,0,0,0
12:48:31.604,1,1,0,0,0
12:48:31.604,1,0,0,0,0
12:48:32.211,1,0,0,0,0
12:48:32.211,1,1,0,0,0
12:48:32.656,1,1,0,0,0
12:48:32.656,0,1,0,0,0
12:48:32.894,0,1,0,0,0
12:48:32.894,0,0,0,0,0
12:48:33.494,0,0,0,0,0
12:48:33.494,0,1,0,0,0
12:48:34.097,0,1,0,0,0
12:48:34.097,0,0,0,0,0
12:48:34.544,0,0,0,0,0
12:48:34.544,1,0,0,0,0
12:48:34.741,1,0,0,0,0
12:48:34.741,1,1,0,0,0
12:48:35.361,1,1,0,0,0
12:48:35.361,1,0,0,0,0
12:48:35.962,1,0,0,0,0
12:48:35.962,1,1,0,0,0
12:48:36.360,1,1,0,0,0
12:48:36.360,0,1,0,0,0
12:48:36.587,0,1,0,0,0
12:48:36.587,0,0,0,0,0
12:48:37.189,0,0,0,0,0
12:48:37.189,0,1,0,0,0
12:48:37.865,0,1,0,0,0
12:48:37.865,0,0,0,0,0
12:48:38.247,0,0,0,0,0
12:48:38.247,1,0,0,0,0
12:48:38.477,1,0,0,0,0
12:48:38.477,1,1,0,0,0
12:48:39.081,1,1,0,0,0
12:48:39.081,1,0,0,0,0
12:48:39.684,1,0,0,0,0
12:48:39.684,1,1,0,0,0
12:48:40.064,1,1,0,0,0
12:48:40.064,0,1,0,0,0
12:48:40.227,0,1,0,0,0
12:48:40.227,0,0,0,0,0
12:48:40.424,0,1,0,0,0
12:48:40.424,0,0,0,0,0
12:48:41.878,0,0,0,0,0
12:48:41.878,1,0,0,0,0
12:48:43.755,1,0,0,0,0
12:48:43.755,0,0,0,0,0
12:48:45.584,0,0,0,0,0
12:48:45.584,1,0,0,0,0
12:48:47.671,1,0,0,0,0
12:48:47.671,0,0,0,0,0
12:48:49.486,0,0,0,0,0
12:48:49.486,1,0,0,0,0
12:48:50.286,1,0,0,0,0
12:48:50.286,1,1,0,0,0
12:48:50.329,1,1,0,0,0
12:48:50.329,1,0,0,0,0
12:48:50.950,1,0,0,0,0
12:48:50.950,1,1,0,0,0
12:48:51.298,1,1,0,0,0
12:48:51.298,0,1,0,0,0
12:48:51.666,0,1,0,0,0
12:48:51.666,0,0,0,0,0
12:48:52.268,0,0,0,0,0
12:48:52.268,0,1,0,0,0
12:48:52.876,0,1,0,0,0
12:48:52.876,0,0,0,0,0
12:48:53.098,0,0,0,0,0
12:48:53.098,1,0,0,0,0
12:48:53.479,1,0,0,0,0
12:48:53.479,1,1,0,0,0
12:48:54.092,1,1,0,0,0
12:48:54.092,1,0,0,0,0
12:48:54.698,1,0,0,0,0
12:48:54.698,1,1,0,0,0
12:48:54.945,1,1,0,0,0
12:48:54.945,0,1,0,0,0
12:48:55.313,0,1,0,0,0
12:48:55.313,0,0,0,0,0
12:48:55.920,0,0,0,0,0
12:48:55.920,0,1,0,0,0
12:48:56.643,0,1,0,0,0
12:48:56.643,0,0,0,0,0
12:48:56.843,0,0,0,0,0
12:48:56.843,1,0,0,0,0
12:48:57.254,1,0,0,0,0
12:48:57.254,1,1,0,0,0
12:48:57.898,1,1,0,0,0
12:48:57.898,1,0,0,0,0
12:48:58.511,1,0,0,0,0
12:48:58.511,1,1,0,0,0
12:48:58.753,1,1,0,0,0
12:48:58.753,0,1,0,0,0
12:48:59.111,0,1,0,0,0
12:48:59.111,0,0,0,0,0
12:48:59.719,0,0,0,0,0
12:48:59.719,0,1,0,0,0
12:49:00.211,0,1,0,0,0
12:49:00.211,0,0,0,0,0
12:49:00.510,0,1,0,0,0
12:49:00.510,0,0,0,0,0
12:49:00.579,0,0,0,0,0
12:49:00.579,1,0,0,0,0
12:49:02.385,1,0,0,0,0
12:49:02.385,0,0,0,0,0
12:49:04.223,0,0,0,0,0
12:49:04.223,1,0,0,0,0
12:49:06.034,1,0,0,0,0
12:49:06.034,0,0,0,0,0
12:49:07.843,0,0,0,0,0
12:49:07.843,1,0,0,0,0
12:49:09.722,1,0,0,0,0
12:49:09.722,0,0,0,0,0
12:49:10.261,0,0,0,0,0
12:49:10.261,0,1,0,0,0
12:49:10.668,0,1,0,0,0
12:49:10.668,0,0,0,0,0
12:49:11.283,0,0,0,0,0
12:49:11.283,0,1,0,0,0
12:49:11.538,0,1,0,0,0
12:49:11.538,1,1,0,0,0
12:49:11.907,1,1,0,0,0
12:49:11.907,1,0,0,0,0
12:49:12.540,1,0,0,0,0
12:49:12.540,1,1,0,0,0
12:49:13.157,1,1,0,0,0
12:49:13.157,1,0,0,0,0
12:49:13.339,1,0,0,0,0
12:49:13.339,0,0,0,0,0
12:49:13.796,0,0,0,0,0
12:49:13.796,0,1,0,0,0
12:49:14.397,0,1,0,0,0
12:49:14.397,0,0,0,0,0
12:49:15.010,0,0,0,0,0
12:49:15.010,0,1,0,0,0
12:49:15.207,0,1,0,0,0
12:49:15.207,1,1,0,0,0
12:49:15.624,1,1,0,0,0
12:49:15.624,1,0,0,0,0
12:49:16.250,1,0,0,0,0
12:49:16.250,1,1,0,0,0
12:49:16.859,1,1,0,0,0
12:49:16.859,1,0,0,0,0
12:49:17.050,1,0,0,0,0
12:49:17.050,0,0,0,0,0
12:49:17.462,0,0,0,0,0
12:49:17.462,0,1,0,0,0
12:49:18.069,0,1,0,0,0
12:49:18.069,0,0,0,0,0
12:49:18.678,0,0,0,0,0
12:49:18.678,0,1,0,0,0
12:49:18.916,0,1,0,0,0
12:49:18.916,1,1,0,0,0
12:49:19.319,1,1,0,0,0
12:49:19.319,1,0,0,0,0
12:49:19.936,1,0,0,0,0
12:49:19.936,1,1,0,0,0
12:49:20.311,1,1,0,0,0
12:49:20.311,1,0,0,0,0
12:49:20.527,1,1,0,0,0
12:49:20.527,1,0,0,0,0
12:49:20.742,1,0,0,0,0
12:49:20.742,0,0,0,0,0
12:49:22.651,0,0,0,0,0
12:49:22.651,1,0,0,0,0
12:49:24.460,1,0,0,0,0
12:49:24.460,0,0,0,0,0
12:49:26.265,0,0,0,0,0
12:49:26.265,1,0,0,0,0
12:49:28.145,1,0,0,0,0
12:49:28.145,0,0,0,0,0
12:49:29.952,0,0,0,0,0
12:49:29.952,1,0,0,0,0
12:49:30.406,1,0,0,0,0
12:49:30.406,1,1,0,0,0
12:49:30.807,1,1,0,0,0
12:49:30.807,1,0,0,0,0
12:49:31.419,1,0,0,0,0
12:49:31.419,1,1,0,0,0
12:49:31.762,1,1,0,0,0
12:49:31.762,0,1,0,0,0
12:49:32.131,0,1,0,0,0
12:49:32.131,0,0,0,0,0
12:49:32.754,0,0,0,0,0
12:49:32.754,0,1,0,0,0
12:49:33.356,0,1,0,0,0
12:49:33.356,0,0,0,0,0
12:49:33.577,0,0,0,0,0
12:49:33.577,1,0,0,0,0
12:49:33.957,1,0,0,0,0
12:49:33.957,1,1,0,0,0
12:49:34.586,1,1,0,0,0
12:49:34.586,1,0,0,0,0
12:49:35.194,1,0,0,0,0
12:49:35.194,1,1,0,0,0
12:49:35.394,1,1,0,0,0
12:49:35.394,0,1,0,0,0
12:49:35.802,0,1,0,0,0
12:49:35.802,0,0,0,0,0
12:49:36.403,0,0,0,0,0
12:49:36.403,0,1,0,0,0
12:49:37.006,0,1,0,0,0
12:49:37.006,0,0,0,0,0
12:49:37.235,0,0,0,0,0
12:49:37.235,1,0,0,0,0
12:49:37.652,1,0,0,0,0
12:49:37.652,1,1,0,0,0
12:49:38.260,1,1,0,0,0
12:49:38.260,1,0,0,0,0
12:49:38.922,1,0,0,0,0
12:49:38.922,1,1,0,0,0
12:49:39.119,1,1,0,0,0
12:49:39.119,0,1,0,0,0
12:49:39.533,0,1,0,0,0
12:49:39.533,0,0,0,0,0
12:49:40.175,0,0,0,0,0
12:49:40.175,0,1,0,0,0
12:49:40.587,0,1,0,0,0
12:49:40.587,0,0,0,0,0
12:49:40.775,0,1,0,0,0
12:49:40.775,0,0,0,0,0
12:49:41.011,0,0,0,0,0
12:49:41.011,1,0,0,0,0
12:49:42.827,1,0,0,0,0
12:49:42.827,0,0,0,0,0
12:49:44.691,0,0,0,0,0
12:49:44.691,1,0,0,0,0
12:49:46.511,1,0,0,0,0
12:49:46.511,0,0,0,0,0
12:49:48.352,0,0,0,0,0
12:49:48.352,1,0,0,0,0
12:49:50.160,1,0,0,0,0
12:49:50.160,0,0,0,0,0
12:49:50.537,0,0,0,0,0
12:49:50.537,0,1,0,0,0
12:49:50.725,0,1,0,0,0
12:49:50.725,0,0,0,0,0
12:49:51.340,0,0,0,0,0
12:49:51.340,0,1,0,0,0
12:49:51.954,0,1,0,0,0
12:49:51.954,0,0,0,0,0
12:49:52.003,0,0,0,0,0
12:49:52.003,1,0,0,0,0
12:49:52.563,1,0,0,0,0
12:49:52.563,1,1,0,0,0
12:49:53.229,1,1,0,0,0
12:49:53.229,1,0,0,0,0
12:49:53.807,1,0,0,0,0
12:49:53.807,0,0,0,0,0
12:49:53.854,0,0,0,0,0
12:49:53.854,0,1,0,0,0
12:49:54.475,0,1,0,0,0
12:49:54.475,0,0,0,0,0
12:49:55.081,0,0,0,0,0
12:49:55.081,0,1,0,0,0
12:49:55.678,0,1,0,0,0
12:49:55.678,1,1,0,0,0
12:49:55.678,1,1,0,0,0
12:49:55.678,1,0,0,0,0
12:49:56.293,1,0,0,0,0
12:49:56.293,1,1,0,0,0
12:49:56.916,1,1,0,0,0
12:49:56.916,1,0,0,0,0
12:49:57.486,1,0,0,0,0
12:49:57.486,0,0,0,0,0
12:49:57.529,0,0,0,0,0
12:49:57.529,0,1,0,0,0
12:49:58.148,0,1,0,0,0
12:49:58.148,0,0,0,0,0
12:49:58.758,0,0,0,0,0
12:49:58.758,0,1,0,0,0
12:49:59.425,0,1,0,0,0
12:49:59.425,1,1,0,0,0
12:49:59.425,1,1,0,0,0
12:49:59.425,1,0,0,0,0
12:50:00.033,1,0,0,0,0
12:50:00.033,1,1,0,0,0
12:50:00.657,1,1,0,0,0
12:50:00.657,1,0,0,0,0
12:50:00.723,1,1,0,0,0
12:50:00.723,1,0,0,0,0
12:50:00.894,1,1,0,0,0
12:50:00.894,1,0,0,0,0
12:50:01.241,1,0,0,0,0
12:50:01.241,0,0,0,0,0
12:50:03.143,0,0,0,0,0
12:50:03.143,1,0,0,0,0
12:50:04.942,1,0,0,0,0
12:50:04.942,0,0,0,0,0
12:50:06.779,0,0,0,0,0
12:50:06.779,1,0,0,0,0
12:50:08.593,1,0,0,0,0
12:50:08.593,0,0,0,0,0
12:50:10.421,0,0,0,0,0
12:50:10.421,1,0,0,0,0
12:50:10.642,1,0,0,0,0
12:50:10.642,1,1,0,0,0
12:50:10.842,1,1,0,0,0
12:50:10.842,1,0,0,0,0
12:50:11.454,1,0,0,0,0
12:50:11.454,1,1,0,0,0
12:50:12.078,1,1,0,0,0
12:50:12.078,1,0,0,0,0
12:50:12.271,1,0,0,0,0
12:50:12.271,0,0,0,0,0
12:50:12.694,0,0,0,0,0
12:50:12.694,0,1,0,0,0
12:50:13.296,0,1,0,0,0
12:50:13.296,0,0,0,0,0
12:50:13.911,0,0,0,0,0
12:50:13.911,0,1,0,0,0
12:50:14.140,0,1,0,0,0
12:50:14.140,1,1,0,0,0
12:50:14.519,1,1,0,0,0
12:50:14.519,1,0,0,0,0
12:50:15.169,1,0,0,0,0
12:50:15.169,1,1,0,0,0
12:50:15.784,1,1,0,0,0
12:50:15.784,1,0,0,0,0
12:50:16.006,1,0,0,0,0
12:50:16.006,0,0,0,0,0
12:50:16.385,0,0,0,0,0
12:50:16.385,0,1,0,0,0
12:50:16.988,0,1,0,0,0
12:50:16.988,0,0,0,0,0
12:50:17.637,0,0,0,0,0
12:50:17.637,0,1,0,0,0
12:50:17.812,0,1,0,0,0
12:50:17.812,1,1,0,0,0
12:50:18.254,1,1,0,0,0
12:50:18.254,1,0,0,0,0
12:50:18.896,1,0,0,0,0
12:50:18.896,1,1,0,0,0
12:50:19.501,1,1,0,0,0
12:50:19.501,1,0,0,0,0
12:50:19.660,1,0,0,0,0
12:50:19.660,0,0,0,0,0
12:50:20.125,0,0,0,0,0
12:50:20.125,0,1,0,0,0
12:50:20.689,0,1,0,0,0
12:50:20.689,0,0,0,0,0
12:50:21.093,0,1,0,0,0
12:50:21.093,0,0,0,0,0
12:50:21.472,0,0,0,0,0
12:50:21.472,1,0,0,0,0
12:50:23.274,1,0,0,0,0
12:50:23.274,0,0,0,0,0
12:50:25.084,0,0,0,0,0
12:50:25.084,1,0,0,0,0
12:50:26.945,1,0,0,0,0
12:50:26.945,0,0,0,0,0
12:50:28.755,0,0,0,0,0
12:50:28.755,1,0,0,0,0
12:50:30.608,1,0,0,0,0
12:50:30.608,0,0,0,0,0
12:50:30.787,0,0,0,0,0
12:50:30.787,0,1,0,0,0
12:50:30.954,0,1,0,0,0
12:50:30.954,0,0,0,0,0
12:50:31.571,0,0,0,0,0
12:50:31.571,0,1,0,0,0
12:50:32.202,0,1,0,0,0
12:50:32.202,0,0,0,0,0
12:50:32.414,0,0,0,0,0
12:50:32.414,1,0,0,0,0
12:50:32.814,1,0,0,0,0
12:50:32.814,1,1,0,0,0
12:50:33.418,1,1,0,0,0
12:50:33.418,1,0,0,0,0
12:50:34.039,1,0,0,0,0
12:50:34.039,1,1,0,0,0
12:50:34.241,1,1,0,0,0
12:50:34.241,0,1,0,0,0
12:50:34.645,0,1,0,0,0
12:50:34.645,0,0,0,0,0
12:50:35.260,0,0,0,0,0
12:50:35.260,0,1,0,0,0
12:50:35.872,0,1,0,0,0
12:50:35.872,0,0,0,0,0
12:50:36.048,0,0,0,0,0
12:50:36.048,1,0,0,0,0
12:50:36.494,1,0,0,0,0
12:50:36.494,1,1,0,0,0
12:50:37.098,1,1,0,0,0
12:50:37.098,1,0,0,0,0
12:50:37.736,1,0,0,0,0
12:50:37.736,1,1,0,0,0
12:50:37.929,1,1,0,0,0
12:50:37.929,0,1,0,0,0
12:50:38.340,0,1,0,0,0
12:50:38.340,0,0,0,0,0
12:50:38.945,0,0,0,0,0
12:50:38.945,0,1,0,0,0
12:50:39.559,0,1,0,0,0
12:50:39.559,0,0,0,0,0
12:50:39.753,0,0,0,0,0
12:50:39.753,1,0,0,0,0
12:50:40.166,1,0,0,0,0
12:50:40.166,1,1,0,0,0
12:50:40.765,1,1,0,0,0
12:50:40.765,1,0,0,0,0
12:50:40.956,1,1,0,0,0
12:50:40.956,1,0,0,0,0
12:50:41.051,1,1,0,0,0
12:50:41.051,1,0,0,0,0
12:50:41.579,1,0,0,0,0
12:50:41.579,0,0,0,0,0
12:50:43.393,0,0,0,0,0
12:50:43.393,1,0,0,0,0
12:50:45.231,1,0,0,0,0
12:50:45.231,0,0,0,0,0
12:50:47.044,0,0,0,0,0
12:50:47.044,1,0,0,0,0
12:50:48.860,1,0,0,0,0
12:50:48.860,0,0,0,0,0
12:50:50.716,0,0,0,0,0
12:50:50.716,1,0,0,0,0
12:50:51.113,1,0,0,0,0
12:50:51.113,1,1,0,0,0
12:50:51.328,1,1,0,0,0
12:50:51.328,1,0,0,0,0
12:50:51.941,1,0,0,0,0
12:50:51.941,1,1,0,0,0
12:50:52.533,1,1,0,0,0
12:50:52.533,0,1,0,0,0
12:50:52.582,0,1,0,0,0
12:50:52.582,0,0,0,0,0
12:50:53.185,0,0,0,0,0
12:50:53.185,0,1,0,0,0
12:50:53.806,0,1,0,0,0
12:50:53.806,0,0,0,0,0
12:50:54.430,0,0,0,0,0
12:50:54.430,1,0,0,0,0
12:50:54.430,1,0,0,0,0
12:50:54.430,1,1,0,0,0
12:50:55.050,1,1,0,0,0
12:50:55.050,1,0,0,0,0
12:50:55.721,1,0,0,0,0
12:50:55.721,1,1,0,0,0
12:50:56.242,1,1,0,0,0
12:50:56.242,0,1,0,0,0
12:50:56.448,0,1,0,0,0
12:50:56.448,0,0,0,0,0
12:50:57.067,0,0,0,0,0
12:50:57.067,0,1,0,0,0
12:50:57.682,0,1,0,0,0
12:50:57.682,0,0,0,0,0
12:50:58.048,0,0,0,0,0
12:50:58.048,1,0,0,0,0
12:50:58.284,1,0,0,0,0
12:50:58.284,1,1,0,0,0
12:50:58.894,1,1,0,0,0
12:50:58.894,1,0,0,0,0
12:50:59.506,1,0,0,0,0
12:50:59.506,1,1,0,0,0
12:50:59.913,1,1,0,0,0
12:50:59.913,0,1,0,0,0
12:51:00.122,0,1,0,0,0
12:51:00.122,0,0,0,0,0
12:51:00.721,0,0,0,0,0
12:51:00.721,0,1,0,0,0
12:51:00.973,0,1,0,0,0
12:51:00.973,0,0,0,0,0
12:51:01.156,0,1,0,0,0
12:51:01.156,0,0,0,0,0
12:51:01.720,0,0,0,0,0
12:51:01.720,1,0,0,0,0
12:51:03.576,1,0,0,0,0
12:51:03.576,0,0,0,0,0
12:51:05.386,0,0,0,0,0
12:51:05.386,1,0,0,0,0
12:51:07.200,1,0,0,0,0
12:51:07.200,0,0,0,0,0
12:51:09.004,0,0,0,0,0
12:51:09.004,1,0,0,0,0
12:51:10.810,1,0,0,0,0
12:51:10.810,0,0,0,0,0
12:51:11.069,0,0,0,0,0
12:51:11.069,0,1,0,0,0
12:51:11.269,0,1,0,0,0
12:51:11.269,0,0,0,0,0
12:51:11.887,0,0,0,0,0
12:51:11.887,0,1,0,0,0
12:51:12.489,0,1,0,0,0
12:51:12.489,0,0,0,0,0
12:51:12.702,0,0,0,0,0
12:51:12.702,1,0,0,0,0
12:51:13.144,1,0,0,0,0
12:51:13.144,1,1,0,0,0
12:51:13.791,1,1,0,0,0
12:51:13.791,1,0,0,0,0
12:51:14.399,1,0,0,0,0
12:51:14.399,1,1,0,0,0
12:51:14.550,1,1,0,0,0
12:51:14.550,0,1,0,0,0
12:51:15.074,0,1,0,0,0
12:51:15.074,0,0,0,0,0
12:51:15.684,0,0,0,0,0
12:51:15.684,0,1,0,0,0
12:51:16.318,0,1,0,0,0
12:51:16.318,0,0,0,0,0
12:51:16.349,0,0,0,0,0
12:51:16.349,1,0,0,0,0
12:51:16.926,1,0,0,0,0
12:51:16.926,1,1,0,0,0
12:51:17.538,1,1,0,0,0
12:51:17.538,1,0,0,0,0
12:51:18.144,1,0,0,0,0
12:51:18.144,1,1,0,0,0
12:51:18.192,1,1,0,0,0
12:51:18.192,0,1,0,0,0
12:51:18.752,0,1,0,0,0
12:51:18.752,0,0,0,0,0
12:51:19.407,0,0,0,0,0
12:51:19.407,0,1,0,0,0
12:51:19.994,0,1,0,0,0
12:51:19.994,1,1,0,0,0
12:51:20.042,1,1,0,0,0
12:51:20.042,1,0,0,0,0
12:51:20.648,1,0,0,0,0
12:51:20.648,1,1,0,0,0
12:51:21.459,1,1,0,0,0
12:51:21.459,1,0,0,0,0
12:51:21.540,1,1,0,0,0
12:51:21.540,1,0,0,0,0
12:51:21.769,1,1,0,0,0
12:51:21.769,1,0,0,0,0
12:51:21.831,1,0,0,0,0
12:51:21.831,0,0,0,0,0
12:51:23.702,0,0,0,0,0
12:51:23.702,1,0,0,0,0
12:51:25.521,1,0,0,0,0
12:51:25.521,0,0,0,0,0
12:51:27.456,0,0,0,0,0
12:51:27.456,1,0,0,0,0
12:51:29.270,1,0,0,0,0
12:51:29.270,0,0,0,0,0
12:51:31.084,0,0,0,0,0
12:51:31.084,1,0,0,0,0
12:51:31.233,1,0,0,0,0
12:51:31.233,1,1,0,0,0
12:51:31.471,1,1,0,0,0
12:51:31.471,1,0,0,0,0
12:51:32.096,1,0,0,0,0
12:51:32.096,1,1,0,0,0
12:51:32.734,1,1,0,0,0
12:51:32.734,1,0,0,0,0
12:51:32.895,1,0,0,0,0
12:51:32.895,0,0,0,0,0
12:51:33.338,0,0,0,0,0
12:51:33.338,0,1,0,0,0
12:51:33.939,0,1,0,0,0
12:51:33.939,0,0,0,0,0
12:51:34.572,0,0,0,0,0
12:51:34.572,0,1,0,0,0
12:51:34.791,0,1,0,0,0
12:51:34.791,1,1,0,0,0
12:51:35.180,1,1,0,0,0
12:51:35.180,1,0,0,0,0
12:51:35.838,1,0,0,0,0
12:51:35.838,1,1,0,0,0
12:51:36.440,1,1,0,0,0
12:51:36.440,1,0,0,0,0
12:51:36.682,1,0,0,0,0
12:51:36.682,0,0,0,0,0
12:51:37.036,0,0,0,0,0
12:51:37.036,0,1,0,0,0
12:51:37.655,0,1,0,0,0
12:51:37.655,0,0,0,0,0
12:51:38.333,0,0,0,0,0
12:51:38.333,0,1,0,0,0
12:51:38.522,0,1,0,0,0
12:51:38.522,1,1,0,0,0
12:51:38.978,1,1,0,0,0
12:51:38.978,1,0,0,0,0
12:51:39.816,1,0,0,0,0
12:51:39.816,1,1,0,0,0
12:51:40.423,1,1,0,0,0
12:51:40.423,0,1,0,0,0
12:51:40.423,0,1,0,0,0
12:51:40.423,0,0,0,0,0
12:51:41.024,0,0,0,0,0
12:51:41.024,0,1,0,0,0
12:51:41.278,0,1,0,0,0
12:51:41.278,0,0,0,0,0
12:51:41.539,0,1,0,0,0
12:51:41.539,0,0,0,0,0
12:51:42.234,0,0,0,0,0
12:51:42.234,1,0,0,0,0
12:51:44.040,1,0,0,0,0
12:51:44.040,0,0,0,0,0
12:51:45.900,0,0,0,0,0
12:51:45.900,1,0,0,0,0
12:51:47.708,1,0,0,0,0
12:51:47.708,0,0,0,0,0
12:51:49.623,0,0,0,0,0
12:51:49.623,1,0,0,0,0
12:51:51.297,1,0,0,0,0
12:51:51.297,1,1,0,0,0
12:51:51.519,1,1,0,0,0
12:51:51.519,0,1,0,0,0
12:51:51.610,0,1,0,0,0
12:51:51.610,0,0,0,0,0
12:51:52.365,0,0,0,0,0
12:51:52.365,0,1,0,0,0
12:51:52.980,0,1,0,0,0
12:51:52.980,0,0,0,0,0
12:51:53.349,0,0,0,0,0
12:51:53.349,1,0,0,0,0
12:51:53.587,1,0,0,0,0
12:51:53.587,1,1,0,0,0
12:51:54.187,1,1,0,0,0
12:51:54.187,1,0,0,0,0
12:51:54.789,1,0,0,0,0
12:51:54.789,1,1,0,0,0
12:51:55.160,1,1,0,0,0
12:51:55.160,0,1,0,0,0
12:51:55.401,0,1,0,0,0
12:51:55.401,0,0,0,0,0
12:51:56.003,0,0,0,0,0
12:51:56.003,0,1,0,0,0
12:51:56.633,0,1,0,0,0
12:51:56.633,0,0,0,0,0
12:51:56.974,0,0,0,0,0
12:51:56.974,1,0,0,0,0
12:51:57.241,1,0,0,0,0
12:51:57.241,1,1,0,0,0
12:51:57.851,1,1,0,0,0
12:51:57.851,1,0,0,0,0
12:51:58.459,1,0,0,0,0
12:51:58.459,1,1,0,0,0
12:51:58.864,1,1,0,0,0
12:51:58.864,0,1,0,0,0
12:51:59.077,0,1,0,0,0
12:51:59.077,0,0,0,0,0
12:51:59.691,0,0,0,0,0
12:51:59.691,0,1,0,0,0
12:52:00.296,0,1,0,0,0
12:52:00.296,0,0,0,0,0
12:52:00.686,0,0,0,0,0
12:52:00.686,1,0,0,0,0
12:52:00.916,1,0,0,0,0
12:52:00.916,1,1,0,0,0
12:52:01.447,1,1,0,0,0
12:52:01.447,1,0,0,0,0
12:52:01.479,1,1,0,0,0
12:52:01.479,1,0,0,0,0
12:52:02.488,1,0,0,0,0
12:52:02.488,0,0,0,0,0
12:52:04.368,0,0,0,0,0
12:52:04.368,1,0,0,0,0
12:52:06.174,1,0,0,0,0
12:52:06.174,0,0,0,0,0
12:52:07.976,0,0,0,0,0
12:52:07.976,1,0,0,0,0
12:52:09.862,1,0,0,0,0
12:52:09.862,0,0,0,0,0
12:52:11.391,0,0,0,0,0
12:52:11.391,0,1,0,0,0
12:52:11.661,0,1,0,0,0
12:52:11.661,1,1,0,0,0
12:52:11.877,1,1,0,0,0
12:52:11.877,1,0,0,0,0
12:52:12.507,1,0,0,0,0
12:52:12.507,1,1,0,0,0
12:52:13.152,1,1,0,0,0
12:52:13.152,1,0,0,0,0
12:52:13.469,1,0,0,0,0
12:52:13.469,0,0,0,0,0
12:52:13.891,0,0,0,0,0
12:52:13.891,0,1,0,0,0
12:52:14.495,0,1,0,0,0
12:52:14.495,0,0,0,0,0
12:52:15.098,0,0,0,0,0
12:52:15.098,0,1,0,0,0
12:52:15.343,0,1,0,0,0
12:52:15.343,1,1,0,0,0
12:52:15.767,1,1,0,0,0
12:52:15.767,1,0,0,0,0
12:52:16.380,1,0,0,0,0
12:52:16.380,1,1,0,0,0
12:52:16.988,1,1,0,0,0
12:52:16.988,1,0,0,0,0
12:52:17.164,1,0,0,0,0
12:52:17.164,0,0,0,0,0
12:52:17.589,0,0,0,0,0
12:52:17.589,0,1,0,0,0
12:52:18.253,0,1,0,0,0
12:52:18.253,0,0,0,0,0
12:52:18.862,0,0,0,0,0
12:52:18.862,0,1,0,0,0
12:52:19.116,0,1,0,0,0
12:52:19.116,1,1,0,0,0
12:52:19.517,1,1,0,0,0
12:52:19.517,1,0,0,0,0
12:52:20.118,1,0,0,0,0
12:52:20.118,1,1,0,0,0
12:52:20.771,1,1,0,0,0
12:52:20.771,1,0,0,0,0
12:52:20.955,1,0,0,0,0
12:52:20.955,0,0,0,0,0
12:52:21.374,0,0,0,0,0
12:52:21.374,0,1,0,0,0
12:52:21.600,0,1,0,0,0
12:52:21.600,0,0,0,0,0
12:52:21.821,0,1,0,0,0
12:52:21.821,0,0,0,0,0
12:52:22.843,0,0,0,0,0
12:52:22.843,1,0,0,0,0
12:52:24.661,1,0,0,0,0
12:52:24.661,0,0,0,0,0
12:52:26.513,0,0,0,0,0
12:52:26.513,1,0,0,0,0
12:52:28.324,1,0,0,0,0
12:52:28.324,0,0,0,0,0
12:52:30.130,0,0,0,0,0
12:52:30.130,1,0,0,0,0
12:52:31.534,1,0,0,0,0
12:52:31.534,1,1,0,0,0
12:52:31.770,1,1,0,0,0
12:52:31.770,1,0,0,0,0
12:52:32.024,1,0,0,0,0
12:52:32.024,0,0,0,0,0
12:52:32.410,0,0,0,0,0
12:52:32.410,0,1,0,0,0
12:52:33.013,0,1,0,0,0
12:52:33.013,0,0,0,0,0
12:52:33.682,0,0,0,0,0
12:52:33.682,0,1,0,0,0
12:52:33.890,0,1,0,0,0
12:52:33.890,1,1,0,0,0
12:52:34.289,1,1,0,0,0
12:52:34.289,1,0,0,0,0
12:52:34.907,1,0,0,0,0
12:52:34.907,1,1,0,0,0
12:52:35.512,1,1,0,0,0
12:52:35.512,1,0,0,0,0
12:52:35.706,1,0,0,0,0
12:52:35.706,0,0,0,0,0
12:52:36.117,0,0,0,0,0
12:52:36.117,0,1,0,0,0
12:52:36.742,0,1,0,0,0
12:52:36.742,0,0,0,0,0
12:52:37.347,0,0,0,0,0
12:52:37.347,0,1,0,0,0
12:52:37.529,0,1,0,0,0
12:52:37.529,1,1,0,0,0
12:52:37.974,1,1,0,0,0
12:52:37.974,1,0,0,0,0
12:52:38.580,1,0,0,0,0
12:52:38.580,1,1,0,0,0
12:52:39.216,1,1,0,0,0
12:52:39.216,1,0,0,0,0
12:52:39.407,1,0,0,0,0
12:52:39.407,0,0,0,0,0
12:52:39.824,0,0,0,0,0
12:52:39.824,0,1,0,0,0
12:52:40.434,0,1,0,0,0
12:52:40.434,0,0,0,0,0
12:52:41.052,0,0,0,0,0
12:52:41.052,0,1,0,0,0
12:52:41.244,0,1,0,0,0
12:52:41.244,1,1,0,0,0
12:52:41.627,1,1,0,0,0
12:52:41.627,1,0,0,0,0
12:52:41.688,1,1,0,0,0
12:52:41.688,1,0,0,0,0
12:52:43.077,1,0,0,0,0
12:52:43.077,0,0,0,0,0
12:52:44.882,0,0,0,0,0
12:52:44.882,1,0,0,0,0
12:52:46.697,1,0,0,0,0
12:52:46.697,0,0,0,0,0
12:52:48.574,0,0,0,0,0
12:52:48.574,1,0,0,0,0
12:52:50.382,1,0,0,0,0
12:52:50.382,0,0,0,0,0
12:52:51.842,0,0,0,0,0
12:52:51.842,0,1,0,0,0
12:52:52.047,0,1,0,0,0
12:52:52.047,0,0,0,0,0
12:52:52.275,0,0,0,0,0
12:52:52.275,1,0,0,0,0
12:52:52.702,1,0,0,0,0
12:52:52.702,1,1,0,0,0
12:52:53.307,1,1,0,0,0
12:52:53.307,1,0,0,0,0
12:52:53.913,1,0,0,0,0
12:52:53.913,1,1,0,0,0
12:52:54.171,1,1,0,0,0
12:52:54.171,0,1,0,0,0
12:52:54.607,0,1,0,0,0
12:52:54.607,0,0,0,0,0
12:52:55.224,0,0,0,0,0
12:52:55.224,0,1,0,0,0
12:52:55.889,0,1,0,0,0
12:52:55.889,0,0,0,0,0
12:52:56.107,0,0,0,0,0
12:52:56.107,1,0,0,0,0
12:52:56.505,1,0,0,0,0
12:52:56.505,1,1,0,0,0
12:52:57.159,1,1,0,0,0
12:52:57.159,1,0,0,0,0
12:52:57.768,1,0,0,0,0
12:52:57.768,1,1,0,0,0
12:52:57.985,1,1,0,0,0
12:52:57.985,0,1,0,0,0
12:52:58.402,0,1,0,0,0
12:52:58.402,0,0,0,0,0
12:52:59.011,0,0,0,0,0
12:52:59.011,0,1,0,0,0
12:52:59.672,0,1,0,0,0
12:52:59.672,0,0,0,0,0
12:52:59.878,0,0,0,0,0
12:52:59.878,1,0,0,0,0
12:53:00.289,1,0,0,0,0
12:53:00.289,1,1,0,0,0
12:53:00.905,1,1,0,0,0
12:53:00.905,1,0,0,0,0
12:53:01.509,1,0,0,0,0
12:53:01.509,1,1,0,0,0
12:53:01.739,1,1,0,0,0
12:53:01.739,0,1,0,0,0
12:53:01.788,0,1,0,0,0
12:53:01.788,0,0,0,0,0
12:53:02.182,0,1,0,0,0
12:53:02.182,0,0,0,0,0
12:53:03.540,0,0,0,0,0
12:53:03.540,1,0,0,0,0
12:53:05.343,1,0,0,0,0
12:53:05.343,0,0,0,0,0
12:53:07.252,0,0,0,0,0
12:53:07.252,1,0,0,0,0
12:53:09.062,1,0,0,0,0
12:53:09.062,0,0,0,0,0
12:53:10.934,0,0,0,0,0
12:53:10.934,1,0,0,0,0
12:53:11.772,1,0,0,0,0
12:53:11.772,1,1,0,0,0
12:53:12.001,1,1,0,0,0
12:53:12.001,1,0,0,0,0
12:53:12.625,1,0,0,0,0
12:53:12.625,1,1,0,0,0
12:53:12.820,1,1,0,0,0
12:53:12.820,0,1,0,0,0
12:53:13.227,0,1,0,0,0
12:53:13.227,0,0,0,0,0
12:53:13.877,0,0,0,0,0
12:53:13.877,0,1,0,0,0
12:53:14.485,0,1,0,0,0
12:53:14.485,0,0,0,0,0
12:53:14.725,0,0,0,0,0
12:53:14.725,1,0,0,0,0
12:53:15.148,1,0,0,0,0
12:53:15.148,1,1,0,0,0
12:53:15.760,1,1,0,0,0
12:53:15.760,1,0,0,0,0
12:53:16.361,1,0,0,0,0
12:53:16.361,1,1,0,0,0
12:53:16.555,1,1,0,0,0
12:53:16.555,0,1,0,0,0
12:53:16.975,0,1,0,0,0
12:53:16.975,0,0,0,0,0
12:53:17.631,0,0,0,0,0
12:53:17.631,0,1,0,0,0
12:53:18.240,0,1,0,0,0
12:53:18.240,0,0,0,0,0
12:53:18.496,0,0,0,0,0
12:53:18.496,1,0,0,0,0
12:53:18.878,1,0,0,0,0
12:53:18.878,1,1,0,0,0
12:53:19.492,1,1,0,0,0
12:53:19.492,1,0,0,0,0
12:53:20.142,1,0,0,0,0
12:53:20.142,1,1,0,0,0
12:53:20.349,1,1,0,0,0
12:53:20.349,0,1,0,0,0
12:53:20.754,0,1,0,0,0
12:53:20.754,0,0,0,0,0
12:53:21.364,0,0,0,0,0
12:53:21.364,0,1,0,0,0
12:53:21.815,0,1,0,0,0
12:53:21.815,0,0,0,0,0
12:53:22.246,0,0,0,0,0
12:53:22.246,1,0,0,0,0
12:53:22.246,1,1,0,0,0
12:53:22.246,1,0,0,0,0
12:53:24.063,1,0,0,0,0
12:53:24.063,0,0,0,0,0
12:53:25.871,0,0,0,0,0
12:53:25.871,1,0,0,0,0
12:53:27.673,1,0,0,0,0
12:53:27.673,0,0,0,0,0
12:53:29.550,0,0,0,0,0
12:53:29.550,1,0,0,0,0
12:53:31.369,1,0,0,0,0
12:53:31.369,0,0,0,0,0
12:53:32.017,0,0,0,0,0
12:53:32.017,0,1,0,0,0
12:53:32.070,0,1,0,0,0
12:53:32.070,0,0,0,0,0
12:53:32.960,0,0,0,0,0
12:53:32.960,0,1,0,0,0
12:53:33.174,0,1,0,0,0
12:53:33.174,1,1,0,0,0
12:53:33.594,1,1,0,0,0
12:53:33.594,1,0,0,0,0
12:53:34.238,1,0,0,0,0
12:53:34.238,1,1,0,0,0
12:53:34.848,1,1,0,0,0
12:53:34.848,1,0,0,0,0
12:53:35.043,1,0,0,0,0
12:53:35.043,0,0,0,0,0
12:53:35.453,0,0,0,0,0
12:53:35.453,0,1,0,0,0
12:53:36.092,0,1,0,0,0
12:53:36.092,0,0,0,0,0
12:53:36.704,0,0,0,0,0
12:53:36.704,0,1,0,0,0
12:53:36.963,0,1,0,0,0
12:53:36.963,1,1,0,0,0
12:53:37.373,1,1,0,0,0
12:53:37.373,1,0,0,0,0
12:53:38.028,1,0,0,0,0
12:53:38.028,1,1,0,0,0
12:53:38.638,1,1,0,0,0
12:53:38.638,1,0,0,0,0
12:53:38.846,1,0,0,0,0
12:53:38.846,0,0,0,0,0
12:53:39.239,0,0,0,0,0
12:53:39.239,0,1,0,0,0
12:53:39.881,0,1,0,0,0
12:53:39.881,0,0,0,0,0
12:53:40.486,0,0,0,0,0
12:53:40.486,0,1,0,0,0
12:53:40.720,0,1,0,0,0
12:53:40.720,1,1,0,0,0
12:53:41.125,1,1,0,0,0
12:53:41.125,1,0,0,0,0
12:53:41.733,1,0,0,0,0
12:53:41.733,1,1,0,0,0
12:53:41.995,1,1,0,0,0
12:53:41.995,1,0,0,0,0
12:53:42.224,1,1,0,0,0
12:53:42.224,1,0,0,0,0
12:53:42.530,1,0,0,0,0
12:53:42.530,0,0,0,0,0
12:53:44.338,0,0,0,0,0
12:53:44.338,1,0,0,0,0
12:53:46.201,1,0,0,0,0
12:53:46.201,0,0,0,0,0
12:53:48.018,0,0,0,0,0
12:53:48.018,1,0,0,0,0
12:53:49.827,1,0,0,0,0
12:53:49.827,0,0,0,0,0
12:53:51.638,0,0,0,0,0
12:53:51.638,1,0,0,0,0
12:53:52.051,1,0,0,0,0
12:53:52.051,1,1,0,0,0
12:53:52.224,1,1,0,0,0
12:53:52.224,1,0,0,0,0
12:53:52.879,1,0,0,0,0
12:53:52.879,1,1,0,0,0
12:53:53.447,1,1,0,0,0
12:53:53.447,0,1,0,0,0
12:53:53.573,0,1,0,0,0
12:53:53.573,0,0,0,0,0
12:53:54.189,0,0,0,0,0
12:53:54.189,0,1,0,0,0
12:53:54.797,0,1,0,0,0
12:53:54.797,0,0,0,0,0
12:53:55.261,0,0,0,0,0
12:53:55.261,1,0,0,0,0
12:53:55.465,1,0,0,0,0
12:53:55.465,1,1,0,0,0
12:53:56.067,1,1,0,0,0
12:53:56.067,1,0,0,0,0
12:53:56.692,1,0,0,0,0
12:53:56.692,1,1,0,0,0
12:53:57.089,1,1,0,0,0
12:53:57.089,0,1,0,0,0
12:53:57.311,0,1,0,0,0
12:53:57.311,0,0,0,0,0
12:53:57.906,0,0,0,0,0
12:53:57.906,0,1,0,0,0
12:53:58.522,0,1,0,0,0
12:53:58.522,0,0,0,0,0
12:53:58.892,0,0,0,0,0
12:53:58.892,1,0,0,0,0
12:53:59.129,1,0,0,0,0
12:53:59.129,1,1,0,0,0
12:53:59.730,1,1,0,0,0
12:53:59.730,1,0,0,0,0
12:54:00.333,1,0,0,0,0
12:54:00.333,1,1,0,0,0
12:54:00.703,1,1,0,0,0
12:54:00.703,0,1,0,0,0
12:54:00.938,0,1,0,0,0
12:54:00.938,0,0,0,0,0
12:54:01.551,0,0,0,0,0
12:54:01.551,0,1,0,0,0
12:54:02.205,0,1,0,0,0
12:54:02.205,0,0,0,0,0
12:54:02.255,0,1,0,0,0
12:54:02.255,0,0,0,0,0
12:54:02.490,0,1,0,0,0
12:54:02.490,0,0,0,0,0
12:54:02.538,0,0,0,0,0
12:54:02.538,1,0,0,0,0
12:54:04.344,1,0,0,0,0
12:54:04.344,0,0,0,0,0
12:54:06.146,0,0,0,0,0
12:54:06.146,1,0,0,0,0
12:54:08.045,1,0,0,0,0
12:54:08.045,0,0,0,0,0
12:54:09.860,0,0,0,0,0
12:54:09.860,1,0,0,0,0
12:54:11.719,1,0,0,0,0
12:54:11.719,0,0,0,0,0
12:54:12.150,0,0,0,0,0
12:54:12.150,0,1,0,0,0
12:54:12.352,0,1,0,0,0
12:54:12.352,0,0,0,0,0
12:54:12.977,0,0,0,0,0
12:54:12.977,0,1,0,0,0
12:54:13.535,0,1,0,0,0
12:54:13.535,1,1,0,0,0
12:54:13.583,1,1,0,0,0
12:54:13.583,1,0,0,0,0
12:54:14.198,1,0,0,0,0
12:54:14.198,1,1,0,0,0
12:54:14.811,1,1,0,0,0
12:54:14.811,1,0,0,0,0
12:54:15.364,1,0,0,0,0
12:54:15.364,0,0,0,0,0
12:54:15.472,0,0,0,0,0
12:54:15.472,0,1,0,0,0
12:54:16.145,0,1,0,0,0
12:54:16.145,0,0,0,0,0
12:54:16.750,0,0,0,0,0
12:54:16.750,0,1,0,0,0
12:54:17.177,0,1,0,0,0
12:54:17.177,1,1,0,0,0
12:54:17.367,1,1,0,0,0
12:54:17.367,1,0,0,0,0
12:54:17.973,1,0,0,0,0
12:54:17.973,1,1,0,0,0
12:54:18.577,1,1,0,0,0
12:54:18.577,1,0,0,0,0
12:54:18.988,1,0,0,0,0
12:54:18.988,0,0,0,0,0
12:54:19.229,0,0,0,0,0
12:54:19.229,0,1,0,0,0
12:54:19.838,0,1,0,0,0
12:54:19.838,0,0,0,0,0
12:54:20.499,0,0,0,0,0
12:54:20.499,0,1,0,0,0
12:54:20.908,0,1,0,0,0
12:54:20.908,1,1,0,0,0
12:54:21.114,1,1,0,0,0
12:54:21.114,1,0,0,0,0
12:54:21.723,1,0,0,0,0
12:54:21.723,1,1,0,0,0
12:54:22.201,1,1,0,0,0
12:54:22.201,1,0,0,0,0
12:54:22.690,1,1,0,0,0
12:54:22.690,1,0,0,0,0
12:54:22.738,1,0,0,0,0
12:54:22.738,0,0,0,0,0
12:54:24.550,0,0,0,0,0
12:54:24.550,1,0,0,0,0
12:54:26.350,1,0,0,0,0
12:54:26.350,0,0,0,0,0
12:54:28.241,0,0,0,0,0
12:54:28.241,1,0,0,0,0
12:54:30.051,1,0,0,0,0
12:54:30.051,0,0,0,0,0
12:54:31.911,0,0,0,0,0
12:54:31.911,1,0,0,0,0
12:54:32.322,1,0,0,0,0
12:54:32.322,1,1,0,0,0
12:54:32.462,1,1,0,0,0
12:54:32.462,1,0,0,0,0
12:54:33.072,1,0,0,0,0
12:54:33.072,1,1,0,0,0
12:54:33.692,1,1,0,0,0
12:54:33.692,1,0,0,0,0
12:54:33.739,1,0,0,0,0
12:54:33.739,0,0,0,0,0
12:54:34.296,0,0,0,0,0
12:54:34.296,0,1,0,0,0
12:54:34.935,0,1,0,0,0
12:54:34.935,0,0,0,0,0
12:54:35.540,0,0,0,0,0
12:54:35.540,1,0,0,0,0
12:54:35.540,1,0,0,0,0
12:54:35.540,1,1,0,0,0
12:54:36.203,1,1,0,0,0
12:54:36.203,1,0,0,0,0
12:54:36.817,1,0,0,0,0
12:54:36.817,1,1,0,0,0
12:54:37.470,1,1,0,0,0
12:54:37.470,0,1,0,0,0
12:54:37.470,0,1,0,0,0
12:54:37.470,0,0,0,0,0
12:54:38.074,0,0,0,0,0
12:54:38.074,0,1,0,0,0
12:54:38.672,0,1,0,0,0
12:54:38.672,0,0,0,0,0
12:54:39.272,0,0,0,0,0
12:54:39.272,1,0,0,0,0
12:54:39.316,1,0,0,0,0
12:54:39.316,1,1,0,0,0
12:54:39.924,1,1,0,0,0
12:54:39.924,1,0,0,0,0
12:54:40.539,1,0,0,0,0
12:54:40.539,1,1,0,0,0
12:54:41.080,1,1,0,0,0
12:54:41.080,0,1,0,0,0
12:54:41.267,0,1,0,0,0
12:54:41.267,0,0,0,0,0
12:54:41.878,0,0,0,0,0
12:54:41.878,0,1,0,0,0
12:54:42.439,0,1,0,0,0
12:54:42.439,0,0,0,0,0
12:54:42.591,0,1,0,0,0
12:54:42.591,0,0,0,0,0
12:54:42.959,0,0,0,0,0
12:54:42.959,1,0,0,0,0
12:54:44.770,1,0,0,0,0
12:54:44.770,0,0,0,0,0
12:54:46.584,0,0,0,0,0
12:54:46.584,1,0,0,0,0
12:54:48.445,1,0,0,0,0
12:54:48.445,0,0,0,0,0
12:54:50.252,0,0,0,0,0
12:54:50.252,1,0,0,0,0
12:54:52.063,1,0,0,0,0
12:54:52.063,0,0,0,0,0
12:54:52.524,0,0,0,0,0
12:54:52.524,0,1,0,0,0
12:54:52.568,0,1,0,0,0
12:54:52.568,0,0,0,0,0
12:54:53.187,0,0,0,0,0
12:54:53.187,0,1,0,0,0
12:54:53.841,0,1,0,0,0
12:54:53.841,0,0,0,0,0
12:54:53.889,0,0,0,0,0
12:54:53.889,1,0,0,0,0
12:54:54.443,1,0,0,0,0
12:54:54.443,1,1,0,0,0
12:54:55.080,1,1,0,0,0
12:54:55.080,1,0,0,0,0
12:54:55.703,1,0,0,0,0
12:54:55.703,0,0,0,0,0
12:54:55.703,0,0,0,0,0
12:54:55.703,0,1,0,0,0
12:54:56.305,0,1,0,0,0
12:54:56.305,0,0,0,0,0
12:54:56.956,0,0,0,0,0
12:54:56.956,0,1,0,0,0
12:54:57.504,0,1,0,0,0
12:54:57.504,1,1,0,0,0
12:54:57.556,1,1,0,0,0
12:54:57.556,1,0,0,0,0
12:54:58.195,1,0,0,0,0
12:54:58.195,1,1,0,0,0
12:54:58.814,1,1,0,0,0
12:54:58.814,1,0,0,0,0
12:54:59.322,1,0,0,0,0
12:54:59.322,0,0,0,0,0
12:54:59.506,0,0,0,0,0
12:54:59.506,0,1,0,0,0
12:55:00.143,0,1,0,0,0
12:55:00.143,0,0,0,0,0
12:55:00.750,0,0,0,0,0
12:55:00.750,0,1,0,0,0
12:55:01.130,0,1,0,0,0
12:55:01.130,1,1,0,0,0
12:55:01.351,1,1,0,0,0
12:55:01.351,1,0,0,0,0
12:55:01.956,1,0,0,0,0
12:55:01.956,1,1,0,0,0
12:55:02.479,1,1,0,0,0
12:55:02.479,1,0,0,0,0
12:55:02.686,1,1,0,0,0
12:55:02.686,1,0,0,0,0
12:55:02.934,1,0,0,0,0
12:55:02.934,0,0,0,0,0
12:55:04.750,0,0,0,0,0
12:55:04.750,1,0,0,0,0
12:55:06.665,1,0,0,0,0
12:55:06.665,0,0,0,0,0
12:55:08.482,0,0,0,0,0
12:55:08.482,1,0,0,0,0
12:55:10.375,1,0,0,0,0
12:55:10.375,0,0,0,0,0
12:55:12.180,0,0,0,0,0
12:55:12.180,1,0,0,0,0
12:55:12.525,1,0,0,0,0
12:55:12.525,1,1,0,0,0
12:55:12.908,1,1,0,0,0
12:55:12.908,1,0,0,0,0
12:55:13.519,1,0,0,0,0
12:55:13.519,1,1,0,0,0
12:55:13.985,1,1,0,0,0
12:55:13.985,0,1,0,0,0
12:55:14.191,0,1,0,0,0
12:55:14.191,0,0,0,0,0
12:55:14.793,0,0,0,0,0
12:55:14.793,0,1,0,0,0
12:55:15.401,0,1,0,0,0
12:55:15.401,0,0,0,0,0
12:55:15.798,0,0,0,0,0
12:55:15.798,1,0,0,0,0
12:55:16.035,1,0,0,0,0
12:55:16.035,1,1,0,0,0
12:55:16.640,1,1,0,0,0
12:55:16.640,1,0,0,0,0
12:55:17.245,1,0,0,0,0
12:55:17.245,1,1,0,0,0
12:55:17.600,1,1,0,0,0
12:55:17.600,0,1,0,0,0
12:55:17.870,0,1,0,0,0
12:55:17.870,0,0,0,0,0
12:55:18.514,0,0,0,0,0
12:55:18.514,0,1,0,0,0
12:55:19.120,0,1,0,0,0
12:55:19.120,0,0,0,0,0
12:55:19.469,0,0,0,0,0
12:55:19.469,1,0,0,0,0
12:55:19.721,1,0,0,0,0
12:55:19.721,1,1,0,0,0
12:55:20.341,1,1,0,0,0
12:55:20.341,1,0,0,0,0
12:55:20.955,1,0,0,0,0
12:55:20.955,1,1,0,0,0
12:55:21.272,1,1,0,0,0
12:55:21.272,0,1,0,0,0
12:55:21.672,0,1,0,0,0
12:55:21.672,0,0,0,0,0
12:55:22.283,0,0,0,0,0
12:55:22.283,0,1,0,0,0
12:55:22.570,0,1,0,0,0
12:55:22.570,0,0,0,0,0
12:55:22.776,0,1,0,0,0
12:55:22.776,0,0,0,0,0
12:55:23.078,0,0,0,0,0
12:55:23.078,1,0,0,0,0
12:55:24.878,1,0,0,0,0
12:55:24.878,0,0,0,0,0
12:55:26.757,0,0,0,0,0
12:55:26.757,1,0,0,0,0
12:55:28.575,1,0,0,0,0
12:55:28.575,0,0,0,0,0
12:55:30.414,0,0,0,0,0
12:55:30.414,1,0,0,0,0
12:55:32.223,1,0,0,0,0
12:55:32.223,0,0,0,0,0
12:55:32.675,0,0,0,0,0
12:55:32.675,0,1,0,0,0
12:55:32.700,0,1,0,0,0
12:55:32.700,0,0,0,0,0
12:55:33.315,0,0,0,0,0
12:55:33.315,0,1,0,0,0
12:55:33.934,0,1,0,0,0
12:55:33.934,0,0,0,0,0
12:55:34.123,0,0,0,0,0
12:55:34.123,1,0,0,0,0
12:55:34.572,1,0,0,0,0
12:55:34.572,1,1,0,0,0
12:55:35.190,1,1,0,0,0
12:55:35.190,1,0,0,0,0
12:55:35.795,1,0,0,0,0
12:55:35.795,1,1,0,0,0
12:55:36.032,1,1,0,0,0
12:55:36.032,0,1,0,0,0
12:55:36.419,0,1,0,0,0
12:55:36.419,0,0,0,0,0
12:55:37.033,0,0,0,0,0
12:55:37.033,0,1,0,0,0
12:55:37.688,0,1,0,0,0
12:55:37.688,0,0,0,0,0
12:55:37.893,0,0,0,0,0
12:55:37.893,1,0,0,0,0
12:55:38.299,1,0,0,0,0
12:55:38.299,1,1,0,0,0
12:55:38.913,1,1,0,0,0
12:55:38.913,1,0,0,0,0
12:55:39.559,1,0,0,0,0
12:55:39.559,1,1,0,0,0
12:55:39.769,1,1,0,0,0
12:55:39.769,0,1,0,0,0
12:55:40.184,0,1,0,0,0
12:55:40.184,0,0,0,0,0
12:55:40.788,0,0,0,0,0
12:55:40.788,0,1,0,0,0
12:55:41.428,0,1,0,0,0
12:55:41.428,0,0,0,0,0
12:55:41.619,0,0,0,0,0
12:55:41.619,1,0,0,0,0
12:55:42.032,1,0,0,0,0
12:55:42.032,1,1,0,0,0
12:55:42.692,1,1,0,0,0
12:55:42.692,1,0,0,0,0
12:55:42.862,1,1,0,0,0
12:55:42.862,1,0,0,0,0
12:55:42.926,1,1,0,0,0
12:55:42.926,1,0,0,0,0
12:55:43.527,1,0,0,0,0
12:55:43.527,0,0,0,0,0
12:55:45.335,0,0,0,0,0
12:55:45.335,1,0,0,0,0
12:55:47.201,1,0,0,0,0
12:55:47.201,0,0,0,0,0
12:55:49.017,0,0,0,0,0
12:55:49.017,1,0,0,0,0
12:55:50.892,1,0,0,0,0
12:55:50.892,0,0,0,0,0
12:55:52.704,0,0,0,0,0
12:55:52.704,1,0,0,0,0
12:55:52.940,1,0,0,0,0
12:55:52.940,1,1,0,0,0
12:55:53.186,1,1,0,0,0
12:55:53.186,1,0,0,0,0
12:55:53.806,1,0,0,0,0
12:55:53.806,1,1,0,0,0
12:55:54.419,1,1,0,0,0
12:55:54.419,1,0,0,0,0
12:55:54.516,1,0,0,0,0
12:55:54.516,0,0,0,0,0
12:55:55.026,0,0,0,0,0
12:55:55.026,0,1,0,0,0
12:55:55.628,0,1,0,0,0
12:55:55.628,0,0,0,0,0
12:55:56.292,0,0,0,0,0
12:55:56.292,0,1,0,0,0
12:55:56.344,0,1,0,0,0
12:55:56.344,1,1,0,0,0
12:55:56.901,1,1,0,0,0
12:55:56.901,1,0,0,0,0
12:55:57.516,1,0,0,0,0
12:55:57.516,1,1,0,0,0
12:55:58.122,1,1,0,0,0
12:55:58.122,1,0,0,0,0
12:55:58.165,1,0,0,0,0
12:55:58.165,0,0,0,0,0
12:55:58.728,0,0,0,0,0
12:55:58.728,0,1,0,0,0
12:55:59.395,0,1,0,0,0
12:55:59.395,0,0,0,0,0
12:55:59.964,0,0,0,0,0
12:55:59.964,1,0,0,0,0
12:55:59.996,1,0,0,0,0
12:55:59.996,1,1,0,0,0
12:56:00.621,1,1,0,0,0
12:56:00.621,1,0,0,0,0
12:56:01.222,1,0,0,0,0
12:56:01.222,1,1,0,0,0
12:56:01.798,1,1,0,0,0
12:56:01.798,0,1,0,0,0
12:56:01.842,0,1,0,0,0
12:56:01.842,0,0,0,0,0
12:56:02.490,0,0,0,0,0
12:56:02.490,0,1,0,0,0
12:56:03.036,0,1,0,0,0
12:56:03.036,0,0,0,0,0
12:56:03.328,0,1,0,0,0
12:56:03.328,0,0,0,0,0
12:56:03.610,0,0,0,0,0
12:56:03.610,1,0,0,0,0
12:56:05.418,1,0,0,0,0
12:56:05.418,0,0,0,0,0
12:56:07.325,0,0,0,0,0
12:56:07.325,1,0,0,0,0
12:56:09.135,1,0,0,0,0
12:56:09.135,0,0,0,0,0
12:56:11.029,0,0,0,0,0
12:56:11.029,1,0,0,0,0
12:56:12.829,1,0,0,0,0
12:56:12.829,0,0,0,0,0
12:56:13.048,0,0,0,0,0
12:56:13.048,0,1,0,0,0
12:56:13.271,0,1,0,0,0
12:56:13.271,0,0,0,0,0
12:56:13.976,0,0,0,0,0
12:56:13.976,0,1,0,0,0
12:56:14.592,0,1,0,0,0
12:56:14.592,0,0,0,0,0
12:56:14.720,0,0,0,0,0
12:56:14.720,1,0,0,0,0
12:56:15.195,1,0,0,0,0
12:56:15.195,1,1,0,0,0
12:56:15.809,1,1,0,0,0
12:56:15.809,1,0,0,0,0
12:56:16.469,1,0,0,0,0
12:56:16.469,1,1,0,0,0
12:56:16.652,1,1,0,0,0
12:56:16.652,0,1,0,0,0
12:56:17.085,0,1,0,0,0
12:56:17.085,0,0,0,0,0
12:56:17.713,0,0,0,0,0
12:56:17.713,0,1,0,0,0
12:56:18.321,0,1,0,0,0
12:56:18.321,0,0,0,0,0
12:56:18.554,0,0,0,0,0
12:56:18.554,1,0,0,0,0
12:56:18.927,1,0,0,0,0
12:56:18.927,1,1,0,0,0
12:56:19.537,1,1,0,0,0
12:56:19.537,1,0,0,0,0
12:56:20.139,1,0,0,0,0
12:56:20.139,1,1,0,0,0
12:56:20.388,1,1,0,0,0
12:56:20.388,0,1,0,0,0
12:56:20.794,0,1,0,0,0
12:56:20.794,0,0,0,0,0
12:56:21.400,0,0,0,0,0
12:56:21.400,0,1,0,0,0
12:56:22.013,0,1,0,0,0
12:56:22.013,0,0,0,0,0
12:56:22.204,0,0,0,0,0
12:56:22.204,1,0,0,0,0
12:56:22.618,1,0,0,0,0
12:56:22.618,1,1,0,0,0
12:56:22.957,1,1,0,0,0
12:56:22.957,1,0,0,0,0
12:56:23.013,1,1,0,0,0
12:56:23.013,1,0,0,0,0
12:56:24.085,1,0,0,0,0
12:56:24.085,0,0,0,0,0
12:56:25.900,0,0,0,0,0
12:56:25.900,1,0,0,0,0
12:56:27.753,1,0,0,0,0
12:56:27.753,0,0,0,0,0
12:56:29.570,0,0,0,0,0
12:56:29.570,1,0,0,0,0
12:56:31.426,1,0,0,0,0
12:56:31.426,0,0,0,0,0
12:56:33.092,0,0,0,0,0
12:56:33.092,0,1,0,0,0
12:56:33.124,0,1,0,0,0
12:56:33.124,0,0,0,0,0
12:56:33.349,0,0,0,0,0
12:56:33.349,1,0,0,0,0
12:56:33.748,1,0,0,0,0
12:56:33.748,1,1,0,0,0
12:56:34.392,1,1,0,0,0
12:56:34.392,1,0,0,0,0
12:56:34.996,1,0,0,0,0
12:56:34.996,1,1,0,0,0
12:56:35.249,1,1,0,0,0
12:56:35.249,0,1,0,0,0
12:56:35.639,0,1,0,0,0
12:56:35.639,0,0,0,0,0
12:56:36.253,0,0,0,0,0
12:56:36.253,0,1,0,0,0
12:56:36.898,0,1,0,0,0
12:56:36.898,0,0,0,0,0
12:56:37.113,0,0,0,0,0
12:56:37.113,1,0,0,0,0
12:56:37.511,1,0,0,0,0
12:56:37.511,1,1,0,0,0
12:56:38.166,1,1,0,0,0
12:56:38.166,1,0,0,0,0
12:56:38.773,1,0,0,0,0
12:56:38.773,1,1,0,0,0
12:56:39.032,1,1,0,0,0
12:56:39.032,0,1,0,0,0
12:56:39.436,0,1,0,0,0
12:56:39.436,0,0,0,0,0
12:56:40.041,0,0,0,0,0
12:56:40.041,0,1,0,0,0
12:56:40.749,0,1,0,0,0
12:56:40.749,0,0,0,0,0
12:56:40.945,0,0,0,0,0
12:56:40.945,1,0,0,0,0
12:56:41.358,1,0,0,0,0
12:56:41.358,1,1,0,0,0
12:56:41.967,1,1,0,0,0
12:56:41.967,1,0,0,0,0
12:56:42.576,1,0,0,0,0
12:56:42.576,1,1,0,0,0
12:56:42.797,1,1,0,0,0
12:56:42.797,0,1,0,0,0
12:56:43.187,0,1,0,0,0
12:56:43.187,0,0,0,0,0
12:56:43.233,0,1,0,0,0
12:56:43.233,0,0,0,0,0
12:56:43.464,0,1,0,0,0
12:56:43.464,0,0,0,0,0
12:56:44.610,0,0,0,0,0
12:56:44.610,1,0,0,0,0
12:56:46.472,1,0,0,0,0
12:56:46.472,0,0,0,0,0
12:56:48.285,0,0,0,0,0
12:56:48.285,1,0,0,0,0
12:56:50.087,1,0,0,0,0
12:56:50.087,0,0,0,0,0
12:56:51.930,0,0,0,0,0
12:56:51.930,1,0,0,0,0
12:56:53.194,1,0,0,0,0
12:56:53.194,1,1,0,0,0
12:56:53.256,1,1,0,0,0
12:56:53.256,1,0,0,0,0
12:56:53.744,1,0,0,0,0
12:56:53.744,0,0,0,0,0
12:56:53.943,0,0,0,0,0
12:56:53.943,0,1,0,0,0
12:56:54.560,0,1,0,0,0
12:56:54.560,0,0,0,0,0
12:56:55.164,0,0,0,0,0
12:56:55.164,0,1,0,0,0
12:56:55.556,0,1,0,0,0
12:56:55.556,1,1,0,0,0
12:56:55.795,1,1,0,0,0
12:56:55.795,1,0,0,0,0
12:56:56.412,1,0,0,0,0
12:56:56.412,1,1,0,0,0
12:56:57.109,1,1,0,0,0
12:56:57.109,1,0,0,0,0
12:56:57.362,1,0,0,0,0
12:56:57.362,0,0,0,0,0
12:56:57.718,0,0,0,0,0
12:56:57.718,0,1,0,0,0
12:56:58.324,0,1,0,0,0
12:56:58.324,0,0,0,0,0
12:56:58.941,0,0,0,0,0
12:56:58.941,0,1,0,0,0
12:56:59.164,0,1,0,0,0
12:56:59.164,1,1,0,0,0
12:56:59.548,1,1,0,0,0
12:56:59.548,1,0,0,0,0
12:57:00.150,1,0,0,0,0
12:57:00.150,1,1,0,0,0
12:57:00.788,1,1,0,0,0
12:57:00.788,1,0,0,0,0
12:57:00.980,1,0,0,0,0
12:57:00.980,0,0,0,0,0
12:57:01.393,0,0,0,0,0
12:57:01.393,0,1,0,0,0
12:57:02.053,0,1,0,0,0
12:57:02.053,0,0,0,0,0
12:57:02.672,0,0,0,0,0
12:57:02.672,0,1,0,0,0
12:57:02.900,0,1,0,0,0
12:57:02.900,1,1,0,0,0
12:57:03.259,1,1,0,0,0
12:57:03.259,1,0,0,0,0
12:57:03.306,1,1,0,0,0
12:57:03.306,1,0,0,0,0
12:57:04.719,1,0,0,0,0
12:57:04.719,0,0,0,0,0
12:57:06.645,0,0,0,0,0
12:57:06.645,1,0,0,0,0
12:57:08.461,1,0,0,0,0
12:57:08.461,0,0,0,0,0
12:57:10.382,0,0,0,0,0
12:57:10.382,1,0,0,0,0
12:57:12.187,1,0,0,0,0
12:57:12.187,0,0,0,0,0
12:57:13.291,0,0,0,0,0
12:57:13.291,0,1,0,0,0
12:57:13.437,0,1,0,0,0
12:57:13.437,0,0,0,0,0
12:57:14.103,0,0,0,0,0
12:57:14.103,1,0,0,0,0
12:57:14.103,1,0,0,0,0
12:57:14.103,1,1,0,0,0
12:57:14.719,1,1,0,0,0
12:57:14.719,1,0,0,0,0
12:57:15.386,1,0,0,0,0
12:57:15.386,1,1,0,0,0
12:57:15.913,1,1,0,0,0
12:57:15.913,0,1,0,0,0
12:57:16.116,0,1,0,0,0
12:57:16.116,0,0,0,0,0
12:57:16.727,0,0,0,0,0
12:57:16.727,0,1,0,0,0
12:57:17.333,0,1,0,0,0
12:57:17.333,0,0,0,0,0
12:57:17.718,0,0,0,0,0
12:57:17.718,1,0,0,0,0
12:57:17.944,1,0,0,0,0
12:57:17.944,1,1,0,0,0
12:57:18.554,1,1,0,0,0
12:57:18.554,1,0,0,0,0
12:57:19.158,1,0,0,0,0
12:57:19.158,1,1,0,0,0
12:57:19.623,1,1,0,0,0
12:57:19.623,0,1,0,0,0
12:57:19.861,0,1,0,0,0
12:57:19.861,0,0,0,0,0
12:57:20.497,0,0,0,0,0
12:57:20.497,0,1,0,0,0
12:57:21.156,0,1,0,0,0
12:57:21.156,0,0,0,0,0
12:57:21.426,0,0,0,0,0
12:57:21.426,1,0,0,0,0
12:57:21.882,1,0,0,0,0
12:57:21.882,1,1,0,0,0
12:57:22.494,1,1,0,0,0
12:57:22.494,1,0,0,0,0
12:57:23.092,1,0,0,0,0
12:57:23.092,1,1,0,0,0
12:57:23.277,1,1,0,0,0
12:57:23.277,0,1,0,0,0
12:57:23.356,0,1,0,0,0
12:57:23.356,0,0,0,0,0
12:57:23.419,0,1,0,0,0
12:57:23.419,0,0,0,0,0
12:57:25.183,0,0,0,0,0
12:57:25.183,1,0,0,0,0
12:57:27.376,1,0,0,0,0
12:57:27.376,0,0,0,0,0
12:57:29.194,0,0,0,0,0
12:57:29.194,1,0,0,0,0
12:57:31.008,1,0,0,0,0
12:57:31.008,0,0,0,0,0
12:57:32.868,0,0,0,0,0
12:57:32.868,1,0,0,0,0
12:57:33.452,1,0,0,0,0
12:57:33.452,1,1,0,0,0
12:57:33.678,1,1,0,0,0
12:57:33.678,1,0,0,0,0
12:57:34.285,1,0,0,0,0
12:57:34.285,1,1,0,0,0
12:57:34.671,1,1,0,0,0
12:57:34.671,0,1,0,0,0
12:57:34.899,0,1,0,0,0
12:57:34.899,0,0,0,0,0
12:57:35.511,0,0,0,0,0
12:57:35.511,0,1,0,0,0
12:57:36.113,0,1,0,0,0
12:57:36.113,0,0,0,0,0
12:57:36.478,0,0,0,0,0
12:57:36.478,1,0,0,0,0
12:57:36.710,1,0,0,0,0
12:57:36.710,1,1,0,0,0
12:57:37.325,1,1,0,0,0
12:57:37.325,1,0,0,0,0
12:57:37.992,1,0,0,0,0
12:57:37.992,1,1,0,0,0
12:57:38.368,1,1,0,0,0
12:57:38.368,0,1,0,0,0
12:57:38.645,0,1,0,0,0
12:57:38.645,0,0,0,0,0
12:57:39.254,0,0,0,0,0
12:57:39.254,0,1,0,0,0
12:57:39.855,0,1,0,0,0
12:57:39.855,0,0,0,0,0
12:57:40.174,0,0,0,0,0
12:57:40.174,1,0,0,0,0
12:57:40.548,1,0,0,0,0
12:57:40.548,1,1,0,0,0
12:57:41.163,1,1,0,0,0
12:57:41.163,1,0,0,0,0
12:57:41.815,1,0,0,0,0
12:57:41.815,1,1,0,0,0
12:57:42.021,1,1,0,0,0
12:57:42.021,0,1,0,0,0
12:57:42.434,0,1,0,0,0
12:57:42.434,0,0,0,0,0
12:57:43.086,0,0,0,0,0
12:57:43.086,0,1,0,0,0
12:57:43.511,0,1,0,0,0
12:57:43.511,0,0,0,0,0
12:57:43.693,0,1,0,0,0
12:57:43.693,0,0,0,0,0
12:57:43.980,0,0,0,0,0
12:57:43.980,1,0,0,0,0
12:57:45.794,1,0,0,0,0
12:57:45.794,0,0,0,0,0
12:57:47.652,0,0,0,0,0
12:57:47.652,1,0,0,0,0
12:57:49.456,1,0,0,0,0
12:57:49.456,0,0,0,0,0
12:57:51.368,0,0,0,0,0
12:57:51.368,1,0,0,0,0
12:57:53.179,1,0,0,0,0
12:57:53.179,0,0,0,0,0
12:57:53.566,0,0,0,0,0
12:57:53.566,0,1,0,0,0
12:57:53.772,0,1,0,0,0
12:57:53.772,0,0,0,0,0
12:57:54.390,0,0,0,0,0
12:57:54.390,0,1,0,0,0
12:57:54.985,0,1,0,0,0
12:57:54.985,1,1,0,0,0
12:57:55.032,1,1,0,0,0
12:57:55.032,1,0,0,0,0
12:57:55.644,1,0,0,0,0
12:57:55.644,1,1,0,0,0
12:57:56.246,1,1,0,0,0
12:57:56.246,1,0,0,0,0
12:57:56.918,1,0,0,0,0
12:57:56.918,0,0,0,0,0
12:57:56.918,0,0,0,0,0
12:57:56.918,0,1,0,0,0
12:57:57.527,0,1,0,0,0
12:57:57.527,0,0,0,0,0
12:57:58.200,0,0,0,0,0
12:57:58.200,0,1,0,0,0
12:57:58.738,0,1,0,0,0
12:57:58.738,1,1,0,0,0
12:57:58.912,1,1,0,0,0
12:57:58.912,1,0,0,0,0
12:57:59.528,1,0,0,0,0
12:57:59.528,1,1,0,0,0
12:58:00.144,1,1,0,0,0
12:58:00.144,1,0,0,0,0
12:58:00.546,1,0,0,0,0
12:58:00.546,0,0,0,0,0
12:58:00.752,0,0,0,0,0
12:58:00.752,0,1,0,0,0
12:58:01.354,0,1,0,0,0
12:58:01.354,0,0,0,0,0
12:58:01.991,0,0,0,0,0
12:58:01.991,0,1,0,0,0
12:58:02.474,0,1,0,0,0
12:58:02.474,1,1,0,0,0
12:58:02.689,1,1,0,0,0
12:58:02.689,1,0,0,0,0
12:58:03.307,1,0,0,0,0
12:58:03.307,1,1,0,0,0
12:58:03.620,1,1,0,0,0
12:58:03.620,1,0,0,0,0
12:58:03.664,1,1,0,0,0
12:58:03.664,1,0,0,0,0
12:58:04.312,1,0,0,0,0
12:58:04.312,0,0,0,0,0
12:58:06.121,0,0,0,0,0
12:58:06.121,1,0,0,0,0
12:58:08.007,1,0,0,0,0
12:58:08.007,0,0,0,0,0
12:58:10.010,0,0,0,0,0
12:58:10.010,1,0,0,0,0
12:58:11.816,1,0,0,0,0
12:58:11.816,0,0,0,0,0
12:58:13.671,0,0,0,0,0
12:58:13.671,1,0,0,0,0
12:58:13.726,1,0,0,0,0
12:58:13.726,1,1,0,0,0
12:58:13.927,1,1,0,0,0
12:58:13.927,1,0,0,0,0
12:58:14.532,1,0,0,0,0
12:58:14.532,1,1,0,0,0
12:58:15.250,1,1,0,0,0
12:58:15.250,1,0,0,0,0
12:58:15.489,1,0,0,0,0
12:58:15.489,0,0,0,0,0
12:58:15.861,0,0,0,0,0
12:58:15.861,0,1,0,0,0
12:58:16.466,0,1,0,0,0
12:58:16.466,0,0,0,0,0
12:58:17.103,0,0,0,0,0
12:58:17.103,0,1,0,0,0
12:58:17.292,0,1,0,0,0
12:58:17.292,1,1,0,0,0
12:58:17.709,1,1,0,0,0
12:58:17.709,1,0,0,0,0
12:58:18.327,1,0,0,0,0
12:58:18.327,1,1,0,0,0
12:58:18.938,1,1,0,0,0
12:58:18.938,1,0,0,0,0
12:58:19.164,1,0,0,0,0
12:58:19.164,0,0,0,0,0
12:58:19.594,0,0,0,0,0
12:58:19.594,0,1,0,0,0
12:58:20.206,0,1,0,0,0
12:58:20.206,0,0,0,0,0
12:58:20.867,0,0,0,0,0
12:58:20.867,0,1,0,0,0
12:58:21.071,0,1,0,0,0
12:58:21.071,1,1,0,0,0
12:58:21.480,1,1,0,0,0
12:58:21.480,1,0,0,0,0
12:58:22.139,1,0,0,0,0
12:58:22.139,1,1,0,0,0
12:58:22.784,1,1,0,0,0
12:58:22.784,1,0,0,0,0
12:58:22.984,1,0,0,0,0
12:58:22.984,0,0,0,0,0
12:58:23.387,0,0,0,0,0
12:58:23.387,0,1,0,0,0
12:58:23.797,0,1,0,0,0
12:58:23.797,0,0,0,0,0
12:58:24.223,0,1,0,0,0
12:58:24.223,0,0,0,0,0
12:58:24.798,0,0,0,0,0
12:58:24.798,1,0,0,0,0
12:58:26.653,1,0,0,0,0
12:58:26.653,0,0,0,0,0
12:58:28.465,0,0,0,0,0
12:58:28.465,1,0,0,0,0
12:58:30.319,1,0,0,0,0
12:58:30.319,0,0,0,0,0
12:58:32.141,0,0,0,0,0
12:58:32.141,1,0,0,0,0
12:58:33.793,1,0,0,0,0
12:58:33.793,1,1,0,0,0
12:58:33.985,1,1,0,0,0
12:58:33.985,0,1,0,0,0
12:58:34.016,0,1,0,0,0
12:58:34.016,0,0,0,0,0
12:58:34.621,0,0,0,0,0
12:58:34.621,0,1,0,0,0
12:58:35.229,0,1,0,0,0
12:58:35.229,0,0,0,0,0
12:58:35.874,0,0,0,0,0
12:58:35.874,1,0,0,0,0
12:58:35.874,1,0,0,0,0
12:58:35.874,1,1,0,0,0
12:58:36.490,1,1,0,0,0
12:58:36.490,1,0,0,0,0
12:58:37.094,1,0,0,0,0
12:58:37.094,1,1,0,0,0
12:58:37.750,1,1,0,0,0
12:58:37.750,0,1,0,0,0
12:58:37.750,0,1,0,0,0
12:58:37.750,0,0,0,0,0
12:58:38.630,0,0,0,0,0
12:58:38.630,0,1,0,0,0
12:58:39.252,0,1,0,0,0
12:58:39.252,0,0,0,0,0
12:58:39.854,0,0,0,0,0
12:58:39.854,1,0,0,0,0
12:58:39.950,1,0,0,0,0
12:58:39.950,1,1,0,0,0
12:58:40.555,1,1,0,0,0
12:58:40.555,1,0,0,0,0
12:58:41.158,1,0,0,0,0
12:58:41.158,1,1,0,0,0
12:58:41.658,1,1,0,0,0
12:58:41.658,0,1,0,0,0
12:58:41.863,0,1,0,0,0
12:58:41.863,0,0,0,0,0
12:58:42.472,0,0,0,0,0
12:58:42.472,0,1,0,0,0
12:58:43.204,0,1,0,0,0
12:58:43.204,0,0,0,0,0
12:58:43.460,0,0,0,0,0
12:58:43.460,1,0,0,0,0
12:58:43.817,1,0,0,0,0
12:58:43.817,1,1,0,0,0
12:58:44.054,1,1,0,0,0
12:58:44.054,1,0,0,0,0
12:58:44.101,1,1,0,0,0
12:58:44.101,1,0,0,0,0
12:58:45.269,1,0,0,0,0
12:58:45.269,0,0,0,0,0
12:58:47.084,0,0,0,0,0
12:58:47.084,1,0,0,0,0
12:58:48.961,1,0,0,0,0
12:58:48.961,0,0,0,0,0
12:58:50.771,0,0,0,0,0
12:58:50.771,1,0,0,0,0
12:58:52.652,1,0,0,0,0
12:58:52.652,0,0,0,0,0
12:58:53.955,0,0,0,0,0
12:58:53.955,0,1,0,0,0
12:58:54.211,0,1,0,0,0
12:58:54.211,0,0,0,0,0
12:58:54.487,0,0,0,0,0
12:58:54.487,1,0,0,0,0
12:58:54.834,1,0,0,0,0
12:58:54.834,1,1,0,0,0
12:58:55.439,1,1,0,0,0
12:58:55.439,1,0,0,0,0
12:58:56.093,1,0,0,0,0
12:58:56.093,1,1,0,0,0
12:58:56.289,1,1,0,0,0
12:58:56.289,0,1,0,0,0
12:58:56.716,0,1,0,0,0
12:58:56.716,0,0,0,0,0
12:58:57.321,0,0,0,0,0
12:58:57.321,0,1,0,0,0
12:58:57.919,0,1,0,0,0
12:58:57.919,0,0,0,0,0
12:58:58.102,0,0,0,0,0
12:58:58.102,1,0,0,0,0
12:58:58.530,1,0,0,0,0
12:58:58.530,1,1,0,0,0
12:58:59.215,1,1,0,0,0
12:58:59.215,1,0,0,0,0
12:58:59.824,1,0,0,0,0
12:58:59.824,1,1,0,0,0
12:59:00.068,1,1,0,0,0
12:59:00.068,0,1,0,0,0
12:59:00.443,0,1,0,0,0
12:59:00.443,0,0,0,0,0
12:59:01.049,0,0,0,0,0
12:59:01.049,0,1,0,0,0
12:59:01.689,0,1,0,0,0
12:59:01.689,0,0,0,0,0
12:59:01.865,0,0,0,0,0
12:59:01.865,1,0,0,0,0
12:59:02.292,1,0,0,0,0
12:59:02.292,1,1,0,0,0
12:59:03.307,1,1,0,0,0
12:59:03.307,1,0,0,0,0
12:59:03.675,1,0,0,0,0
12:59:03.675,0,0,0,0,0
12:59:03.915,0,0,0,0,0
12:59:03.915,0,1,0,0,0
12:59:04.103,0,1,0,0,0
12:59:04.103,0,0,0,0,0
12:59:04.200,0,1,0,0,0
12:59:04.200,0,0,0,0,0
12:59:05.546,0,0,0,0,0
12:59:05.546,1,0,0,0,0
12:59:07.360,1,0,0,0,0
12:59:07.360,0,0,0,0,0
12:59:09.164,0,0,0,0,0
12:59:09.164,1,0,0,0,0
12:59:11.051,1,0,0,0,0
12:59:11.051,0,0,0,0,0
12:59:12.866,0,0,0,0,0
12:59:12.866,1,0,0,0,0
12:59:14.039,1,0,0,0,0
12:59:14.039,1,1,0,0,0
12:59:14.456,1,1,0,0,0
12:59:14.456,1,0,0,0,0
12:59:14.713,1,0,0,0,0
12:59:14.713,0,0,0,0,0
12:59:15.070,0,0,0,0,0
12:59:15.070,0,1,0,0,0
12:59:15.673,0,1,0,0,0
12:59:15.673,0,0,0,0,0
12:59:16.293,0,0,0,0,0
12:59:16.293,0,1,0,0,0
12:59:16.545,0,1,0,0,0
12:59:16.545,1,1,0,0,0
12:59:16.897,1,1,0,0,0
12:59:16.897,1,0,0,0,0
12:59:17.542,1,0,0,0,0
12:59:17.542,1,1,0,0,0
12:59:18.155,1,1,0,0,0
12:59:18.155,1,0,0,0,0
12:59:18.392,1,0,0,0,0
12:59:18.392,0,0,0,0,0
12:59:18.785,0,0,0,0,0
12:59:18.785,0,1,0,0,0
12:59:19.396,0,1,0,0,0
12:59:19.396,0,0,0,0,0
12:59:20.042,0,0,0,0,0
12:59:20.042,0,1,0,0,0
12:59:20.235,0,1,0,0,0
12:59:20.235,1,1,0,0,0
12:59:20.652,1,1,0,0,0
12:59:20.652,1,0,0,0,0
12:59:21.302,1,0,0,0,0
12:59:21.302,1,1,0,0,0
12:59:21.913,1,1,0,0,0
12:59:21.913,1,0,0,0,0
12:59:22.144,1,0,0,0,0
12:59:22.144,0,0,0,0,0
12:59:22.572,0,0,0,0,0
12:59:22.572,0,1,0,0,0
12:59:23.178,0,1,0,0,0
12:59:23.178,0,0,0,0,0
12:59:23.834,0,0,0,0,0
12:59:23.834,0,1,0,0,0
12:59:24.024,0,1,0,0,0
12:59:24.024,1,1,0,0,0
12:59:24.283,1,1,0,0,0
12:59:24.283,1,0,0,0,0
12:59:24.335,1,1,0,0,0
12:59:24.335,1,0,0,0,0
12:59:25.848,1,0,0,0,0
12:59:25.848,0,0,0,0,0
12:59:27.648,0,0,0,0,0
12:59:27.648,1,0,0,0,0
12:59:29.466,1,0,0,0,0
12:59:29.466,0,0,0,0,0
12:59:31.349,0,0,0,0,0
12:59:31.349,1,0,0,0,0
12:59:33.165,1,0,0,0,0
12:59:33.165,0,0,0,0,0
12:59:34.247,0,0,0,0,0
12:59:34.247,0,1,0,0,0
12:59:34.457,0,1,0,0,0
12:59:34.457,0,0,0,0,0
12:59:35.027,0,0,0,0,0
12:59:35.027,1,0,0,0,0
12:59:35.078,1,0,0,0,0
12:59:35.078,1,1,0,0,0
12:59:35.687,1,1,0,0,0
12:59:35.687,1,0,0,0,0
12:59:36.309,1,0,0,0,0
12:59:36.309,1,1,0,0,0
12:59:36.834,1,1,0,0,0
12:59:36.834,0,1,0,0,0
12:59:37.029,0,1,0,0,0
12:59:37.029,0,0,0,0,0
12:59:37.651,0,0,0,0,0
12:59:37.651,0,1,0,0,0
12:59:38.259,0,1,0,0,0
12:59:38.259,0,0,0,0,0
12:59:38.641,0,0,0,0,0
12:59:38.641,1,0,0,0,0
12:59:38.896,1,0,0,0,0
12:59:38.896,1,1,0,0,0
12:59:39.501,1,1,0,0,0
12:59:39.501,1,0,0,0,0
12:59:40.120,1,0,0,0,0
12:59:40.120,1,1,0,0,0
12:59:40.537,1,1,0,0,0
12:59:40.537,0,1,0,0,0
12:59:40.735,0,1,0,0,0
12:59:40.735,0,0,0,0,0
12:59:41.341,0,0,0,0,0
12:59:41.341,0,1,0,0,0
12:59:41.953,0,1,0,0,0
12:59:41.953,0,0,0,0,0
12:59:42.348,0,0,0,0,0
12:59:42.348,1,0,0,0,0
12:59:42.668,1,0,0,0,0
12:59:42.668,1,1,0,0,0
12:59:43.270,1,1,0,0,0
12:59:43.270,1,0,0,0,0
12:59:43.863,1,0,0,0,0
12:59:43.863,1,1,0,0,0
12:59:44.149,1,1,0,0,0
12:59:44.149,0,1,0,0,0
12:59:44.371,0,1,0,0,0
12:59:44.371,0,0,0,0,0
12:59:44.613,0,1,0,0,0
12:59:44.613,0,0,0,0,0
12:59:45.954,0,0,0,0,0
12:59:45.954,1,0,0,0,0
12:59:47.767,1,0,0,0,0
12:59:47.767,0,0,0,0,0
12:59:49.645,0,0,0,0,0
12:59:49.645,1,0,0,0,0
12:59:51.461,1,0,0,0,0
12:59:51.461,0,0,0,0,0
12:59:53.291,0,0,0,0,0
12:59:53.291,1,0,0,0,0
12:59:54.333,1,0,0,0,0
12:59:54.333,1,1,0,0,0
12:59:54.369,1,1,0,0,0
12:59:54.369,1,0,0,0,0
12:59:54.976,1,0,0,0,0
12:59:54.976,1,1,0,0,0
12:59:55.205,1,1,0,0,0
12:59:55.205,0,1,0,0,0
12:59:55.590,0,1,0,0,0
12:59:55.590,0,0,0,0,0
12:59:56.190,0,0,0,0,0
12:59:56.190,0,1,0,0,0
12:59:56.799,0,1,0,0,0
12:59:56.799,0,0,0,0,0
12:59:57.030,0,0,0,0,0
12:59:57.030,1,0,0,0,0
12:59:57.440,1,0,0,0,0
12:59:57.440,1,1,0,0,0
12:59:58.048,1,1,0,0,0
12:59:58.048,1,0,0,0,0
12:59:58.720,1,0,0,0,0
12:59:58.720,1,1,0,0,0
12:59:59.320,1,1,0,0,0
12:59:59.320,0,1,0,0,0
12:59:59.320,0,1,0,0,0
12:59:59.320,0,0,0,0,0
12:59:59.922,0,0,0,0,0
12:59:59.922,0,1,0,0,0
13:00:00.531,0,1,0,0,0
13:00:00.531,0,0,0,0,0
13:00:01.158,0,0,0,0,0
13:00:01.158,1,0,0,0,0
13:00:01.158,1,0,0,0,0
13:00:01.158,1,1,0,0,0
13:00:01.774,1,1,0,0,0
13:00:01.774,1,0,0,0,0
13:00:02.416,1,0,0,0,0
13:00:02.416,1,1,0,0,0
13:00:02.970,1,1,0,0,0
13:00:02.970,0,1,0,0,0
13:00:03.115,0,1,0,0,0
13:00:03.115,0,0,0,0,0
13:00:03.721,0,0,0,0,0
13:00:03.721,0,1,0,0,0
13:00:04.335,0,1,0,0,0
13:00:04.335,0,0,0,0,0
13:00:04.369,0,1,0,0,0
13:00:04.369,0,0,0,0,0
13:00:04.479,0,1,0,0,0
13:00:04.479,0,0,0,0,0
13:00:04.778,0,0,0,0,0
13:00:04.778,1,0,0,0,0
13:00:06.655,1,0,0,0,0
13:00:06.655,0,0,0,0,0
13:00:08.468,0,0,0,0,0
13:00:08.468,1,0,0,0,0
13:00:10.323,1,0,0,0,0
13:00:10.323,0,0,0,0,0
13:00:12.134,0,0,0,0,0
13:00:12.134,1,0,0,0,0
13:00:13.984,1,0,0,0,0
13:00:13.984,0,0,0,0,0
13:00:14.421,0,0,0,0,0
13:00:14.421,0,1,0,0,0
13:00:14.632,0,1,0,0,0
13:00:14.632,0,0,0,0,0
13:00:15.235,0,0,0,0,0
13:00:15.235,0,1,0,0,0
13:00:15.798,0,1,0,0,0
13:00:15.798,1,1,0,0,0
13:00:15.846,1,1,0,0,0
13:00:15.846,1,0,0,0,0
13:00:16.475,1,0,0,0,0
13:00:16.475,1,1,0,0,0
13:00:17.080,1,1,0,0,0
13:00:17.080,1,0,0,0,0
13:00:17.724,1,0,0,0,0
13:00:17.724,0,0,0,0,0
13:00:17.724,0,0,0,0,0
13:00:17.724,0,1,0,0,0
13:00:18.336,0,1,0,0,0
13:00:18.336,0,0,0,0,0
13:00:19.015,0,0,0,0,0
13:00:19.015,0,1,0,0,0
13:00:19.543,0,1,0,0,0
13:00:19.543,1,1,0,0,0
13:00:19.728,1,1,0,0,0
13:00:19.728,1,0,0,0,0
13:00:20.336,1,0,0,0,0
13:00:20.336,1,1,0,0,0
13:00:20.943,1,1,0,0,0
13:00:20.943,1,0,0,0,0
13:00:21.355,1,0,0,0,0
13:00:21.355,0,0,0,0,0
13:00:21.582,0,0,0,0,0
13:00:21.582,0,1,0,0,0
13:00:22.196,0,1,0,0,0
13:00:22.196,0,0,0,0,0
13:00:22.855,0,0,0,0,0
13:00:22.855,0,1,0,0,0
13:00:23.298,0,1,0,0,0
13:00:23.298,1,1,0,0,0
13:00:23.525,1,1,0,0,0
13:00:23.525,1,0,0,0,0
13:00:24.129,1,0,0,0,0
13:00:24.129,1,1,0,0,0
13:00:24.523,1,1,0,0,0
13:00:24.523,1,0,0,0,0
13:00:24.951,1,1,0,0,0
13:00:24.951,1,0,0,0,0
13:00:25.101,1,0,0,0,0
13:00:25.101,0,0,0,0,0
13:00:26.946,0,0,0,0,0
13:00:26.946,1,0,0,0,0
13:00:28.754,1,0,0,0,0
13:00:28.754,0,0,0,0,0
13:00:30.562,0,0,0,0,0
13:00:30.562,1,0,0,0,0
13:00:32.435,1,0,0,0,0
13:00:32.435,0,0,0,0,0
13:00:34.237,0,0,0,0,0
13:00:34.237,1,0,0,0,0
13:00:34.575,1,0,0,0,0
13:00:34.575,1,1,0,0,0
13:00:34.603,1,1,0,0,0
13:00:34.603,1,0,0,0,0
13:00:35.220,1,0,0,0,0
13:00:35.220,1,1,0,0,0
13:00:35.819,1,1,0,0,0
13:00:35.819,1,0,0,0,0
13:00:36.040,1,0,0,0,0
13:00:36.040,0,0,0,0,0
13:00:36.440,0,0,0,0,0
13:00:36.440,0,1,0,0,0
13:00:37.042,0,1,0,0,0
13:00:37.042,0,0,0,0,0
13:00:37.656,0,0,0,0,0
13:00:37.656,0,1,0,0,0
13:00:37.896,0,1,0,0,0
13:00:37.896,1,1,0,0,0
13:00:38.291,1,1,0,0,0
13:00:38.291,1,0,0,0,0
13:00:38.898,1,0,0,0,0
13:00:38.898,1,1,0,0,0
13:00:39.557,1,1,0,0,0
13:00:39.557,1,0,0,0,0
13:00:39.760,1,0,0,0,0
13:00:39.760,0,0,0,0,0
13:00:40.174,0,0,0,0,0
13:00:40.174,0,1,0,0,0
13:00:40.770,0,1,0,0,0
13:00:40.770,0,0,0,0,0
13:00:41.387,0,0,0,0,0
13:00:41.387,0,1,0,0,0
13:00:41.622,0,1,0,0,0
13:00:41.622,1,1,0,0,0
13:00:41.995,1,1,0,0,0
13:00:41.995,1,0,0,0,0
13:00:42.605,1,0,0,0,0
13:00:42.605,1,1,0,0,0
13:00:43.256,1,1,0,0,0
13:00:43.256,1,0,0,0,0
13:00:43.452,1,0,0,0,0
13:00:43.452,0,0,0,0,0
13:00:43.864,0,0,0,0,0
13:00:43.864,0,1,0,0,0
13:00:44.524,0,1,0,0,0
13:00:44.524,0,0,0,0,0
13:00:44.714,0,1,0,0,0
13:00:44.714,0,0,0,0,0
13:00:44.805,0,1,0,0,0
13:00:44.805,0,0,0,0,0
13:00:45.318,0,0,0,0,0
13:00:45.318,1,0,0,0,0
13:00:47.136,1,0,0,0,0
13:00:47.136,0,0,0,0,0
13:00:48.959,0,0,0,0,0
13:00:48.959,1,0,0,0,0
13:00:50.770,1,0,0,0,0
13:00:50.770,0,0,0,0,0
13:00:52.579,0,0,0,0,0
13:00:52.579,1,0,0,0,0
13:00:54.467,1,0,0,0,0
13:00:54.467,0,0,0,0,0
13:00:54.860,0,0,0,0,0
13:00:54.860,0,1,0,0,0
13:00:55.050,0,1,0,0,0
13:00:55.050,0,0,0,0,0
13:00:55.779,0,0,0,0,0
13:00:55.779,0,1,0,0,0
13:00:56.284,0,1,0,0,0
13:00:56.284,1,1,0,0,0
13:00:56.497,1,1,0,0,0
13:00:56.497,1,0,0,0,0
13:00:57.162,1,0,0,0,0
13:00:57.162,1,1,0,0,0
13:00:57.777,1,1,0,0,0
13:00:57.777,1,0,0,0,0
13:00:58.095,1,0,0,0,0
13:00:58.095,0,0,0,0,0
13:00:58.496,0,0,0,0,0
13:00:58.496,0,1,0,0,0
13:00:59.098,0,1,0,0,0
13:00:59.098,0,0,0,0,0
13:00:59.738,0,0,0,0,0
13:00:59.738,0,1,0,0,0
13:00:59.952,0,1,0,0,0
13:00:59.952,1,1,0,0,0
13:01:00.340,1,1,0,0,0
13:01:00.340,1,0,0,0,0
13:01:00.999,1,0,0,0,0
13:01:00.999,1,1,0,0,0
13:01:01.615,1,1,0,0,0
13:01:01.615,1,0,0,0,0
13:01:01.845,1,0,0,0,0
13:01:01.845,0,0,0,0,0
13:01:02.221,0,0,0,0,0
13:01:02.221,0,1,0,0,0
13:01:02.842,0,1,0,0,0
13:01:02.842,0,0,0,0,0
13:01:03.448,0,0,0,0,0
13:01:03.448,0,1,0,0,0
13:01:03.689,0,1,0,0,0
13:01:03.689,1,1,0,0,0
13:01:04.055,1,1,0,0,0
13:01:04.055,1,0,0,0,0
13:01:04.659,1,0,0,0,0
13:01:04.659,1,1,0,0,0
13:01:04.834,1,1,0,0,0
13:01:04.834,1,0,0,0,0
13:01:04.917,1,1,0,0,0
13:01:04.917,1,0,0,0,0
13:01:05.498,1,0,0,0,0
13:01:05.498,0,0,0,0,0
13:01:07.312,0,0,0,0,0
13:01:07.312,1,0,0,0,0
13:01:09.112,1,0,0,0,0
13:01:09.112,0,0,0,0,0
13:01:11.033,0,0,0,0,0
13:01:11.033,1,0,0,0,0
13:01:12.952,1,0,0,0,0
13:01:12.952,0,0,0,0,0
13:01:14.758,0,0,0,0,0
13:01:14.758,1,0,0,0,0
13:01:14.857,1,0,0,0,0
13:01:14.857,1,1,0,0,0
13:01:15.059,1,1,0,0,0
13:01:15.059,1,0,0,0,0
13:01:15.666,1,0,0,0,0
13:01:15.666,1,1,0,0,0
13:01:16.289,1,1,0,0,0
13:01:16.289,1,0,0,0,0
13:01:16.558,1,0,0,0,0
13:01:16.558,0,0,0,0,0
13:01:16.907,0,0,0,0,0
13:01:16.907,0,1,0,0,0
13:01:17.559,0,1,0,0,0
13:01:17.559,0,0,0,0,0
13:01:18.162,0,0,0,0,0
13:01:18.162,0,1,0,0,0
13:01:18.400,0,1,0,0,0
13:01:18.400,1,1,0,0,0
13:01:18.815,1,1,0,0,0
13:01:18.815,1,0,0,0,0
13:01:19.424,1,0,0,0,0
13:01:19.424,1,1,0,0,0
13:01:20.084,1,1,0,0,0
13:01:20.084,1,0,0,0,0
13:01:20.300,1,0,0,0,0
13:01:20.300,0,0,0,0,0
13:01:20.704,0,0,0,0,0
13:01:20.704,0,1,0,0,0
13:01:21.303,0,1,0,0,0
13:01:21.303,0,0,0,0,0
13:01:21.909,0,0,0,0,0
13:01:21.909,0,1,0,0,0
13:01:22.164,0,1,0,0,0
13:01:22.164,1,1,0,0,0
13:01:22.520,1,1,0,0,0
13:01:22.520,1,0,0,0,0
13:01:23.138,1,0,0,0,0
13:01:23.138,1,1,0,0,0
13:01:23.794,1,1,0,0,0
13:01:23.794,1,0,0,0,0
13:01:23.978,1,0,0,0,0
13:01:23.978,0,0,0,0,0
13:01:24.409,0,0,0,0,0
13:01:24.409,0,1,0,0,0
13:01:25.001,0,1,0,0,0
13:01:25.001,0,0,0,0,0
13:01:25.051,0,1,0,0,0
13:01:25.051,0,0,0,0,0
13:01:25.782,0,0,0,0,0
13:01:25.782,1,0,0,0,0
13:01:27.595,1,0,0,0,0
13:01:27.595,0,0,0,0,0
13:01:29.433,0,0,0,0,0
13:01:29.433,1,0,0,0,0
13:01:31.242,1,0,0,0,0
13:01:31.242,0,0,0,0,0
13:01:33.113,0,0,0,0,0
13:01:33.113,1,0,0,0,0
13:01:34.925,1,0,0,0,0
13:01:34.925,0,0,0,0,0
13:01:34.968,0,0,0,0,0
13:01:34.968,0,1,0,0,0
13:01:35.212,0,1,0,0,0
13:01:35.212,0,0,0,0,0
13:01:35.827,0,0,0,0,0
13:01:35.827,0,1,0,0,0
13:01:36.474,0,1,0,0,0
13:01:36.474,0,0,0,0,0
13:01:36.738,0,0,0,0,0
13:01:36.738,1,0,0,0,0
13:01:37.089,1,0,0,0,0
13:01:37.089,1,1,0,0,0
13:01:37.751,1,1,0,0,0
13:01:37.751,1,0,0,0,0
13:01:38.367,1,0,0,0,0
13:01:38.367,1,1,0,0,0
13:01:38.605,1,1,0,0,0
13:01:38.605,0,1,0,0,0
13:01:38.964,0,1,0,0,0
13:01:38.964,0,0,0,0,0
13:01:39.581,0,0,0,0,0
13:01:39.581,0,1,0,0,0
13:01:40.185,0,1,0,0,0
13:01:40.185,0,0,0,0,0
13:01:40.407,0,0,0,0,0
13:01:40.407,1,0,0,0,0
13:01:40.784,1,0,0,0,0
13:01:40.784,1,1,0,0,0
13:01:41.390,1,1,0,0,0
13:01:41.390,1,0,0,0,0
13:01:42.034,1,0,0,0,0
13:01:42.034,1,1,0,0,0
13:01:42.252,1,1,0,0,0
13:01:42.252,0,1,0,0,0
13:01:42.653,0,1,0,0,0
13:01:42.653,0,0,0,0,0
13:01:43.324,0,0,0,0,0
13:01:43.324,0,1,0,0,0
13:01:43.940,0,1,0,0,0
13:01:43.940,0,0,0,0,0
13:01:44.183,0,0,0,0,0
13:01:44.183,1,0,0,0,0
13:01:44.599,1,0,0,0,0
13:01:44.599,1,1,0,0,0
13:01:45.033,1,1,0,0,0
13:01:45.033,1,0,0,0,0
13:01:45.273,1,1,0,0,0
13:01:45.273,1,0,0,0,0
13:01:46.003,1,0,0,0,0
13:01:46.003,0,0,0,0,0
13:01:47.861,0,0,0,0,0
13:01:47.861,1,0,0,0,0
13:01:49.674,1,0,0,0,0
13:01:49.674,0,0,0,0,0
13:01:51.559,0,0,0,0,0
13:01:51.559,1,0,0,0,0
13:01:53.363,1,0,0,0,0
13:01:53.363,0,0,0,0,0
13:01:55.103,0,0,0,0,0
13:01:55.103,0,1,0,0,0
13:01:55.321,0,1,0,0,0
13:01:55.321,1,1,0,0,0
13:01:55.323,1,1,0,0,0
13:01:55.323,1,0,0,0,0
13:01:55.924,1,0,0,0,0
13:01:55.924,1,1,0,0,0
13:01:56.543,1,1,0,0,0
13:01:56.543,1,0,0,0,0
13:01:57.128,1,0,0,0,0
13:01:57.128,0,0,0,0,0
13:01:57.159,0,0,0,0,0
13:01:57.159,0,1,0,0,0
13:01:57.767,0,1,0,0,0
13:01:57.767,0,0,0,0,0
13:01:58.369,0,0,0,0,0
13:01:58.369,0,1,0,0,0
13:01:58.985,0,1,0,0,0
13:01:58.985,1,1,0,0,0
13:01:58.985,1,1,0,0,0
13:01:58.985,1,0,0,0,0
13:01:59.595,1,0,0,0,0
13:01:59.595,1,1,0,0,0
13:02:00.254,1,1,0,0,0
13:02:00.254,1,0,0,0,0
13:02:00.794,1,0,0,0,0
13:02:00.794,0,0,0,0,0
13:02:00.919,0,0,0,0,0
13:02:00.919,0,1,0,0,0
13:02:01.525,0,1,0,0,0
13:02:01.525,0,0,0,0,0
13:02:02.144,0,0,0,0,0
13:02:02.144,0,1,0,0,0
13:02:02.596,0,1,0,0,0
13:02:02.596,1,1,0,0,0
13:02:02.773,1,1,0,0,0
13:02:02.773,1,0,0,0,0
13:02:03.456,1,0,0,0,0
13:02:03.456,1,1,0,0,0
13:02:04.052,1,1,0,0,0
13:02:04.052,1,0,0,0,0
13:02:04.461,1,0,0,0,0
13:02:04.461,0,0,0,0,0
13:02:04.854,0,0,0,0,0
13:02:04.854,0,1,0,0,0
13:02:05.129,0,1,0,0,0
13:02:05.129,0,0,0,0,0
13:02:05.431,0,1,0,0,0
13:02:05.431,0,0,0,0,0
13:02:06.332,0,0,0,0,0
13:02:06.332,1,0,0,0,0
13:02:08.148,1,0,0,0,0
13:02:08.148,0,0,0,0,0
13:02:09.954,0,0,0,0,0
13:02:09.954,1,0,0,0,0
13:02:11.764,1,0,0,0,0
13:02:11.764,0,0,0,0,0
13:02:13.576,0,0,0,0,0
13:02:13.576,1,0,0,0,0
13:02:15.184,1,0,0,0,0
13:02:15.184,1,1,0,0,0
13:02:15.347,1,1,0,0,0
13:02:15.347,1,0,0,0,0
13:02:15.431,1,0,0,0,0
13:02:15.431,0,0,0,0,0
13:02:15.966,0,0,0,0,0
13:02:15.966,0,1,0,0,0
13:02:16.579,0,1,0,0,0
13:02:16.579,0,0,0,0,0
13:02:17.194,0,0,0,0,0
13:02:17.194,0,1,0,0,0
13:02:17.320,0,1,0,0,0
13:02:17.320,1,1,0,0,0
13:02:17.797,1,1,0,0,0
13:02:17.797,1,0,0,0,0
13:02:18.399,1,0,0,0,0
13:02:18.399,1,1,0,0,0
13:02:19.010,1,1,0,0,0
13:02:19.010,1,0,0,0,0
13:02:19.181,1,0,0,0,0
13:02:19.181,0,0,0,0,0
13:02:19.626,0,0,0,0,0
13:02:19.626,0,1,0,0,0
13:02:20.248,0,1,0,0,0
13:02:20.248,0,0,0,0,0
13:02:20.857,0,0,0,0,0
13:02:20.857,0,1,0,0,0
13:02:21.074,0,1,0,0,0
13:02:21.074,1,1,0,0,0
13:02:21.492,1,1,0,0,0
13:02:21.492,1,0,0,0,0
13:02:22.100,1,0,0,0,0
13:02:22.100,1,1,0,0,0
13:02:22.778,1,1,0,0,0
13:02:22.778,1,0,0,0,0
13:02:22.978,1,0,0,0,0
13:02:22.978,0,0,0,0,0
13:02:23.391,0,0,0,0,0
13:02:23.391,0,1,0,0,0
13:02:24.010,0,1,0,0,0
13:02:24.010,0,0,0,0,0
13:02:24.627,0,0,0,0,0
13:02:24.627,0,1,0,0,0
13:02:24.825,0,1,0,0,0
13:02:24.825,1,1,0,0,0
13:02:25.226,1,1,0,0,0
13:02:25.226,1,0,0,0,0
13:02:25.468,1,1,0,0,0
13:02:25.468,1,0,0,0,0
13:02:26.684,1,0,0,0,0
13:02:26.684,0,0,0,0,0
13:02:28.495,0,0,0,0,0
13:02:28.495,1,0,0,0,0
13:02:30.297,1,0,0,0,0
13:02:30.297,0,0,0,0,0
13:02:32.168,0,0,0,0,0
13:02:32.168,1,0,0,0,0
13:02:33.976,1,0,0,0,0
13:02:33.976,0,0,0,0,0
13:02:35.777,0,0,0,0,0
13:02:35.777,1,0,0,0,0
13:02:37.590,1,0,0,0,0
13:02:37.590,0,0,0,0,0
13:14:18.560,0,0,0,0,0
13:14:18.560,1,0,0,0,0
13:14:19.489,1,0,0,0,0
13:14:19.489,0,0,0,0,0
13:14:19.858,1,0,0,0,0
13:14:19.858,0,0,0,0,0
13:57:55.381,0,0,0,0,0
13:57:55.381,1,0,0,0,0
13:57:55.892,1,0,0,0,0
13:57:55.892,0,0,0,0,0
13:57:56.392,0,0,0,0,0
13:57:56.392,1,0,0,0,0
13:57:56.890,1,0,0,0,0
13:57:56.890,0,0,0,0,0
13:57:57.400,0,0,0,0,0
13:57:57.400,1,0,0,0,0
13:57:57.512,1,0,0,0,0
13:57:57.512,0,0,0,0,0
21:36:30.263,0,0,0,0,0
21:36:30.263,0,1,0,0,0
21:36:30.790,0,1,0,0,0
21:36:30.790,0,0,0,0,0
21:36:31.300,0,0,0,0,0
21:36:31.300,0,1,0,0,0
21:36:31.810,0,1,0,0,0
21:36:31.810,0,0,0,0,0
21:36:32.307,0,0,0,0,0
21:36:32.307,0,1,0,0,0
21:36:32.836,0,1,0,0,0
21:36:32.836,0,0,0,0,0
21:36:33.349,0,0,0,0,0
21:36:33.349,0,1,0,0,0
21:36:33.863,0,1,0,0,0
21:36:33.863,0,0,0,0,0
21:36:34.358,0,0,0,0,0
21:36:34.358,0,1,0,0,0
21:36:38.108,0,0,0,0,0
21:36:38.108,1,0,0,0,0
21:36:38.618,1,0,0,0,0
21:36:38.618,0,0,0,0,0
21:36:39.112,0,0,0,0,0
21:36:39.112,1,0,0,0,0
21:36:39.621,1,0,0,0,0
21:36:39.621,0,0,0,0,0
21:36:40.129,0,0,0,0,0
21:36:40.129,1,0,0,0,0
21:36:40.638,1,0,0,0,0
21:36:40.638,0,0,0,0,0
21:36:41.130,0,0,0,0,0
21:36:41.130,1,0,0,0,0
21:36:41.639,1,0,0,0,0
21:36:41.639,0,0,0,0,0
21:36:42.139,0,0,0,0,0
21:36:42.139,1,0,0,0,0
21:36:42.650,1,0,0,0,0
21:36:42.650,0,0,0,0,0
21:36:43.160,0,0,0,0,0
21:36:43.160,1,0,0,0,0
21:36:43.669,1,0,0,0,0
21:36:43.669,0,0,0,0,0
21:36:44.178,0,0,0,0,0
21:36:44.178,1,0,0,0,0
21:39:14.825,0,0,0,0,0
21:39:14.825,0,1,0,0,0
21:39:14.894,0,1,0,0,0
21:39:14.894,0,0,0,0,0
21:39:15.514,0,0,0,0,0
21:39:15.514,0,1,0,0,0
21:39:15.893,0,1,0,0,0
21:39:15.893,1,1,0,0,0
21:39:15.967,1,1,0,0,0
21:39:15.967,0,1,0,0,0
21:39:16.116,0,1,0,0,0
21:39:16.116,0,0,0,0,0
21:39:16.723,0,0,0,0,0
21:39:16.723,0,1,0,0,0
21:39:17.329,0,1,0,0,0
21:39:17.329,0,0,0,0,0
21:39:17.775,0,0,0,0,0
21:39:17.775,1,0,0,0,0
21:39:17.933,1,0,0,0,0
21:39:17.933,1,1,0,0,0
21:39:18.542,1,1,0,0,0
21:39:18.542,1,0,0,0,0
21:39:19.144,1,0,0,0,0
21:39:19.144,1,1,0,0,0
21:39:19.590,1,1,0,0,0
21:39:19.590,0,1,0,0,0
21:39:19.773,0,1,0,0,0
21:39:19.773,0,0,0,0,0
21:39:20.385,0,0,0,0,0
21:39:20.385,0,1,0,0,0
21:39:21.003,0,1,0,0,0
21:39:21.003,0,0,0,0,0
21:39:21.407,0,0,0,0,0
21:39:21.407,1,0,0,0,0
21:39:21.609,1,0,0,0,0
21:39:21.609,1,1,0,0,0
21:39:22.260,1,1,0,0,0
21:39:22.260,1,0,0,0,0
21:39:22.865,1,0,0,0,0
21:39:22.865,1,1,0,0,0
21:39:23.216,1,1,0,0,0
21:39:23.216,0,1,0,0,0
21:39:23.474,0,1,0,0,0
21:39:23.474,0,0,0,0,0
21:39:24.076,0,0,0,0,0
21:39:24.076,0,1,0,0,0
21:39:24.714,0,1,0,0,0
21:39:24.714,0,0,0,0,0
21:39:25.015,0,0,0,0,0
21:39:25.015,1,0,0,0,0
21:39:25.334,1,0,0,0,0
21:39:25.334,1,1,0,0,0
21:39:25.952,1,1,0,0,0
21:39:25.952,1,0,0,0,0
21:39:26.563,1,0,0,0,0
21:39:26.563,1,1,0,0,0
21:39:26.817,1,1,0,0,0
21:39:26.817,0,1,0,0,0
21:39:27.162,0,1,0,0,0
21:39:27.162,0,0,0,0,0
21:39:27.773,0,0,0,0,0
21:39:27.773,0,1,0,0,0
21:39:28.377,0,1,0,0,0
21:39:28.377,0,0,0,0,0
21:39:28.619,0,0,0,0,0
21:39:28.619,1,0,0,0,0
21:39:28.985,1,0,0,0,0
21:39:28.985,1,1,0,0,0
21:39:29.593,1,1,0,0,0
21:39:29.593,1,0,0,0,0
21:39:30.213,1,0,0,0,0
21:39:30.213,1,1,0,0,0
21:39:30.421,1,1,0,0,0
21:39:30.421,0,1,0,0,0
21:39:30.821,0,1,0,0,0
21:39:30.821,0,0,0,0,0
21:39:31.446,0,0,0,0,0
21:39:31.446,0,1,0,0,0
21:39:32.055,0,1,0,0,0
21:39:32.055,0,0,0,0,0
21:39:32.231,0,0,0,0,0
21:39:32.231,1,0,0,0,0
21:39:32.662,1,0,0,0,0
21:39:32.662,1,1,0,0,0
21:39:33.278,1,1,0,0,0
21:39:33.278,1,0,0,0,0
21:39:33.889,1,0,0,0,0
21:39:33.889,1,1,0,0,0
21:39:34.033,1,1,0,0,0
21:39:34.033,0,1,0,0,0
21:39:34.487,0,1,0,0,0
21:39:34.487,0,0,0,0,0
21:39:35.106,0,0,0,0,0
21:39:35.106,0,1,0,0,0
21:39:35.729,0,1,0,0,0
21:39:35.729,0,0,0,0,0
21:39:35.840,0,0,0,0,0
21:39:35.840,1,0,0,0,0
21:39:36.332,1,0,0,0,0
21:39:36.332,1,1,0,0,0
21:39:36.951,1,1,0,0,0
21:39:36.951,1,0,0,0,0
21:39:37.559,1,0,0,0,0
21:39:37.559,1,1,0,0,0
21:39:37.655,1,1,0,0,0
21:39:37.655,0,1,0,0,0
21:39:38.164,0,1,0,0,0
21:39:38.164,0,0,0,0,0
21:39:38.771,0,0,0,0,0
21:39:38.771,0,1,0,0,0
21:39:39.375,0,1,0,0,0
21:39:39.375,0,0,0,0,0
21:39:39.455,0,0,0,0,0
21:39:39.455,1,0,0,0,0
21:39:39.981,1,0,0,0,0
21:39:39.981,1,1,0,0,0
21:39:40.589,1,1,0,0,0
21:39:40.589,1,0,0,0,0
21:39:41.193,1,0,0,0,0
21:39:41.193,1,1,0,0,0
21:39:41.246,1,1,0,0,0
21:39:41.246,0,1,0,0,0
21:39:41.795,0,1,0,0,0
21:39:41.795,0,0,0,0,0
21:39:42.400,0,0,0,0,0
21:39:42.400,0,1,0,0,0
21:39:43.006,0,1,0,0,0
21:39:43.006,0,0,0,0,0
21:39:43.060,0,0,0,0,0
21:39:43.060,1,0,0,0,0
21:39:43.616,1,0,0,0,0
21:39:43.616,1,1,0,0,0
21:39:44.232,1,1,0,0,0
21:39:44.232,1,0,0,0,0
21:39:44.843,1,0,0,0,0
21:39:44.843,1,1,0,0,0
21:39:44.902,1,1,0,0,0
21:39:44.902,0,1,0,0,0
21:39:45.443,0,1,0,0,0
21:39:45.443,0,0,0,0,0
21:39:46.060,0,0,0,0,0
21:39:46.060,0,1,0,0,0
21:39:46.665,0,1,0,0,0
21:39:46.665,0,0,0,0,0
21:39:46.722,0,0,0,0,0
21:39:46.722,1,0,0,0,0
21:39:47.297,1,0,0,0,0
21:39:47.297,1,1,0,0,0
21:39:47.902,1,1,0,0,0
21:39:47.902,1,0,0,0,0
21:39:48.527,1,0,0,0,0
21:39:48.527,1,1,0,0,0
21:39:48.527,1,1,0,0,0
21:39:48.527,0,1,0,0,0
21:39:49.130,0,1,0,0,0
21:39:49.130,0,0,0,0,0
21:39:49.722,0,0,0,0,0
21:39:49.722,0,1,0,0,0
21:39:50.341,0,1,0,0,0
21:39:50.341,1,1,0,0,0
21:39:50.341,1,1,0,0,0
21:39:50.341,1,0,0,0,0
21:39:50.959,1,0,0,0,0
21:39:50.959,1,1,0,0,0
21:39:51.571,1,1,0,0,0
21:39:51.571,1,0,0,0,0
21:39:52.142,1,0,0,0,0
21:39:52.142,0,0,0,0,0
21:39:52.190,0,0,0,0,0
21:39:52.190,0,1,0,0,0
21:39:52.797,0,1,0,0,0
21:39:52.797,0,0,0,0,0
21:39:53.421,0,0,0,0,0
21:39:53.421,0,1,0,0,0
21:39:53.953,0,1,0,0,0
21:39:53.953,1,1,0,0,0
21:39:54.032,1,1,0,0,0
21:39:54.032,1,0,0,0,0
21:39:54.664,1,0,0,0,0
21:39:54.664,1,1,0,0,0
21:39:55.273,1,1,0,0,0
21:39:55.273,1,0,0,0,0
21:39:55.765,1,0,0,0,0
21:39:55.765,0,0,0,0,0
21:39:55.909,0,0,0,0,0
21:39:55.909,0,1,0,0,0
21:39:56.513,0,1,0,0,0
21:39:56.513,0,0,0,0,0
21:39:57.125,0,0,0,0,0
21:39:57.125,0,1,0,0,0
21:39:57.569,0,1,0,0,0
21:39:57.569,1,1,0,0,0
21:39:57.730,1,1,0,0,0
21:39:57.730,1,0,0,0,0
21:39:58.350,1,0,0,0,0
21:39:58.350,1,1,0,0,0
21:39:58.951,1,1,0,0,0
21:39:58.951,1,0,0,0,0
21:39:59.380,1,0,0,0,0
21:39:59.380,0,0,0,0,0
21:39:59.577,0,0,0,0,0
21:39:59.577,0,1,0,0,0
21:40:00.191,0,1,0,0,0
21:40:00.191,0,0,0,0,0
21:40:00.818,0,0,0,0,0
21:40:00.818,0,1,0,0,0
21:40:01.196,0,1,0,0,0
21:40:01.196,1,1,0,0,0
21:40:01.428,1,1,0,0,0
21:40:01.428,1,0,0,0,0
21:40:02.045,1,0,0,0,0
21:40:02.045,1,1,0,0,0
21:40:02.664,1,1,0,0,0
21:40:02.664,1,0,0,0,0
21:40:02.996,1,0,0,0,0
21:40:02.996,0,0,0,0,0
21:40:03.289,0,0,0,0,0
21:40:03.289,0,1,0,0,0
21:40:03.899,0,1,0,0,0
21:40:03.899,0,0,0,0,0
21:40:04.535,0,0,0,0,0
21:40:04.535,0,1,0,0,0
21:40:04.805,0,1,0,0,0
21:40:04.805,1,1,0,0,0
21:40:05.139,1,1,0,0,0
21:40:05.139,1,0,0,0,0
21:40:05.756,1,0,0,0,0
21:40:05.756,1,1,0,0,0
21:40:06.365,1,1,0,0,0
21:40:06.365,1,0,0,0,0
21:40:06.620,1,0,0,0,0
21:40:06.620,0,0,0,0,0
21:40:06.977,0,0,0,0,0
21:40:06.977,0,1,0,0,0
21:40:07.592,0,1,0,0,0
21:40:07.592,0,0,0,0,0
21:40:08.205,0,0,0,0,0
21:40:08.205,0,1,0,0,0
21:40:08.421,0,1,0,0,0
21:40:08.421,1,1,0,0,0
21:40:08.820,1,1,0,0,0
21:40:08.820,1,0,0,0,0
21:40:09.451,1,0,0,0,0
21:40:09.451,1,1,0,0,0
21:40:10.060,1,1,0,0,0
21:40:10.060,1,0,0,0,0
21:40:10.235,1,0,0,0,0
21:40:10.235,0,0,0,0,0
21:40:10.718,0,0,0,0,0
21:40:10.718,0,1,0,0,0
21:40:11.325,0,1,0,0,0
21:40:11.325,0,0,0,0,0
21:40:11.926,0,0,0,0,0
21:40:11.926,0,1,0,0,0
21:40:12.053,0,1,0,0,0
21:40:12.053,1,1,0,0,0
21:40:12.527,1,1,0,0,0
21:40:12.527,1,0,0,0,0
21:40:13.171,1,0,0,0,0
21:40:13.171,1,1,0,0,0
21:40:13.784,1,1,0,0,0
21:40:13.784,1,0,0,0,0
21:40:13.871,1,0,0,0,0
21:40:13.871,0,0,0,0,0
21:40:14.418,0,0,0,0,0
21:40:14.418,0,1,0,0,0
21:40:15.031,0,1,0,0,0
21:40:15.031,0,0,0,0,0
21:40:15.667,0,0,0,0,0
21:40:15.667,0,1,0,0,0
21:40:15.683,0,1,0,0,0
21:40:15.683,1,1,0,0,0
21:40:16.286,1,1,0,0,0
21:40:16.286,1,0,0,0,0
21:40:16.905,1,0,0,0,0
21:40:16.905,1,1,0,0,0
21:40:17.490,1,1,0,0,0
21:40:17.490,0,1,0,0,0
21:40:17.575,0,1,0,0,0
21:40:17.575,0,0,0,0,0
21:40:18.186,0,0,0,0,0
21:40:18.186,0,1,0,0,0
21:40:18.791,0,1,0,0,0
21:40:18.791,0,0,0,0,0
21:40:19.302,0,0,0,0,0
21:40:19.302,1,0,0,0,0
21:40:19.398,1,0,0,0,0
21:40:19.398,1,1,0,0,0
21:40:19.999,1,1,0,0,0
21:40:19.999,1,0,0,0,0
21:40:20.602,1,0,0,0,0
21:40:20.602,1,1,0,0,0
21:40:21.110,1,1,0,0,0
21:40:21.110,0,1,0,0,0
21:40:21.205,0,1,0,0,0
21:40:21.205,0,0,0,0,0
21:40:21.820,0,0,0,0,0
21:40:21.820,0,1,0,0,0
21:40:22.428,0,1,0,0,0
21:40:22.428,0,0,0,0,0
21:40:22.918,0,0,0,0,0
21:40:22.918,1,0,0,0,0
21:40:23.069,1,0,0,0,0
21:40:23.069,1,1,0,0,0
21:40:23.678,1,1,0,0,0
21:40:23.678,1,0,0,0,0
21:40:24.298,1,0,0,0,0
21:40:24.298,1,1,0,0,0
21:40:24.710,1,1,0,0,0
21:40:24.710,0,1,0,0,0
21:40:24.911,0,1,0,0,0
21:40:24.911,0,0,0,0,0
21:40:25.515,0,0,0,0,0
21:40:25.515,0,1,0,0,0
21:40:26.133,0,1,0,0,0
21:40:26.133,0,0,0,0,0
21:40:26.530,0,0,0,0,0
21:40:26.530,1,0,0,0,0
21:40:26.769,1,0,0,0,0
21:40:26.769,1,1,0,0,0
21:40:27.371,1,1,0,0,0
21:40:27.371,1,0,0,0,0
21:40:28.004,1,0,0,0,0
21:40:28.004,1,1,0,0,0
21:40:28.337,1,1,0,0,0
21:40:28.337,0,1,0,0,0
21:40:28.608,0,1,0,0,0
21:40:28.608,0,0,0,0,0
21:40:29.258,0,0,0,0,0
21:40:29.258,0,1,0,0,0
21:40:29.864,0,1,0,0,0
21:40:29.864,0,0,0,0,0
21:40:30.150,0,0,0,0,0
21:40:30.150,1,0,0,0,0
21:40:30.478,1,0,0,0,0
21:40:30.478,1,1,0,0,0
21:40:31.089,1,1,0,0,0
21:40:31.089,1,0,0,0,0
21:40:31.723,1,0,0,0,0
21:40:31.723,1,1,0,0,0
21:40:31.958,1,1,0,0,0
21:40:31.958,0,1,0,0,0
21:40:32.339,0,1,0,0,0
21:40:32.339,0,0,0,0,0
21:40:32.950,0,0,0,0,0
21:40:32.950,0,1,0,0,0
21:40:33.566,0,1,0,0,0
21:40:33.566,0,0,0,0,0
21:40:33.764,0,0,0,0,0
21:40:33.764,1,0,0,0,0
21:40:34.203,1,0,0,0,0
21:40:34.203,1,1,0,0,0
21:40:34.819,1,1,0,0,0
21:40:34.819,1,0,0,0,0
21:40:35.422,1,0,0,0,0
21:40:35.422,1,1,0,0,0
21:40:35.564,1,1,0,0,0
21:40:35.564,0,1,0,0,0
21:40:36.037,0,1,0,0,0
21:40:36.037,0,0,0,0,0
21:40:36.640,0,0,0,0,0
21:40:36.640,0,1,0,0,0
21:40:37.247,0,1,0,0,0
21:40:37.247,0,0,0,0,0
21:40:37.375,0,0,0,0,0
21:40:37.375,1,0,0,0,0
21:40:37.873,1,0,0,0,0
21:40:37.873,1,1,0,0,0
21:40:38.484,1,1,0,0,0
21:40:38.484,1,0,0,0,0
21:40:39.096,1,0,0,0,0
21:40:39.096,1,1,0,0,0
21:40:39.182,1,1,0,0,0
21:40:39.182,0,1,0,0,0
21:40:39.709,0,1,0,0,0
21:40:39.709,0,0,0,0,0
21:40:40.337,0,0,0,0,0
21:40:40.337,0,1,0,0,0
21:40:40.947,0,1,0,0,0
21:40:40.947,0,0,0,0,0
21:40:41.026,0,0,0,0,0
21:40:41.026,1,0,0,0,0
21:40:41.579,1,0,0,0,0
21:40:41.579,1,1,0,0,0
21:40:42.188,1,1,0,0,0
21:40:42.188,1,0,0,0,0
21:40:42.835,1,0,0,0,0
21:40:42.835,1,1,0,0,0
21:40:42.835,1,1,0,0,0
21:40:42.835,0,1,0,0,0
21:40:43.440,0,1,0,0,0
21:40:43.440,0,0,0,0,0
21:40:44.075,0,0,0,0,0
21:40:44.075,0,1,0,0,0
21:40:44.641,0,1,0,0,0
21:40:44.641,1,1,0,0,0
21:40:44.699,1,1,0,0,0
21:40:44.699,1,0,0,0,0
21:40:45.311,1,0,0,0,0
21:40:45.311,1,1,0,0,0
21:40:45.917,1,1,0,0,0
21:40:45.917,1,0,0,0,0
21:40:46.444,1,0,0,0,0
21:40:46.444,0,0,0,0,0
21:40:46.516,0,0,0,0,0
21:40:46.516,0,1,0,0,0
21:40:47.133,0,1,0,0,0
21:40:47.133,0,0,0,0,0
21:40:47.738,0,0,0,0,0
21:40:47.738,0,1,0,0,0
21:40:48.249,0,1,0,0,0
21:40:48.249,1,1,0,0,0
21:40:48.345,1,1,0,0,0
21:40:48.345,1,0,0,0,0
21:40:48.949,1,0,0,0,0
21:40:48.949,1,1,0,0,0
21:40:49.559,1,1,0,0,0
21:40:49.559,1,0,0,0,0
21:40:50.048,1,0,0,0,0
21:40:50.048,0,0,0,0,0
21:40:50.210,0,0,0,0,0
21:40:50.210,0,1,0,0,0
21:40:50.810,0,1,0,0,0
21:40:50.810,0,0,0,0,0
21:40:51.412,0,0,0,0,0
21:40:51.412,0,1,0,0,0
21:40:51.857,0,1,0,0,0
21:40:51.857,1,1,0,0,0
21:40:52.015,1,1,0,0,0
21:40:52.015,1,0,0,0,0
21:40:52.632,1,0,0,0,0
21:40:52.632,1,1,0,0,0
21:40:53.249,1,1,0,0,0
21:40:53.249,1,0,0,0,0
21:40:53.662,1,0,0,0,0
21:40:53.662,0,0,0,0,0
21:40:53.856,0,0,0,0,0
21:40:53.856,0,1,0,0,0
21:40:54.469,0,1,0,0,0
21:40:54.469,0,0,0,0,0
21:40:55.095,0,0,0,0,0
21:40:55.095,0,1,0,0,0
21:40:55.456,0,1,0,0,0
21:40:55.456,1,1,0,0,0
21:40:55.709,1,1,0,0,0
21:40:55.709,1,0,0,0,0
21:40:56.315,1,0,0,0,0
21:40:56.315,1,1,0,0,0
21:40:56.935,1,1,0,0,0
21:40:56.935,1,0,0,0,0
21:40:57.268,1,0,0,0,0
21:40:57.268,0,0,0,0,0
21:40:57.562,0,0,0,0,0
21:40:57.562,0,1,0,0,0
21:40:58.172,0,1,0,0,0
21:40:58.172,0,0,0,0,0
21:40:58.781,0,0,0,0,0
21:40:58.781,0,1,0,0,0
21:40:59.082,0,1,0,0,0
21:40:59.082,1,1,0,0,0
21:40:59.400,1,1,0,0,0
21:40:59.400,1,0,0,0,0
21:41:00.054,1,0,0,0,0
21:41:00.054,1,1,0,0,0
21:41:00.669,1,1,0,0,0
21:41:00.669,1,0,0,0,0
21:41:00.891,1,0,0,0,0
21:41:00.891,0,0,0,0,0
21:41:01.278,0,0,0,0,0
21:41:01.278,0,1,0,0,0
21:41:01.896,0,1,0,0,0
21:41:01.896,0,0,0,0,0
21:41:02.500,0,0,0,0,0
21:41:02.500,0,1,0,0,0
21:41:02.692,0,1,0,0,0
21:41:02.692,1,1,0,0,0
21:41:03.106,1,1,0,0,0
21:41:03.106,1,0,0,0,0
21:41:03.744,1,0,0,0,0
21:41:03.744,1,1,0,0,0
21:41:04.348,1,1,0,0,0
21:41:04.348,1,0,0,0,0
21:41:04.505,1,0,0,0,0
21:41:04.505,0,0,0,0,0
21:41:04.953,0,0,0,0,0
21:41:04.953,0,1,0,0,0
21:41:05.571,0,1,0,0,0
21:41:05.571,0,0,0,0,0
21:41:06.211,0,0,0,0,0
21:41:06.211,0,1,0,0,0
21:41:06.316,0,1,0,0,0
21:41:06.316,1,1,0,0,0
21:41:06.824,1,1,0,0,0
21:41:06.824,1,0,0,0,0
21:41:07.430,1,0,0,0,0
21:41:07.430,1,1,0,0,0
21:41:08.047,1,1,0,0,0
21:41:08.047,1,0,0,0,0
21:41:08.126,1,0,0,0,0
21:41:08.126,0,0,0,0,0
21:41:08.672,0,0,0,0,0
21:41:08.672,0,1,0,0,0
21:41:09.285,0,1,0,0,0
21:41:09.285,0,0,0,0,0
21:41:09.895,0,0,0,0,0
21:41:09.895,0,1,0,0,0
21:41:09.950,0,1,0,0,0
21:41:09.950,1,1,0,0,0
21:41:10.504,1,1,0,0,0
21:41:10.504,1,0,0,0,0
21:41:11.135,1,0,0,0,0
21:41:11.135,1,1,0,0,0
21:41:11.744,1,1,0,0,0
21:41:11.744,1,0,0,0,0
21:41:11.761,1,0,0,0,0
21:41:11.761,0,0,0,0,0
21:41:12.361,0,0,0,0,0
21:41:12.361,0,1,0,0,0
21:41:12.970,0,1,0,0,0
21:41:12.970,0,0,0,0,0
21:41:13.562,0,0,0,0,0
21:41:13.562,1,0,0,0,0
21:41:13.573,1,0,0,0,0
21:41:13.573,1,1,0,0,0
21:41:14.190,1,1,0,0,0
21:41:14.190,1,0,0,0,0
21:41:14.791,1,0,0,0,0
21:41:14.791,1,1,0,0,0
21:41:15.363,1,1,0,0,0
21:41:15.363,0,1,0,0,0
21:41:15.413,0,1,0,0,0
21:41:15.413,0,0,0,0,0
21:41:16.028,0,0,0,0,0
21:41:16.028,0,1,0,0,0
21:41:16.630,0,1,0,0,0
21:41:16.630,0,0,0,0,0
21:41:17.167,0,0,0,0,0
21:41:17.167,1,0,0,0,0
21:41:17.274,1,0,0,0,0
21:41:17.274,1,1,0,0,0
21:41:17.882,1,1,0,0,0
21:41:17.882,1,0,0,0,0
21:41:18.485,1,0,0,0,0
21:41:18.485,1,1,0,0,0
21:41:18.968,1,1,0,0,0
21:41:18.968,0,1,0,0,0
21:41:19.086,0,1,0,0,0
21:41:19.086,0,0,0,0,0
21:41:19.689,0,0,0,0,0
21:41:19.689,0,1,0,0,0
21:41:20.293,0,1,0,0,0
21:41:20.293,0,0,0,0,0
21:41:20.784,0,0,0,0,0
21:41:20.784,1,0,0,0,0
21:41:20.894,1,0,0,0,0
21:41:20.894,1,1,0,0,0
21:41:21.498,1,1,0,0,0
21:41:21.498,1,0,0,0,0
21:41:22.102,1,0,0,0,0
21:41:22.102,1,1,0,0,0
21:41:22.594,1,1,0,0,0
21:41:22.594,0,1,0,0,0
21:41:22.704,0,1,0,0,0
21:41:22.704,0,0,0,0,0
21:41:23.308,0,0,0,0,0
21:41:23.308,0,1,0,0,0
21:41:23.919,0,1,0,0,0
21:41:23.919,0,0,0,0,0
21:41:24.398,0,0,0,0,0
21:41:24.398,1,0,0,0,0
21:41:24.525,1,0,0,0,0
21:41:24.525,1,1,0,0,0
21:41:25.202,1,1,0,0,0
21:41:25.202,1,0,0,0,0
21:41:25.815,1,0,0,0,0
21:41:25.815,1,1,0,0,0
21:41:26.204,1,1,0,0,0
21:41:26.204,0,1,0,0,0
21:41:26.418,0,1,0,0,0
21:41:26.418,0,0,0,0,0
21:41:27.020,0,0,0,0,0
21:41:27.020,0,1,0,0,0
21:41:27.629,0,1,0,0,0
21:41:27.629,0,0,0,0,0
21:41:28.009,0,0,0,0,0
21:41:28.009,1,0,0,0,0
21:41:28.229,1,0,0,0,0
21:41:28.229,1,1,0,0,0
21:41:28.836,1,1,0,0,0
21:41:28.836,1,0,0,0,0
21:41:29.450,1,0,0,0,0
21:41:29.450,1,1,0,0,0
21:41:29.809,1,1,0,0,0
21:41:29.809,0,1,0,0,0
21:41:30.050,0,1,0,0,0
21:41:30.050,0,0,0,0,0
21:41:30.653,0,0,0,0,0
21:41:30.653,0,1,0,0,0
21:41:31.253,0,1,0,0,0
21:41:31.253,0,0,0,0,0
21:41:31.631,0,0,0,0,0
21:41:31.631,1,0,0,0,0
21:41:31.859,1,0,0,0,0
21:41:31.859,1,1,0,0,0
21:41:32.469,1,1,0,0,0
21:41:32.469,1,0,0,0,0
21:41:33.069,1,0,0,0,0
21:41:33.069,1,1,0,0,0
21:41:33.451,1,1,0,0,0
21:41:33.451,0,1,0,0,0
21:41:33.679,0,1,0,0,0
21:41:33.679,0,0,0,0,0
21:41:34.291,0,0,0,0,0
21:41:34.291,0,1,0,0,0
21:41:34.901,0,1,0,0,0
21:41:34.901,0,0,0,0,0
21:41:35.274,0,0,0,0,0
21:41:35.274,1,0,0,0,0
21:41:35.512,1,0,0,0,0
21:41:35.512,1,1,0,0,0
21:41:36.115,1,1,0,0,0
21:41:36.115,1,0,0,0,0
21:41:36.726,1,0,0,0,0
21:41:36.726,1,1,0,0,0
21:41:37.086,1,1,0,0,0
21:41:37.086,0,1,0,0,0
21:41:37.334,0,1,0,0,0
21:41:37.334,0,0,0,0,0
21:41:37.939,0,0,0,0,0
21:41:37.939,0,1,0,0,0
21:41:38.554,0,1,0,0,0
21:41:38.554,0,0,0,0,0
21:41:38.893,0,0,0,0,0
21:41:38.893,1,0,0,0,0
21:41:39.168,1,0,0,0,0
21:41:39.168,1,1,0,0,0
21:41:39.768,1,1,0,0,0
21:41:39.768,1,0,0,0,0
21:41:40.373,1,0,0,0,0
21:41:40.373,1,1,0,0,0
21:41:40.699,1,1,0,0,0
21:41:40.699,0,1,0,0,0
21:41:40.972,0,1,0,0,0
21:41:40.972,0,0,0,0,0
21:41:41.574,0,0,0,0,0
21:41:41.574,0,1,0,0,0
21:41:42.186,0,1,0,0,0
21:41:42.186,0,0,0,0,0
21:41:42.500,0,0,0,0,0
21:41:42.500,1,0,0,0,0
21:41:42.800,1,0,0,0,0
21:41:42.800,1,1,0,0,0
21:41:43.434,1,1,0,0,0
21:41:43.434,1,0,0,0,0
21:41:44.035,1,0,0,0,0
21:41:44.035,1,1,0,0,0
21:41:44.317,1,1,0,0,0
21:41:44.317,0,1,0,0,0
21:41:44.706,0,1,0,0,0
21:41:44.706,0,0,0,0,0
21:41:45.316,0,0,0,0,0
21:41:45.316,0,1,0,0,0
21:41:45.922,0,1,0,0,0
21:41:45.922,0,0,0,0,0
21:41:46.117,0,0,0,0,0
21:41:46.117,1,0,0,0,0
21:41:46.532,1,0,0,0,0
21:41:46.532,1,1,0,0,0
21:41:47.156,1,1,0,0,0
21:41:47.156,1,0,0,0,0
21:41:47.766,1,0,0,0,0
21:41:47.766,1,1,0,0,0
21:41:47.934,1,1,0,0,0
21:41:47.934,0,1,0,0,0
21:41:48.381,0,1,0,0,0
21:41:48.381,0,0,0,0,0
21:41:48.981,0,0,0,0,0
21:41:48.981,0,1,0,0,0
21:41:49.582,0,1,0,0,0
21:41:49.582,0,0,0,0,0
21:41:49.749,0,0,0,0,0
21:41:49.749,1,0,0,0,0
21:41:50.184,1,0,0,0,0
21:41:50.184,1,1,0,0,0
21:41:50.798,1,1,0,0,0
21:41:50.798,1,0,0,0,0
21:41:51.412,1,0,0,0,0
21:41:51.412,1,1,0,0,0
21:41:51.573,1,1,0,0,0
21:41:51.573,0,1,0,0,0
21:41:52.019,0,1,0,0,0
21:41:52.019,0,0,0,0,0
21:41:52.620,0,0,0,0,0
21:41:52.620,0,1,0,0,0
21:41:53.225,0,1,0,0,0
21:41:53.225,0,0,0,0,0
21:41:53.380,0,0,0,0,0
21:41:53.380,1,0,0,0,0
21:41:53.832,1,0,0,0,0
21:41:53.832,1,1,0,0,0
21:41:54.432,1,1,0,0,0
21:41:54.432,1,0,0,0,0
21:41:55.038,1,0,0,0,0
21:41:55.038,1,1,0,0,0
21:41:55.231,1,1,0,0,0
21:41:55.231,0,1,0,0,0
21:41:55.641,0,1,0,0,0
21:41:55.641,0,0,0,0,0
21:41:56.247,0,0,0,0,0
21:41:56.247,0,1,0,0,0
21:41:56.846,0,1,0,0,0
21:41:56.846,0,0,0,0,0
21:41:57.043,0,0,0,0,0
21:41:57.043,1,0,0,0,0
21:41:57.463,1,0,0,0,0
21:41:57.463,1,1,0,0,0
21:41:58.089,1,1,0,0,0
21:41:58.089,1,0,0,0,0
21:41:58.700,1,0,0,0,0
21:41:58.700,1,1,0,0,0
21:41:58.894,1,1,0,0,0
21:41:58.894,0,1,0,0,0
21:41:59.312,0,1,0,0,0
21:41:59.312,0,0,0,0,0
21:41:59.913,0,0,0,0,0
21:41:59.913,0,1,0,0,0
21:42:00.521,0,1,0,0,0
21:42:00.521,0,0,0,0,0
21:42:00.695,0,0,0,0,0
21:42:00.695,1,0,0,0,0
21:42:01.126,1,0,0,0,0
21:42:01.126,1,1,0,0,0
21:42:01.737,1,1,0,0,0
21:42:01.737,1,0,0,0,0
21:42:02.346,1,0,0,0,0
21:42:02.346,1,1,0,0,0
21:42:02.484,1,1,0,0,0
21:42:02.484,0,1,0,0,0
21:42:02.949,0,1,0,0,0
21:42:02.949,0,0,0,0,0
21:42:03.562,0,0,0,0,0
21:42:03.562,0,1,0,0,0
21:42:04.165,0,1,0,0,0
21:42:04.165,0,0,0,0,0
21:42:04.305,0,0,0,0,0
21:42:04.305,1,0,0,0,0
21:42:04.769,1,0,0,0,0
21:42:04.769,1,1,0,0,0
21:42:05.383,1,1,0,0,0
21:42:05.383,1,0,0,0,0
21:42:05.997,1,0,0,0,0
21:42:05.997,1,1,0,0,0
21:42:06.112,1,1,0,0,0
21:42:06.112,0,1,0,0,0
21:42:06.603,0,1,0,0,0
21:42:06.603,0,0,0,0,0
21:42:07.207,0,0,0,0,0
21:42:07.207,0,1,0,0,0
21:42:07.824,0,1,0,0,0
21:42:07.824,0,0,0,0,0
21:42:07.918,0,0,0,0,0
21:42:07.918,1,0,0,0,0
21:42:08.425,1,0,0,0,0
21:42:08.425,1,1,0,0,0
21:42:09.024,1,1,0,0,0
21:42:09.024,1,0,0,0,0
21:42:09.639,1,0,0,0,0
21:42:09.639,1,1,0,0,0
21:42:09.719,1,1,0,0,0
21:42:09.719,0,1,0,0,0
21:42:10.261,0,1,0,0,0
21:42:10.261,0,0,0,0,0
21:42:10.875,0,0,0,0,0
21:42:10.875,0,1,0,0,0
21:42:11.492,0,1,0,0,0
21:42:11.492,0,0,0,0,0
21:42:11.558,0,0,0,0,0
21:42:11.558,1,0,0,0,0
21:42:12.093,1,0,0,0,0
21:42:12.093,1,1,0,0,0
21:42:12.742,1,1,0,0,0
21:42:12.742,1,0,0,0,0
21:42:13.342,1,0,0,0,0
21:42:13.342,1,1,0,0,0
21:42:13.361,1,1,0,0,0
21:42:13.361,0,1,0,0,0
21:42:13.952,0,1,0,0,0
21:42:13.952,0,0,0,0,0
21:42:14.558,0,0,0,0,0
21:42:14.558,0,1,0,0,0
21:42:15.160,0,1,0,0,0
21:42:15.160,0,0,0,0,0
21:42:15.167,0,0,0,0,0
21:42:15.167,1,0,0,0,0
21:42:15.769,1,0,0,0,0
21:42:15.769,1,1,0,0,0
21:42:16.383,1,1,0,0,0
21:42:16.383,1,0,0,0,0
21:42:16.977,1,0,0,0,0
21:42:16.977,0,0,0,0,0
21:42:17.003,0,0,0,0,0
21:42:17.003,0,1,0,0,0
21:42:17.617,0,1,0,0,0
21:42:17.617,0,0,0,0,0
21:42:18.219,0,0,0,0,0
21:42:18.219,0,1,0,0,0
21:42:18.773,0,1,0,0,0
21:42:18.773,1,1,0,0,0
21:42:18.854,1,1,0,0,0
21:42:18.854,1,0,0,0,0
21:42:19.473,1,0,0,0,0
21:42:19.473,1,1,0,0,0
21:42:20.081,1,1,0,0,0
21:42:20.081,1,0,0,0,0
21:42:20.586,1,0,0,0,0
21:42:20.586,0,0,0,0,0
21:42:20.680,0,0,0,0,0
21:42:20.680,0,1,0,0,0
21:42:21.295,0,1,0,0,0
21:42:21.295,0,0,0,0,0
21:42:21.896,0,0,0,0,0
21:42:21.896,0,1,0,0,0
21:42:22.389,0,1,0,0,0
21:42:22.389,1,1,0,0,0
21:42:22.514,1,1,0,0,0
21:42:22.514,1,0,0,0,0
21:42:23.122,1,0,0,0,0
21:42:23.122,1,1,0,0,0
21:42:23.732,1,1,0,0,0
21:42:23.732,1,0,0,0,0
21:42:24.190,1,0,0,0,0
21:42:24.190,0,0,0,0,0
21:42:24.334,0,0,0,0,0
21:42:24.334,0,1,0,0,0
21:42:24.937,0,1,0,0,0
21:42:24.937,0,0,0,0,0
21:42:25.555,0,0,0,0,0
21:42:25.555,0,1,0,0,0
21:42:25.999,0,1,0,0,0
21:42:25.999,1,1,0,0,0
21:42:26.178,1,1,0,0,0
21:42:26.178,1,0,0,0,0
21:42:26.792,1,0,0,0,0
21:42:26.792,1,1,0,0,0
21:42:27.392,1,1,0,0,0
21:42:27.392,1,0,0,0,0
21:42:27.809,1,0,0,0,0
21:42:27.809,0,0,0,0,0
21:42:28.002,0,0,0,0,0
21:42:28.002,0,1,0,0,0
21:42:28.604,0,1,0,0,0
21:42:28.604,0,0,0,0,0
21:42:29.210,0,0,0,0,0
21:42:29.210,0,1,0,0,0
21:42:29.612,0,1,0,0,0
21:42:29.612,1,1,0,0,0
21:42:29.819,1,1,0,0,0
21:42:29.819,1,0,0,0,0
21:42:30.433,1,0,0,0,0
21:42:30.433,1,1,0,0,0
21:42:31.034,1,1,0,0,0
21:42:31.034,1,0,0,0,0
21:42:31.432,1,0,0,0,0
21:42:31.432,0,0,0,0,0
21:42:31.638,0,0,0,0,0
21:42:31.638,0,1,0,0,0
21:42:32.245,0,1,0,0,0
21:42:32.245,0,0,0,0,0
21:42:32.858,0,0,0,0,0
21:42:32.858,0,1,0,0,0
21:42:33.239,0,1,0,0,0
21:42:33.239,1,1,0,0,0
21:42:33.466,1,1,0,0,0
21:42:33.466,1,0,0,0,0
21:42:34.074,1,0,0,0,0
21:42:34.074,1,1,0,0,0
21:42:34.683,1,1,0,0,0
21:42:34.683,1,0,0,0,0
21:42:35.073,1,0,0,0,0
21:42:35.073,0,0,0,0,0
21:42:35.292,0,0,0,0,0
21:42:35.292,0,1,0,0,0
21:42:35.904,0,1,0,0,0
21:42:35.904,0,0,0,0,0
21:42:36.509,0,0,0,0,0
21:42:36.509,0,1,0,0,0
21:42:36.874,0,1,0,0,0
21:42:36.874,1,1,0,0,0
21:42:37.115,1,1,0,0,0
21:42:37.115,1,0,0,0,0
21:42:37.725,1,0,0,0,0
21:42:37.725,1,1,0,0,0
21:42:38.340,1,1,0,0,0
21:42:38.340,1,0,0,0,0
21:42:38.680,1,0,0,0,0
21:42:38.680,0,0,0,0,0
21:42:38.944,0,0,0,0,0
21:42:38.944,0,1,0,0,0
21:42:39.551,0,1,0,0,0
21:42:39.551,0,0,0,0,0
21:42:40.153,0,0,0,0,0
21:42:40.153,0,1,0,0,0
21:42:40.493,0,1,0,0,0
21:42:40.493,1,1,0,0,0
21:42:40.762,1,1,0,0,0
21:42:40.762,1,0,0,0,0
21:42:41.364,1,0,0,0,0
21:42:41.364,1,1,0,0,0
21:42:41.982,1,1,0,0,0
21:42:41.982,1,0,0,0,0
21:42:42.295,1,0,0,0,0
21:42:42.295,0,0,0,0,0
21:42:42.584,0,0,0,0,0
21:42:42.584,0,1,0,0,0
21:42:43.211,0,1,0,0,0
21:42:43.211,0,0,0,0,0
21:42:43.822,0,0,0,0,0
21:42:43.822,0,1,0,0,0
21:42:44.106,0,1,0,0,0
21:42:44.106,1,1,0,0,0
21:42:44.423,1,1,0,0,0
21:42:44.423,1,0,0,0,0
21:42:45.025,1,0,0,0,0
21:42:45.025,1,1,0,0,0
21:42:45.652,1,1,0,0,0
21:42:45.652,1,0,0,0,0
21:42:45.906,1,0,0,0,0
21:42:45.906,0,0,0,0,0
21:42:46.262,0,0,0,0,0
21:42:46.262,0,1,0,0,0
21:42:46.916,0,1,0,0,0
21:42:46.916,0,0,0,0,0
21:42:47.525,0,0,0,0,0
21:42:47.525,0,1,0,0,0
21:42:47.715,0,1,0,0,0
21:42:47.715,1,1,0,0,0
21:42:48.128,1,1,0,0,0
21:42:48.128,1,0,0,0,0
21:42:48.742,1,0,0,0,0
21:42:48.742,1,1,0,0,0
21:42:49.349,1,1,0,0,0
21:42:49.349,1,0,0,0,0
21:42:49.524,1,0,0,0,0
21:42:49.524,0,0,0,0,0
21:42:49.955,0,0,0,0,0
21:42:49.955,0,1,0,0,0
21:42:50.575,0,1,0,0,0
21:42:50.575,0,0,0,0,0
21:42:51.180,0,0,0,0,0
21:42:51.180,0,1,0,0,0
21:42:51.330,0,1,0,0,0
21:42:51.330,1,1,0,0,0
21:42:51.787,1,1,0,0,0
21:42:51.787,1,0,0,0,0
21:42:52.387,1,0,0,0,0
21:42:52.387,1,1,0,0,0
21:42:52.990,1,1,0,0,0
21:42:52.990,1,0,0,0,0
21:42:53.146,1,0,0,0,0
21:42:53.146,0,0,0,0,0
21:42:53.605,0,0,0,0,0
21:42:53.605,0,1,0,0,0
21:42:54.207,0,1,0,0,0
21:42:54.207,0,0,0,0,0
21:42:54.807,0,0,0,0,0
21:42:54.807,0,1,0,0,0
21:42:54.986,0,1,0,0,0
21:42:54.986,1,1,0,0,0
21:42:55.410,1,1,0,0,0
21:42:55.410,1,0,0,0,0
21:42:56.016,1,0,0,0,0
21:42:56.016,1,1,0,0,0
21:42:56.618,1,1,0,0,0
21:42:56.618,1,0,0,0,0
21:42:56.799,1,0,0,0,0
21:42:56.799,0,0,0,0,0
21:42:57.229,0,0,0,0,0
21:42:57.229,0,1,0,0,0
21:42:57.840,0,1,0,0,0
21:42:57.840,0,0,0,0,0
21:42:58.448,0,0,0,0,0
21:42:58.448,0,1,0,0,0
21:42:58.610,0,1,0,0,0
21:42:58.610,1,1,0,0,0
21:42:59.090,1,1,0,0,0
21:42:59.090,1,0,0,0,0
21:42:59.704,1,0,0,0,0
21:42:59.704,1,1,0,0,0
21:43:00.352,1,1,0,0,0
21:43:00.352,1,0,0,0,0
21:43:00.458,1,0,0,0,0
21:43:00.458,0,0,0,0,0
21:43:00.954,0,0,0,0,0
21:43:00.954,0,1,0,0,0
21:43:01.609,0,1,0,0,0
21:43:01.609,0,0,0,0,0
21:43:02.224,0,0,0,0,0
21:43:02.224,0,1,0,0,0
21:43:02.340,0,1,0,0,0
21:43:02.340,1,1,0,0,0
21:43:02.874,1,1,0,0,0
21:43:02.874,1,0,0,0,0
21:43:03.481,1,0,0,0,0
21:43:03.481,1,1,0,0,0
21:43:04.081,1,1,0,0,0
21:43:04.081,1,0,0,0,0
21:43:04.186,1,0,0,0,0
21:43:04.186,0,0,0,0,0
21:43:04.690,0,0,0,0,0
21:43:04.690,0,1,0,0,0
21:43:05.313,0,1,0,0,0
21:43:05.313,0,0,0,0,0
21:43:05.917,0,0,0,0,0
21:43:05.917,0,1,0,0,0
21:43:05.988,0,1,0,0,0
21:43:05.988,1,1,0,0,0
21:43:06.539,1,1,0,0,0
21:43:06.539,1,0,0,0,0
21:43:07.140,1,0,0,0,0
21:43:07.140,1,1,0,0,0
21:43:07.741,1,1,0,0,0
21:43:07.741,1,0,0,0,0
21:43:07.806,1,0,0,0,0
21:43:07.806,0,0,0,0,0
21:43:08.350,0,0,0,0,0
21:43:08.350,0,1,0,0,0
21:43:08.966,0,1,0,0,0
21:43:08.966,0,0,0,0,0
21:43:09.570,0,0,0,0,0
21:43:09.570,0,1,0,0,0
21:43:09.659,0,1,0,0,0
21:43:09.659,1,1,0,0,0
21:43:10.171,1,1,0,0,0
21:43:10.171,1,0,0,0,0
21:43:10.785,1,0,0,0,0
21:43:10.785,1,1,0,0,0
21:43:11.390,1,1,0,0,0
21:43:11.390,1,0,0,0,0
21:43:11.459,1,0,0,0,0
21:43:11.459,0,0,0,0,0
21:43:12.000,0,0,0,0,0
21:43:12.000,0,1,0,0,0
21:43:12.601,0,1,0,0,0
21:43:12.601,0,0,0,0,0
21:43:13.205,0,0,0,0,0
21:43:13.205,0,1,0,0,0
21:43:13.278,0,1,0,0,0
21:43:13.278,1,1,0,0,0
21:43:13.806,1,1,0,0,0
21:43:13.806,1,0,0,0,0
21:43:14.420,1,0,0,0,0
21:43:14.420,1,1,0,0,0
21:43:15.032,1,1,0,0,0
21:43:15.032,1,0,0,0,0
21:43:15.143,1,0,0,0,0
21:43:15.143,0,0,0,0,0
21:43:15.636,0,0,0,0,0
21:43:15.636,0,1,0,0,0
21:43:16.239,0,1,0,0,0
21:43:16.239,0,0,0,0,0
21:43:16.850,0,0,0,0,0
21:43:16.850,0,1,0,0,0
21:43:16.961,0,1,0,0,0
21:43:16.961,1,1,0,0,0
21:43:17.451,1,1,0,0,0
21:43:17.451,1,0,0,0,0
21:43:18.059,1,0,0,0,0
21:43:18.059,1,1,0,0,0
21:43:18.664,1,1,0,0,0
21:43:18.664,1,0,0,0,0
21:43:18.776,1,0,0,0,0
21:43:18.776,0,0,0,0,0
21:43:19.266,0,0,0,0,0
21:43:19.266,0,1,0,0,0
21:43:19.875,0,1,0,0,0
21:43:19.875,0,0,0,0,0
21:43:20.476,0,0,0,0,0
21:43:20.476,0,1,0,0,0
21:43:20.578,0,1,0,0,0
21:43:20.578,1,1,0,0,0
21:43:21.087,1,1,0,0,0
21:43:21.087,1,0,0,0,0
21:43:21.698,1,0,0,0,0
21:43:21.698,1,1,0,0,0
21:43:22.297,1,1,0,0,0
21:43:22.297,1,0,0,0,0
21:43:22.393,1,0,0,0,0
21:43:22.393,0,0,0,0,0
21:43:22.906,0,0,0,0,0
21:43:22.906,0,1,0,0,0
21:43:23.512,0,1,0,0,0
21:43:23.512,0,0,0,0,0
21:43:24.117,0,0,0,0,0
21:43:24.117,0,1,0,0,0
21:43:24.208,0,1,0,0,0
21:43:24.208,1,1,0,0,0
21:43:24.725,1,1,0,0,0
21:43:24.725,1,0,0,0,0
21:43:25.328,1,0,0,0,0
21:43:25.328,1,1,0,0,0
21:43:25.936,1,1,0,0,0
21:43:25.936,1,0,0,0,0
21:43:26.015,1,0,0,0,0
21:43:26.015,0,0,0,0,0
21:43:26.538,0,0,0,0,0
21:43:26.538,0,1,0,0,0
21:43:27.142,0,1,0,0,0
21:43:27.142,0,0,0,0,0
21:43:27.742,0,0,0,0,0
21:43:27.742,0,1,0,0,0
21:43:27.825,0,1,0,0,0
21:43:27.825,1,1,0,0,0
21:43:28.348,1,1,0,0,0
21:43:28.348,1,0,0,0,0
21:43:28.959,1,0,0,0,0
21:43:28.959,1,1,0,0,0
21:43:29.569,1,1,0,0,0
21:43:29.569,1,0,0,0,0
21:43:29.634,1,0,0,0,0
21:43:29.634,0,0,0,0,0
21:43:30.168,0,0,0,0,0
21:43:30.168,0,1,0,0,0
21:43:30.780,0,1,0,0,0
21:43:30.780,0,0,0,0,0
21:43:31.406,0,0,0,0,0
21:43:31.406,0,1,0,0,0
21:43:31.463,0,1,0,0,0
21:43:31.463,1,1,0,0,0
21:43:32.007,1,1,0,0,0
21:43:32.007,1,0,0,0,0
21:43:32.610,1,0,0,0,0
21:43:32.610,1,1,0,0,0
21:43:33.211,1,1,0,0,0
21:43:33.211,1,0,0,0,0
21:43:33.301,1,0,0,0,0
21:43:33.301,0,0,0,0,0
21:43:33.851,0,0,0,0,0
21:43:33.851,0,1,0,0,0
21:43:34.455,0,1,0,0,0
21:43:34.455,0,0,0,0,0
21:43:35.068,0,0,0,0,0
21:43:35.068,0,1,0,0,0
21:43:35.130,0,1,0,0,0
21:43:35.130,1,1,0,0,0
21:43:35.672,1,1,0,0,0
21:43:35.672,1,0,0,0,0
21:43:36.279,1,0,0,0,0
21:43:36.279,1,1,0,0,0
21:43:36.883,1,1,0,0,0
21:43:36.883,1,0,0,0,0
21:43:36.992,1,0,0,0,0
21:43:36.992,0,0,0,0,0
21:43:37.484,0,0,0,0,0
21:43:37.484,0,1,0,0,0
21:43:38.225,0,1,0,0,0
21:43:38.225,0,0,0,0,0
21:43:38.799,0,0,0,0,0
21:43:38.799,1,0,0,0,0
21:43:38.834,1,0,0,0,0
21:43:38.834,1,1,0,0,0
21:43:39.443,1,1,0,0,0
21:43:39.443,1,0,0,0,0
21:43:40.047,1,0,0,0,0
21:43:40.047,1,1,0,0,0
21:43:40.619,1,1,0,0,0
21:43:40.619,0,1,0,0,0
21:43:40.721,0,1,0,0,0
21:43:40.721,0,0,0,0,0
21:43:41.406,0,0,0,0,0
21:43:41.406,0,1,0,0,0
21:43:42.015,0,1,0,0,0
21:43:42.015,0,0,0,0,0
21:43:42.430,0,0,0,0,0
21:43:42.430,1,0,0,0,0
21:43:42.621,1,0,0,0,0
21:43:42.621,1,1,0,0,0
21:43:43.239,1,1,0,0,0
21:43:43.239,1,0,0,0,0
21:43:43.852,1,0,0,0,0
21:43:43.852,1,1,0,0,0
21:43:44.241,1,1,0,0,0
21:43:44.241,0,1,0,0,0
21:43:44.463,0,1,0,0,0
21:43:44.463,0,0,0,0,0
21:43:45.073,0,0,0,0,0
21:43:45.073,0,1,0,0,0
21:43:45.697,0,1,0,0,0
21:43:45.697,0,0,0,0,0
21:43:46.111,0,0,0,0,0
21:43:46.111,1,0,0,0,0
21:43:46.329,1,0,0,0,0
21:43:46.329,1,1,0,0,0
21:43:46.948,1,1,0,0,0
21:43:46.948,1,0,0,0,0
21:43:47.551,1,0,0,0,0
21:43:47.551,1,1,0,0,0
21:43:47.917,1,1,0,0,0
21:43:47.917,0,1,0,0,0
21:43:48.219,0,1,0,0,0
21:43:48.219,0,0,0,0,0
21:43:48.823,0,0,0,0,0
21:43:48.823,0,1,0,0,0
21:43:49.501,0,1,0,0,0
21:43:49.501,0,0,0,0,0
21:43:49.717,0,0,0,0,0
21:43:49.717,1,0,0,0,0
21:43:50.113,1,0,0,0,0
21:43:50.113,1,1,0,0,0
21:43:50.794,1,1,0,0,0
21:43:50.794,1,0,0,0,0
21:43:51.408,1,0,0,0,0
21:43:51.408,1,1,0,0,0
21:43:51.667,1,1,0,0,0
21:43:51.667,0,1,0,0,0
21:43:52.131,0,1,0,0,0
21:43:52.131,0,0,0,0,0
21:43:52.747,0,0,0,0,0
21:43:52.747,0,1,0,0,0
21:43:53.351,0,1,0,0,0
21:43:53.351,0,0,0,0,0
21:43:53.493,0,0,0,0,0
21:43:53.493,1,0,0,0,0
21:43:53.955,1,0,0,0,0
21:43:53.955,1,1,0,0,0
21:43:54.700,1,1,0,0,0
21:43:54.700,1,0,0,0,0
21:43:55.325,1,0,0,0,0
21:43:55.325,0,0,0,0,0
21:43:55.325,0,0,0,0,0
21:43:55.325,0,1,0,0,0
21:43:55.930,0,1,0,0,0
21:43:55.930,0,0,0,0,0
21:43:56.533,0,0,0,0,0
21:43:56.533,0,1,0,0,0
21:43:57.204,0,1,0,0,0
21:43:57.204,1,1,0,0,0
21:43:57.204,1,1,0,0,0
21:43:57.204,1,0,0,0,0
21:43:57.811,1,0,0,0,0
21:43:57.811,1,1,0,0,0
21:43:58.473,1,1,0,0,0
21:43:58.473,1,0,0,0,0
21:43:59.020,1,0,0,0,0
21:43:59.020,0,0,0,0,0
21:43:59.235,0,0,0,0,0
21:43:59.235,0,1,0,0,0
21:43:59.866,0,1,0,0,0
21:43:59.866,0,0,0,0,0
21:44:00.472,0,0,0,0,0
21:44:00.472,0,1,0,0,0
21:44:00.827,0,1,0,0,0
21:44:00.827,1,1,0,0,0
21:44:01.077,1,1,0,0,0
21:44:01.077,1,0,0,0,0
21:44:01.680,1,0,0,0,0
21:44:01.680,1,1,0,0,0
21:44:02.388,1,1,0,0,0
21:44:02.388,1,0,0,0,0
21:44:02.630,1,0,0,0,0
21:44:02.630,0,0,0,0,0
21:44:02.997,0,0,0,0,0
21:44:02.997,0,1,0,0,0
21:44:03.616,0,1,0,0,0
21:44:03.616,0,0,0,0,0
21:44:04.227,0,0,0,0,0
21:44:04.227,0,1,0,0,0
21:44:04.445,0,1,0,0,0
21:44:04.445,1,1,0,0,0
21:44:04.829,1,1,0,0,0
21:44:04.829,1,0,0,0,0
21:44:05.459,1,0,0,0,0
21:44:05.459,1,1,0,0,0
21:44:06.065,1,1,0,0,0
21:44:06.065,1,0,0,0,0
21:44:06.309,1,0,0,0,0
21:44:06.309,0,0,0,0,0
21:44:06.730,0,0,0,0,0
21:44:06.730,0,1,0,0,0
21:44:07.338,0,1,0,0,0
21:44:07.338,0,0,0,0,0
21:44:07.958,0,0,0,0,0
21:44:07.958,0,1,0,0,0
21:44:08.158,0,1,0,0,0
21:44:08.158,1,1,0,0,0
21:44:08.562,1,1,0,0,0
21:44:08.562,1,0,0,0,0
21:44:09.268,1,0,0,0,0
21:44:09.268,1,1,0,0,0
21:44:09.877,1,1,0,0,0
21:44:09.877,1,0,0,0,0
21:44:10.099,1,0,0,0,0
21:44:10.099,0,0,0,0,0
21:44:10.496,0,0,0,0,0
21:44:10.496,0,1,0,0,0
21:44:11.107,0,1,0,0,0
21:44:11.107,0,0,0,0,0
21:44:11.783,0,0,0,0,0
21:44:11.783,0,1,0,0,0
21:44:12.001,0,1,0,0,0
21:44:12.001,1,1,0,0,0
21:44:12.394,1,1,0,0,0
21:44:12.394,1,0,0,0,0
21:44:13.085,1,0,0,0,0
21:44:13.085,1,1,0,0,0
21:44:13.688,1,1,0,0,0
21:44:13.688,1,0,0,0,0
21:44:13.965,1,0,0,0,0
21:44:13.965,0,0,0,0,0
21:44:14.394,0,0,0,0,0
21:44:14.394,0,1,0,0,0
21:44:15.012,0,1,0,0,0
21:44:15.012,0,0,0,0,0
21:44:15.608,0,0,0,0,0
21:44:15.608,0,1,0,0,0
21:44:15.810,0,1,0,0,0
21:44:15.810,1,1,0,0,0
21:44:16.215,1,1,0,0,0
21:44:16.215,1,0,0,0,0
21:44:16.901,1,0,0,0,0
21:44:16.901,1,1,0,0,0
21:44:17.503,1,1,0,0,0
21:44:17.503,1,0,0,0,0
21:44:17.693,1,0,0,0,0
21:44:17.693,0,0,0,0,0
21:44:18.106,0,0,0,0,0
21:44:18.106,0,1,0,0,0
21:44:18.723,0,1,0,0,0
21:44:18.723,0,0,0,0,0
21:44:19.333,0,0,0,0,0
21:44:19.333,0,1,0,0,0
21:44:19.596,0,1,0,0,0
21:44:19.596,1,1,0,0,0
21:44:20.026,1,1,0,0,0
21:44:20.026,1,0,0,0,0
21:44:20.634,1,0,0,0,0
21:44:20.634,1,1,0,0,0
21:44:21.334,1,1,0,0,0
21:44:21.334,1,0,0,0,0
21:44:21.552,1,0,0,0,0
21:44:21.552,0,0,0,0,0
21:44:21.946,0,0,0,0,0
21:44:21.946,0,1,0,0,0
21:44:22.559,0,1,0,0,0
21:44:22.559,0,0,0,0,0
21:44:23.165,0,0,0,0,0
21:44:23.165,0,1,0,0,0
21:44:23.427,0,1,0,0,0
21:44:23.427,1,1,0,0,0
21:44:23.771,1,1,0,0,0
21:44:23.771,1,0,0,0,0
21:44:24.372,1,0,0,0,0
21:44:24.372,1,1,0,0,0
21:44:24.996,1,1,0,0,0
21:44:24.996,1,0,0,0,0
21:44:25.234,1,0,0,0,0
21:44:25.234,0,0,0,0,0
21:44:25.602,0,0,0,0,0
21:44:25.602,0,1,0,0,0
21:44:26.207,0,1,0,0,0
21:44:26.207,0,0,0,0,0
21:44:26.828,0,0,0,0,0
21:44:26.828,0,1,0,0,0
21:44:27.068,0,1,0,0,0
21:44:27.068,1,1,0,0,0
21:44:27.493,1,1,0,0,0
21:44:27.493,1,0,0,0,0
21:44:28.103,1,0,0,0,0
21:44:28.103,1,1,0,0,0
21:44:28.709,1,1,0,0,0
21:44:28.709,1,0,0,0,0
21:44:28.916,1,0,0,0,0
21:44:28.916,0,0,0,0,0
21:44:29.312,0,0,0,0,0
21:44:29.312,0,1,0,0,0
21:44:29.975,0,1,0,0,0
21:44:29.975,0,0,0,0,0
21:44:30.588,0,0,0,0,0
21:44:30.588,0,1,0,0,0
21:44:30.838,0,1,0,0,0
21:44:30.838,1,1,0,0,0
21:44:31.235,1,1,0,0,0
21:44:31.235,1,0,0,0,0
21:44:31.840,1,0,0,0,0
21:44:31.840,1,1,0,0,0
21:44:32.520,1,1,0,0,0
21:44:32.520,1,0,0,0,0
21:44:32.687,1,0,0,0,0
21:44:32.687,0,0,0,0,0
21:44:33.124,0,0,0,0,0
21:44:33.124,0,1,0,0,0
21:44:33.778,0,1,0,0,0
21:44:33.778,0,0,0,0,0
21:44:34.390,0,0,0,0,0
21:44:34.390,0,1,0,0,0
21:44:34.627,0,1,0,0,0
21:44:34.627,1,1,0,0,0
21:44:35.074,1,1,0,0,0
21:44:35.074,1,0,0,0,0
21:44:35.688,1,0,0,0,0
21:44:35.688,1,1,0,0,0
21:44:36.313,1,1,0,0,0
21:44:36.313,1,0,0,0,0
21:44:36.539,1,0,0,0,0
21:44:36.539,0,0,0,0,0
21:44:36.924,0,0,0,0,0
21:44:36.924,0,1,0,0,0
21:44:37.587,0,1,0,0,0
21:44:37.587,0,0,0,0,0
21:44:38.219,0,0,0,0,0
21:44:38.219,0,1,0,0,0
21:44:38.386,0,1,0,0,0
21:44:38.386,1,1,0,0,0
21:44:38.839,1,1,0,0,0
21:44:38.839,1,0,0,0,0
21:44:39.446,1,0,0,0,0
21:44:39.446,1,1,0,0,0
21:44:40.043,1,1,0,0,0
21:44:40.043,1,0,0,0,0
21:44:40.232,1,0,0,0,0
21:44:40.232,0,0,0,0,0
21:44:40.650,0,0,0,0,0
21:44:40.650,0,1,0,0,0
21:44:41.316,0,1,0,0,0
21:44:41.316,0,0,0,0,0
21:44:41.926,0,0,0,0,0
21:44:41.926,0,1,0,0,0
21:44:42.054,0,1,0,0,0
21:44:42.054,1,1,0,0,0
21:44:42.554,1,1,0,0,0
21:44:42.554,1,0,0,0,0
21:44:43.163,1,0,0,0,0
21:44:43.163,1,1,0,0,0
21:44:43.845,1,1,0,0,0
21:44:43.845,1,0,0,0,0
21:44:43.875,1,0,0,0,0
21:44:43.875,0,0,0,0,0
21:44:44.447,0,0,0,0,0
21:44:44.447,0,1,0,0,0
21:44:45.058,0,1,0,0,0
21:44:45.058,0,0,0,0,0
21:44:45.673,0,0,0,0,0
21:44:45.673,0,1,0,0,0
21:44:45.725,0,1,0,0,0
21:44:45.725,1,1,0,0,0
21:44:46.340,1,1,0,0,0
21:44:46.340,1,0,0,0,0
21:44:46.948,1,0,0,0,0
21:44:46.948,1,1,0,0,0
21:44:47.614,1,1,0,0,0
21:44:47.614,0,1,0,0,0
21:44:47.614,0,1,0,0,0
21:44:47.614,0,0,0,0,0
21:44:48.232,0,0,0,0,0
21:44:48.232,0,1,0,0,0
21:44:48.891,0,1,0,0,0
21:44:48.891,0,0,0,0,0
21:44:49.432,0,0,0,0,0
21:44:49.432,1,0,0,0,0
21:44:49.635,1,0,0,0,0
21:44:49.635,1,1,0,0,0
21:44:50.240,1,1,0,0,0
21:44:50.240,1,0,0,0,0
21:44:50.845,1,0,0,0,0
21:44:50.845,1,1,0,0,0
21:44:51.242,1,1,0,0,0
21:44:51.242,0,1,0,0,0
21:44:51.448,0,1,0,0,0
21:44:51.448,0,0,0,0,0
21:44:52.062,0,0,0,0,0
21:44:52.062,0,1,0,0,0
21:44:52.685,0,1,0,0,0
21:44:52.685,0,0,0,0,0
21:44:53.048,0,0,0,0,0
21:44:53.048,1,0,0,0,0
21:44:53.319,1,0,0,0,0
21:44:53.319,1,1,0,0,0
21:44:53.920,1,1,0,0,0
21:44:53.920,1,0,0,0,0
21:44:54.539,1,0,0,0,0
21:44:54.539,1,1,0,0,0
21:44:54.952,1,1,0,0,0
21:44:54.952,0,1,0,0,0
21:44:55.157,0,1,0,0,0
21:44:55.157,0,0,0,0,0
21:44:55.773,0,0,0,0,0
21:44:55.773,0,1,0,0,0
21:44:56.384,0,1,0,0,0
21:44:56.384,0,0,0,0,0
21:44:56.763,0,0,0,0,0
21:44:56.763,1,0,0,0,0
21:44:57.023,1,0,0,0,0
21:44:57.023,1,1,0,0,0
21:44:57.625,1,1,0,0,0
21:44:57.625,1,0,0,0,0
21:44:58.250,1,0,0,0,0
21:44:58.250,1,1,0,0,0
21:44:58.652,1,1,0,0,0
21:44:58.652,0,1,0,0,0
21:44:58.862,0,1,0,0,0
21:44:58.862,0,0,0,0,0
21:44:59.481,0,0,0,0,0
21:44:59.481,0,1,0,0,0
21:45:00.095,0,1,0,0,0
21:45:00.095,0,0,0,0,0
21:45:00.461,0,0,0,0,0
21:45:00.461,1,0,0,0,0
21:45:00.706,1,0,0,0,0
21:45:00.706,1,1,0,0,0
21:45:01.298,1,1,0,0,0
21:45:01.298,1,0,0,0,0
21:45:01.914,1,0,0,0,0
21:45:01.914,1,1,0,0,0
21:45:02.264,1,1,0,0,0
21:45:02.264,0,1,0,0,0
21:45:02.522,0,1,0,0,0
21:45:02.522,0,0,0,0,0
21:45:03.131,0,0,0,0,0
21:45:03.131,0,1,0,0,0
21:45:03.739,0,1,0,0,0
21:45:03.739,0,0,0,0,0
21:45:04.068,0,0,0,0,0
21:45:04.068,1,0,0,0,0
21:45:04.333,1,0,0,0,0
21:45:04.333,1,1,0,0,0
21:45:04.947,1,1,0,0,0
21:45:04.947,1,0,0,0,0
21:45:05.552,1,0,0,0,0
21:45:05.552,1,1,0,0,0
21:45:05.918,1,1,0,0,0
21:45:05.918,0,1,0,0,0
21:45:06.158,0,1,0,0,0
21:45:06.158,0,0,0,0,0
21:45:06.763,0,0,0,0,0
21:45:06.763,0,1,0,0,0
21:45:07.365,0,1,0,0,0
21:45:07.365,0,0,0,0,0
21:45:07.718,0,0,0,0,0
21:45:07.718,1,0,0,0,0
21:45:07.972,1,0,0,0,0
21:45:07.972,1,1,0,0,0
21:45:08.578,1,1,0,0,0
21:45:08.578,1,0,0,0,0
21:45:09.180,1,0,0,0,0
21:45:09.180,1,1,0,0,0
21:45:09.533,1,1,0,0,0
21:45:09.533,0,1,0,0,0
21:45:09.786,0,1,0,0,0
21:45:09.786,0,0,0,0,0
21:45:10.402,0,0,0,0,0
21:45:10.402,0,1,0,0,0
21:45:11.009,0,1,0,0,0
21:45:11.009,0,0,0,0,0
21:45:11.349,0,0,0,0,0
21:45:11.349,1,0,0,0,0
21:45:11.627,1,0,0,0,0
21:45:11.627,1,1,0,0,0
21:45:12.241,1,1,0,0,0
21:45:12.241,1,0,0,0,0
21:45:12.841,1,0,0,0,0
21:45:12.841,1,1,0,0,0
21:45:13.164,1,1,0,0,0
21:45:13.164,0,1,0,0,0
21:45:13.451,0,1,0,0,0
21:45:13.451,0,0,0,0,0
21:45:14.060,0,0,0,0,0
21:45:14.060,0,1,0,0,0
21:45:14.666,0,1,0,0,0
21:45:14.666,0,0,0,0,0
21:45:14.968,0,0,0,0,0
21:45:14.968,1,0,0,0,0
21:45:15.267,1,0,0,0,0
21:45:15.267,1,1,0,0,0
21:45:15.874,1,1,0,0,0
21:45:15.874,1,0,0,0,0
21:45:16.475,1,0,0,0,0
21:45:16.475,1,1,0,0,0
21:45:16.779,1,1,0,0,0
21:45:16.779,0,1,0,0,0
21:45:17.080,0,1,0,0,0
21:45:17.080,0,0,0,0,0
21:45:17.695,0,0,0,0,0
21:45:17.695,0,1,0,0,0
21:45:18.299,0,1,0,0,0
21:45:18.299,0,0,0,0,0
21:45:18.584,0,0,0,0,0
21:45:18.584,1,0,0,0,0
21:45:18.903,1,0,0,0,0
21:45:18.903,1,1,0,0,0
21:45:19.039,1,1,0,0,0
21:45:19.039,1,0,0,0,0
21:45:19.109,1,1,0,0,0
21:45:19.109,1,0,0,0,0
21:45:20.383,1,0,0,0,0
21:45:20.383,0,0,0,0,0
21:45:22.190,0,0,0,0,0
21:45:22.190,1,0,0,0,0
21:45:23.993,1,0,0,0,0
21:45:23.993,0,0,0,0,0
21:45:25.301,1,0,0,0,0
21:45:25.301,0,0,0,0,0
21:45:25.376,1,0,0,0,0
21:45:25.376,0,0,0,0,0
21:50:33.929,0,0,0,0,0
21:50:33.929,1,0,0,0,0
21:50:34.021,1,0,0,0,0
21:50:34.021,0,0,0,0,0
21:50:35.831,0,0,0,0,0
21:50:35.831,1,0,0,0,0
21:50:37.640,1,0,0,0,0
21:50:37.640,0,0,0,0,0
21:50:39.445,0,0,0,0,0
21:50:39.445,1,0,0,0,0
21:50:41.245,1,0,0,0,0
21:50:41.245,0,0,0,0,0
21:50:43.048,0,0,0,0,0
21:50:43.048,1,0,0,0,0
21:50:44.857,1,0,0,0,0
21:50:44.857,0,0,0,0,0
21:50:46.665,0,0,0,0,0
21:50:46.665,1,0,0,0,0
21:50:48.471,1,0,0,0,0
21:50:48.471,0,0,0,0,0
21:50:50.267,0,0,0,0,0
21:50:50.267,1,0,0,0,0
21:50:52.083,1,0,0,0,0
21:50:52.083,0,0,0,0,0
21:50:53.892,0,0,0,0,0
21:50:53.892,1,0,0,0,0
21:50:55.704,1,0,0,0,0
21:50:55.704,0,0,0,0,0
21:50:57.506,0,0,0,0,0
21:50:57.506,1,0,0,0,0
21:50:59.311,1,0,0,0,0
21:50:59.311,0,0,0,0,0
21:51:01.117,0,0,0,0,0
21:51:01.117,1,0,0,0,0
21:51:02.915,1,0,0,0,0
21:51:02.915,0,0,0,0,0
21:51:04.749,0,0,0,0,0
21:51:04.749,1,0,0,0,0
21:51:06.563,1,0,0,0,0
21:51:06.563,0,0,0,0,0
21:51:08.373,0,0,0,0,0
21:51:08.373,1,0,0,0,0
21:51:10.178,1,0,0,0,0
21:51:10.178,0,0,0,0,0
21:51:11.993,0,0,0,0,0
21:51:11.993,1,0,0,0,0
21:51:13.796,1,0,0,0,0
21:51:13.796,0,0,0,0,0
21:51:15.593,0,0,0,0,0
21:51:15.593,1,0,0,0,0
21:51:17.407,1,0,0,0,0
21:51:17.407,0,0,0,0,0
21:51:19.216,0,0,0,0,0
21:51:19.216,1,0,0,0,0
21:51:21.025,1,0,0,0,0
21:51:21.025,0,0,0,0,0
21:51:22.835,0,0,0,0,0
21:51:22.835,1,0,0,0,0
21:51:24.642,1,0,0,0,0
21:51:24.642,0,0,0,0,0
21:51:26.443,0,0,0,0,0
21:51:26.443,1,0,0,0,0
21:51:28.247,1,0,0,0,0
21:51:28.247,0,0,0,0,0
21:51:30.051,0,0,0,0,0
21:51:30.051,1,0,0,0,0
21:51:31.856,1,0,0,0,0
21:51:31.856,0,0,0,0,0
21:51:33.661,0,0,0,0,0
21:51:33.661,1,0,0,0,0
21:51:35.471,1,0,0,0,0
21:51:35.471,0,0,0,0,0
21:51:37.282,0,0,0,0,0
21:51:37.282,1,0,0,0,0
21:51:39.094,1,0,0,0,0
21:51:39.094,0,0,0,0,0
21:51:40.906,0,0,0,0,0
21:51:40.906,1,0,0,0,0
21:51:42.715,1,0,0,0,0
21:51:42.715,0,0,0,0,0
21:51:44.522,0,0,0,0,0
21:51:44.522,1,0,0,0,0
21:51:46.336,1,0,0,0,0
21:51:46.336,0,0,0,0,0
21:51:48.142,0,0,0,0,0
21:51:48.142,1,0,0,0,0
21:51:49.955,1,0,0,0,0
21:51:49.955,0,0,0,0,0
21:51:51.762,0,0,0,0,0
21:51:51.762,1,0,0,0,0
21:51:53.592,1,0,0,0,0
21:51:53.592,0,0,0,0,0
21:51:55.403,0,0,0,0,0
21:51:55.403,1,0,0,0,0
21:51:57.196,1,0,0,0,0
21:51:57.196,0,0,0,0,0
21:51:59.012,0,0,0,0,0
21:51:59.012,1,0,0,0,0
21:52:00.819,1,0,0,0,0
21:52:00.819,0,0,0,0,0
21:52:02.626,0,0,0,0,0
21:52:02.626,1,0,0,0,0
21:52:04.423,1,0,0,0,0
21:52:04.423,0,0,0,0,0
21:52:06.259,0,0,0,0,0
21:52:06.259,1,0,0,0,0
21:52:08.076,1,0,0,0,0
21:52:08.076,0,0,0,0,0
21:52:09.880,0,0,0,0,0
21:52:09.880,1,0,0,0,0
21:52:11.682,1,0,0,0,0
21:52:11.682,0,0,0,0,0
21:52:13.490,0,0,0,0,0
21:52:13.490,1,0,0,0,0
21:52:15.313,1,0,0,0,0
21:52:15.313,0,0,0,0,0
21:52:17.124,0,0,0,0,0
21:52:17.124,1,0,0,0,0
21:52:18.931,1,0,0,0,0
21:52:18.931,0,0,0,0,0
21:52:20.744,0,0,0,0,0
21:52:20.744,1,0,0,0,0
21:52:22.545,1,0,0,0,0
21:52:22.545,0,0,0,0,0
21:52:24.353,0,0,0,0,0
21:52:24.353,1,0,0,0,0
21:52:26.163,1,0,0,0,0
21:52:26.163,0,0,0,0,0
21:52:27.967,0,0,0,0,0
21:52:27.967,1,0,0,0,0
21:52:29.775,1,0,0,0,0
21:52:29.775,0,0,0,0,0
21:52:31.582,0,0,0,0,0
21:52:31.582,1,0,0,0,0
21:52:33.386,1,0,0,0,0
21:52:33.386,0,0,0,0,0
21:52:35.197,0,0,0,0,0
21:52:35.197,1,0,0,0,0
21:52:37.007,1,0,0,0,0
21:52:37.007,0,0,0,0,0
21:52:38.125,1,0,0,0,0
21:52:38.125,0,0,0,0,0
21:52:38.189,1,0,0,0,0
21:52:38.189,0,0,0,0,0
21:56:03.756,1,0,0,0,0
21:56:03.756,0,0,0,0,0
21:56:47.120,0,0,0,0,0
21:56:47.120,1,0,0,0,0
21:56:47.131,1,0,0,0,0
21:56:47.131,0,0,0,0,0
21:56:47.447,0,0,0,0,0
21:56:47.447,1,0,0,0,0
21:56:47.748,1,0,0,0,0
21:56:47.748,0,0,0,0,0
21:56:48.050,0,0,0,0,0
21:56:48.050,1,0,0,0,0
21:56:48.353,1,0,0,0,0
21:56:48.353,0,0,0,0,0
21:56:48.655,0,0,0,0,0
21:56:48.655,1,0,0,0,0
21:56:48.959,1,0,0,0,0
21:56:48.959,0,0,0,0,0
21:56:49.261,0,0,0,0,0
21:56:49.261,1,0,0,0,0
21:56:49.562,1,0,0,0,0
21:56:49.562,0,0,0,0,0
21:56:49.863,0,0,0,0,0
21:56:49.863,1,0,0,0,0
21:56:50.165,1,0,0,0,0
21:56:50.165,0,0,0,0,0
21:56:50.482,0,0,0,0,0
21:56:50.482,1,0,0,0,0
21:56:50.799,1,0,0,0,0
21:56:50.799,0,0,0,0,0
21:56:51.099,0,0,0,0,0
21:56:51.099,1,0,0,0,0
21:56:51.400,1,0,0,0,0
21:56:51.400,0,0,0,0,0
21:56:51.724,0,0,0,0,0
21:56:51.724,1,0,0,0,0
21:56:52.035,1,0,0,0,0
21:56:52.035,0,0,0,0,0
21:56:52.335,0,0,0,0,0
21:56:52.335,1,0,0,0,0
21:56:52.637,1,0,0,0,0
21:56:52.637,0,0,0,0,0
21:56:52.956,0,0,0,0,0
21:56:52.956,1,0,0,0,0
21:56:53.271,1,0,0,0,0
21:56:53.271,0,0,0,0,0
21:56:53.574,0,0,0,0,0
21:56:53.574,1,0,0,0,0
21:56:53.877,1,0,0,0,0
21:56:53.877,0,0,0,0,0
21:56:54.185,0,0,0,0,0
21:56:54.185,1,0,0,0,0
21:56:54.495,1,0,0,0,0
21:56:54.495,0,0,0,0,0
21:56:54.796,0,0,0,0,0
21:56:54.796,1,0,0,0,0
21:56:55.097,1,0,0,0,0
21:56:55.097,0,0,0,0,0
21:56:55.397,0,0,0,0,0
21:56:55.397,1,0,0,0,0
21:56:55.698,1,0,0,0,0
21:56:55.698,0,0,0,0,0
21:56:55.998,0,0,0,0,0
21:56:55.998,1,0,0,0,0
21:56:56.300,1,0,0,0,0
21:56:56.300,0,0,0,0,0
21:56:56.615,0,0,0,0,0
21:56:56.615,1,0,0,0,0
21:56:56.917,1,0,0,0,0
21:56:56.917,0,0,0,0,0
21:56:57.234,0,0,0,0,0
21:56:57.234,1,0,0,0,0
21:56:57.541,1,0,0,0,0
21:56:57.541,0,0,0,0,0
21:56:57.851,0,0,0,0,0
21:56:57.851,1,0,0,0,0
21:56:58.153,1,0,0,0,0
21:56:58.153,0,0,0,0,0
21:56:58.455,0,0,0,0,0
21:56:58.455,1,0,0,0,0
21:56:58.793,1,0,0,0,0
21:56:58.793,0,0,0,0,0
21:56:59.104,0,0,0,0,0
21:56:59.104,1,0,0,0,0
21:56:59.404,1,0,0,0,0
21:56:59.404,0,0,0,0,0
21:56:59.705,0,0,0,0,0
21:56:59.705,1,0,0,0,0
21:57:00.022,1,0,0,0,0
21:57:00.022,0,0,0,0,0
21:57:00.318,0,0,0,0,0
21:57:00.318,1,0,0,0,0
21:57:00.625,1,0,0,0,0
21:57:00.625,0,0,0,0,0
21:57:00.924,0,0,0,0,0
21:57:00.924,1,0,0,0,0
21:57:01.243,1,0,0,0,0
21:57:01.243,0,0,0,0,0
21:57:01.558,0,0,0,0,0
21:57:01.558,1,0,0,0,0
21:57:01.858,1,0,0,0,0
21:57:01.858,0,0,0,0,0
21:57:02.159,0,0,0,0,0
21:57:02.159,1,0,0,0,0
21:57:02.482,1,0,0,0,0
21:57:02.482,0,0,0,0,0
21:57:02.794,0,0,0,0,0
21:57:02.794,1,0,0,0,0
21:57:03.095,1,0,0,0,0
21:57:03.095,0,0,0,0,0
21:57:03.396,0,0,0,0,0
21:57:03.396,1,0,0,0,0
21:57:03.717,1,0,0,0,0
21:57:03.717,0,0,0,0,0
21:57:04.029,0,0,0,0,0
21:57:04.029,1,0,0,0,0
21:57:04.330,1,0,0,0,0
21:57:04.330,0,0,0,0,0
21:57:04.631,0,0,0,0,0
21:57:04.631,1,0,0,0,0
21:57:04.957,1,0,0,0,0
21:57:04.957,0,0,0,0,0
21:57:05.266,0,0,0,0,0
21:57:05.266,1,0,0,0,0
21:57:05.569,1,0,0,0,0
21:57:05.569,0,0,0,0,0
21:57:05.870,0,0,0,0,0
21:57:05.870,1,0,0,0,0
21:57:06.195,1,0,0,0,0
21:57:06.195,0,0,0,0,0
21:57:06.502,0,0,0,0,0
21:57:06.502,1,0,0,0,0
21:57:06.806,1,0,0,0,0
21:57:06.806,0,0,0,0,0
21:57:07.108,0,0,0,0,0
21:57:07.108,1,0,0,0,0
21:57:07.437,1,0,0,0,0
21:57:07.437,0,0,0,0,0
21:57:07.742,0,0,0,0,0
21:57:07.742,1,0,0,0,0
21:57:08.044,1,0,0,0,0
21:57:08.044,0,0,0,0,0
21:57:08.346,0,0,0,0,0
21:57:08.346,1,0,0,0,0
21:57:08.677,1,0,0,0,0
21:57:08.677,0,0,0,0,0
21:57:08.992,0,0,0,0,0
21:57:08.992,1,0,0,0,0
21:57:09.292,1,0,0,0,0
21:57:09.292,0,0,0,0,0
21:57:09.593,0,0,0,0,0
21:57:09.593,1,0,0,0,0
21:57:09.914,1,0,0,0,0
21:57:09.914,0,0,0,0,0
21:57:10.229,0,0,0,0,0
21:57:10.229,1,0,0,0,0
21:57:10.531,1,0,0,0,0
21:57:10.531,0,0,0,0,0
21:57:10.831,0,0,0,0,0
21:57:10.831,1,0,0,0,0
21:57:11.147,1,0,0,0,0
21:57:11.147,0,0,0,0,0
21:57:11.466,0,0,0,0,0
21:57:11.466,1,0,0,0,0
21:57:11.767,1,0,0,0,0
21:57:11.767,0,0,0,0,0
21:57:12.067,0,0,0,0,0
21:57:12.067,1,0,0,0,0
21:57:12.386,1,0,0,0,0
21:57:12.386,0,0,0,0,0
21:57:12.705,0,0,0,0,0
21:57:12.705,1,0,0,0,0
21:57:13.007,1,0,0,0,0
21:57:13.007,0,0,0,0,0
21:57:13.321,0,0,0,0,0
21:57:13.321,1,0,0,0,0
21:57:13.629,1,0,0,0,0
21:57:13.629,0,0,0,0,0
21:57:13.935,0,0,0,0,0
21:57:13.935,1,0,0,0,0
21:57:14.236,1,0,0,0,0
21:57:14.236,0,0,0,0,0
21:57:14.541,0,0,0,0,0
21:57:14.541,1,0,0,0,0
21:57:14.852,1,0,0,0,0
21:57:14.852,0,0,0,0,0
21:57:15.165,0,0,0,0,0
21:57:15.165,1,0,0,0,0
21:57:15.467,1,0,0,0,0
21:57:15.467,0,0,0,0,0
21:57:15.767,0,0,0,0,0
21:57:15.767,1,0,0,0,0
21:57:16.090,1,0,0,0,0
21:57:16.090,0,0,0,0,0
21:57:16.400,0,0,0,0,0
21:57:16.400,1,0,0,0,0
21:57:16.703,1,0,0,0,0
21:57:16.703,0,0,0,0,0
21:57:17.004,0,0,0,0,0
21:57:17.004,1,0,0,0,0
21:57:17.325,1,0,0,0,0
21:57:17.325,0,0,0,0,0
21:57:17.637,0,0,0,0,0
21:57:17.637,1,0,0,0,0
21:57:17.936,1,0,0,0,0
21:57:17.936,0,0,0,0,0
21:57:18.251,0,0,0,0,0
21:57:18.251,1,0,0,0,0
21:57:18.552,1,0,0,0,0
21:57:18.552,0,0,0,0,0
21:57:18.851,0,0,0,0,0
21:57:18.851,1,0,0,0,0
21:57:19.156,1,0,0,0,0
21:57:19.156,0,0,0,0,0
21:57:19.462,0,0,0,0,0
21:57:19.462,1,0,0,0,0
21:57:19.791,1,0,0,0,0
21:57:19.791,0,0,0,0,0
21:57:20.104,0,0,0,0,0
21:57:20.104,1,0,0,0,0
21:57:20.405,1,0,0,0,0
21:57:20.405,0,0,0,0,0
21:57:20.706,0,0,0,0,0
21:57:20.706,1,0,0,0,0
21:57:21.007,1,0,0,0,0
21:57:21.007,0,0,0,0,0
21:57:21.308,0,0,0,0,0
21:57:21.308,1,0,0,0,0
21:57:21.609,1,0,0,0,0
21:57:21.609,0,0,0,0,0
21:57:21.910,0,0,0,0,0
21:57:21.910,1,0,0,0,0
21:57:22.212,1,0,0,0,0
21:57:22.212,0,0,0,0,0
21:57:22.514,0,0,0,0,0
21:57:22.514,1,0,0,0,0
21:57:22.813,1,0,0,0,0
21:57:22.813,0,0,0,0,0
21:57:23.162,0,0,0,0,0
21:57:23.162,1,0,0,0,0
21:57:23.476,1,0,0,0,0
21:57:23.476,0,0,0,0,0
21:57:23.777,0,0,0,0,0
21:57:23.777,1,0,0,0,0
21:57:24.080,1,0,0,0,0
21:57:24.080,0,0,0,0,0
21:57:24.383,0,0,0,0,0
21:57:24.383,1,0,0,0,0
21:57:24.699,1,0,0,0,0
21:57:24.699,0,0,0,0,0
21:57:24.999,0,0,0,0,0
21:57:24.999,1,0,0,0,0
21:57:25.301,1,0,0,0,0
21:57:25.301,0,0,0,0,0
21:57:25.624,0,0,0,0,0
21:57:25.624,1,0,0,0,0
21:57:25.933,1,0,0,0,0
21:57:25.933,0,0,0,0,0
21:57:26.234,0,0,0,0,0
21:57:26.234,1,0,0,0,0
21:57:26.535,1,0,0,0,0
21:57:26.535,0,0,0,0,0
21:57:26.849,0,0,0,0,0
21:57:26.849,1,0,0,0,0
21:57:27.153,1,0,0,0,0
21:57:27.153,0,0,0,0,0
21:57:27.452,0,0,0,0,0
21:57:27.452,1,0,0,0,0
21:57:27.768,1,0,0,0,0
21:57:27.768,0,0,0,0,0
21:57:28.082,0,0,0,0,0
21:57:28.082,1,0,0,0,0
21:57:28.386,1,0,0,0,0
21:57:28.386,0,0,0,0,0
21:57:28.688,0,0,0,0,0
21:57:28.688,1,0,0,0,0
21:57:28.989,1,0,0,0,0
21:57:28.989,0,0,0,0,0
21:57:29.290,0,0,0,0,0
21:57:29.290,1,0,0,0,0
21:57:29.591,1,0,0,0,0
21:57:29.591,0,0,0,0,0
21:57:29.891,0,0,0,0,0
21:57:29.891,1,0,0,0,0
21:57:30.193,1,0,0,0,0
21:57:30.193,0,0,0,0,0
21:57:30.493,0,0,0,0,0
21:57:30.493,1,0,0,0,0
21:57:30.794,1,0,0,0,0
21:57:30.794,0,0,0,0,0
21:57:31.095,0,0,0,0,0
21:57:31.095,1,0,0,0,0
21:57:31.428,1,0,0,0,0
21:57:31.428,0,0,0,0,0
21:57:31.745,0,0,0,0,0
21:57:31.745,1,0,0,0,0
21:57:32.045,1,0,0,0,0
21:57:32.045,0,0,0,0,0
21:57:32.346,0,0,0,0,0
21:57:32.346,1,0,0,0,0
21:57:32.685,1,0,0,0,0
21:57:32.685,0,0,0,0,0
21:57:32.997,0,0,0,0,0
21:57:32.997,1,0,0,0,0
21:57:33.301,1,0,0,0,0
21:57:33.301,0,0,0,0,0
21:57:33.602,0,0,0,0,0
21:57:33.602,1,0,0,0,0
21:57:33.903,1,0,0,0,0
21:57:33.903,0,0,0,0,0
21:57:34.217,0,0,0,0,0
21:57:34.217,1,0,0,0,0
21:57:34.532,1,0,0,0,0
21:57:34.532,0,0,0,0,0
21:57:34.833,0,0,0,0,0
21:57:34.833,1,0,0,0,0
21:57:35.122,1,0,0,0,0
21:57:35.122,0,0,0,0,0
21:57:35.438,0,0,0,0,0
21:57:35.438,1,0,0,0,0
21:57:35.739,1,0,0,0,0
21:57:35.739,0,0,0,0,0
21:57:36.040,0,0,0,0,0
21:57:36.040,1,0,0,0,0
21:57:36.341,1,0,0,0,0
21:57:36.341,0,0,0,0,0
21:57:36.643,0,0,0,0,0
21:57:36.643,1,0,0,0,0
21:57:36.945,1,0,0,0,0
21:57:36.945,0,0,0,0,0
21:57:37.252,0,0,0,0,0
21:57:37.252,1,0,0,0,0
21:57:37.565,1,0,0,0,0
21:57:37.565,0,0,0,0,0
21:57:37.867,0,0,0,0,0
21:57:37.867,1,0,0,0,0
21:57:38.169,1,0,0,0,0
21:57:38.169,0,0,0,0,0
21:57:38.471,0,0,0,0,0
21:57:38.471,1,0,0,0,0
21:57:38.786,1,0,0,0,0
21:57:38.786,0,0,0,0,0
21:57:39.088,0,0,0,0,0
21:57:39.088,1,0,0,0,0
21:57:39.390,1,0,0,0,0
21:57:39.390,0,0,0,0,0
21:57:39.691,0,0,0,0,0
21:57:39.691,1,0,0,0,0
21:57:39.994,1,0,0,0,0
21:57:39.994,0,0,0,0,0
21:57:40.307,0,0,0,0,0
21:57:40.307,1,0,0,0,0
21:57:40.608,1,0,0,0,0
21:57:40.608,0,0,0,0,0
21:57:40.940,0,0,0,0,0
21:57:40.940,1,0,0,0,0
21:57:41.245,1,0,0,0,0
21:57:41.245,0,0,0,0,0
21:57:41.545,0,0,0,0,0
21:57:41.545,1,0,0,0,0
21:57:41.845,1,0,0,0,0
21:57:41.845,0,0,0,0,0
21:57:42.165,0,0,0,0,0
21:57:42.165,1,0,0,0,0
21:57:42.477,1,0,0,0,0
21:57:42.477,0,0,0,0,0
21:57:42.779,0,0,0,0,0
21:57:42.779,1,0,0,0,0
21:57:43.080,1,0,0,0,0
21:57:43.080,0,0,0,0,0
21:57:43.401,0,0,0,0,0
21:57:43.401,1,0,0,0,0
21:57:43.718,1,0,0,0,0
21:57:43.718,0,0,0,0,0
21:57:44.018,0,0,0,0,0
21:57:44.018,1,0,0,0,0
21:57:44.317,1,0,0,0,0
21:57:44.317,0,0,0,0,0
21:57:44.640,0,0,0,0,0
21:57:44.640,1,0,0,0,0
21:57:44.954,1,0,0,0,0
21:57:44.954,0,0,0,0,0
21:57:45.254,0,0,0,0,0
21:57:45.254,1,0,0,0,0
21:57:45.570,1,0,0,0,0
21:57:45.570,0,0,0,0,0
21:57:45.880,0,0,0,0,0
21:57:45.880,1,0,0,0,0
21:57:46.186,1,0,0,0,0
21:57:46.186,0,0,0,0,0
21:57:46.487,0,0,0,0,0
21:57:46.487,1,0,0,0,0
21:57:46.787,1,0,0,0,0
21:57:46.787,0,0,0,0,0
21:57:47.095,0,0,0,0,0
21:57:47.095,1,0,0,0,0
21:57:47.406,1,0,0,0,0
21:57:47.406,0,0,0,0,0
21:57:47.709,0,0,0,0,0
21:57:47.709,1,0,0,0,0
21:57:48.009,1,0,0,0,0
21:57:48.009,0,0,0,0,0
21:57:48.313,0,0,0,0,0
21:57:48.313,1,0,0,0,0
21:57:48.612,1,0,0,0,0
21:57:48.612,0,0,0,0,0
21:57:48.929,0,0,0,0,0
21:57:48.929,1,0,0,0,0
21:57:49.231,1,0,0,0,0
21:57:49.231,0,0,0,0,0
21:57:49.532,0,0,0,0,0
21:57:49.532,1,0,0,0,0
21:57:49.834,1,0,0,0,0
21:57:49.834,0,0,0,0,0
21:57:50.136,0,0,0,0,0
21:57:50.136,1,0,0,0,0
21:57:50.437,1,0,0,0,0
21:57:50.437,0,0,0,0,0
21:57:50.737,0,0,0,0,0
21:57:50.737,1,0,0,0,0
21:57:51.036,1,0,0,0,0
21:57:51.036,0,0,0,0,0
21:57:51.337,0,0,0,0,0
21:57:51.337,1,0,0,0,0
21:57:51.651,1,0,0,0,0
21:57:51.651,0,0,0,0,0
21:57:51.956,0,0,0,0,0
21:57:51.956,1,0,0,0,0
21:57:52.259,1,0,0,0,0
21:57:52.259,0,0,0,0,0
21:57:52.561,0,0,0,0,0
21:57:52.561,1,0,0,0,0
21:57:52.909,1,0,0,0,0
21:57:52.909,0,0,0,0,0
21:57:53.211,0,0,0,0,0
21:57:53.211,1,0,0,0,0
21:57:53.526,1,0,0,0,0
21:57:53.526,0,0,0,0,0
21:57:53.827,0,0,0,0,0
21:57:53.827,1,0,0,0,0
21:57:54.144,1,0,0,0,0
21:57:54.144,0,0,0,0,0
21:57:54.461,0,0,0,0,0
21:57:54.461,1,0,0,0,0
21:57:54.763,1,0,0,0,0
21:57:54.763,0,0,0,0,0
21:57:55.065,0,0,0,0,0
21:57:55.065,1,0,0,0,0
21:57:55.409,1,0,0,0,0
21:57:55.409,0,0,0,0,0
21:57:55.715,0,0,0,0,0
21:57:55.715,1,0,0,0,0
21:57:56.017,1,0,0,0,0
21:57:56.017,0,0,0,0,0
21:57:56.319,0,0,0,0,0
21:57:56.319,1,0,0,0,0
21:57:56.685,1,0,0,0,0
21:57:56.685,0,0,0,0,0
21:57:56.998,0,0,0,0,0
21:57:56.998,1,0,0,0,0
21:57:57.300,1,0,0,0,0
21:57:57.300,0,0,0,0,0
21:57:57.603,0,0,0,0,0
21:57:57.603,1,0,0,0,0
21:57:57.966,1,0,0,0,0
21:57:57.966,0,0,0,0,0
21:57:58.269,0,0,0,0,0
21:57:58.269,1,0,0,0,0
21:57:58.570,1,0,0,0,0
21:57:58.570,0,0,0,0,0
21:57:58.871,0,0,0,0,0
21:57:58.871,1,0,0,0,0
21:57:59.205,1,0,0,0,0
21:57:59.205,0,0,0,0,0
21:57:59.587,0,0,0,0,0
21:57:59.587,1,0,0,0,0
21:57:59.902,1,0,0,0,0
21:57:59.902,0,0,0,0,0
21:58:00.204,0,0,0,0,0
21:58:00.204,1,0,0,0,0
21:58:00.504,1,0,0,0,0
21:58:00.504,0,0,0,0,0
21:58:00.805,0,0,0,0,0
21:58:00.805,1,0,0,0,0
21:58:01.190,1,0,0,0,0
21:58:01.190,0,0,0,0,0
21:58:02.081,0,0,0,0,0
21:58:02.081,1,0,0,0,0
21:58:05.091,1,0,0,0,0
21:58:05.091,0,0,0,0,0
21:58:08.097,0,0,0,0,0
21:58:08.097,1,0,0,0,0
21:58:11.098,1,0,0,0,0
21:58:11.098,0,0,0,0,0
21:58:14.099,0,0,0,0,0
21:58:14.099,1,0,0,0,0
21:58:17.115,1,0,0,0,0
21:58:17.115,0,0,0,0,0
21:58:20.129,0,0,0,0,0
21:58:20.129,1,0,0,0,0
21:58:23.139,1,0,0,0,0
21:58:23.139,0,0,0,0,0
21:58:26.155,0,0,0,0,0
21:58:26.155,1,0,0,0,0
21:58:29.161,1,0,0,0,0
21:58:29.161,0,0,0,0,0
21:58:32.164,0,0,0,0,0
21:58:32.164,1,0,0,0,0
21:58:33.254,1,0,0,0,0
21:58:33.254,0,0,0,0,0
21:58:46.720,1,0,0,0,0
21:58:46.720,0,0,0,0,0
21:58:46.724,1,0,0,0,0
21:58:46.724,0,0,0,0,0
22:04:30.926,1,0,0,0,0
22:04:30.926,0,0,0,0,0
22:05:07.569,0,0,0,0,0
22:05:07.569,1,0,0,0,0
22:05:07.638,1,0,0,0,0
22:05:07.638,0,0,0,0,0
22:05:10.649,0,0,0,0,0
22:05:10.649,1,0,0,0,0
22:05:13.655,1,0,0,0,0
22:05:13.655,0,0,0,0,0
22:05:16.662,0,0,0,0,0
22:05:16.662,1,0,0,0,0
22:05:19.667,1,0,0,0,0
22:05:19.667,0,0,0,0,0
22:05:22.681,0,0,0,0,0
22:05:22.681,1,0,0,0,0
22:05:25.680,1,0,0,0,0
22:05:25.680,0,0,0,0,0
22:05:28.685,0,0,0,0,0
22:05:28.685,1,0,0,0,0
22:05:31.695,1,0,0,0,0
22:05:31.695,0,0,0,0,0
22:05:34.701,0,0,0,0,0
22:05:34.701,1,0,0,0,0
22:05:37.763,1,0,0,0,0
22:05:37.763,0,0,0,0,0
22:05:40.766,0,0,0,0,0
22:05:40.766,1,0,0,0,0
22:05:43.777,1,0,0,0,0
22:05:43.777,0,0,0,0,0
22:05:46.783,0,0,0,0,0
22:05:46.783,1,0,0,0,0
22:05:49.792,1,0,0,0,0
22:05:49.792,0,0,0,0,0
22:05:52.827,0,0,0,0,0
22:05:52.827,1,0,0,0,0
22:05:55.832,1,0,0,0,0
22:05:55.832,0,0,0,0,0
22:05:58.888,0,0,0,0,0
22:05:58.888,1,0,0,0,0
22:06:01.888,1,0,0,0,0
22:06:01.888,0,0,0,0,0
22:06:04.890,0,0,0,0,0
22:06:04.890,1,0,0,0,0
22:06:07.896,1,0,0,0,0
22:06:07.896,0,0,0,0,0
22:06:10.898,0,0,0,0,0
22:06:10.898,1,0,0,0,0
22:06:13.911,1,0,0,0,0
22:06:13.911,0,0,0,0,0
22:06:16.911,0,0,0,0,0
22:06:16.911,1,0,0,0,0
22:06:19.964,1,0,0,0,0
22:06:19.964,0,0,0,0,0
22:06:22.972,0,0,0,0,0
22:06:22.972,1,0,0,0,0
22:06:26.010,1,0,0,0,0
22:06:26.010,0,0,0,0,0
22:06:29.026,0,0,0,0,0
22:06:29.026,1,0,0,0,0
22:06:32.035,1,0,0,0,0
22:06:32.035,0,0,0,0,0
22:06:35.105,0,0,0,0,0
22:06:35.105,1,0,0,0,0
22:06:38.107,1,0,0,0,0
22:06:38.107,0,0,0,0,0
22:06:41.171,0,0,0,0,0
22:06:41.171,1,0,0,0,0
22:06:44.184,1,0,0,0,0
22:06:44.184,0,0,0,0,0
22:06:47.234,0,0,0,0,0
22:06:47.234,1,0,0,0,0
22:06:50.240,1,0,0,0,0
22:06:50.240,0,0,0,0,0
22:06:53.254,0,0,0,0,0
22:06:53.254,1,0,0,0,0
22:06:56.262,1,0,0,0,0
22:06:56.262,0,0,0,0,0
22:06:59.273,0,0,0,0,0
22:06:59.273,1,0,0,0,0
22:07:02.316,1,0,0,0,0
22:07:02.316,0,0,0,0,0
22:07:05.324,0,0,0,0,0
22:07:05.324,1,0,0,0,0
22:07:08.334,1,0,0,0,0
22:07:08.334,0,0,0,0,0
22:07:11.347,0,0,0,0,0
22:07:11.347,1,0,0,0,0
22:07:14.357,1,0,0,0,0
22:07:14.357,0,0,0,0,0
22:07:17.365,0,0,0,0,0
22:07:17.365,1,0,0,0,0
22:07:20.369,1,0,0,0,0
22:07:20.369,0,0,0,0,0
22:07:23.376,0,0,0,0,0
22:07:23.376,1,0,0,0,0
22:07:26.389,1,0,0,0,0
22:07:26.389,0,0,0,0,0
22:07:29.402,0,0,0,0,0
22:07:29.402,1,0,0,0,0
22:07:32.414,1,0,0,0,0
22:07:32.414,0,0,0,0,0
22:07:35.426,0,0,0,0,0
22:07:35.426,1,0,0,0,0
22:07:38.430,1,0,0,0,0
22:07:38.430,0,0,0,0,0
22:07:41.434,0,0,0,0,0
22:07:41.434,1,0,0,0,0
22:07:44.443,1,0,0,0,0
22:07:44.443,0,0,0,0,0
22:07:47.503,0,0,0,0,0
22:07:47.503,1,0,0,0,0
22:07:50.505,1,0,0,0,0
22:07:50.505,0,0,0,0,0
22:07:53.515,0,0,0,0,0
22:07:53.515,1,0,0,0,0
22:07:56.516,1,0,0,0,0
22:07:56.516,0,0,0,0,0
22:07:59.531,0,0,0,0,0
22:07:59.531,1,0,0,0,0
22:08:02.543,1,0,0,0,0
22:08:02.543,0,0,0,0,0
22:08:05.549,0,0,0,0,0
22:08:05.549,1,0,0,0,0
22:08:08.556,1,0,0,0,0
22:08:08.556,0,0,0,0,0
22:08:11.551,0,0,0,0,0
22:08:11.551,1,0,0,0,0
22:08:14.566,1,0,0,0,0
22:08:14.566,0,0,0,0,0
22:08:17.567,0,0,0,0,0
22:08:17.567,1,0,0,0,0
22:08:20.114,1,0,0,0,0
22:08:20.114,0,0,0,0,0
22:08:20.418,0,0,0,0,0
22:08:20.418,1,0,0,0,0
22:08:20.716,1,0,0,0,0
22:08:20.716,0,0,0,0,0
22:08:21.022,0,0,0,0,0
22:08:21.022,1,0,0,0,0
22:08:21.313,1,0,0,0,0
22:08:21.313,0,0,0,0,0
22:08:21.576,0,0,0,0,0
22:08:21.576,1,0,0,0,0
22:08:21.878,1,0,0,0,0
22:08:21.878,0,0,0,0,0
22:08:22.180,0,0,0,0,0
22:08:22.180,1,0,0,0,0
22:08:22.480,1,0,0,0,0
22:08:22.480,0,0,0,0,0
22:08:22.781,0,0,0,0,0
22:08:22.781,1,0,0,0,0
22:08:23.082,1,0,0,0,0
22:08:23.082,0,0,0,0,0
22:08:23.384,0,0,0,0,0
22:08:23.384,1,0,0,0,0
22:08:23.684,1,0,0,0,0
22:08:23.684,0,0,0,0,0
22:08:24.008,0,0,0,0,0
22:08:24.008,1,0,0,0,0
22:08:24.316,1,0,0,0,0
22:08:24.316,0,0,0,0,0
22:08:24.630,0,0,0,0,0
22:08:24.630,1,0,0,0,0
22:08:24.932,1,0,0,0,0
22:08:24.932,0,0,0,0,0
22:08:25.248,0,0,0,0,0
22:08:25.248,1,0,0,0,0
22:08:25.553,1,0,0,0,0
22:08:25.553,0,0,0,0,0
22:08:25.855,0,0,0,0,0
22:08:25.855,1,0,0,0,0
22:08:26.157,1,0,0,0,0
22:08:26.157,0,0,0,0,0
22:08:26.485,0,0,0,0,0
22:08:26.485,1,0,0,0,0
22:08:26.793,1,0,0,0,0
22:08:26.793,0,0,0,0,0
22:08:27.107,0,0,0,0,0
22:08:27.107,1,0,0,0,0
22:08:27.409,1,0,0,0,0
22:08:27.409,0,0,0,0,0
22:08:27.718,0,0,0,0,0
22:08:27.718,1,0,0,0,0
22:08:28.025,1,0,0,0,0
22:08:28.025,0,0,0,0,0
22:08:28.327,0,0,0,0,0
22:08:28.327,1,0,0,0,0
22:08:28.628,1,0,0,0,0
22:08:28.628,0,0,0,0,0
22:08:28.955,0,0,0,0,0
22:08:28.955,1,0,0,0,0
22:08:29.264,1,0,0,0,0
22:08:29.264,0,0,0,0,0
22:08:29.565,0,0,0,0,0
22:08:29.565,1,0,0,0,0
22:08:29.866,1,0,0,0,0
22:08:29.866,0,0,0,0,0
22:08:30.190,0,0,0,0,0
22:08:30.190,1,0,0,0,0
22:08:30.501,1,0,0,0,0
22:08:30.501,0,0,0,0,0
22:08:30.803,0,0,0,0,0
22:08:30.803,1,0,0,0,0
22:08:31.103,1,0,0,0,0
22:08:31.103,0,0,0,0,0
22:08:31.427,0,0,0,0,0
22:08:31.427,1,0,0,0,0
22:08:31.738,1,0,0,0,0
22:08:31.738,0,0,0,0,0
22:08:32.039,0,0,0,0,0
22:08:32.039,1,0,0,0,0
22:08:32.338,1,0,0,0,0
22:08:32.338,0,0,0,0,0
22:08:32.662,0,0,0,0,0
22:08:32.662,1,0,0,0,0
22:08:32.971,1,0,0,0,0
22:08:32.971,0,0,0,0,0
22:08:33.272,0,0,0,0,0
22:08:33.272,1,0,0,0,0
22:08:33.575,1,0,0,0,0
22:08:33.575,0,0,0,0,0
22:08:33.890,0,0,0,0,0
22:08:33.890,1,0,0,0,0
22:08:34.200,1,0,0,0,0
22:08:34.200,0,0,0,0,0
22:08:34.506,0,0,0,0,0
22:08:34.506,1,0,0,0,0
22:08:34.807,1,0,0,0,0
22:08:34.807,0,0,0,0,0
22:08:35.131,0,0,0,0,0
22:08:35.131,1,0,0,0,0
22:08:35.442,1,0,0,0,0
22:08:35.442,0,0,0,0,0
22:08:35.743,0,0,0,0,0
22:08:35.743,1,0,0,0,0
22:08:36.044,1,0,0,0,0
22:08:36.044,0,0,0,0,0
22:08:36.371,0,0,0,0,0
22:08:36.371,1,0,0,0,0
22:08:36.675,1,0,0,0,0
22:08:36.675,0,0,0,0,0
22:08:36.971,0,0,0,0,0
22:08:36.971,1,0,0,0,0
22:08:37.277,1,0,0,0,0
22:08:37.277,0,0,0,0,0
22:08:37.601,0,0,0,0,0
22:08:37.601,1,0,0,0,0
22:08:37.907,1,0,0,0,0
22:08:37.907,0,0,0,0,0
22:08:38.208,0,0,0,0,0
22:08:38.208,1,0,0,0,0
22:08:38.509,1,0,0,0,0
22:08:38.509,0,0,0,0,0
22:08:38.832,0,0,0,0,0
22:08:38.832,1,0,0,0,0
22:08:39.141,1,0,0,0,0
22:08:39.141,0,0,0,0,0
22:08:39.456,0,0,0,0,0
22:08:39.456,1,0,0,0,0
22:08:39.758,1,0,0,0,0
22:08:39.758,0,0,0,0,0
22:08:40.064,0,0,0,0,0
22:08:40.064,1,0,0,0,0
22:08:40.378,1,0,0,0,0
22:08:40.378,0,0,0,0,0
22:08:40.679,0,0,0,0,0
22:08:40.679,1,0,0,0,0
22:08:40.982,1,0,0,0,0
22:08:40.982,0,0,0,0,0
22:08:41.308,0,0,0,0,0
22:08:41.308,1,0,0,0,0
22:08:41.615,1,0,0,0,0
22:08:41.615,0,0,0,0,0
22:08:41.915,0,0,0,0,0
22:08:41.915,1,0,0,0,0
22:08:42.216,1,0,0,0,0
22:08:42.216,0,0,0,0,0
22:08:42.543,0,0,0,0,0
22:08:42.543,1,0,0,0,0
22:08:42.849,1,0,0,0,0
22:08:42.849,0,0,0,0,0
22:08:43.150,0,0,0,0,0
22:08:43.150,1,0,0,0,0
22:08:43.451,1,0,0,0,0
22:08:43.451,0,0,0,0,0
22:08:43.783,0,0,0,0,0
22:08:43.783,1,0,0,0,0
22:08:44.098,1,0,0,0,0
22:08:44.098,0,0,0,0,0
22:08:44.400,0,0,0,0,0
22:08:44.400,1,0,0,0,0
22:08:44.716,1,0,0,0,0
22:08:44.716,0,0,0,0,0
22:08:45.023,0,0,0,0,0
22:08:45.023,1,0,0,0,0
22:08:45.334,1,0,0,0,0
22:08:45.334,0,0,0,0,0
22:08:45.635,0,0,0,0,0
22:08:45.635,1,0,0,0,0
22:08:45.934,1,0,0,0,0
22:08:45.934,0,0,0,0,0
22:08:46.255,0,0,0,0,0
22:08:46.255,1,0,0,0,0
22:08:46.569,1,0,0,0,0
22:08:46.569,0,0,0,0,0
22:08:46.869,0,0,0,0,0
22:08:46.869,1,0,0,0,0
22:08:47.170,1,0,0,0,0
22:08:47.170,0,0,0,0,0
22:08:47.493,0,0,0,0,0
22:08:47.493,1,0,0,0,0
22:08:47.808,1,0,0,0,0
22:08:47.808,0,0,0,0,0
22:08:48.110,0,0,0,0,0
22:08:48.110,1,0,0,0,0
22:08:48.411,1,0,0,0,0
22:08:48.411,0,0,0,0,0
22:08:48.738,0,0,0,0,0
22:08:48.738,1,0,0,0,0
22:08:49.047,1,0,0,0,0
22:08:49.047,0,0,0,0,0
22:08:49.348,0,0,0,0,0
22:08:49.348,1,0,0,0,0
22:08:49.651,1,0,0,0,0
22:08:49.651,0,0,0,0,0
22:08:49.979,0,0,0,0,0
22:08:49.979,1,0,0,0,0
22:08:50.278,1,0,0,0,0
22:08:50.278,0,0,0,0,0
22:08:50.586,0,0,0,0,0
22:08:50.586,1,0,0,0,0
22:08:50.887,1,0,0,0,0
22:08:50.887,0,0,0,0,0
22:08:51.212,0,0,0,0,0
22:08:51.212,1,0,0,0,0
22:08:51.517,1,0,0,0,0
22:08:51.517,0,0,0,0,0
22:08:51.818,0,0,0,0,0
22:08:51.818,1,0,0,0,0
22:08:52.118,1,0,0,0,0
22:08:52.118,0,0,0,0,0
22:08:52.443,0,0,0,0,0
22:08:52.443,1,0,0,0,0
22:08:52.750,1,0,0,0,0
22:08:52.750,0,0,0,0,0
22:08:53.052,0,0,0,0,0
22:08:53.052,1,0,0,0,0
22:08:53.352,1,0,0,0,0
22:08:53.352,0,0,0,0,0
22:08:53.676,0,0,0,0,0
22:08:53.676,1,0,0,0,0
22:08:53.986,1,0,0,0,0
22:08:53.986,0,0,0,0,0
22:08:54.287,0,0,0,0,0
22:08:54.287,1,0,0,0,0
22:08:54.589,1,0,0,0,0
22:08:54.589,0,0,0,0,0
22:08:54.916,0,0,0,0,0
22:08:54.916,1,0,0,0,0
22:08:55.225,1,0,0,0,0
22:08:55.225,0,0,0,0,0
22:08:55.526,0,0,0,0,0
22:08:55.526,1,0,0,0,0
22:08:55.829,1,0,0,0,0
22:08:55.829,0,0,0,0,0
22:08:56.155,0,0,0,0,0
22:08:56.155,1,0,0,0,0
22:08:56.459,1,0,0,0,0
22:08:56.459,0,0,0,0,0
22:08:56.759,0,0,0,0,0
22:08:56.759,1,0,0,0,0
22:08:57.059,1,0,0,0,0
22:08:57.059,0,0,0,0,0
22:08:57.373,0,0,0,0,0
22:08:57.373,1,0,0,0,0
22:08:57.691,1,0,0,0,0
22:08:57.691,0,0,0,0,0
22:08:58.005,0,0,0,0,0
22:08:58.005,1,0,0,0,0
22:08:58.306,1,0,0,0,0
22:08:58.306,0,0,0,0,0
22:08:58.618,0,0,0,0,0
22:08:58.618,1,0,0,0,0
22:08:58.925,1,0,0,0,0
22:08:58.925,0,0,0,0,0
22:08:59.228,0,0,0,0,0
22:08:59.228,1,0,0,0,0
22:08:59.530,1,0,0,0,0
22:08:59.530,0,0,0,0,0
22:08:59.858,0,0,0,0,0
22:08:59.858,1,0,0,0,0
22:09:00.162,1,0,0,0,0
22:09:00.162,0,0,0,0,0
22:09:00.463,0,0,0,0,0
22:09:00.463,1,0,0,0,0
22:09:00.762,1,0,0,0,0
22:09:00.762,0,0,0,0,0
22:09:01.085,0,0,0,0,0
22:09:01.085,1,0,0,0,0
22:09:01.396,1,0,0,0,0
22:09:01.396,0,0,0,0,0
22:09:01.696,0,0,0,0,0
22:09:01.696,1,0,0,0,0
22:09:01.999,1,0,0,0,0
22:09:01.999,0,0,0,0,0
22:09:02.316,0,0,0,0,0
22:09:02.316,1,0,0,0,0
22:09:02.629,1,0,0,0,0
22:09:02.629,0,0,0,0,0
22:09:02.929,0,0,0,0,0
22:09:02.929,1,0,0,0,0
22:09:03.230,1,0,0,0,0
22:09:03.230,0,0,0,0,0
22:09:03.548,0,0,0,0,0
22:09:03.548,1,0,0,0,0
22:09:03.867,1,0,0,0,0
22:09:03.867,0,0,0,0,0
22:09:04.167,0,0,0,0,0
22:09:04.167,1,0,0,0,0
22:09:04.482,1,0,0,0,0
22:09:04.482,0,0,0,0,0
22:09:04.795,0,0,0,0,0
22:09:04.795,1,0,0,0,0
22:09:05.110,1,0,0,0,0
22:09:05.110,0,0,0,0,0
22:09:05.412,0,0,0,0,0
22:09:05.412,1,0,0,0,0
22:09:05.727,1,0,0,0,0
22:09:05.727,0,0,0,0,0
22:09:06.039,0,0,0,0,0
22:09:06.039,1,0,0,0,0
22:09:06.342,1,0,0,0,0
22:09:06.342,0,0,0,0,0
22:09:06.643,0,0,0,0,0
22:09:06.643,1,0,0,0,0
22:09:06.942,1,0,0,0,0
22:09:06.942,0,0,0,0,0
22:09:07.244,0,0,0,0,0
22:09:07.244,1,0,0,0,0
22:09:07.544,1,0,0,0,0
22:09:07.544,0,0,0,0,0
22:09:07.846,0,0,0,0,0
22:09:07.846,1,0,0,0,0
22:09:08.148,1,0,0,0,0
22:09:08.148,0,0,0,0,0
22:09:08.453,0,0,0,0,0
22:09:08.453,1,0,0,0,0
22:09:08.754,1,0,0,0,0
22:09:08.754,0,0,0,0,0
22:09:09.055,0,0,0,0,0
22:09:09.055,1,0,0,0,0
22:09:09.375,1,0,0,0,0
22:09:09.375,0,0,0,0,0
22:09:09.690,0,0,0,0,0
22:09:09.690,1,0,0,0,0
22:09:10.005,1,0,0,0,0
22:09:10.005,0,0,0,0,0
22:09:10.307,0,0,0,0,0
22:09:10.307,1,0,0,0,0
22:09:10.633,1,0,0,0,0
22:09:10.633,0,0,0,0,0
22:09:10.943,0,0,0,0,0
22:09:10.943,1,0,0,0,0
22:09:11.245,1,0,0,0,0
22:09:11.245,0,0,0,0,0
22:09:11.546,0,0,0,0,0
22:09:11.546,1,0,0,0,0
22:09:11.871,1,0,0,0,0
22:09:11.871,0,0,0,0,0
22:09:12.178,0,0,0,0,0
22:09:12.178,1,0,0,0,0
22:09:12.472,1,0,0,0,0
22:09:12.472,0,0,0,0,0
22:09:12.780,0,0,0,0,0
22:09:12.780,1,0,0,0,0
22:09:13.105,1,0,0,0,0
22:09:13.105,0,0,0,0,0
22:09:13.416,0,0,0,0,0
22:09:13.416,1,0,0,0,0
22:09:13.717,1,0,0,0,0
22:09:13.717,0,0,0,0,0
22:09:14.019,0,0,0,0,0
22:09:14.019,1,0,0,0,0
22:09:14.323,1,0,0,0,0
22:09:14.323,0,0,0,0,0
22:09:14.623,0,0,0,0,0
22:09:14.623,1,0,0,0,0
22:09:14.926,1,0,0,0,0
22:09:14.926,0,0,0,0,0
22:09:15.229,0,0,0,0,0
22:09:15.229,1,0,0,0,0
22:09:15.529,1,0,0,0,0
22:09:15.529,0,0,0,0,0
22:09:15.844,0,0,0,0,0
22:09:15.844,1,0,0,0,0
22:09:16.144,1,0,0,0,0
22:09:16.144,0,0,0,0,0
22:09:16.445,0,0,0,0,0
22:09:16.445,1,0,0,0,0
22:09:16.745,1,0,0,0,0
22:09:16.745,0,0,0,0,0
22:09:17.046,0,0,0,0,0
22:09:17.046,1,0,0,0,0
22:09:17.346,1,0,0,0,0
22:09:17.346,0,0,0,0,0
22:09:17.663,0,0,0,0,0
22:09:17.663,1,0,0,0,0
22:09:17.979,1,0,0,0,0
22:09:17.979,0,0,0,0,0
22:09:18.280,0,0,0,0,0
22:09:18.280,1,0,0,0,0
22:09:18.582,1,0,0,0,0
22:09:18.582,0,0,0,0,0
22:09:18.904,0,0,0,0,0
22:09:18.904,1,0,0,0,0
22:09:19.216,1,0,0,0,0
22:09:19.216,0,0,0,0,0
22:09:19.518,0,0,0,0,0
22:09:19.518,1,0,0,0,0
22:09:19.819,1,0,0,0,0
22:09:19.819,0,0,0,0,0
22:09:20.145,0,0,0,0,0
22:09:20.145,1,0,0,0,0
22:09:20.459,1,0,0,0,0
22:09:20.459,0,0,0,0,0
22:09:20.762,0,0,0,0,0
22:09:20.762,1,0,0,0,0
22:09:21.063,1,0,0,0,0
22:09:21.063,0,0,0,0,0
22:09:21.399,0,0,0,0,0
22:09:21.399,1,0,0,0,0
22:09:21.714,1,0,0,0,0
22:09:21.714,0,0,0,0,0
22:09:22.015,0,0,0,0,0
22:09:22.015,1,0,0,0,0
22:09:22.315,1,0,0,0,0
22:09:22.315,0,0,0,0,0
22:09:22.655,0,0,0,0,0
22:09:22.655,1,0,0,0,0
22:09:22.968,1,0,0,0,0
22:09:22.968,0,0,0,0,0
22:09:23.270,0,0,0,0,0
22:09:23.270,1,0,0,0,0
22:09:23.570,1,0,0,0,0
22:09:23.570,0,0,0,0,0
22:09:23.890,0,0,0,0,0
22:09:23.890,1,0,0,0,0
22:09:24.200,1,0,0,0,0
22:09:24.200,0,0,0,0,0
22:09:24.506,0,0,0,0,0
22:09:24.506,1,0,0,0,0
22:09:24.807,1,0,0,0,0
22:09:24.807,0,0,0,0,0
22:09:25.108,0,0,0,0,0
22:09:25.108,1,0,0,0,0
22:09:25.411,1,0,0,0,0
22:09:25.411,0,0,0,0,0
22:09:25.713,0,0,0,0,0
22:09:25.713,1,0,0,0,0
22:09:26.013,1,0,0,0,0
22:09:26.013,0,0,0,0,0
22:09:26.314,0,0,0,0,0
22:09:26.314,1,0,0,0,0
22:09:26.617,1,0,0,0,0
22:09:26.617,0,0,0,0,0
22:09:26.916,0,0,0,0,0
22:09:26.916,1,0,0,0,0
22:09:27.222,1,0,0,0,0
22:09:27.222,0,0,0,0,0
22:09:27.532,0,0,0,0,0
22:09:27.532,1,0,0,0,0
22:09:27.833,1,0,0,0,0
22:09:27.833,0,0,0,0,0
22:09:28.134,0,0,0,0,0
22:09:28.134,1,0,0,0,0
22:09:28.433,1,0,0,0,0
22:09:28.433,0,0,0,0,0
22:09:28.734,0,0,0,0,0
22:09:28.734,1,0,0,0,0
22:09:29.035,1,0,0,0,0
22:09:29.035,0,0,0,0,0
22:09:29.337,0,0,0,0,0
22:09:29.337,1,0,0,0,0
22:09:29.674,1,0,0,0,0
22:09:29.674,0,0,0,0,0
22:09:29.982,0,0,0,0,0
22:09:29.982,1,0,0,0,0
22:09:30.284,1,0,0,0,0
22:09:30.284,0,0,0,0,0
22:09:30.586,0,0,0,0,0
22:09:30.586,1,0,0,0,0
22:09:30.887,1,0,0,0,0
22:09:30.887,0,0,0,0,0
22:09:31.188,0,0,0,0,0
22:09:31.188,1,0,0,0,0
22:09:31.491,1,0,0,0,0
22:09:31.491,0,0,0,0,0
22:09:31.791,0,0,0,0,0
22:09:31.791,1,0,0,0,0
22:09:32.091,1,0,0,0,0
22:09:32.091,0,0,0,0,0
22:09:32.392,0,0,0,0,0
22:09:32.392,1,0,0,0,0
22:09:32.693,1,0,0,0,0
22:09:32.693,0,0,0,0,0
22:09:33.018,0,0,0,0,0
22:09:33.018,1,0,0,0,0
22:09:33.325,1,0,0,0,0
22:09:33.325,0,0,0,0,0
22:09:33.626,0,0,0,0,0
22:09:33.626,1,0,0,0,0
22:09:33.927,1,0,0,0,0
22:09:33.927,0,0,0,0,0
22:09:34.268,0,0,0,0,0
22:09:34.268,1,0,0,0,0
22:09:34.577,1,0,0,0,0
22:09:34.577,0,0,0,0,0
22:09:34.878,0,0,0,0,0
22:09:34.878,1,0,0,0,0
22:09:35.179,1,0,0,0,0
22:09:35.179,0,0,0,0,0
22:09:35.528,0,0,0,0,0
22:09:35.528,1,0,0,0,0
22:09:35.828,1,0,0,0,0
22:09:35.828,0,0,0,0,0
22:09:36.128,0,0,0,0,0
22:09:36.128,1,0,0,0,0
22:09:36.430,1,0,0,0,0
22:09:36.430,0,0,0,0,0
22:09:36.731,0,0,0,0,0
22:09:36.731,1,0,0,0,0
22:09:37.030,1,0,0,0,0
22:09:37.030,0,0,0,0,0
22:09:37.345,0,0,0,0,0
22:09:37.345,1,0,0,0,0
22:09:37.670,1,0,0,0,0
22:09:37.670,0,0,0,0,0
22:09:37.979,0,0,0,0,0
22:09:37.979,1,0,0,0,0
22:09:38.282,1,0,0,0,0
22:09:38.282,0,0,0,0,0
22:09:38.584,0,0,0,0,0
22:09:38.584,1,0,0,0,0
22:09:38.884,1,0,0,0,0
22:09:38.884,0,0,0,0,0
22:09:39.187,0,0,0,0,0
22:09:39.187,1,0,0,0,0
22:09:39.483,1,0,0,0,0
22:09:39.483,0,0,0,0,0
22:09:39.789,0,0,0,0,0
22:09:39.789,1,0,0,0,0
22:09:40.127,1,0,0,0,0
22:09:40.127,0,0,0,0,0
22:09:40.439,0,0,0,0,0
22:09:40.439,1,0,0,0,0
22:09:40.740,1,0,0,0,0
22:09:40.740,0,0,0,0,0
22:09:41.040,0,0,0,0,0
22:09:41.040,1,0,0,0,0
22:09:41.435,1,0,0,0,0
22:09:41.435,0,0,0,0,0
22:09:41.755,0,0,0,0,0
22:09:41.755,1,0,0,0,0
22:09:42.065,1,0,0,0,0
22:09:42.065,0,0,0,0,0
22:09:42.378,0,0,0,0,0
22:09:42.378,1,0,0,0,0
22:09:42.718,1,0,0,0,0
22:09:42.718,0,0,0,0,0
22:09:43.015,0,0,0,0,0
22:09:43.015,1,0,0,0,0
22:09:43.331,1,0,0,0,0
22:09:43.331,0,0,0,0,0
22:09:43.631,0,0,0,0,0
22:09:43.631,1,0,0,0,0
22:09:43.943,1,0,0,0,0
22:09:43.943,0,0,0,0,0
22:09:44.249,0,0,0,0,0
22:09:44.249,1,0,0,0,0
22:09:44.553,1,0,0,0,0
22:09:44.553,0,0,0,0,0
22:09:44.864,0,0,0,0,0
22:09:44.864,1,0,0,0,0
22:09:45.174,1,0,0,0,0
22:09:45.174,0,0,0,0,0
22:09:45.480,0,0,0,0,0
22:09:45.480,1,0,0,0,0
22:09:45.789,1,0,0,0,0
22:09:45.789,0,0,0,0,0
22:09:46.092,0,0,0,0,0
22:09:46.092,1,0,0,0,0
22:09:46.394,1,0,0,0,0
22:09:46.394,0,0,0,0,0
22:09:46.697,0,0,0,0,0
22:09:46.697,1,0,0,0,0
22:09:46.997,1,0,0,0,0
22:09:46.997,0,0,0,0,0
22:09:47.313,0,0,0,0,0
22:09:47.313,1,0,0,0,0
22:09:47.615,1,0,0,0,0
22:09:47.615,0,0,0,0,0
22:09:47.918,0,0,0,0,0
22:09:47.918,1,0,0,0,0
22:09:48.221,1,0,0,0,0
22:09:48.221,0,0,0,0,0
22:09:48.522,0,0,0,0,0
22:09:48.522,1,0,0,0,0
22:09:48.830,1,0,0,0,0
22:09:48.830,0,0,0,0,0
22:09:49.143,0,0,0,0,0
22:09:49.143,1,0,0,0,0
22:09:49.447,1,0,0,0,0
22:09:49.447,0,0,0,0,0
22:09:49.749,0,0,0,0,0
22:09:49.749,1,0,0,0,0
22:09:50.070,1,0,0,0,0
22:09:50.070,0,0,0,0,0
22:09:50.384,0,0,0,0,0
22:09:50.384,1,0,0,0,0
22:09:50.689,1,0,0,0,0
22:09:50.689,0,0,0,0,0
22:09:50.992,0,0,0,0,0
22:09:50.992,1,0,0,0,0
22:09:51.308,1,0,0,0,0
22:09:51.308,0,0,0,0,0
22:09:51.609,0,0,0,0,0
22:09:51.609,1,0,0,0,0
22:09:51.910,1,0,0,0,0
22:09:51.910,0,0,0,0,0
22:09:52.211,0,0,0,0,0
22:09:52.211,1,0,0,0,0
22:09:52.515,1,0,0,0,0
22:09:52.515,0,0,0,0,0
22:09:52.830,0,0,0,0,0
22:09:52.830,1,0,0,0,0
22:09:53.131,1,0,0,0,0
22:09:53.131,0,0,0,0,0
22:09:53.446,0,0,0,0,0
22:09:53.446,1,0,0,0,0
22:09:53.773,1,0,0,0,0
22:09:53.773,0,0,0,0,0
22:09:54.077,0,0,0,0,0
22:09:54.077,1,0,0,0,0
22:09:54.378,1,0,0,0,0
22:09:54.378,0,0,0,0,0
22:09:54.681,0,0,0,0,0
22:09:54.681,1,0,0,0,0
22:09:54.984,1,0,0,0,0
22:09:54.984,0,0,0,0,0
22:09:55.301,0,0,0,0,0
22:09:55.301,1,0,0,0,0
22:09:55.601,1,0,0,0,0
22:09:55.601,0,0,0,0,0
22:09:55.904,0,0,0,0,0
22:09:55.904,1,0,0,0,0
22:09:56.253,1,0,0,0,0
22:09:56.253,0,0,0,0,0
22:09:56.559,0,0,0,0,0
22:09:56.559,1,0,0,0,0
22:09:56.861,1,0,0,0,0
22:09:56.861,0,0,0,0,0
22:09:57.172,0,0,0,0,0
22:09:57.172,1,0,0,0,0
22:09:57.499,1,0,0,0,0
22:09:57.499,0,0,0,0,0
22:09:57.803,0,0,0,0,0
22:09:57.803,1,0,0,0,0
22:09:58.105,1,0,0,0,0
22:09:58.105,0,0,0,0,0
22:09:58.406,0,0,0,0,0
22:09:58.406,1,0,0,0,0
22:09:58.716,1,0,0,0,0
22:09:58.716,0,0,0,0,0
22:09:59.027,0,0,0,0,0
22:09:59.027,1,0,0,0,0
22:09:59.327,1,0,0,0,0
22:09:59.327,0,0,0,0,0
22:09:59.629,0,0,0,0,0
22:09:59.629,1,0,0,0,0
22:09:59.929,1,0,0,0,0
22:09:59.929,0,0,0,0,0
22:10:00.243,0,0,0,0,0
22:10:00.243,1,0,0,0,0
22:10:00.558,1,0,0,0,0
22:10:00.558,0,0,0,0,0
22:10:00.861,0,0,0,0,0
22:10:00.861,1,0,0,0,0
22:10:01.178,1,0,0,0,0
22:10:01.178,0,0,0,0,0
22:10:01.494,0,0,0,0,0
22:10:01.494,1,0,0,0,0
22:10:01.800,1,0,0,0,0
22:10:01.800,0,0,0,0,0
22:10:02.104,0,0,0,0,0
22:10:02.104,1,0,0,0,0
22:10:02.406,1,0,0,0,0
22:10:02.406,0,0,0,0,0
22:10:02.709,0,0,0,0,0
22:10:02.709,1,0,0,0,0
22:10:03.023,1,0,0,0,0
22:10:03.023,0,0,0,0,0
22:10:03.323,0,0,0,0,0
22:10:03.323,1,0,0,0,0
22:10:03.635,1,0,0,0,0
22:10:03.635,0,0,0,0,0
22:10:03.945,0,0,0,0,0
22:10:03.945,1,0,0,0,0
22:10:04.251,1,0,0,0,0
22:10:04.251,0,0,0,0,0
22:10:04.557,0,0,0,0,0
22:10:04.557,1,0,0,0,0
22:10:04.859,1,0,0,0,0
22:10:04.859,0,0,0,0,0
22:10:05.169,0,0,0,0,0
22:10:05.169,1,0,0,0,0
22:10:05.478,1,0,0,0,0
22:10:05.478,0,0,0,0,0
22:10:05.803,0,0,0,0,0
22:10:05.803,1,0,0,0,0
22:10:06.106,1,0,0,0,0
22:10:06.106,0,0,0,0,0
22:10:06.410,0,0,0,0,0
22:10:06.410,1,0,0,0,0
22:10:06.715,1,0,0,0,0
22:10:06.715,0,0,0,0,0
22:10:07.062,0,0,0,0,0
22:10:07.062,1,0,0,0,0
22:10:07.375,1,0,0,0,0
22:10:07.375,0,0,0,0,0
22:10:07.682,0,0,0,0,0
22:10:07.682,1,0,0,0,0
22:10:07.992,1,0,0,0,0
22:10:07.992,0,0,0,0,0
22:10:08.322,0,0,0,0,0
22:10:08.322,1,0,0,0,0
22:10:08.626,1,0,0,0,0
22:10:08.626,0,0,0,0,0
22:10:08.944,0,0,0,0,0
22:10:08.944,1,0,0,0,0
22:10:09.244,1,0,0,0,0
22:10:09.244,0,0,0,0,0
22:10:09.574,0,0,0,0,0
22:10:09.574,1,0,0,0,0
22:10:09.877,1,0,0,0,0
22:10:09.877,0,0,0,0,0
22:10:10.189,0,0,0,0,0
22:10:10.189,1,0,0,0,0
22:10:10.490,1,0,0,0,0
22:10:10.490,0,0,0,0,0
22:10:10.860,0,0,0,0,0
22:10:10.860,1,0,0,0,0
22:10:11.163,1,0,0,0,0
22:10:11.163,0,0,0,0,0
22:10:11.477,0,0,0,0,0
22:10:11.477,1,0,0,0,0
22:10:11.777,1,0,0,0,0
22:10:11.777,0,0,0,0,0
22:10:12.078,0,0,0,0,0
22:10:12.078,1,0,0,0,0
22:10:12.392,1,0,0,0,0
22:10:12.392,0,0,0,0,0
22:10:12.695,0,0,0,0,0
22:10:12.695,1,0,0,0,0
22:10:13.004,1,0,0,0,0
22:10:13.004,0,0,0,0,0
22:10:13.315,0,0,0,0,0
22:10:13.315,1,0,0,0,0
22:10:13.614,1,0,0,0,0
22:10:13.614,0,0,0,0,0
22:10:13.925,0,0,0,0,0
22:10:13.925,1,0,0,0,0
22:10:14.227,1,0,0,0,0
22:10:14.227,0,0,0,0,0
22:10:14.534,0,0,0,0,0
22:10:14.534,1,0,0,0,0
22:10:14.876,1,0,0,0,0
22:10:14.876,0,0,0,0,0
22:10:15.177,0,0,0,0,0
22:10:15.177,1,0,0,0,0
22:10:15.490,1,0,0,0,0
22:10:15.490,0,0,0,0,0
22:10:15.790,0,0,0,0,0
22:10:15.790,1,0,0,0,0
22:10:16.120,1,0,0,0,0
22:10:16.120,0,0,0,0,0
22:10:16.440,0,0,0,0,0
22:10:16.440,1,0,0,0,0
22:10:16.745,1,0,0,0,0
22:10:16.745,0,0,0,0,0
22:10:17.057,0,0,0,0,0
22:10:17.057,1,0,0,0,0
22:10:17.393,1,0,0,0,0
22:10:17.393,0,0,0,0,0
22:10:17.690,0,0,0,0,0
22:10:17.690,1,0,0,0,0
22:10:18.001,1,0,0,0,0
22:10:18.001,0,0,0,0,0
22:10:18.304,0,0,0,0,0
22:10:18.304,1,0,0,0,0
22:10:18.607,1,0,0,0,0
22:10:18.607,0,0,0,0,0
22:10:18.908,0,0,0,0,0
22:10:18.908,1,0,0,0,0
22:10:19.209,1,0,0,0,0
22:10:19.209,0,0,0,0,0
22:10:19.518,0,0,0,0,0
22:10:19.518,1,0,0,0,0
22:10:19.824,1,0,0,0,0
22:10:19.824,0,0,0,0,0
22:10:20.132,0,0,0,0,0
22:10:20.132,1,0,0,0,0
22:10:20.441,1,0,0,0,0
22:10:20.441,0,0,0,0,0
22:10:20.742,0,0,0,0,0
22:10:20.742,1,0,0,0,0
22:10:21.034,1,0,0,0,0
22:10:21.034,0,0,0,0,0
22:10:21.356,0,0,0,0,0
22:10:21.356,1,0,0,0,0
22:10:21.664,1,0,0,0,0
22:10:21.664,0,0,0,0,0
22:10:21.969,0,0,0,0,0
22:10:21.969,1,0,0,0,0
22:10:22.271,1,0,0,0,0
22:10:22.271,0,0,0,0,0
22:10:22.609,0,0,0,0,0
22:10:22.609,1,0,0,0,0
22:10:22.921,1,0,0,0,0
22:10:22.921,0,0,0,0,0
22:10:23.222,0,0,0,0,0
22:10:23.222,1,0,0,0,0
22:10:23.532,1,0,0,0,0
22:10:23.532,0,0,0,0,0
22:10:23.874,0,0,0,0,0
22:10:23.874,1,0,0,0,0
22:10:24.176,1,0,0,0,0
22:10:24.176,0,0,0,0,0
22:10:24.489,0,0,0,0,0
22:10:24.489,1,0,0,0,0
22:10:24.792,1,0,0,0,0
22:10:24.792,0,0,0,0,0
22:10:25.094,0,0,0,0,0
22:10:25.094,1,0,0,0,0
22:10:25.406,1,0,0,0,0
22:10:25.406,0,0,0,0,0
22:10:25.711,0,0,0,0,0
22:10:25.711,1,0,0,0,0
22:10:26.011,1,0,0,0,0
22:10:26.011,0,0,0,0,0
22:10:26.391,0,0,0,0,0
22:10:26.391,1,0,0,0,0
22:10:26.705,1,0,0,0,0
22:10:26.705,0,0,0,0,0
22:10:27.016,0,0,0,0,0
22:10:27.016,1,0,0,0,0
22:10:27.320,1,0,0,0,0
22:10:27.320,0,0,0,0,0
22:10:27.623,0,0,0,0,0
22:10:27.623,1,0,0,0,0
22:10:27.936,1,0,0,0,0
22:10:27.936,0,0,0,0,0
22:10:28.252,0,0,0,0,0
22:10:28.252,1,0,0,0,0
22:10:28.565,1,0,0,0,0
22:10:28.565,0,0,0,0,0
22:10:28.874,0,0,0,0,0
22:10:28.874,1,0,0,0,0
22:10:29.240,1,0,0,0,0
22:10:29.240,0,0,0,0,0
22:10:29.546,0,0,0,0,0
22:10:29.546,1,0,0,0,0
22:10:29.859,1,0,0,0,0
22:10:29.859,0,0,0,0,0
22:10:30.163,0,0,0,0,0
22:10:30.163,1,0,0,0,0
22:10:30.470,1,0,0,0,0
22:10:30.470,0,0,0,0,0
22:10:30.773,0,0,0,0,0
22:10:30.773,1,0,0,0,0
22:10:31.087,1,0,0,0,0
22:10:31.087,0,0,0,0,0
22:10:31.400,0,0,0,0,0
22:10:31.400,1,0,0,0,0
22:10:31.706,1,0,0,0,0
22:10:31.706,0,0,0,0,0
22:10:32.074,0,0,0,0,0
22:10:32.074,1,0,0,0,0
22:10:32.388,1,0,0,0,0
22:10:32.388,0,0,0,0,0
22:10:32.690,0,0,0,0,0
22:10:32.690,1,0,0,0,0
22:10:33.004,1,0,0,0,0
22:10:33.004,0,0,0,0,0
22:10:33.316,0,0,0,0,0
22:10:33.316,1,0,0,0,0
22:10:33.622,1,0,0,0,0
22:10:33.622,0,0,0,0,0
22:10:33.922,0,0,0,0,0
22:10:33.922,1,0,0,0,0
22:10:34.224,1,0,0,0,0
22:10:34.224,0,0,0,0,0
22:10:34.525,0,0,0,0,0
22:10:34.525,1,0,0,0,0
22:10:34.838,1,0,0,0,0
22:10:34.838,0,0,0,0,0
22:10:35.138,0,0,0,0,0
22:10:35.138,1,0,0,0,0
22:10:35.440,1,0,0,0,0
22:10:35.440,0,0,0,0,0
22:10:35.740,0,0,0,0,0
22:10:35.740,1,0,0,0,0
22:10:36.057,1,0,0,0,0
22:10:36.057,0,0,0,0,0
22:10:36.368,0,0,0,0,0
22:10:36.368,1,0,0,0,0
22:10:36.671,1,0,0,0,0
22:10:36.671,0,0,0,0,0
22:10:36.978,0,0,0,0,0
22:10:36.978,1,0,0,0,0
22:10:37.287,1,0,0,0,0
22:10:37.287,0,0,0,0,0
22:10:37.589,0,0,0,0,0
22:10:37.589,1,0,0,0,0
22:10:37.902,1,0,0,0,0
22:10:37.902,0,0,0,0,0
22:10:38.205,0,0,0,0,0
22:10:38.205,1,0,0,0,0
22:10:38.515,1,0,0,0,0
22:10:38.515,0,0,0,0,0
22:10:38.831,0,0,0,0,0
22:10:38.831,1,0,0,0,0
22:10:39.144,1,0,0,0,0
22:10:39.144,0,0,0,0,0
22:10:39.447,0,0,0,0,0
22:10:39.447,1,0,0,0,0
22:10:39.759,1,0,0,0,0
22:10:39.759,0,0,0,0,0
22:10:40.061,0,0,0,0,0
22:10:40.061,1,0,0,0,0
22:10:40.370,1,0,0,0,0
22:10:40.370,0,0,0,0,0
22:10:40.672,0,0,0,0,0
22:10:40.672,1,0,0,0,0
22:10:40.982,1,0,0,0,0
22:10:40.982,0,0,0,0,0
22:10:41.297,0,0,0,0,0
22:10:41.297,1,0,0,0,0
22:10:41.611,1,0,0,0,0
22:10:41.611,0,0,0,0,0
22:10:41.921,0,0,0,0,0
22:10:41.921,1,0,0,0,0
22:10:42.247,1,0,0,0,0
22:10:42.247,0,0,0,0,0
22:10:42.556,0,0,0,0,0
22:10:42.556,1,0,0,0,0
22:10:42.871,1,0,0,0,0
22:10:42.871,0,0,0,0,0
22:10:43.180,0,0,0,0,0
22:10:43.180,1,0,0,0,0
22:10:43.516,1,0,0,0,0
22:10:43.516,0,0,0,0,0
22:10:43.818,0,0,0,0,0
22:10:43.818,1,0,0,0,0
22:10:44.133,1,0,0,0,0
22:10:44.133,0,0,0,0,0
22:10:44.433,0,0,0,0,0
22:10:44.433,1,0,0,0,0
22:10:44.741,1,0,0,0,0
22:10:44.741,0,0,0,0,0
22:10:45.054,0,0,0,0,0
22:10:45.054,1,0,0,0,0
22:10:45.364,1,0,0,0,0
22:10:45.364,0,0,0,0,0
22:10:45.667,0,0,0,0,0
22:10:45.667,1,0,0,0,0
22:10:45.982,1,0,0,0,0
22:10:45.982,0,0,0,0,0
22:10:46.289,0,0,0,0,0
22:10:46.289,1,0,0,0,0
22:10:46.588,1,0,0,0,0
22:10:46.588,0,0,0,0,0
22:10:46.902,0,0,0,0,0
22:10:46.902,1,0,0,0,0
22:10:47.204,1,0,0,0,0
22:10:47.204,0,0,0,0,0
22:10:47.512,0,0,0,0,0
22:10:47.512,1,0,0,0,0
22:10:47.821,1,0,0,0,0
22:10:47.821,0,0,0,0,0
22:10:48.123,0,0,0,0,0
22:10:48.123,1,0,0,0,0
22:10:48.431,1,0,0,0,0
22:10:48.431,0,0,0,0,0
22:10:48.772,0,0,0,0,0
22:10:48.772,1,0,0,0,0
22:10:49.087,1,0,0,0,0
22:10:49.087,0,0,0,0,0
22:10:49.399,0,0,0,0,0
22:10:49.399,1,0,0,0,0
22:10:49.712,1,0,0,0,0
22:10:49.712,0,0,0,0,0
22:10:50.017,0,0,0,0,0
22:10:50.017,1,0,0,0,0
22:10:50.321,1,0,0,0,0
22:10:50.321,0,0,0,0,0
22:10:50.635,0,0,0,0,0
22:10:50.635,1,0,0,0,0
22:10:50.938,1,0,0,0,0
22:10:50.938,0,0,0,0,0
22:10:51.250,0,0,0,0,0
22:10:51.250,1,0,0,0,0
22:10:51.562,1,0,0,0,0
22:10:51.562,0,0,0,0,0
22:10:51.877,0,0,0,0,0
22:10:51.877,1,0,0,0,0
22:10:52.187,1,0,0,0,0
22:10:52.187,0,0,0,0,0
22:10:52.503,0,0,0,0,0
22:10:52.503,1,0,0,0,0
22:10:52.842,1,0,0,0,0
22:10:52.842,0,0,0,0,0
22:10:53.154,0,0,0,0,0
22:10:53.154,1,0,0,0,0
22:10:53.458,1,0,0,0,0
22:10:53.458,0,0,0,0,0
22:10:53.765,0,0,0,0,0
22:10:53.765,1,0,0,0,0
22:10:54.103,1,0,0,0,0
22:10:54.103,0,0,0,0,0
22:10:54.416,0,0,0,0,0
22:10:54.416,1,0,0,0,0
22:10:54.721,1,0,0,0,0
22:10:54.721,0,0,0,0,0
22:10:55.030,0,0,0,0,0
22:10:55.030,1,0,0,0,0
22:10:55.333,1,0,0,0,0
22:10:55.333,0,0,0,0,0
22:10:55.635,0,0,0,0,0
22:10:55.635,1,0,0,0,0
22:10:55.941,1,0,0,0,0
22:10:55.941,0,0,0,0,0
22:10:56.251,0,0,0,0,0
22:10:56.251,1,0,0,0,0
22:10:56.553,1,0,0,0,0
22:10:56.553,0,0,0,0,0
22:10:56.863,0,0,0,0,0
22:10:56.863,1,0,0,0,0
22:10:57.170,1,0,0,0,0
22:10:57.170,0,0,0,0,0
22:10:57.476,0,0,0,0,0
22:10:57.476,1,0,0,0,0
22:10:57.786,1,0,0,0,0
22:10:57.786,0,0,0,0,0
22:10:58.097,0,0,0,0,0
22:10:58.097,1,0,0,0,0
22:10:58.400,1,0,0,0,0
22:10:58.400,0,0,0,0,0
22:10:58.709,0,0,0,0,0
22:10:58.709,1,0,0,0,0
22:10:59.009,1,0,0,0,0
22:10:59.009,0,0,0,0,0
22:10:59.320,0,0,0,0,0
22:10:59.320,1,0,0,0,0
22:10:59.625,1,0,0,0,0
22:10:59.625,0,0,0,0,0
22:10:59.936,0,0,0,0,0
22:10:59.936,1,0,0,0,0
22:11:00.238,1,0,0,0,0
22:11:00.238,0,0,0,0,0
22:11:00.545,0,0,0,0,0
22:11:00.545,1,0,0,0,0
22:11:00.851,1,0,0,0,0
22:11:00.851,0,0,0,0,0
22:11:01.162,0,0,0,0,0
22:11:01.162,1,0,0,0,0
22:11:01.468,1,0,0,0,0
22:11:01.468,0,0,0,0,0
22:11:01.782,0,0,0,0,0
22:11:01.782,1,0,0,0,0
22:11:02.083,1,0,0,0,0
22:11:02.083,0,0,0,0,0
22:11:02.396,0,0,0,0,0
22:11:02.396,1,0,0,0,0
22:11:02.711,1,0,0,0,0
22:11:02.711,0,0,0,0,0
22:11:03.007,0,0,0,0,0
22:11:03.007,1,0,0,0,0
22:11:03.329,1,0,0,0,0
22:11:03.329,0,0,0,0,0
22:11:03.639,0,0,0,0,0
22:11:03.639,1,0,0,0,0
22:11:03.940,1,0,0,0,0
22:11:03.940,0,0,0,0,0
22:11:04.249,0,0,0,0,0
22:11:04.249,1,0,0,0,0
22:11:04.551,1,0,0,0,0
22:11:04.551,0,0,0,0,0
22:11:04.859,0,0,0,0,0
22:11:04.859,1,0,0,0,0
22:11:05.168,1,0,0,0,0
22:11:05.168,0,0,0,0,0
22:11:05.478,0,0,0,0,0
22:11:05.478,1,0,0,0,0
22:11:05.785,1,0,0,0,0
22:11:05.785,0,0,0,0,0
22:11:06.094,0,0,0,0,0
22:11:06.094,1,0,0,0,0
22:11:06.394,1,0,0,0,0
22:11:06.394,0,0,0,0,0
22:11:06.715,0,0,0,0,0
22:11:06.715,1,0,0,0,0
22:11:07.019,1,0,0,0,0
22:11:07.019,0,0,0,0,0
22:11:07.333,0,0,0,0,0
22:11:07.333,1,0,0,0,0
22:11:07.643,1,0,0,0,0
22:11:07.643,0,0,0,0,0
22:11:07.978,0,0,0,0,0
22:11:07.978,1,0,0,0,0
22:11:08.280,1,0,0,0,0
22:11:08.280,0,0,0,0,0
22:11:08.581,0,0,0,0,0
22:11:08.581,1,0,0,0,0
22:11:08.884,1,0,0,0,0
22:11:08.884,0,0,0,0,0
22:11:09.209,0,0,0,0,0
22:11:09.209,1,0,0,0,0
22:11:09.515,1,0,0,0,0
22:11:09.515,0,0,0,0,0
22:11:09.816,0,0,0,0,0
22:11:09.816,1,0,0,0,0
22:11:10.135,1,0,0,0,0
22:11:10.135,0,0,0,0,0
22:11:10.506,0,0,0,0,0
22:11:10.506,1,0,0,0,0
22:11:10.813,1,0,0,0,0
22:11:10.813,0,0,0,0,0
22:11:11.117,0,0,0,0,0
22:11:11.117,1,0,0,0,0
22:11:11.424,1,0,0,0,0
22:11:11.424,0,0,0,0,0
22:11:11.734,0,0,0,0,0
22:11:11.734,1,0,0,0,0
22:11:12.035,1,0,0,0,0
22:11:12.035,0,0,0,0,0
22:11:12.335,0,0,0,0,0
22:11:12.335,1,0,0,0,0
22:11:12.650,1,0,0,0,0
22:11:12.650,0,0,0,0,0
22:11:12.953,0,0,0,0,0
22:11:12.953,1,0,0,0,0
22:11:13.263,1,0,0,0,0
22:11:13.263,0,0,0,0,0
22:11:13.576,0,0,0,0,0
22:11:13.576,1,0,0,0,0
22:11:13.878,1,0,0,0,0
22:11:13.878,0,0,0,0,0
22:11:14.184,0,0,0,0,0
22:11:14.184,1,0,0,0,0
22:11:14.487,1,0,0,0,0
22:11:14.487,0,0,0,0,0
22:11:14.799,0,0,0,0,0
22:11:14.799,1,0,0,0,0
22:11:15.110,1,0,0,0,0
22:11:15.110,0,0,0,0,0
22:11:15.416,0,0,0,0,0
22:11:15.416,1,0,0,0,0
22:11:15.760,1,0,0,0,0
22:11:15.760,0,0,0,0,0
22:11:16.060,0,0,0,0,0
22:11:16.060,1,0,0,0,0
22:11:16.367,1,0,0,0,0
22:11:16.367,0,0,0,0,0
22:11:16.671,0,0,0,0,0
22:11:16.671,1,0,0,0,0
22:11:16.980,1,0,0,0,0
22:11:16.980,0,0,0,0,0
22:11:17.282,0,0,0,0,0
22:11:17.282,1,0,0,0,0
22:11:17.595,1,0,0,0,0
22:11:17.595,0,0,0,0,0
22:11:17.899,0,0,0,0,0
22:11:17.899,1,0,0,0,0
22:11:18.211,1,0,0,0,0
22:11:18.211,0,0,0,0,0
22:11:18.515,0,0,0,0,0
22:11:18.515,1,0,0,0,0
22:11:18.817,1,0,0,0,0
22:11:18.817,0,0,0,0,0
22:11:19.129,0,0,0,0,0
22:11:19.129,1,0,0,0,0
22:11:19.463,1,0,0,0,0
22:11:19.463,0,0,0,0,0
22:11:19.766,0,0,0,0,0
22:11:19.766,1,0,0,0,0
22:11:20.069,1,0,0,0,0
22:11:20.069,0,0,0,0,0
22:11:20.375,0,0,0,0,0
22:11:20.375,1,0,0,0,0
22:11:20.692,1,0,0,0,0
22:11:20.692,0,0,0,0,0
22:11:20.993,0,0,0,0,0
22:11:20.993,1,0,0,0,0
22:11:21.308,1,0,0,0,0
22:11:21.308,0,0,0,0,0
22:11:21.615,0,0,0,0,0
22:11:21.615,1,0,0,0,0
22:11:21.941,1,0,0,0,0
22:11:21.941,0,0,0,0,0
22:11:22.249,0,0,0,0,0
22:11:22.249,1,0,0,0,0
22:11:22.548,1,0,0,0,0
22:11:22.548,0,0,0,0,0
22:11:22.857,0,0,0,0,0
22:11:22.857,1,0,0,0,0
22:11:23.185,1,0,0,0,0
22:11:23.185,0,0,0,0,0
22:11:23.491,0,0,0,0,0
22:11:23.491,1,0,0,0,0
22:11:23.797,1,0,0,0,0
22:11:23.797,0,0,0,0,0
22:11:24.099,0,0,0,0,0
22:11:24.099,1,0,0,0,0
22:11:24.467,1,0,0,0,0
22:11:24.467,0,0,0,0,0
22:11:24.781,0,0,0,0,0
22:11:24.781,1,0,0,0,0
22:11:25.095,1,0,0,0,0
22:11:25.095,0,0,0,0,0
22:11:25.398,0,0,0,0,0
22:11:25.398,1,0,0,0,0
22:11:25.710,1,0,0,0,0
22:11:25.710,0,0,0,0,0
22:11:26.039,0,0,0,0,0
22:11:26.039,1,0,0,0,0
22:11:26.348,1,0,0,0,0
22:11:26.348,0,0,0,0,0
22:11:26.648,0,0,0,0,0
22:11:26.648,1,0,0,0,0
22:11:26.964,1,0,0,0,0
22:11:26.964,0,0,0,0,0
22:11:27.280,0,0,0,0,0
22:11:27.280,1,0,0,0,0
22:11:27.592,1,0,0,0,0
22:11:27.592,0,0,0,0,0
22:11:27.905,0,0,0,0,0
22:11:27.905,1,0,0,0,0
22:11:28.215,1,0,0,0,0
22:11:28.215,0,0,0,0,0
22:11:28.574,0,0,0,0,0
22:11:28.574,1,0,0,0,0
22:11:28.891,1,0,0,0,0
22:11:28.891,0,0,0,0,0
22:11:29.199,0,0,0,0,0
22:11:29.199,1,0,0,0,0
22:11:29.500,1,0,0,0,0
22:11:29.500,0,0,0,0,0
22:11:29.806,0,0,0,0,0
22:11:29.806,1,0,0,0,0
22:11:30.119,1,0,0,0,0
22:11:30.119,0,0,0,0,0
22:11:30.423,0,0,0,0,0
22:11:30.423,1,0,0,0,0
22:11:30.727,1,0,0,0,0
22:11:30.727,0,0,0,0,0
22:11:31.041,0,0,0,0,0
22:11:31.041,1,0,0,0,0
22:11:31.383,1,0,0,0,0
22:11:31.383,0,0,0,0,0
22:11:31.697,0,0,0,0,0
22:11:31.697,1,0,0,0,0
22:11:32.006,1,0,0,0,0
22:11:32.006,0,0,0,0,0
22:11:32.314,0,0,0,0,0
22:11:32.314,1,0,0,0,0
22:11:32.634,1,0,0,0,0
22:11:32.634,0,0,0,0,0
22:11:32.937,0,0,0,0,0
22:11:32.937,1,0,0,0,0
22:11:33.246,1,0,0,0,0
22:11:33.246,0,0,0,0,0
22:11:33.548,0,0,0,0,0
22:11:33.548,1,0,0,0,0
22:11:33.870,1,0,0,0,0
22:11:33.870,0,0,0,0,0
22:11:34.178,0,0,0,0,0
22:11:34.178,1,0,0,0,0
22:11:34.481,1,0,0,0,0
22:11:34.481,0,0,0,0,0
22:11:34.786,0,0,0,0,0
22:11:34.786,1,0,0,0,0
22:11:35.122,1,0,0,0,0
22:11:35.122,0,0,0,0,0
22:11:35.431,0,0,0,0,0
22:11:35.431,1,0,0,0,0
22:11:35.744,1,0,0,0,0
22:11:35.744,0,0,0,0,0
22:11:36.059,0,0,0,0,0
22:11:36.059,1,0,0,0,0
22:11:36.364,1,0,0,0,0
22:11:36.364,0,0,0,0,0
22:11:36.674,0,0,0,0,0
22:11:36.674,1,0,0,0,0
22:11:36.980,1,0,0,0,0
22:11:36.980,0,0,0,0,0
22:11:37.281,0,0,0,0,0
22:11:37.281,1,0,0,0,0
22:11:37.581,1,0,0,0,0
22:11:37.581,0,0,0,0,0
22:11:37.896,0,0,0,0,0
22:11:37.896,1,0,0,0,0
22:11:38.209,1,0,0,0,0
22:11:38.209,0,0,0,0,0
22:11:38.511,0,0,0,0,0
22:11:38.511,1,0,0,0,0
22:11:38.820,1,0,0,0,0
22:11:38.820,0,0,0,0,0
22:11:39.130,0,0,0,0,0
22:11:39.130,1,0,0,0,0
22:11:39.442,1,0,0,0,0
22:11:39.442,0,0,0,0,0
22:11:39.747,0,0,0,0,0
22:11:39.747,1,0,0,0,0
22:11:40.056,1,0,0,0,0
22:11:40.056,0,0,0,0,0
22:11:40.364,0,0,0,0,0
22:11:40.364,1,0,0,0,0
22:11:40.679,1,0,0,0,0
22:11:40.679,0,0,0,0,0
22:11:40.979,0,0,0,0,0
22:11:40.979,1,0,0,0,0
22:11:41.291,1,0,0,0,0
22:11:41.291,0,0,0,0,0
22:11:41.593,0,0,0,0,0
22:11:41.593,1,0,0,0,0
22:11:41.897,1,0,0,0,0
22:11:41.897,0,0,0,0,0
22:11:42.197,0,0,0,0,0
22:11:42.197,1,0,0,0,0
22:11:42.508,1,0,0,0,0
22:11:42.508,0,0,0,0,0
22:11:42.828,0,0,0,0,0
22:11:42.828,1,0,0,0,0
22:11:43.141,1,0,0,0,0
22:11:43.141,0,0,0,0,0
22:11:43.445,0,0,0,0,0
22:11:43.445,1,0,0,0,0
22:11:43.761,1,0,0,0,0
22:11:43.761,0,0,0,0,0
22:11:44.073,0,0,0,0,0
22:11:44.073,1,0,0,0,0
22:11:44.380,1,0,0,0,0
22:11:44.380,0,0,0,0,0
22:11:44.680,0,0,0,0,0
22:11:44.680,1,0,0,0,0
22:11:44.994,1,0,0,0,0
22:11:44.994,0,0,0,0,0
22:11:45.331,0,0,0,0,0
22:11:45.331,1,0,0,0,0
22:11:45.633,1,0,0,0,0
22:11:45.633,0,0,0,0,0
22:11:45.935,0,0,0,0,0
22:11:45.935,1,0,0,0,0
22:11:46.243,1,0,0,0,0
22:11:46.243,0,0,0,0,0
22:11:46.591,0,0,0,0,0
22:11:46.591,1,0,0,0,0
22:11:46.897,1,0,0,0,0
22:11:46.897,0,0,0,0,0
22:11:47.211,0,0,0,0,0
22:11:47.211,1,0,0,0,0
22:11:47.511,1,0,0,0,0
22:11:47.511,0,0,0,0,0
22:11:47.821,0,0,0,0,0
22:11:47.821,1,0,0,0,0
22:11:48.132,1,0,0,0,0
22:11:48.132,0,0,0,0,0
22:11:48.442,0,0,0,0,0
22:11:48.442,1,0,0,0,0
22:11:48.744,1,0,0,0,0
22:11:48.744,0,0,0,0,0
22:11:49.053,0,0,0,0,0
22:11:49.053,1,0,0,0,0
22:11:49.363,1,0,0,0,0
22:11:49.363,0,0,0,0,0
22:11:49.662,0,0,0,0,0
22:11:49.662,1,0,0,0,0
22:11:49.977,1,0,0,0,0
22:11:49.977,0,0,0,0,0
22:11:50.283,0,0,0,0,0
22:11:50.283,1,0,0,0,0
22:11:50.585,1,0,0,0,0
22:11:50.585,0,0,0,0,0
22:11:50.892,0,0,0,0,0
22:11:50.892,1,0,0,0,0
22:11:51.192,1,0,0,0,0
22:11:51.192,0,0,0,0,0
22:11:51.504,0,0,0,0,0
22:11:51.504,1,0,0,0,0
22:11:51.819,1,0,0,0,0
22:11:51.819,0,0,0,0,0
22:11:52.124,0,0,0,0,0
22:11:52.124,1,0,0,0,0
22:11:52.427,1,0,0,0,0
22:11:52.427,0,0,0,0,0
22:11:52.734,0,0,0,0,0
22:11:52.734,1,0,0,0,0
22:11:53.104,1,0,0,0,0
22:11:53.104,0,0,0,0,0
22:11:53.410,0,0,0,0,0
22:11:53.410,1,0,0,0,0
22:11:53.717,1,0,0,0,0
22:11:53.717,0,0,0,0,0
22:11:54.024,0,0,0,0,0
22:11:54.024,1,0,0,0,0
22:11:54.339,1,0,0,0,0
22:11:54.339,0,0,0,0,0
22:11:54.641,0,0,0,0,0
22:11:54.641,1,0,0,0,0
22:11:54.952,1,0,0,0,0
22:11:54.952,0,0,0,0,0
22:11:55.260,0,0,0,0,0
22:11:55.260,1,0,0,0,0
22:11:55.560,1,0,0,0,0
22:11:55.560,0,0,0,0,0
22:11:55.873,0,0,0,0,0
22:11:55.873,1,0,0,0,0
22:11:56.178,1,0,0,0,0
22:11:56.178,0,0,0,0,0
22:11:56.478,0,0,0,0,0
22:11:56.478,1,0,0,0,0
22:11:56.794,1,0,0,0,0
22:11:56.794,0,0,0,0,0
22:11:57.147,0,0,0,0,0
22:11:57.147,1,0,0,0,0
22:11:57.458,1,0,0,0,0
22:11:57.458,0,0,0,0,0
22:11:57.757,0,0,0,0,0
22:11:57.757,1,0,0,0,0
22:11:58.058,1,0,0,0,0
22:11:58.058,0,0,0,0,0
22:11:58.368,0,0,0,0,0
22:11:58.368,1,0,0,0,0
22:11:58.677,1,0,0,0,0
22:11:58.677,0,0,0,0,0
22:11:58.989,0,0,0,0,0
22:11:58.989,1,0,0,0,0
22:11:59.293,1,0,0,0,0
22:11:59.293,0,0,0,0,0
22:11:59.594,0,0,0,0,0
22:11:59.594,1,0,0,0,0
22:11:59.907,1,0,0,0,0
22:11:59.907,0,0,0,0,0
22:12:00.208,0,0,0,0,0
22:12:00.208,1,0,0,0,0
22:12:00.508,1,0,0,0,0
22:12:00.508,0,0,0,0,0
22:12:00.814,0,0,0,0,0
22:12:00.814,1,0,0,0,0
22:12:01.135,1,0,0,0,0
22:12:01.135,0,0,0,0,0
22:12:01.440,0,0,0,0,0
22:12:01.440,1,0,0,0,0
22:12:01.741,1,0,0,0,0
22:12:01.741,0,0,0,0,0
22:12:02.043,0,0,0,0,0
22:12:02.043,1,0,0,0,0
22:12:02.345,1,0,0,0,0
22:12:02.345,0,0,0,0,0
22:12:02.652,0,0,0,0,0
22:12:02.652,1,0,0,0,0
22:12:02.960,1,0,0,0,0
22:12:02.960,0,0,0,0,0
22:12:03.260,0,0,0,0,0
22:12:03.260,1,0,0,0,0
22:12:03.621,1,0,0,0,0
22:12:03.621,0,0,0,0,0
22:12:03.937,0,0,0,0,0
22:12:03.937,1,0,0,0,0
22:12:04.241,1,0,0,0,0
22:12:04.241,0,0,0,0,0
22:12:04.543,0,0,0,0,0
22:12:04.543,1,0,0,0,0
22:12:04.850,1,0,0,0,0
22:12:04.850,0,0,0,0,0
22:12:05.155,0,0,0,0,0
22:12:05.155,1,0,0,0,0
22:12:05.458,1,0,0,0,0
22:12:05.458,0,0,0,0,0
22:12:05.768,0,0,0,0,0
22:12:05.768,1,0,0,0,0
22:12:06.131,1,0,0,0,0
22:12:06.131,0,0,0,0,0
22:12:06.439,0,0,0,0,0
22:12:06.439,1,0,0,0,0
22:12:06.754,1,0,0,0,0
22:12:06.754,0,0,0,0,0
22:12:07.065,0,0,0,0,0
22:12:07.065,1,0,0,0,0
22:12:07.363,1,0,0,0,0
22:12:07.363,0,0,0,0,0
22:12:07.671,0,0,0,0,0
22:12:07.671,1,0,0,0,0
22:12:07.979,1,0,0,0,0
22:12:07.979,0,0,0,0,0
22:12:08.292,0,0,0,0,0
22:12:08.292,1,0,0,0,0
22:12:08.593,1,0,0,0,0
22:12:08.593,0,0,0,0,0
22:12:08.906,0,0,0,0,0
22:12:08.906,1,0,0,0,0
22:12:09.218,1,0,0,0,0
22:12:09.218,0,0,0,0,0
22:12:09.519,0,0,0,0,0
22:12:09.519,1,0,0,0,0
22:12:09.823,1,0,0,0,0
22:12:09.823,0,0,0,0,0
22:12:10.125,0,0,0,0,0
22:12:10.125,1,0,0,0,0
22:12:10.440,1,0,0,0,0
22:12:10.440,0,0,0,0,0
22:12:10.742,0,0,0,0,0
22:12:10.742,1,0,0,0,0
22:12:11.053,1,0,0,0,0
22:12:11.053,0,0,0,0,0
22:12:11.356,0,0,0,0,0
22:12:11.356,1,0,0,0,0
22:12:11.658,1,0,0,0,0
22:12:11.658,0,0,0,0,0
22:12:11.959,0,0,0,0,0
22:12:11.959,1,0,0,0,0
22:12:12.259,1,0,0,0,0
22:12:12.259,0,0,0,0,0
22:12:12.564,0,0,0,0,0
22:12:12.564,1,0,0,0,0
22:12:12.875,1,0,0,0,0
22:12:12.875,0,0,0,0,0
22:12:13.175,0,0,0,0,0
22:12:13.175,1,0,0,0,0
22:12:13.527,1,0,0,0,0
22:12:13.527,0,0,0,0,0
22:12:13.829,0,0,0,0,0
22:12:13.829,1,0,0,0,0
22:12:14.141,1,0,0,0,0
22:12:14.141,0,0,0,0,0
22:12:14.441,0,0,0,0,0
22:12:14.441,1,0,0,0,0
22:12:14.771,1,0,0,0,0
22:12:14.771,0,0,0,0,0
22:12:15.078,0,0,0,0,0
22:12:15.078,1,0,0,0,0
22:12:15.391,1,0,0,0,0
22:12:15.391,0,0,0,0,0
22:12:15.691,0,0,0,0,0
22:12:15.691,1,0,0,0,0
22:12:16.010,1,0,0,0,0
22:12:16.010,0,0,0,0,0
22:12:16.335,0,0,0,0,0
22:12:16.335,1,0,0,0,0
22:12:16.641,1,0,0,0,0
22:12:16.641,0,0,0,0,0
22:12:16.940,0,0,0,0,0
22:12:16.940,1,0,0,0,0
22:12:17.260,1,0,0,0,0
22:12:17.260,0,0,0,0,0
22:12:17.559,0,0,0,0,0
22:12:17.559,1,0,0,0,0
22:12:17.874,1,0,0,0,0
22:12:17.874,0,0,0,0,0
22:12:18.174,0,0,0,0,0
22:12:18.174,1,0,0,0,0
22:12:18.503,1,0,0,0,0
22:12:18.503,0,0,0,0,0
22:12:18.809,0,0,0,0,0
22:12:18.809,1,0,0,0,0
22:12:19.124,1,0,0,0,0
22:12:19.124,0,0,0,0,0
22:12:19.425,0,0,0,0,0
22:12:19.425,1,0,0,0,0
22:12:19.742,1,0,0,0,0
22:12:19.742,0,0,0,0,0
22:12:20.059,0,0,0,0,0
22:12:20.059,1,0,0,0,0
22:12:20.373,1,0,0,0,0
22:12:20.373,0,0,0,0,0
22:12:20.673,0,0,0,0,0
22:12:20.673,1,0,0,0,0
22:12:20.974,1,0,0,0,0
22:12:20.974,0,0,0,0,0
22:12:21.280,0,0,0,0,0
22:12:21.280,1,0,0,0,0
22:12:21.590,1,0,0,0,0
22:12:21.590,0,0,0,0,0
22:12:21.891,0,0,0,0,0
22:12:21.891,1,0,0,0,0
22:12:22.191,1,0,0,0,0
22:12:22.191,0,0,0,0,0
22:12:22.491,0,0,0,0,0
22:12:22.491,1,0,0,0,0
22:12:22.806,1,0,0,0,0
22:12:22.806,0,0,0,0,0
22:12:23.106,0,0,0,0,0
22:12:23.106,1,0,0,0,0
22:12:23.413,1,0,0,0,0
22:12:23.413,0,0,0,0,0
22:12:23.724,0,0,0,0,0
22:12:23.724,1,0,0,0,0
22:12:24.024,1,0,0,0,0
22:12:24.024,0,0,0,0,0
22:12:24.325,0,0,0,0,0
22:12:24.325,1,0,0,0,0
22:12:24.643,1,0,0,0,0
22:12:24.643,0,0,0,0,0
22:12:24.964,0,0,0,0,0
22:12:24.964,1,0,0,0,0
22:12:25.274,1,0,0,0,0
22:12:25.274,0,0,0,0,0
22:12:25.574,0,0,0,0,0
22:12:25.574,1,0,0,0,0
22:12:25.875,1,0,0,0,0
22:12:25.875,0,0,0,0,0
22:12:26.185,0,0,0,0,0
22:12:26.185,1,0,0,0,0
22:12:26.488,1,0,0,0,0
22:12:26.488,0,0,0,0,0
22:12:26.789,0,0,0,0,0
22:12:26.789,1,0,0,0,0
22:12:27.090,1,0,0,0,0
22:12:27.090,0,0,0,0,0
22:12:27.403,0,0,0,0,0
22:12:27.403,1,0,0,0,0
22:12:27.712,1,0,0,0,0
22:12:27.712,0,0,0,0,0
22:12:28.023,0,0,0,0,0
22:12:28.023,1,0,0,0,0
22:12:28.324,1,0,0,0,0
22:12:28.324,0,0,0,0,0
22:12:28.623,0,0,0,0,0
22:12:28.623,1,0,0,0,0
22:12:28.939,1,0,0,0,0
22:12:28.939,0,0,0,0,0
22:12:29.245,0,0,0,0,0
22:12:29.245,1,0,0,0,0
22:12:29.555,1,0,0,0,0
22:12:29.555,0,0,0,0,0
22:12:29.858,0,0,0,0,0
22:12:29.858,1,0,0,0,0
22:12:30.167,1,0,0,0,0
22:12:30.167,0,0,0,0,0
22:12:30.473,0,0,0,0,0
22:12:30.473,1,0,0,0,0
22:12:30.779,1,0,0,0,0
22:12:30.779,0,0,0,0,0
22:12:31.090,0,0,0,0,0
22:12:31.090,1,0,0,0,0
22:12:31.390,1,0,0,0,0
22:12:31.390,0,0,0,0,0
22:12:31.701,0,0,0,0,0
22:12:31.701,1,0,0,0,0
22:12:32.004,1,0,0,0,0
22:12:32.004,0,0,0,0,0
22:12:32.341,0,0,0,0,0
22:12:32.341,1,0,0,0,0
22:12:32.653,1,0,0,0,0
22:12:32.653,0,0,0,0,0
22:12:32.958,0,0,0,0,0
22:12:32.958,1,0,0,0,0
22:12:33.269,1,0,0,0,0
22:12:33.269,0,0,0,0,0
22:12:33.592,0,0,0,0,0
22:12:33.592,1,0,0,0,0
22:12:33.898,1,0,0,0,0
22:12:33.898,0,0,0,0,0
22:12:34.204,0,0,0,0,0
22:12:34.204,1,0,0,0,0
22:12:34.505,1,0,0,0,0
22:12:34.505,0,0,0,0,0
22:12:34.851,0,0,0,0,0
22:12:34.851,1,0,0,0,0
22:12:35.153,1,0,0,0,0
22:12:35.153,0,0,0,0,0
22:12:35.455,0,0,0,0,0
22:12:35.455,1,0,0,0,0
22:12:35.757,1,0,0,0,0
22:12:35.757,0,0,0,0,0
22:12:36.069,0,0,0,0,0
22:12:36.069,1,0,0,0,0
22:12:36.371,1,0,0,0,0
22:12:36.371,0,0,0,0,0
22:12:36.680,0,0,0,0,0
22:12:36.680,1,0,0,0,0
22:12:36.989,1,0,0,0,0
22:12:36.989,0,0,0,0,0
22:12:37.318,0,0,0,0,0
22:12:37.318,1,0,0,0,0
22:12:37.633,1,0,0,0,0
22:12:37.633,0,0,0,0,0
22:12:37.938,0,0,0,0,0
22:12:37.938,1,0,0,0,0
22:12:38.247,1,0,0,0,0
22:12:38.247,0,0,0,0,0
22:12:38.552,0,0,0,0,0
22:12:38.552,1,0,0,0,0
22:12:38.854,1,0,0,0,0
22:12:38.854,0,0,0,0,0
22:12:39.163,0,0,0,0,0
22:12:39.163,1,0,0,0,0
22:12:39.472,1,0,0,0,0
22:12:39.472,0,0,0,0,0
22:12:39.778,0,0,0,0,0
22:12:39.778,1,0,0,0,0
22:12:40.087,1,0,0,0,0
22:12:40.087,0,0,0,0,0
22:12:40.387,0,0,0,0,0
22:12:40.387,1,0,0,0,0
22:12:40.700,1,0,0,0,0
22:12:40.700,0,0,0,0,0
22:12:41.031,0,0,0,0,0
22:12:41.031,1,0,0,0,0
22:12:41.343,1,0,0,0,0
22:12:41.343,0,0,0,0,0
22:12:41.651,0,0,0,0,0
22:12:41.651,1,0,0,0,0
22:12:41.954,1,0,0,0,0
22:12:41.954,0,0,0,0,0
22:12:42.265,0,0,0,0,0
22:12:42.265,1,0,0,0,0
22:12:42.570,1,0,0,0,0
22:12:42.570,0,0,0,0,0
22:12:42.879,0,0,0,0,0
22:12:42.879,1,0,0,0,0
22:12:43.187,1,0,0,0,0
22:12:43.187,0,0,0,0,0
22:12:43.510,0,0,0,0,0
22:12:43.510,1,0,0,0,0
22:12:43.819,1,0,0,0,0
22:12:43.819,0,0,0,0,0
22:12:44.132,0,0,0,0,0
22:12:44.132,1,0,0,0,0
22:12:44.465,1,0,0,0,0
22:12:44.465,0,0,0,0,0
22:12:44.772,0,0,0,0,0
22:12:44.772,1,0,0,0,0
22:12:45.084,1,0,0,0,0
22:12:45.084,0,0,0,0,0
22:12:45.384,0,0,0,0,0
22:12:45.384,1,0,0,0,0
22:12:45.707,1,0,0,0,0
22:12:45.707,0,0,0,0,0
22:12:46.021,0,0,0,0,0
22:12:46.021,1,0,0,0,0
22:12:46.322,1,0,0,0,0
22:12:46.322,0,0,0,0,0
22:12:46.632,0,0,0,0,0
22:12:46.632,1,0,0,0,0
22:12:46.936,1,0,0,0,0
22:12:46.936,0,0,0,0,0
22:12:47.241,0,0,0,0,0
22:12:47.241,1,0,0,0,0
22:12:47.553,1,0,0,0,0
22:12:47.553,0,0,0,0,0
22:12:47.854,0,0,0,0,0
22:12:47.854,1,0,0,0,0
22:12:48.164,1,0,0,0,0
22:12:48.164,0,0,0,0,0
22:12:48.473,0,0,0,0,0
22:12:48.473,1,0,0,0,0
22:12:48.773,1,0,0,0,0
22:12:48.773,0,0,0,0,0
22:12:49.086,0,0,0,0,0
22:12:49.086,1,0,0,0,0
22:12:49.387,1,0,0,0,0
22:12:49.387,0,0,0,0,0
22:12:49.700,0,0,0,0,0
22:12:49.700,1,0,0,0,0
22:12:50.000,1,0,0,0,0
22:12:50.000,0,0,0,0,0
22:12:50.311,0,0,0,0,0
22:12:50.311,1,0,0,0,0
22:12:50.618,1,0,0,0,0
22:12:50.618,0,0,0,0,0
22:12:50.921,0,0,0,0,0
22:12:50.921,1,0,0,0,0
22:12:51.234,1,0,0,0,0
22:12:51.234,0,0,0,0,0
22:12:51.535,0,0,0,0,0
22:12:51.535,1,0,0,0,0
22:12:51.847,1,0,0,0,0
22:12:51.847,0,0,0,0,0
22:12:52.147,0,0,0,0,0
22:12:52.147,1,0,0,0,0
22:12:52.453,1,0,0,0,0
22:12:52.453,0,0,0,0,0
22:12:52.766,0,0,0,0,0
22:12:52.766,1,0,0,0,0
22:12:53.067,1,0,0,0,0
22:12:53.067,0,0,0,0,0
22:12:53.399,0,0,0,0,0
22:12:53.399,1,0,0,0,0
22:12:53.710,1,0,0,0,0
22:12:53.710,0,0,0,0,0
22:12:54.020,0,0,0,0,0
22:12:54.020,1,0,0,0,0
22:12:54.334,1,0,0,0,0
22:12:54.334,0,0,0,0,0
22:12:54.647,0,0,0,0,0
22:12:54.647,1,0,0,0,0
22:12:54.958,1,0,0,0,0
22:12:54.958,0,0,0,0,0
22:12:55.273,0,0,0,0,0
22:12:55.273,1,0,0,0,0
22:12:55.583,1,0,0,0,0
22:12:55.583,0,0,0,0,0
22:12:55.889,0,0,0,0,0
22:12:55.889,1,0,0,0,0
22:12:56.193,1,0,0,0,0
22:12:56.193,0,0,0,0,0
22:12:56.499,0,0,0,0,0
22:12:56.499,1,0,0,0,0
22:12:56.806,1,0,0,0,0
22:12:56.806,0,0,0,0,0
22:12:57.155,0,0,0,0,0
22:12:57.155,1,0,0,0,0
22:12:57.457,1,0,0,0,0
22:12:57.457,0,0,0,0,0
22:12:57.760,0,0,0,0,0
22:12:57.760,1,0,0,0,0
22:12:58.067,1,0,0,0,0
22:12:58.067,0,0,0,0,0
22:12:58.420,0,0,0,0,0
22:12:58.420,1,0,0,0,0
22:12:58.729,1,0,0,0,0
22:12:58.729,0,0,0,0,0
22:12:59.036,0,0,0,0,0
22:12:59.036,1,0,0,0,0
22:12:59.341,1,0,0,0,0
22:12:59.341,0,0,0,0,0
22:12:59.659,0,0,0,0,0
22:12:59.659,1,0,0,0,0
22:12:59.979,1,0,0,0,0
22:12:59.979,0,0,0,0,0
22:13:00.281,0,0,0,0,0
22:13:00.281,1,0,0,0,0
22:13:00.583,1,0,0,0,0
22:13:00.583,0,0,0,0,0
22:13:00.893,0,0,0,0,0
22:13:00.893,1,0,0,0,0
22:13:01.194,1,0,0,0,0
22:13:01.194,0,0,0,0,0
22:13:01.500,0,0,0,0,0
22:13:01.500,1,0,0,0,0
22:13:01.801,1,0,0,0,0
22:13:01.801,0,0,0,0,0
22:13:02.113,0,0,0,0,0
22:13:02.113,1,0,0,0,0
22:13:02.413,1,0,0,0,0
22:13:02.413,0,0,0,0,0
22:13:02.725,0,0,0,0,0
22:13:02.725,1,0,0,0,0
22:13:03.034,1,0,0,0,0
22:13:03.034,0,0,0,0,0
22:13:03.335,0,0,0,0,0
22:13:03.335,1,0,0,0,0
22:13:03.646,1,0,0,0,0
22:13:03.646,0,0,0,0,0
22:13:03.950,0,0,0,0,0
22:13:03.950,1,0,0,0,0
22:13:04.259,1,0,0,0,0
22:13:04.259,0,0,0,0,0
22:13:04.565,0,0,0,0,0
22:13:04.565,1,0,0,0,0
22:13:04.865,1,0,0,0,0
22:13:04.865,0,0,0,0,0
22:13:05.178,0,0,0,0,0
22:13:05.178,1,0,0,0,0
22:13:05.485,1,0,0,0,0
22:13:05.485,0,0,0,0,0
22:13:05.785,0,0,0,0,0
22:13:05.785,1,0,0,0,0
22:13:06.088,1,0,0,0,0
22:13:06.088,0,0,0,0,0
22:13:06.398,0,0,0,0,0
22:13:06.398,1,0,0,0,0
22:13:06.710,1,0,0,0,0
22:13:06.710,0,0,0,0,0
22:13:07.018,0,0,0,0,0
22:13:07.018,1,0,0,0,0
22:13:07.358,1,0,0,0,0
22:13:07.358,0,0,0,0,0
22:13:07.666,0,0,0,0,0
22:13:07.666,1,0,0,0,0
22:13:07.974,1,0,0,0,0
22:13:07.974,0,0,0,0,0
22:13:08.276,0,0,0,0,0
22:13:08.276,1,0,0,0,0
22:13:08.590,1,0,0,0,0
22:13:08.590,0,0,0,0,0
22:13:08.890,0,0,0,0,0
22:13:08.890,1,0,0,0,0
22:13:09.200,1,0,0,0,0
22:13:09.200,0,0,0,0,0
22:13:09.518,0,0,0,0,0
22:13:09.518,1,0,0,0,0
22:13:09.844,1,0,0,0,0
22:13:09.844,0,0,0,0,0
22:13:10.158,0,0,0,0,0
22:13:10.158,1,0,0,0,0
22:13:10.466,1,0,0,0,0
22:13:10.466,0,0,0,0,0
22:13:10.767,0,0,0,0,0
22:13:10.767,1,0,0,0,0
22:13:11.078,1,0,0,0,0
22:13:11.078,0,0,0,0,0
22:13:11.381,0,0,0,0,0
22:13:11.381,1,0,0,0,0
22:13:11.693,1,0,0,0,0
22:13:11.693,0,0,0,0,0
22:13:11.998,0,0,0,0,0
22:13:11.998,1,0,0,0,0
22:13:12.302,1,0,0,0,0
22:13:12.302,0,0,0,0,0
22:13:12.612,0,0,0,0,0
22:13:12.612,1,0,0,0,0
22:13:12.915,1,0,0,0,0
22:13:12.915,0,0,0,0,0
22:13:13.223,0,0,0,0,0
22:13:13.223,1,0,0,0,0
22:13:13.532,1,0,0,0,0
22:13:13.532,0,0,0,0,0
22:13:13.848,0,0,0,0,0
22:13:13.848,1,0,0,0,0
22:13:14.161,1,0,0,0,0
22:13:14.161,0,0,0,0,0
22:13:14.466,0,0,0,0,0
22:13:14.466,1,0,0,0,0
22:13:14.768,1,0,0,0,0
22:13:14.768,0,0,0,0,0
22:13:15.078,0,0,0,0,0
22:13:15.078,1,0,0,0,0
22:13:15.391,1,0,0,0,0
22:13:15.391,0,0,0,0,0
22:13:15.693,0,0,0,0,0
22:13:15.693,1,0,0,0,0
22:13:15.998,1,0,0,0,0
22:13:15.998,0,0,0,0,0
22:13:16.310,0,0,0,0,0
22:13:16.310,1,0,0,0,0
22:13:16.614,1,0,0,0,0
22:13:16.614,0,0,0,0,0
22:13:16.917,0,0,0,0,0
22:13:16.917,1,0,0,0,0
22:13:17.228,1,0,0,0,0
22:13:17.228,0,0,0,0,0
22:13:17.579,0,0,0,0,0
22:13:17.579,1,0,0,0,0
22:13:17.889,1,0,0,0,0
22:13:17.889,0,0,0,0,0
22:13:18.190,0,0,0,0,0
22:13:18.190,1,0,0,0,0
22:13:18.497,1,0,0,0,0
22:13:18.497,0,0,0,0,0
22:13:18.813,0,0,0,0,0
22:13:18.813,1,0,0,0,0
22:13:19.127,1,0,0,0,0
22:13:19.127,0,0,0,0,0
22:13:19.441,0,0,0,0,0
22:13:19.441,1,0,0,0,0
22:13:19.756,1,0,0,0,0
22:13:19.756,0,0,0,0,0
22:13:20.063,0,0,0,0,0
22:13:20.063,1,0,0,0,0
22:13:20.369,1,0,0,0,0
22:13:20.369,0,0,0,0,0
22:13:20.681,0,0,0,0,0
22:13:20.681,1,0,0,0,0
22:13:20.982,1,0,0,0,0
22:13:20.982,0,0,0,0,0
22:13:21.282,0,0,0,0,0
22:13:21.282,1,0,0,0,0
22:13:21.585,1,0,0,0,0
22:13:21.585,0,0,0,0,0
22:13:21.897,0,0,0,0,0
22:13:21.897,1,0,0,0,0
22:13:22.199,1,0,0,0,0
22:13:22.199,0,0,0,0,0
22:13:22.499,0,0,0,0,0
22:13:22.499,1,0,0,0,0
22:13:22.808,1,0,0,0,0
22:13:22.808,0,0,0,0,0
22:13:23.109,0,0,0,0,0
22:13:23.109,1,0,0,0,0
22:13:23.411,1,0,0,0,0
22:13:23.411,0,0,0,0,0
22:13:23.714,0,0,0,0,0
22:13:23.714,1,0,0,0,0
22:13:24.014,1,0,0,0,0
22:13:24.014,0,0,0,0,0
22:13:24.315,0,0,0,0,0
22:13:24.315,1,0,0,0,0
22:13:24.620,1,0,0,0,0
22:13:24.620,0,0,0,0,0
22:13:24.925,0,0,0,0,0
22:13:24.925,1,0,0,0,0
22:13:25.241,1,0,0,0,0
22:13:25.241,0,0,0,0,0
22:13:25.546,0,0,0,0,0
22:13:25.546,1,0,0,0,0
22:13:25.858,1,0,0,0,0
22:13:25.858,0,0,0,0,0
22:13:26.204,0,0,0,0,0
22:13:26.204,1,0,0,0,0
22:13:26.511,1,0,0,0,0
22:13:26.511,0,0,0,0,0
22:13:26.823,0,0,0,0,0
22:13:26.823,1,0,0,0,0
22:13:27.131,1,0,0,0,0
22:13:27.131,0,0,0,0,0
22:13:27.452,0,0,0,0,0
22:13:27.452,1,0,0,0,0
22:13:27.756,1,0,0,0,0
22:13:27.756,0,0,0,0,0
22:13:28.056,0,0,0,0,0
22:13:28.056,1,0,0,0,0
22:13:28.363,1,0,0,0,0
22:13:28.363,0,0,0,0,0
22:13:28.671,0,0,0,0,0
22:13:28.671,1,0,0,0,0
22:13:28.983,1,0,0,0,0
22:13:28.983,0,0,0,0,0
22:13:29.293,0,0,0,0,0
22:13:29.293,1,0,0,0,0
22:13:29.597,1,0,0,0,0
22:13:29.597,0,0,0,0,0
22:13:29.944,0,0,0,0,0
22:13:29.944,1,0,0,0,0
22:13:30.246,1,0,0,0,0
22:13:30.246,0,0,0,0,0
22:13:30.547,0,0,0,0,0
22:13:30.547,1,0,0,0,0
22:13:30.856,1,0,0,0,0
22:13:30.856,0,0,0,0,0
22:13:31.202,0,0,0,0,0
22:13:31.202,1,0,0,0,0
22:13:31.512,1,0,0,0,0
22:13:31.512,0,0,0,0,0
22:13:31.814,0,0,0,0,0
22:13:31.814,1,0,0,0,0
22:13:32.115,1,0,0,0,0
22:13:32.115,0,0,0,0,0
22:13:32.418,0,0,0,0,0
22:13:32.418,1,0,0,0,0
22:13:32.730,1,0,0,0,0
22:13:32.730,0,0,0,0,0
22:13:33.030,0,0,0,0,0
22:13:33.030,1,0,0,0,0
22:13:33.331,1,0,0,0,0
22:13:33.331,0,0,0,0,0
22:13:33.688,0,0,0,0,0
22:13:33.688,1,0,0,0,0
22:13:33.989,1,0,0,0,0
22:13:33.989,0,0,0,0,0
22:13:34.293,0,0,0,0,0
22:13:34.293,1,0,0,0,0
22:13:34.594,1,0,0,0,0
22:13:34.594,0,0,0,0,0
22:13:34.909,0,0,0,0,0
22:13:34.909,1,0,0,0,0
22:13:35.213,1,0,0,0,0
22:13:35.213,0,0,0,0,0
22:13:35.526,0,0,0,0,0
22:13:35.526,1,0,0,0,0
22:13:35.826,1,0,0,0,0
22:13:35.826,0,0,0,0,0
22:13:36.141,0,0,0,0,0
22:13:36.141,1,0,0,0,0
22:13:36.444,1,0,0,0,0
22:13:36.444,0,0,0,0,0
22:13:36.752,0,0,0,0,0
22:13:36.752,1,0,0,0,0
22:13:37.054,1,0,0,0,0
22:13:37.054,0,0,0,0,0
22:13:37.356,0,0,0,0,0
22:13:37.356,1,0,0,0,0
22:13:37.658,1,0,0,0,0
22:13:37.658,0,0,0,0,0
22:13:37.958,0,0,0,0,0
22:13:37.958,1,0,0,0,0
22:13:38.263,1,0,0,0,0
22:13:38.263,0,0,0,0,0
22:13:38.578,0,0,0,0,0
22:13:38.578,1,0,0,0,0
22:13:38.878,1,0,0,0,0
22:13:38.878,0,0,0,0,0
22:13:39.179,0,0,0,0,0
22:13:39.179,1,0,0,0,0
22:13:39.479,1,0,0,0,0
22:13:39.479,0,0,0,0,0
22:13:39.791,0,0,0,0,0
22:13:39.791,1,0,0,0,0
22:13:40.093,1,0,0,0,0
22:13:40.093,0,0,0,0,0
22:13:40.394,0,0,0,0,0
22:13:40.394,1,0,0,0,0
22:13:40.695,1,0,0,0,0
22:13:40.695,0,0,0,0,0
22:13:41.050,0,0,0,0,0
22:13:41.050,1,0,0,0,0
22:13:41.356,1,0,0,0,0
22:13:41.356,0,0,0,0,0
22:13:41.662,0,0,0,0,0
22:13:41.662,1,0,0,0,0
22:13:41.963,1,0,0,0,0
22:13:41.963,0,0,0,0,0
22:13:42.266,0,0,0,0,0
22:13:42.266,1,0,0,0,0
22:13:42.567,1,0,0,0,0
22:13:42.567,0,0,0,0,0
22:13:42.882,0,0,0,0,0
22:13:42.882,1,0,0,0,0
22:13:43.197,1,0,0,0,0
22:13:43.197,0,0,0,0,0
22:13:43.553,0,0,0,0,0
22:13:43.553,1,0,0,0,0
22:13:43.865,1,0,0,0,0
22:13:43.865,0,0,0,0,0
22:13:44.166,0,0,0,0,0
22:13:44.166,1,0,0,0,0
22:13:44.477,1,0,0,0,0
22:13:44.477,0,0,0,0,0
22:13:44.792,0,0,0,0,0
22:13:44.792,1,0,0,0,0
22:13:45.103,1,0,0,0,0
22:13:45.103,0,0,0,0,0
22:13:45.409,0,0,0,0,0
22:13:45.409,1,0,0,0,0
22:13:45.710,1,0,0,0,0
22:13:45.710,0,0,0,0,0
22:13:46.037,0,0,0,0,0
22:13:46.037,1,0,0,0,0
22:13:46.350,1,0,0,0,0
22:13:46.350,0,0,0,0,0
22:13:46.650,0,0,0,0,0
22:13:46.650,1,0,0,0,0
22:13:46.952,1,0,0,0,0
22:13:46.952,0,0,0,0,0
22:13:47.259,0,0,0,0,0
22:13:47.259,1,0,0,0,0
22:13:47.571,1,0,0,0,0
22:13:47.571,0,0,0,0,0
22:13:47.872,0,0,0,0,0
22:13:47.872,1,0,0,0,0
22:13:48.172,1,0,0,0,0
22:13:48.172,0,0,0,0,0
22:13:48.488,0,0,0,0,0
22:13:48.488,1,0,0,0,0
22:13:48.804,1,0,0,0,0
22:13:48.804,0,0,0,0,0
22:13:49.106,0,0,0,0,0
22:13:49.106,1,0,0,0,0
22:13:49.409,1,0,0,0,0
22:13:49.409,0,0,0,0,0
22:13:49.725,0,0,0,0,0
22:13:49.725,1,0,0,0,0
22:13:50.024,1,0,0,0,0
22:13:50.024,0,0,0,0,0
22:13:50.325,0,0,0,0,0
22:13:50.325,1,0,0,0,0
22:13:50.626,1,0,0,0,0
22:13:50.626,0,0,0,0,0
22:13:50.929,0,0,0,0,0
22:13:50.929,1,0,0,0,0
22:13:51.231,1,0,0,0,0
22:13:51.231,0,0,0,0,0
22:13:51.533,0,0,0,0,0
22:13:51.533,1,0,0,0,0
22:13:51.867,1,0,0,0,0
22:13:51.867,0,0,0,0,0
22:13:52.170,0,0,0,0,0
22:13:52.170,1,0,0,0,0
22:13:52.471,1,0,0,0,0
22:13:52.471,0,0,0,0,0
22:13:52.774,0,0,0,0,0
22:13:52.774,1,0,0,0,0
22:13:53.075,1,0,0,0,0
22:13:53.075,0,0,0,0,0
22:13:53.382,0,0,0,0,0
22:13:53.382,1,0,0,0,0
22:13:53.683,1,0,0,0,0
22:13:53.683,0,0,0,0,0
22:13:53.983,0,0,0,0,0
22:13:53.983,1,0,0,0,0
22:13:54.301,1,0,0,0,0
22:13:54.301,0,0,0,0,0
22:13:54.604,0,0,0,0,0
22:13:54.604,1,0,0,0,0
22:13:54.905,1,0,0,0,0
22:13:54.905,0,0,0,0,0
22:13:55.209,0,0,0,0,0
22:13:55.209,1,0,0,0,0
22:13:55.510,1,0,0,0,0
22:13:55.510,0,0,0,0,0
22:13:55.823,0,0,0,0,0
22:13:55.823,1,0,0,0,0
22:13:56.125,1,0,0,0,0
22:13:56.125,0,0,0,0,0
22:13:56.426,0,0,0,0,0
22:13:56.426,1,0,0,0,0
22:13:56.727,1,0,0,0,0
22:13:56.727,0,0,0,0,0
22:13:57.027,0,0,0,0,0
22:13:57.027,1,0,0,0,0
22:13:57.343,1,0,0,0,0
22:13:57.343,0,0,0,0,0
22:13:57.642,0,0,0,0,0
22:13:57.642,1,0,0,0,0
22:13:57.946,1,0,0,0,0
22:13:57.946,0,0,0,0,0
22:13:58.247,0,0,0,0,0
22:13:58.247,1,0,0,0,0
22:13:58.549,1,0,0,0,0
22:13:58.549,0,0,0,0,0
22:13:58.851,0,0,0,0,0
22:13:58.851,1,0,0,0,0
22:13:59.153,1,0,0,0,0
22:13:59.153,0,0,0,0,0
22:13:59.456,0,0,0,0,0
22:13:59.456,1,0,0,0,0
22:13:59.757,1,0,0,0,0
22:13:59.757,0,0,0,0,0
22:14:00.065,0,0,0,0,0
22:14:00.065,1,0,0,0,0
22:14:00.388,1,0,0,0,0
22:14:00.388,0,0,0,0,0
22:14:00.690,0,0,0,0,0
22:14:00.690,1,0,0,0,0
22:14:01.000,1,0,0,0,0
22:14:01.000,0,0,0,0,0
22:14:01.303,0,0,0,0,0
22:14:01.303,1,0,0,0,0
22:14:01.605,1,0,0,0,0
22:14:01.605,0,0,0,0,0
22:14:01.909,0,0,0,0,0
22:14:01.909,1,0,0,0,0
22:14:02.211,1,0,0,0,0
22:14:02.211,0,0,0,0,0
22:14:02.512,0,0,0,0,0
22:14:02.512,1,0,0,0,0
22:14:02.815,1,0,0,0,0
22:14:02.815,0,0,0,0,0
22:14:03.120,0,0,0,0,0
22:14:03.120,1,0,0,0,0
22:14:03.422,1,0,0,0,0
22:14:03.422,0,0,0,0,0
22:14:03.760,0,0,0,0,0
22:14:03.760,1,0,0,0,0
22:14:04.076,1,0,0,0,0
22:14:04.076,0,0,0,0,0
22:14:04.380,0,0,0,0,0
22:14:04.380,1,0,0,0,0
22:14:04.682,1,0,0,0,0
22:14:04.682,0,0,0,0,0
22:14:05.000,0,0,0,0,0
22:14:05.000,1,0,0,0,0
22:14:05.321,1,0,0,0,0
22:14:05.321,0,0,0,0,0
22:14:05.622,0,0,0,0,0
22:14:05.622,1,0,0,0,0
22:14:05.923,1,0,0,0,0
22:14:05.923,0,0,0,0,0
22:14:06.230,0,0,0,0,0
22:14:06.230,1,0,0,0,0
22:14:06.530,1,0,0,0,0
22:14:06.530,0,0,0,0,0
22:14:06.832,0,0,0,0,0
22:14:06.832,1,0,0,0,0
22:14:07.133,1,0,0,0,0
22:14:07.133,0,0,0,0,0
22:14:07.447,0,0,0,0,0
22:14:07.447,1,0,0,0,0
22:14:07.753,1,0,0,0,0
22:14:07.753,0,0,0,0,0
22:14:08.055,0,0,0,0,0
22:14:08.055,1,0,0,0,0
22:14:08.356,1,0,0,0,0
22:14:08.356,0,0,0,0,0
22:14:08.697,0,0,0,0,0
22:14:08.697,1,0,0,0,0
22:14:09.005,1,0,0,0,0
22:14:09.005,0,0,0,0,0
22:14:09.320,0,0,0,0,0
22:14:09.320,1,0,0,0,0
22:14:09.623,1,0,0,0,0
22:14:09.623,0,0,0,0,0
22:14:09.965,0,0,0,0,0
22:14:09.965,1,0,0,0,0
22:14:10.273,1,0,0,0,0
22:14:10.273,0,0,0,0,0
22:14:10.575,0,0,0,0,0
22:14:10.575,1,0,0,0,0
22:14:10.877,1,0,0,0,0
22:14:10.877,0,0,0,0,0
22:14:11.227,0,0,0,0,0
22:14:11.227,1,0,0,0,0
22:14:11.545,1,0,0,0,0
22:14:11.545,0,0,0,0,0
22:14:11.847,0,0,0,0,0
22:14:11.847,1,0,0,0,0
22:14:12.162,1,0,0,0,0
22:14:12.162,0,0,0,0,0
22:14:12.479,0,0,0,0,0
22:14:12.479,1,0,0,0,0
22:14:12.781,1,0,0,0,0
22:14:12.781,0,0,0,0,0
22:14:13.086,0,0,0,0,0
22:14:13.086,1,0,0,0,0
22:14:13.388,1,0,0,0,0
22:14:13.388,0,0,0,0,0
22:14:13.741,0,0,0,0,0
22:14:13.741,1,0,0,0,0
22:14:14.055,1,0,0,0,0
22:14:14.055,0,0,0,0,0
22:14:14.357,0,0,0,0,0
22:14:14.357,1,0,0,0,0
22:14:14.658,1,0,0,0,0
22:14:14.658,0,0,0,0,0
22:14:14.973,0,0,0,0,0
22:14:14.973,1,0,0,0,0
22:14:15.279,1,0,0,0,0
22:14:15.279,0,0,0,0,0
22:14:15.589,0,0,0,0,0
22:14:15.589,1,0,0,0,0
22:14:15.890,1,0,0,0,0
22:14:15.890,0,0,0,0,0
22:14:16.191,0,0,0,0,0
22:14:16.191,1,0,0,0,0
22:14:16.503,1,0,0,0,0
22:14:16.503,0,0,0,0,0
22:14:16.804,0,0,0,0,0
22:14:16.804,1,0,0,0,0
22:14:17.104,1,0,0,0,0
22:14:17.104,0,0,0,0,0
22:14:17.405,0,0,0,0,0
22:14:17.405,1,0,0,0,0
22:14:17.720,1,0,0,0,0
22:14:17.720,0,0,0,0,0
22:14:18.021,0,0,0,0,0
22:14:18.021,1,0,0,0,0
22:14:18.324,1,0,0,0,0
22:14:18.324,0,0,0,0,0
22:14:18.636,0,0,0,0,0
22:14:18.636,1,0,0,0,0
22:14:18.943,1,0,0,0,0
22:14:18.943,0,0,0,0,0
22:14:19.245,0,0,0,0,0
22:14:19.245,1,0,0,0,0
22:14:19.545,1,0,0,0,0
22:14:19.545,0,0,0,0,0
22:14:19.846,0,0,0,0,0
22:14:19.846,1,0,0,0,0
22:14:20.149,1,0,0,0,0
22:14:20.149,0,0,0,0,0
22:14:20.464,0,0,0,0,0
22:14:20.464,1,0,0,0,0
22:14:20.766,1,0,0,0,0
22:14:20.766,0,0,0,0,0
22:14:21.070,0,0,0,0,0
22:14:21.070,1,0,0,0,0
22:14:21.371,1,0,0,0,0
22:14:21.371,0,0,0,0,0
22:14:21.672,0,0,0,0,0
22:14:21.672,1,0,0,0,0
22:14:21.973,1,0,0,0,0
22:14:21.973,0,0,0,0,0
22:14:22.274,0,0,0,0,0
22:14:22.274,1,0,0,0,0
22:14:22.577,1,0,0,0,0
22:14:22.577,0,0,0,0,0
22:14:22.877,0,0,0,0,0
22:14:22.877,1,0,0,0,0
22:14:23.175,1,0,0,0,0
22:14:23.175,0,0,0,0,0
22:14:23.483,0,0,0,0,0
22:14:23.483,1,0,0,0,0
22:14:23.783,1,0,0,0,0
22:14:23.783,0,0,0,0,0
22:14:24.085,0,0,0,0,0
22:14:24.085,1,0,0,0,0
22:14:24.386,1,0,0,0,0
22:14:24.386,0,0,0,0,0
22:14:24.689,0,0,0,0,0
22:14:24.689,1,0,0,0,0
22:14:24.992,1,0,0,0,0
22:14:24.992,0,0,0,0,0
22:14:25.294,0,0,0,0,0
22:14:25.294,1,0,0,0,0
22:14:25.597,1,0,0,0,0
22:14:25.597,0,0,0,0,0
22:14:25.904,0,0,0,0,0
22:14:25.904,1,0,0,0,0
22:14:26.206,1,0,0,0,0
22:14:26.206,0,0,0,0,0
22:14:26.529,0,0,0,0,0
22:14:26.529,1,0,0,0,0
22:14:26.835,1,0,0,0,0
22:14:26.835,0,0,0,0,0
22:14:27.138,0,0,0,0,0
22:14:27.138,1,0,0,0,0
22:14:27.439,1,0,0,0,0
22:14:27.439,0,0,0,0,0
22:14:27.791,0,0,0,0,0
22:14:27.791,1,0,0,0,0
22:14:28.104,1,0,0,0,0
22:14:28.104,0,0,0,0,0
22:14:28.406,0,0,0,0,0
22:14:28.406,1,0,0,0,0
22:14:28.718,1,0,0,0,0
22:14:28.718,0,0,0,0,0
22:14:29.026,0,0,0,0,0
22:14:29.026,1,0,0,0,0
22:14:29.340,1,0,0,0,0
22:14:29.340,0,0,0,0,0
22:14:29.653,0,0,0,0,0
22:14:29.653,1,0,0,0,0
22:14:29.955,1,0,0,0,0
22:14:29.955,0,0,0,0,0
22:14:30.256,0,0,0,0,0
22:14:30.256,1,0,0,0,0
22:14:30.557,1,0,0,0,0
22:14:30.557,0,0,0,0,0
22:14:30.858,0,0,0,0,0
22:14:30.858,1,0,0,0,0
22:14:31.171,1,0,0,0,0
22:14:31.171,0,0,0,0,0
22:14:31.513,0,0,0,0,0
22:14:31.513,1,0,0,0,0
22:14:31.819,1,0,0,0,0
22:14:31.819,0,0,0,0,0
22:14:32.134,0,0,0,0,0
22:14:32.134,1,0,0,0,0
22:14:32.437,1,0,0,0,0
22:14:32.437,0,0,0,0,0
22:14:32.756,0,0,0,0,0
22:14:32.756,1,0,0,0,0
22:14:33.072,1,0,0,0,0
22:14:33.072,0,0,0,0,0
22:14:33.374,0,0,0,0,0
22:14:33.374,1,0,0,0,0
22:14:33.687,1,0,0,0,0
22:14:33.687,0,0,0,0,0
22:14:33.988,0,0,0,0,0
22:14:33.988,1,0,0,0,0
22:14:34.325,1,0,0,0,0
22:14:34.325,0,0,0,0,0
22:14:34.626,0,0,0,0,0
22:14:34.626,1,0,0,0,0
22:14:34.934,1,0,0,0,0
22:14:34.934,0,0,0,0,0
22:14:35.240,0,0,0,0,0
22:14:35.240,1,0,0,0,0
22:14:35.543,1,0,0,0,0
22:14:35.543,0,0,0,0,0
22:14:35.854,0,0,0,0,0
22:14:35.854,1,0,0,0,0
22:14:36.169,1,0,0,0,0
22:14:36.169,0,0,0,0,0
22:14:36.469,0,0,0,0,0
22:14:36.469,1,0,0,0,0
22:14:36.773,1,0,0,0,0
22:14:36.773,0,0,0,0,0
22:14:37.079,0,0,0,0,0
22:14:37.079,1,0,0,0,0
22:14:37.380,1,0,0,0,0
22:14:37.380,0,0,0,0,0
22:14:37.686,0,0,0,0,0
22:14:37.686,1,0,0,0,0
22:14:38.023,1,0,0,0,0
22:14:38.023,0,0,0,0,0
22:14:38.331,0,0,0,0,0
22:14:38.331,1,0,0,0,0
22:14:38.631,1,0,0,0,0
22:14:38.631,0,0,0,0,0
22:14:38.931,0,0,0,0,0
22:14:38.931,1,0,0,0,0
22:14:39.273,1,0,0,0,0
22:14:39.273,0,0,0,0,0
22:14:39.584,0,0,0,0,0
22:14:39.584,1,0,0,0,0
22:14:39.884,1,0,0,0,0
22:14:39.884,0,0,0,0,0
22:14:40.184,0,0,0,0,0
22:14:40.184,1,0,0,0,0
22:14:40.510,1,0,0,0,0
22:14:40.510,0,0,0,0,0
22:14:40.815,0,0,0,0,0
22:14:40.815,1,0,0,0,0
22:14:41.120,1,0,0,0,0
22:14:41.120,0,0,0,0,0
22:14:41.420,0,0,0,0,0
22:14:41.420,1,0,0,0,0
22:14:41.723,1,0,0,0,0
22:14:41.723,0,0,0,0,0
22:14:42.031,0,0,0,0,0
22:14:42.031,1,0,0,0,0
22:14:42.332,1,0,0,0,0
22:14:42.332,0,0,0,0,0
22:14:42.636,0,0,0,0,0
22:14:42.636,1,0,0,0,0
22:14:42.937,1,0,0,0,0
22:14:42.937,0,0,0,0,0
22:14:43.244,0,0,0,0,0
22:14:43.244,1,0,0,0,0
22:14:43.552,1,0,0,0,0
22:14:43.552,0,0,0,0,0
22:14:43.853,0,0,0,0,0
22:14:43.853,1,0,0,0,0
22:14:44.171,1,0,0,0,0
22:14:44.171,0,0,0,0,0
22:14:44.474,0,0,0,0,0
22:14:44.474,1,0,0,0,0
22:14:44.777,1,0,0,0,0
22:14:44.777,0,0,0,0,0
22:14:45.085,0,0,0,0,0
22:14:45.085,1,0,0,0,0
22:14:45.386,1,0,0,0,0
22:14:45.386,0,0,0,0,0
22:14:45.687,0,0,0,0,0
22:14:45.687,1,0,0,0,0
22:14:46.002,1,0,0,0,0
22:14:46.002,0,0,0,0,0
22:14:46.315,0,0,0,0,0
22:14:46.315,1,0,0,0,0
22:14:46.616,1,0,0,0,0
22:14:46.616,0,0,0,0,0
22:14:46.918,0,0,0,0,0
22:14:46.918,1,0,0,0,0
22:14:47.229,1,0,0,0,0
22:14:47.229,0,0,0,0,0
22:14:47.535,0,0,0,0,0
22:14:47.535,1,0,0,0,0
22:14:47.828,1,0,0,0,0
22:14:47.828,0,0,0,0,0
22:14:48.148,0,0,0,0,0
22:14:48.148,1,0,0,0,0
22:14:48.451,1,0,0,0,0
22:14:48.451,0,0,0,0,0
22:14:48.751,0,0,0,0,0
22:14:48.751,1,0,0,0,0
22:14:49.054,1,0,0,0,0
22:14:49.054,0,0,0,0,0
22:14:49.359,0,0,0,0,0
22:14:49.359,1,0,0,0,0
22:14:49.667,1,0,0,0,0
22:14:49.667,0,0,0,0,0
22:14:49.976,0,0,0,0,0
22:14:49.976,1,0,0,0,0
22:14:50.336,1,0,0,0,0
22:14:50.336,0,0,0,0,0
22:14:50.647,0,0,0,0,0
22:14:50.647,1,0,0,0,0
22:14:50.957,1,0,0,0,0
22:14:50.957,0,0,0,0,0
22:14:51.266,0,0,0,0,0
22:14:51.266,1,0,0,0,0
22:14:51.567,1,0,0,0,0
22:14:51.567,0,0,0,0,0
22:14:51.880,0,0,0,0,0
22:14:51.880,1,0,0,0,0
22:14:52.182,1,0,0,0,0
22:14:52.182,0,0,0,0,0
22:14:52.492,0,0,0,0,0
22:14:52.492,1,0,0,0,0
22:14:52.796,1,0,0,0,0
22:14:52.796,0,0,0,0,0
22:14:53.101,0,0,0,0,0
22:14:53.101,1,0,0,0,0
22:14:53.416,1,0,0,0,0
22:14:53.416,0,0,0,0,0
22:14:53.728,0,0,0,0,0
22:14:53.728,1,0,0,0,0
22:14:54.033,1,0,0,0,0
22:14:54.033,0,0,0,0,0
22:14:54.336,0,0,0,0,0
22:14:54.336,1,0,0,0,0
22:14:54.644,1,0,0,0,0
22:14:54.644,0,0,0,0,0
22:14:54.944,0,0,0,0,0
22:14:54.944,1,0,0,0,0
22:14:55.256,1,0,0,0,0
22:14:55.256,0,0,0,0,0
22:14:55.576,0,0,0,0,0
22:14:55.576,1,0,0,0,0
22:14:55.884,1,0,0,0,0
22:14:55.884,0,0,0,0,0
22:14:56.197,0,0,0,0,0
22:14:56.197,1,0,0,0,0
22:14:56.500,1,0,0,0,0
22:14:56.500,0,0,0,0,0
22:14:56.800,0,0,0,0,0
22:14:56.800,1,0,0,0,0
22:14:57.114,1,0,0,0,0
22:14:57.114,0,0,0,0,0
22:14:57.421,0,0,0,0,0
22:14:57.421,1,0,0,0,0
22:14:57.727,1,0,0,0,0
22:14:57.727,0,0,0,0,0
22:14:58.095,0,0,0,0,0
22:14:58.095,1,0,0,0,0
22:14:58.401,1,0,0,0,0
22:14:58.401,0,0,0,0,0
22:14:58.715,0,0,0,0,0
22:14:58.715,1,0,0,0,0
22:14:59.016,1,0,0,0,0
22:14:59.016,0,0,0,0,0
22:14:59.327,0,0,0,0,0
22:14:59.327,1,0,0,0,0
22:14:59.634,1,0,0,0,0
22:14:59.634,0,0,0,0,0
22:14:59.943,0,0,0,0,0
22:14:59.943,1,0,0,0,0
22:15:00.249,1,0,0,0,0
22:15:00.249,0,0,0,0,0
22:15:00.562,0,0,0,0,0
22:15:00.562,1,0,0,0,0
22:15:00.862,1,0,0,0,0
22:15:00.862,0,0,0,0,0
22:15:01.166,0,0,0,0,0
22:15:01.166,1,0,0,0,0
22:15:01.479,1,0,0,0,0
22:15:01.479,0,0,0,0,0
22:15:01.781,0,0,0,0,0
22:15:01.781,1,0,0,0,0
22:15:02.099,1,0,0,0,0
22:15:02.099,0,0,0,0,0
22:15:02.398,0,0,0,0,0
22:15:02.398,1,0,0,0,0
22:15:02.713,1,0,0,0,0
22:15:02.713,0,0,0,0,0
22:15:03.029,0,0,0,0,0
22:15:03.029,1,0,0,0,0
22:15:03.346,1,0,0,0,0
22:15:03.346,0,0,0,0,0
22:15:03.665,0,0,0,0,0
22:15:03.665,1,0,0,0,0
22:15:03.967,1,0,0,0,0
22:15:03.967,0,0,0,0,0
22:15:04.273,0,0,0,0,0
22:15:04.273,1,0,0,0,0
22:15:04.586,1,0,0,0,0
22:15:04.586,0,0,0,0,0
22:15:04.894,0,0,0,0,0
22:15:04.894,1,0,0,0,0
22:15:05.201,1,0,0,0,0
22:15:05.201,0,0,0,0,0
22:15:05.504,0,0,0,0,0
22:15:05.504,1,0,0,0,0
22:15:05.848,1,0,0,0,0
22:15:05.848,0,0,0,0,0
22:15:06.164,0,0,0,0,0
22:15:06.164,1,0,0,0,0
22:15:06.478,1,0,0,0,0
22:15:06.478,0,0,0,0,0
22:15:06.781,0,0,0,0,0
22:15:06.781,1,0,0,0,0
22:15:07.097,1,0,0,0,0
22:15:07.097,0,0,0,0,0
22:15:07.397,0,0,0,0,0
22:15:07.397,1,0,0,0,0
22:15:07.699,1,0,0,0,0
22:15:07.699,0,0,0,0,0
22:15:08.011,0,0,0,0,0
22:15:08.011,1,0,0,0,0
22:15:08.314,1,0,0,0,0
22:15:08.314,0,0,0,0,0
22:15:08.616,0,0,0,0,0
22:15:08.616,1,0,0,0,0
22:15:08.931,1,0,0,0,0
22:15:08.931,0,0,0,0,0
22:15:09.233,0,0,0,0,0
22:15:09.233,1,0,0,0,0
22:15:09.538,1,0,0,0,0
22:15:09.538,0,0,0,0,0
22:15:09.846,0,0,0,0,0
22:15:09.846,1,0,0,0,0
22:15:10.146,1,0,0,0,0
22:15:10.146,0,0,0,0,0
22:15:10.456,0,0,0,0,0
22:15:10.456,1,0,0,0,0
22:15:10.792,1,0,0,0,0
22:15:10.792,0,0,0,0,0
22:15:11.102,0,0,0,0,0
22:15:11.102,1,0,0,0,0
22:15:11.414,1,0,0,0,0
22:15:11.414,0,0,0,0,0
22:15:11.714,0,0,0,0,0
22:15:11.714,1,0,0,0,0
22:15:12.031,1,0,0,0,0
22:15:12.031,0,0,0,0,0
22:15:12.332,0,0,0,0,0
22:15:12.332,1,0,0,0,0
22:15:12.645,1,0,0,0,0
22:15:12.645,0,0,0,0,0
22:15:12.946,0,0,0,0,0
22:15:12.946,1,0,0,0,0
22:15:13.320,1,0,0,0,0
22:15:13.320,0,0,0,0,0
22:15:13.627,0,0,0,0,0
22:15:13.627,1,0,0,0,0
22:15:13.931,1,0,0,0,0
22:15:13.931,0,0,0,0,0
22:15:14.238,0,0,0,0,0
22:15:14.238,1,0,0,0,0
22:15:14.547,1,0,0,0,0
22:15:14.547,0,0,0,0,0
22:15:14.849,0,0,0,0,0
22:15:14.849,1,0,0,0,0
22:15:15.162,1,0,0,0,0
22:15:15.162,0,0,0,0,0
22:15:15.462,0,0,0,0,0
22:15:15.462,1,0,0,0,0
22:15:15.772,1,0,0,0,0
22:15:15.772,0,0,0,0,0
22:15:16.144,0,0,0,0,0
22:15:16.144,1,0,0,0,0
22:15:16.447,1,0,0,0,0
22:15:16.447,0,0,0,0,0
22:15:16.747,0,0,0,0,0
22:15:16.747,1,0,0,0,0
22:15:17.048,1,0,0,0,0
22:15:17.048,0,0,0,0,0
22:15:17.375,0,0,0,0,0
22:15:17.375,1,0,0,0,0
22:15:17.683,1,0,0,0,0
22:15:17.683,0,0,0,0,0
22:15:17.997,0,0,0,0,0
22:15:17.997,1,0,0,0,0
22:15:18.298,1,0,0,0,0
22:15:18.298,0,0,0,0,0
22:15:18.628,0,0,0,0,0
22:15:18.628,1,0,0,0,0
22:15:18.942,1,0,0,0,0
22:15:18.942,0,0,0,0,0
22:15:19.247,0,0,0,0,0
22:15:19.247,1,0,0,0,0
22:15:19.548,1,0,0,0,0
22:15:19.548,0,0,0,0,0
22:15:19.866,0,0,0,0,0
22:15:19.866,1,0,0,0,0
22:15:20.174,1,0,0,0,0
22:15:20.174,0,0,0,0,0
22:15:20.474,0,0,0,0,0
22:15:20.474,1,0,0,0,0
22:15:20.779,1,0,0,0,0
22:15:20.779,0,0,0,0,0
22:15:21.115,0,0,0,0,0
22:15:21.115,1,0,0,0,0
22:15:21.420,1,0,0,0,0
22:15:21.420,0,0,0,0,0
22:15:21.728,0,0,0,0,0
22:15:21.728,1,0,0,0,0
22:15:22.028,1,0,0,0,0
22:15:22.028,0,0,0,0,0
22:15:22.364,0,0,0,0,0
22:15:22.364,1,0,0,0,0
22:15:22.678,1,0,0,0,0
22:15:22.678,0,0,0,0,0
22:15:22.980,0,0,0,0,0
22:15:22.980,1,0,0,0,0
22:15:23.281,1,0,0,0,0
22:15:23.281,0,0,0,0,0
22:15:23.613,0,0,0,0,0
22:15:23.613,1,0,0,0,0
22:15:23.939,1,0,0,0,0
22:15:23.939,0,0,0,0,0
22:15:24.243,0,0,0,0,0
22:15:24.243,1,0,0,0,0
22:15:24.546,1,0,0,0,0
22:15:24.546,0,0,0,0,0
22:15:24.850,0,0,0,0,0
22:15:24.850,1,0,0,0,0
22:15:25.170,1,0,0,0,0
22:15:25.170,0,0,0,0,0
22:15:25.476,0,0,0,0,0
22:15:25.476,1,0,0,0,0
22:15:25.790,1,0,0,0,0
22:15:25.790,0,0,0,0,0
22:15:26.093,0,0,0,0,0
22:15:26.093,1,0,0,0,0
22:15:26.400,1,0,0,0,0
22:15:26.400,0,0,0,0,0
22:15:26.712,0,0,0,0,0
22:15:26.712,1,0,0,0,0
22:15:27.012,1,0,0,0,0
22:15:27.012,0,0,0,0,0
22:15:27.312,0,0,0,0,0
22:15:27.312,1,0,0,0,0
22:15:27.626,1,0,0,0,0
22:15:27.626,0,0,0,0,0
22:15:27.937,0,0,0,0,0
22:15:27.937,1,0,0,0,0
22:15:28.244,1,0,0,0,0
22:15:28.244,0,0,0,0,0
22:15:28.548,0,0,0,0,0
22:15:28.548,1,0,0,0,0
22:15:28.850,1,0,0,0,0
22:15:28.850,0,0,0,0,0
22:15:29.151,0,0,0,0,0
22:15:29.151,1,0,0,0,0
22:15:29.452,1,0,0,0,0
22:15:29.452,0,0,0,0,0
22:15:29.753,0,0,0,0,0
22:15:29.753,1,0,0,0,0
22:15:30.058,1,0,0,0,0
22:15:30.058,0,0,0,0,0
22:15:30.369,0,0,0,0,0
22:15:30.369,1,0,0,0,0
22:15:30.669,1,0,0,0,0
22:15:30.669,0,0,0,0,0
22:15:30.970,0,0,0,0,0
22:15:30.970,1,0,0,0,0
22:15:31.281,1,0,0,0,0
22:15:31.281,0,0,0,0,0
22:15:31.590,0,0,0,0,0
22:15:31.590,1,0,0,0,0
22:15:31.891,1,0,0,0,0
22:15:31.891,0,0,0,0,0
22:15:32.192,0,0,0,0,0
22:15:32.192,1,0,0,0,0
22:15:32.508,1,0,0,0,0
22:15:32.508,0,0,0,0,0
22:15:32.824,0,0,0,0,0
22:15:32.824,1,0,0,0,0
22:15:33.126,1,0,0,0,0
22:15:33.126,0,0,0,0,0
22:15:33.427,0,0,0,0,0
22:15:33.427,1,0,0,0,0
22:15:33.728,1,0,0,0,0
22:15:33.728,0,0,0,0,0
22:15:34.031,0,0,0,0,0
22:15:34.031,1,0,0,0,0
22:15:34.347,1,0,0,0,0
22:15:34.347,0,0,0,0,0
22:15:34.647,0,0,0,0,0
22:15:34.647,1,0,0,0,0
22:15:34.948,1,0,0,0,0
22:15:34.948,0,0,0,0,0
22:15:35.262,0,0,0,0,0
22:15:35.262,1,0,0,0,0
22:15:35.563,1,0,0,0,0
22:15:35.563,0,0,0,0,0
22:15:35.865,0,0,0,0,0
22:15:35.865,1,0,0,0,0
22:15:36.172,1,0,0,0,0
22:15:36.172,0,0,0,0,0
22:15:36.475,0,0,0,0,0
22:15:36.475,1,0,0,0,0
22:15:36.778,1,0,0,0,0
22:15:36.778,0,0,0,0,0
22:15:37.093,0,0,0,0,0
22:15:37.093,1,0,0,0,0
22:15:37.394,1,0,0,0,0
22:15:37.394,0,0,0,0,0
22:15:37.695,0,0,0,0,0
22:15:37.695,1,0,0,0,0
22:15:37.995,1,0,0,0,0
22:15:37.995,0,0,0,0,0
22:15:38.295,0,0,0,0,0
22:15:38.295,1,0,0,0,0
22:15:38.609,1,0,0,0,0
22:15:38.609,0,0,0,0,0
22:15:38.919,0,0,0,0,0
22:15:38.919,1,0,0,0,0
22:15:39.225,1,0,0,0,0
22:15:39.225,0,0,0,0,0
22:15:39.528,0,0,0,0,0
22:15:39.528,1,0,0,0,0
22:15:39.838,1,0,0,0,0
22:15:39.838,0,0,0,0,0
22:15:40.140,0,0,0,0,0
22:15:40.140,1,0,0,0,0
22:15:40.444,1,0,0,0,0
22:15:40.444,0,0,0,0,0
22:15:40.745,0,0,0,0,0
22:15:40.745,1,0,0,0,0
22:15:41.097,1,0,0,0,0
22:15:41.097,0,0,0,0,0
22:15:41.409,0,0,0,0,0
22:15:41.409,1,0,0,0,0
22:15:41.722,1,0,0,0,0
22:15:41.722,0,0,0,0,0
22:15:42.027,0,0,0,0,0
22:15:42.027,1,0,0,0,0
22:15:42.348,1,0,0,0,0
22:15:42.348,0,0,0,0,0
22:15:42.660,0,0,0,0,0
22:15:42.660,1,0,0,0,0
22:15:42.960,1,0,0,0,0
22:15:42.960,0,0,0,0,0
22:15:43.262,0,0,0,0,0
22:15:43.262,1,0,0,0,0
22:15:43.565,1,0,0,0,0
22:15:43.565,0,0,0,0,0
22:15:43.868,0,0,0,0,0
22:15:43.868,1,0,0,0,0
22:15:44.172,1,0,0,0,0
22:15:44.172,0,0,0,0,0
22:15:44.494,0,0,0,0,0
22:15:44.494,1,0,0,0,0
22:15:44.809,1,0,0,0,0
22:15:44.809,0,0,0,0,0
22:15:45.122,0,0,0,0,0
22:15:45.122,1,0,0,0,0
22:15:45.424,1,0,0,0,0
22:15:45.424,0,0,0,0,0
22:15:45.758,0,0,0,0,0
22:15:45.758,1,0,0,0,0
22:15:46.079,1,0,0,0,0
22:15:46.079,0,0,0,0,0
22:15:46.392,0,0,0,0,0
22:15:46.392,1,0,0,0,0
22:15:46.693,1,0,0,0,0
22:15:46.693,0,0,0,0,0
22:15:46.999,0,0,0,0,0
22:15:46.999,1,0,0,0,0
22:15:47.307,1,0,0,0,0
22:15:47.307,0,0,0,0,0
22:15:47.609,0,0,0,0,0
22:15:47.609,1,0,0,0,0
22:15:47.910,1,0,0,0,0
22:15:47.910,0,0,0,0,0
22:15:48.212,0,0,0,0,0
22:15:48.212,1,0,0,0,0
22:15:48.514,1,0,0,0,0
22:15:48.514,0,0,0,0,0
22:15:48.815,0,0,0,0,0
22:15:48.815,1,0,0,0,0
22:15:49.116,1,0,0,0,0
22:15:49.116,0,0,0,0,0
22:15:49.416,0,0,0,0,0
22:15:49.416,1,0,0,0,0
22:15:49.731,1,0,0,0,0
22:15:49.731,0,0,0,0,0
22:15:50.033,0,0,0,0,0
22:15:50.033,1,0,0,0,0
22:15:50.335,1,0,0,0,0
22:15:50.335,0,0,0,0,0
22:15:50.636,0,0,0,0,0
22:15:50.636,1,0,0,0,0
22:15:50.939,1,0,0,0,0
22:15:50.939,0,0,0,0,0
22:15:51.241,0,0,0,0,0
22:15:51.241,1,0,0,0,0
22:15:51.542,1,0,0,0,0
22:15:51.542,0,0,0,0,0
22:15:51.856,0,0,0,0,0
22:15:51.856,1,0,0,0,0
22:15:52.157,1,0,0,0,0
22:15:52.157,0,0,0,0,0
22:15:52.458,0,0,0,0,0
22:15:52.458,1,0,0,0,0
22:15:52.762,1,0,0,0,0
22:15:52.762,0,0,0,0,0
22:15:53.068,0,0,0,0,0
22:15:53.068,1,0,0,0,0
22:15:53.369,1,0,0,0,0
22:15:53.369,0,0,0,0,0
22:15:53.671,0,0,0,0,0
22:15:53.671,1,0,0,0,0
22:15:53.975,1,0,0,0,0
22:15:53.975,0,0,0,0,0
22:15:54.279,0,0,0,0,0
22:15:54.279,1,0,0,0,0
22:15:54.581,1,0,0,0,0
22:15:54.581,0,0,0,0,0
22:15:54.883,0,0,0,0,0
22:15:54.883,1,0,0,0,0
22:15:55.186,1,0,0,0,0
22:15:55.186,0,0,0,0,0
22:15:55.488,0,0,0,0,0
22:15:55.488,1,0,0,0,0
22:15:55.789,1,0,0,0,0
22:15:55.789,0,0,0,0,0
22:15:56.091,0,0,0,0,0
22:15:56.091,1,0,0,0,0
22:15:56.390,1,0,0,0,0
22:15:56.390,0,0,0,0,0
22:15:56.692,0,0,0,0,0
22:15:56.692,1,0,0,0,0
22:15:56.993,1,0,0,0,0
22:15:56.993,0,0,0,0,0
22:15:57.294,0,0,0,0,0
22:15:57.294,1,0,0,0,0
22:15:57.595,1,0,0,0,0
22:15:57.595,0,0,0,0,0
22:15:57.897,0,0,0,0,0
22:15:57.897,1,0,0,0,0
22:15:58.200,1,0,0,0,0
22:15:58.200,0,0,0,0,0
22:15:58.516,0,0,0,0,0
22:15:58.516,1,0,0,0,0
22:15:58.819,1,0,0,0,0
22:15:58.819,0,0,0,0,0
22:15:59.119,0,0,0,0,0
22:15:59.119,1,0,0,0,0
22:15:59.434,1,0,0,0,0
22:15:59.434,0,0,0,0,0
22:15:59.739,0,0,0,0,0
22:15:59.739,1,0,0,0,0
22:16:00.042,1,0,0,0,0
22:16:00.042,0,0,0,0,0
22:16:00.341,0,0,0,0,0
22:16:00.341,1,0,0,0,0
22:16:00.644,1,0,0,0,0
22:16:00.644,0,0,0,0,0
22:16:00.947,0,0,0,0,0
22:16:00.947,1,0,0,0,0
22:16:01.247,1,0,0,0,0
22:16:01.247,0,0,0,0,0
22:16:01.549,0,0,0,0,0
22:16:01.549,1,0,0,0,0
22:16:01.857,1,0,0,0,0
22:16:01.857,0,0,0,0,0
22:16:02.158,0,0,0,0,0
22:16:02.158,1,0,0,0,0
22:16:02.460,1,0,0,0,0
22:16:02.460,0,0,0,0,0
22:16:02.767,0,0,0,0,0
22:16:02.767,1,0,0,0,0
22:16:03.069,1,0,0,0,0
22:16:03.069,0,0,0,0,0
22:16:03.374,0,0,0,0,0
22:16:03.374,1,0,0,0,0
22:16:03.675,1,0,0,0,0
22:16:03.675,0,0,0,0,0
22:16:03.977,0,0,0,0,0
22:16:03.977,1,0,0,0,0
22:16:04.290,1,0,0,0,0
22:16:04.290,0,0,0,0,0
22:16:04.591,0,0,0,0,0
22:16:04.591,1,0,0,0,0
22:16:04.890,1,0,0,0,0
22:16:04.890,0,0,0,0,0
22:16:05.193,0,0,0,0,0
22:16:05.193,1,0,0,0,0
22:16:05.508,1,0,0,0,0
22:16:05.508,0,0,0,0,0
22:16:05.822,0,0,0,0,0
22:16:05.822,1,0,0,0,0
22:16:06.131,1,0,0,0,0
22:16:06.131,0,0,0,0,0
22:16:06.462,0,0,0,0,0
22:16:06.462,1,0,0,0,0
22:16:06.766,1,0,0,0,0
22:16:06.766,0,0,0,0,0
22:16:07.066,0,0,0,0,0
22:16:07.066,1,0,0,0,0
22:16:07.369,1,0,0,0,0
22:16:07.369,0,0,0,0,0
22:16:07.767,0,0,0,0,0
22:16:07.767,1,0,0,0,0
22:16:08.122,1,0,0,0,0
22:16:08.122,0,0,0,0,0
22:16:08.423,0,0,0,0,0
22:16:08.423,1,0,0,0,0
22:16:08.723,1,0,0,0,0
22:16:08.723,0,0,0,0,0
22:16:09.032,0,0,0,0,0
22:16:09.032,1,0,0,0,0
22:16:09.382,1,0,0,0,0
22:16:09.382,0,0,0,0,0
22:16:09.691,0,0,0,0,0
22:16:09.691,1,0,0,0,0
22:16:09.993,1,0,0,0,0
22:16:09.993,0,0,0,0,0
22:16:10.306,0,0,0,0,0
22:16:10.306,1,0,0,0,0
22:16:10.606,1,0,0,0,0
22:16:10.606,0,0,0,0,0
22:16:10.914,0,0,0,0,0
22:16:10.914,1,0,0,0,0
22:16:11.223,1,0,0,0,0
22:16:11.223,0,0,0,0,0
22:16:11.531,0,0,0,0,0
22:16:11.531,1,0,0,0,0
22:16:11.837,1,0,0,0,0
22:16:11.837,0,0,0,0,0
22:16:12.148,0,0,0,0,0
22:16:12.148,1,0,0,0,0
22:16:12.456,1,0,0,0,0
22:16:12.456,0,0,0,0,0
22:16:12.771,0,0,0,0,0
22:16:12.771,1,0,0,0,0
22:16:13.072,1,0,0,0,0
22:16:13.072,0,0,0,0,0
22:16:13.403,0,0,0,0,0
22:16:13.403,1,0,0,0,0
22:16:13.706,1,0,0,0,0
22:16:13.706,0,0,0,0,0
22:16:14.020,0,0,0,0,0
22:16:14.020,1,0,0,0,0
22:16:14.322,1,0,0,0,0
22:16:14.322,0,0,0,0,0
22:16:14.644,0,0,0,0,0
22:16:14.644,1,0,0,0,0
22:16:14.956,1,0,0,0,0
22:16:14.956,0,0,0,0,0
22:16:15.259,0,0,0,0,0
22:16:15.259,1,0,0,0,0
22:16:15.562,1,0,0,0,0
22:16:15.562,0,0,0,0,0
22:16:15.898,0,0,0,0,0
22:16:15.898,1,0,0,0,0
22:16:16.204,1,0,0,0,0
22:16:16.204,0,0,0,0,0
22:16:16.505,0,0,0,0,0
22:16:16.505,1,0,0,0,0
22:16:16.818,1,0,0,0,0
22:16:16.818,0,0,0,0,0
22:16:17.120,0,0,0,0,0
22:16:17.120,1,0,0,0,0
22:16:17.430,1,0,0,0,0
22:16:17.430,0,0,0,0,0
22:16:17.739,0,0,0,0,0
22:16:17.739,1,0,0,0,0
22:16:18.043,1,0,0,0,0
22:16:18.043,0,0,0,0,0
22:16:18.354,0,0,0,0,0
22:16:18.354,1,0,0,0,0
22:16:18.655,1,0,0,0,0
22:16:18.655,0,0,0,0,0
22:16:18.966,0,0,0,0,0
22:16:18.966,1,0,0,0,0
22:16:19.267,1,0,0,0,0
22:16:19.267,0,0,0,0,0
22:16:19.580,0,0,0,0,0
22:16:19.580,1,0,0,0,0
22:16:19.886,1,0,0,0,0
22:16:19.886,0,0,0,0,0
22:16:20.187,0,0,0,0,0
22:16:20.187,1,0,0,0,0
22:16:20.487,1,0,0,0,0
22:16:20.487,0,0,0,0,0
22:16:20.798,0,0,0,0,0
22:16:20.798,1,0,0,0,0
22:16:21.104,1,0,0,0,0
22:16:21.104,0,0,0,0,0
22:16:21.404,0,0,0,0,0
22:16:21.404,1,0,0,0,0
22:16:21.714,1,0,0,0,0
22:16:21.714,0,0,0,0,0
22:16:22.021,0,0,0,0,0
22:16:22.021,1,0,0,0,0
22:16:22.329,1,0,0,0,0
22:16:22.329,0,0,0,0,0
22:16:22.636,0,0,0,0,0
22:16:22.636,1,0,0,0,0
22:16:22.950,1,0,0,0,0
22:16:22.950,0,0,0,0,0
22:16:23.265,0,0,0,0,0
22:16:23.265,1,0,0,0,0
22:16:23.597,1,0,0,0,0
22:16:23.597,0,0,0,0,0
22:16:23.897,0,0,0,0,0
22:16:23.897,1,0,0,0,0
22:16:24.204,1,0,0,0,0
22:16:24.204,0,0,0,0,0
22:16:24.520,0,0,0,0,0
22:16:24.520,1,0,0,0,0
22:16:24.837,1,0,0,0,0
22:16:24.837,0,0,0,0,0
22:16:25.153,0,0,0,0,0
22:16:25.153,1,0,0,0,0
22:16:25.454,1,0,0,0,0
22:16:25.454,0,0,0,0,0
22:16:25.770,0,0,0,0,0
22:16:25.770,1,0,0,0,0
22:16:26.072,1,0,0,0,0
22:16:26.072,0,0,0,0,0
22:16:26.381,0,0,0,0,0
22:16:26.381,1,0,0,0,0
22:16:26.696,1,0,0,0,0
22:16:26.696,0,0,0,0,0
22:16:27.011,0,0,0,0,0
22:16:27.011,1,0,0,0,0
22:16:27.319,1,0,0,0,0
22:16:27.319,0,0,0,0,0
22:16:27.633,0,0,0,0,0
22:16:27.633,1,0,0,0,0
22:16:27.934,1,0,0,0,0
22:16:27.934,0,0,0,0,0
22:16:28.246,0,0,0,0,0
22:16:28.246,1,0,0,0,0
22:16:28.552,1,0,0,0,0
22:16:28.552,0,0,0,0,0
22:16:28.897,0,0,0,0,0
22:16:28.897,1,0,0,0,0
22:16:29.206,1,0,0,0,0
22:16:29.206,0,0,0,0,0
22:16:29.517,0,0,0,0,0
22:16:29.517,1,0,0,0,0
22:16:29.818,1,0,0,0,0
22:16:29.818,0,0,0,0,0
22:16:30.128,0,0,0,0,0
22:16:30.128,1,0,0,0,0
22:16:30.432,1,0,0,0,0
22:16:30.432,0,0,0,0,0
22:16:30.741,0,0,0,0,0
22:16:30.741,1,0,0,0,0
22:16:31.051,1,0,0,0,0
22:16:31.051,0,0,0,0,0
22:16:31.388,0,0,0,0,0
22:16:31.388,1,0,0,0,0
22:16:31.712,1,0,0,0,0
22:16:31.712,0,0,0,0,0
22:16:32.013,0,0,0,0,0
22:16:32.013,1,0,0,0,0
22:16:32.318,1,0,0,0,0
22:16:32.318,0,0,0,0,0
22:16:32.618,0,0,0,0,0
22:16:32.618,1,0,0,0,0
22:16:32.919,1,0,0,0,0
22:16:32.919,0,0,0,0,0
22:16:33.219,0,0,0,0,0
22:16:33.219,1,0,0,0,0
22:16:33.522,1,0,0,0,0
22:16:33.522,0,0,0,0,0
22:16:33.827,0,0,0,0,0
22:16:33.827,1,0,0,0,0
22:16:34.136,1,0,0,0,0
22:16:34.136,0,0,0,0,0
22:16:34.444,0,0,0,0,0
22:16:34.444,1,0,0,0,0
22:16:34.750,1,0,0,0,0
22:16:34.750,0,0,0,0,0
22:16:35.072,0,0,0,0,0
22:16:35.072,1,0,0,0,0
22:16:35.383,1,0,0,0,0
22:16:35.383,0,0,0,0,0
22:16:35.684,0,0,0,0,0
22:16:35.684,1,0,0,0,0
22:16:35.993,1,0,0,0,0
22:16:35.993,0,0,0,0,0
22:16:36.339,0,0,0,0,0
22:16:36.339,1,0,0,0,0
22:16:36.649,1,0,0,0,0
22:16:36.649,0,0,0,0,0
22:16:36.964,0,0,0,0,0
22:16:36.964,1,0,0,0,0
22:16:37.269,1,0,0,0,0
22:16:37.269,0,0,0,0,0
22:16:37.578,0,0,0,0,0
22:16:37.578,1,0,0,0,0
22:16:37.894,1,0,0,0,0
22:16:37.894,0,0,0,0,0
22:16:38.205,0,0,0,0,0
22:16:38.205,1,0,0,0,0
22:16:38.516,1,0,0,0,0
22:16:38.516,0,0,0,0,0
22:16:38.817,0,0,0,0,0
22:16:38.817,1,0,0,0,0
22:16:39.156,1,0,0,0,0
22:16:39.156,0,0,0,0,0
22:16:39.460,0,0,0,0,0
22:16:39.460,1,0,0,0,0
22:16:39.766,1,0,0,0,0
22:16:39.766,0,0,0,0,0
22:16:40.067,0,0,0,0,0
22:16:40.067,1,0,0,0,0
22:16:40.379,1,0,0,0,0
22:16:40.379,0,0,0,0,0
22:16:40.684,0,0,0,0,0
22:16:40.684,1,0,0,0,0
22:16:40.984,1,0,0,0,0
22:16:40.984,0,0,0,0,0
22:16:41.310,0,0,0,0,0
22:16:41.310,1,0,0,0,0
22:16:41.622,1,0,0,0,0
22:16:41.622,0,0,0,0,0
22:16:41.934,0,0,0,0,0
22:16:41.934,1,0,0,0,0
22:16:42.235,1,0,0,0,0
22:16:42.235,0,0,0,0,0
22:16:42.602,0,0,0,0,0
22:16:42.602,1,0,0,0,0
22:16:42.992,1,0,0,0,0
22:16:42.992,0,0,0,0,0
22:16:43.285,0,0,0,0,0
22:16:43.285,1,0,0,0,0
22:16:43.600,1,0,0,0,0
22:16:43.600,0,0,0,0,0
22:16:43.901,0,0,0,0,0
22:16:43.901,1,0,0,0,0
22:16:44.235,1,0,0,0,0
22:16:44.235,0,0,0,0,0
22:16:44.535,0,0,0,0,0
22:16:44.535,1,0,0,0,0
22:16:44.851,1,0,0,0,0
22:16:44.851,0,0,0,0,0
22:16:45.151,0,0,0,0,0
22:16:45.151,1,0,0,0,0
22:16:45.470,1,0,0,0,0
22:16:45.470,0,0,0,0,0
22:16:45.798,0,0,0,0,0
22:16:45.798,1,0,0,0,0
22:16:46.100,1,0,0,0,0
22:16:46.100,0,0,0,0,0
22:16:46.401,0,0,0,0,0
22:16:46.401,1,0,0,0,0
22:16:46.733,1,0,0,0,0
22:16:46.733,0,0,0,0,0
22:16:47.047,0,0,0,0,0
22:16:47.047,1,0,0,0,0
22:16:47.349,1,0,0,0,0
22:16:47.349,0,0,0,0,0
22:16:47.649,0,0,0,0,0
22:16:47.649,1,0,0,0,0
22:16:47.977,1,0,0,0,0
22:16:47.977,0,0,0,0,0
22:16:48.291,0,0,0,0,0
22:16:48.291,1,0,0,0,0
22:16:48.599,1,0,0,0,0
22:16:48.599,0,0,0,0,0
22:16:48.913,0,0,0,0,0
22:16:48.913,1,0,0,0,0
22:16:49.217,1,0,0,0,0
22:16:49.217,0,0,0,0,0
22:16:49.535,0,0,0,0,0
22:16:49.535,1,0,0,0,0
22:16:49.850,1,0,0,0,0
22:16:49.850,0,0,0,0,0
22:16:50.150,0,0,0,0,0
22:16:50.150,1,0,0,0,0
22:16:50.461,1,0,0,0,0
22:16:50.461,0,0,0,0,0
22:16:50.775,0,0,0,0,0
22:16:50.775,1,0,0,0,0
22:16:51.087,1,0,0,0,0
22:16:51.087,0,0,0,0,0
22:16:51.398,0,0,0,0,0
22:16:51.398,1,0,0,0,0
22:16:51.698,1,0,0,0,0
22:16:51.698,0,0,0,0,0
22:16:52.055,0,0,0,0,0
22:16:52.055,1,0,0,0,0
22:16:52.365,1,0,0,0,0
22:16:52.365,0,0,0,0,0
22:16:52.666,0,0,0,0,0
22:16:52.666,1,0,0,0,0
22:16:52.978,1,0,0,0,0
22:16:52.978,0,0,0,0,0
22:16:53.281,0,0,0,0,0
22:16:53.281,1,0,0,0,0
22:16:53.585,1,0,0,0,0
22:16:53.585,0,0,0,0,0
22:16:53.897,0,0,0,0,0
22:16:53.897,1,0,0,0,0
22:16:54.212,1,0,0,0,0
22:16:54.212,0,0,0,0,0
22:16:54.521,0,0,0,0,0
22:16:54.521,1,0,0,0,0
22:16:54.883,1,0,0,0,0
22:16:54.883,0,0,0,0,0
22:16:55.186,0,0,0,0,0
22:16:55.186,1,0,0,0,0
22:16:55.497,1,0,0,0,0
22:16:55.497,0,0,0,0,0
22:16:55.798,0,0,0,0,0
22:16:55.798,1,0,0,0,0
22:16:56.109,1,0,0,0,0
22:16:56.109,0,0,0,0,0
22:16:56.411,0,0,0,0,0
22:16:56.411,1,0,0,0,0
22:16:56.720,1,0,0,0,0
22:16:56.720,0,0,0,0,0
22:16:57.031,0,0,0,0,0
22:16:57.031,1,0,0,0,0
22:16:57.333,1,0,0,0,0
22:16:57.333,0,0,0,0,0
22:16:57.645,0,0,0,0,0
22:16:57.645,1,0,0,0,0
22:16:57.960,1,0,0,0,0
22:16:57.960,0,0,0,0,0
22:16:58.266,0,0,0,0,0
22:16:58.266,1,0,0,0,0
22:16:58.566,1,0,0,0,0
22:16:58.566,0,0,0,0,0
22:16:58.879,0,0,0,0,0
22:16:58.879,1,0,0,0,0
22:16:59.181,1,0,0,0,0
22:16:59.181,0,0,0,0,0
22:16:59.492,0,0,0,0,0
22:16:59.492,1,0,0,0,0
22:16:59.797,1,0,0,0,0
22:16:59.797,0,0,0,0,0
22:17:00.147,0,0,0,0,0
22:17:00.147,1,0,0,0,0
22:17:00.461,1,0,0,0,0
22:17:00.461,0,0,0,0,0
22:17:00.774,0,0,0,0,0
22:17:00.774,1,0,0,0,0
22:17:01.086,1,0,0,0,0
22:17:01.086,0,0,0,0,0
22:17:01.395,0,0,0,0,0
22:17:01.395,1,0,0,0,0
22:17:01.710,1,0,0,0,0
22:17:01.710,0,0,0,0,0
22:17:02.023,0,0,0,0,0
22:17:02.023,1,0,0,0,0
22:17:02.331,1,0,0,0,0
22:17:02.331,0,0,0,0,0
22:17:02.634,0,0,0,0,0
22:17:02.634,1,0,0,0,0
22:17:02.968,1,0,0,0,0
22:17:02.968,0,0,0,0,0
22:17:03.286,0,0,0,0,0
22:17:03.286,1,0,0,0,0
22:17:03.589,1,0,0,0,0
22:17:03.589,0,0,0,0,0
22:17:03.898,0,0,0,0,0
22:17:03.898,1,0,0,0,0
22:17:04.214,1,0,0,0,0
22:17:04.214,0,0,0,0,0
22:17:04.528,0,0,0,0,0
22:17:04.528,1,0,0,0,0
22:17:04.831,1,0,0,0,0
22:17:04.831,0,0,0,0,0
22:17:05.140,0,0,0,0,0
22:17:05.140,1,0,0,0,0
22:17:05.445,1,0,0,0,0
22:17:05.445,0,0,0,0,0
22:17:05.750,0,0,0,0,0
22:17:05.750,1,0,0,0,0
22:17:06.064,1,0,0,0,0
22:17:06.064,0,0,0,0,0
22:17:06.379,0,0,0,0,0
22:17:06.379,1,0,0,0,0
22:17:06.713,1,0,0,0,0
22:17:06.713,0,0,0,0,0
22:17:07.020,0,0,0,0,0
22:17:07.020,1,0,0,0,0
22:17:07.331,1,0,0,0,0
22:17:07.331,0,0,0,0,0
22:17:07.646,0,0,0,0,0
22:17:07.646,1,0,0,0,0
22:17:07.969,1,0,0,0,0
22:17:07.969,0,0,0,0,0
22:17:08.283,0,0,0,0,0
22:17:08.283,1,0,0,0,0
22:17:08.584,1,0,0,0,0
22:17:08.584,0,0,0,0,0
22:17:08.895,0,0,0,0,0
22:17:08.895,1,0,0,0,0
22:17:09.233,1,0,0,0,0
22:17:09.233,0,0,0,0,0
22:17:09.539,0,0,0,0,0
22:17:09.539,1,0,0,0,0
22:17:09.847,1,0,0,0,0
22:17:09.847,0,0,0,0,0
22:17:10.149,0,0,0,0,0
22:17:10.149,1,0,0,0,0
22:17:10.457,1,0,0,0,0
22:17:10.457,0,0,0,0,0
22:17:10.763,0,0,0,0,0
22:17:10.763,1,0,0,0,0
22:17:11.071,1,0,0,0,0
22:17:11.071,0,0,0,0,0
22:17:11.378,0,0,0,0,0
22:17:11.378,1,0,0,0,0
22:17:11.718,1,0,0,0,0
22:17:11.718,0,0,0,0,0
22:17:12.021,0,0,0,0,0
22:17:12.021,1,0,0,0,0
22:17:12.330,1,0,0,0,0
22:17:12.330,0,0,0,0,0
22:17:12.635,0,0,0,0,0
22:17:12.635,1,0,0,0,0
22:17:12.952,1,0,0,0,0
22:17:12.952,0,0,0,0,0
22:17:13.261,0,0,0,0,0
22:17:13.261,1,0,0,0,0
22:17:13.574,1,0,0,0,0
22:17:13.574,0,0,0,0,0
22:17:13.878,0,0,0,0,0
22:17:13.878,1,0,0,0,0
22:17:14.192,1,0,0,0,0
22:17:14.192,0,0,0,0,0
22:17:14.497,0,0,0,0,0
22:17:14.497,1,0,0,0,0
22:17:14.810,1,0,0,0,0
22:17:14.810,0,0,0,0,0
22:17:15.125,0,0,0,0,0
22:17:15.125,1,0,0,0,0
22:17:15.450,1,0,0,0,0
22:17:15.450,0,0,0,0,0
22:17:15.755,0,0,0,0,0
22:17:15.755,1,0,0,0,0
22:17:16.062,1,0,0,0,0
22:17:16.062,0,0,0,0,0
22:17:16.362,0,0,0,0,0
22:17:16.362,1,0,0,0,0
22:17:16.664,1,0,0,0,0
22:17:16.664,0,0,0,0,0
22:17:16.970,0,0,0,0,0
22:17:16.970,1,0,0,0,0
22:17:17.279,1,0,0,0,0
22:17:17.279,0,0,0,0,0
22:17:17.584,0,0,0,0,0
22:17:17.584,1,0,0,0,0
22:17:17.918,1,0,0,0,0
22:17:17.918,0,0,0,0,0
22:17:18.230,0,0,0,0,0
22:17:18.230,1,0,0,0,0
22:17:18.535,1,0,0,0,0
22:17:18.535,0,0,0,0,0
22:17:18.846,0,0,0,0,0
22:17:18.846,1,0,0,0,0
22:17:19.173,1,0,0,0,0
22:17:19.173,0,0,0,0,0
22:17:19.474,0,0,0,0,0
22:17:19.474,1,0,0,0,0
22:17:19.784,1,0,0,0,0
22:17:19.784,0,0,0,0,0
22:17:20.099,0,0,0,0,0
22:17:20.099,1,0,0,0,0
22:17:20.398,1,0,0,0,0
22:17:20.398,0,0,0,0,0
22:17:20.711,0,0,0,0,0
22:17:20.711,1,0,0,0,0
22:17:21.023,1,0,0,0,0
22:17:21.023,0,0,0,0,0
22:17:21.327,0,0,0,0,0
22:17:21.327,1,0,0,0,0
22:17:21.664,1,0,0,0,0
22:17:21.664,0,0,0,0,0
22:17:21.976,0,0,0,0,0
22:17:21.976,1,0,0,0,0
22:17:22.279,1,0,0,0,0
22:17:22.279,0,0,0,0,0
22:17:22.587,0,0,0,0,0
22:17:22.587,1,0,0,0,0
22:17:22.926,1,0,0,0,0
22:17:22.926,0,0,0,0,0
22:17:23.235,0,0,0,0,0
22:17:23.235,1,0,0,0,0
22:17:23.544,1,0,0,0,0
22:17:23.544,0,0,0,0,0
22:17:23.860,0,0,0,0,0
22:17:23.860,1,0,0,0,0
22:17:24.207,1,0,0,0,0
22:17:24.207,0,0,0,0,0
22:17:24.513,0,0,0,0,0
22:17:24.513,1,0,0,0,0
22:17:24.813,1,0,0,0,0
22:17:24.813,0,0,0,0,0
22:17:25.127,0,0,0,0,0
22:17:25.127,1,0,0,0,0
22:17:25.428,1,0,0,0,0
22:17:25.428,0,0,0,0,0
22:17:25.745,0,0,0,0,0
22:17:25.745,1,0,0,0,0
22:17:26.060,1,0,0,0,0
22:17:26.060,0,0,0,0,0
22:17:26.374,0,0,0,0,0
22:17:26.374,1,0,0,0,0
22:17:26.675,1,0,0,0,0
22:17:26.675,0,0,0,0,0
22:17:26.976,0,0,0,0,0
22:17:26.976,1,0,0,0,0
22:17:27.278,1,0,0,0,0
22:17:27.278,0,0,0,0,0
22:17:27.578,0,0,0,0,0
22:17:27.578,1,0,0,0,0
22:17:27.879,1,0,0,0,0
22:17:27.879,0,0,0,0,0
22:17:28.225,0,0,0,0,0
22:17:28.225,1,0,0,0,0
22:17:28.526,1,0,0,0,0
22:17:28.526,0,0,0,0,0
22:17:28.828,0,0,0,0,0
22:17:28.828,1,0,0,0,0
22:17:29.132,1,0,0,0,0
22:17:29.132,0,0,0,0,0
22:17:29.449,0,0,0,0,0
22:17:29.449,1,0,0,0,0
22:17:29.761,1,0,0,0,0
22:17:29.761,0,0,0,0,0
22:17:30.062,0,0,0,0,0
22:17:30.062,1,0,0,0,0
22:17:30.374,1,0,0,0,0
22:17:30.374,0,0,0,0,0
22:17:30.685,0,0,0,0,0
22:17:30.685,1,0,0,0,0
22:17:30.992,1,0,0,0,0
22:17:30.992,0,0,0,0,0
22:17:31.294,0,0,0,0,0
22:17:31.294,1,0,0,0,0
22:17:31.594,1,0,0,0,0
22:17:31.594,0,0,0,0,0
22:17:31.896,0,0,0,0,0
22:17:31.896,1,0,0,0,0
22:17:32.201,1,0,0,0,0
22:17:32.201,0,0,0,0,0
22:17:32.511,0,0,0,0,0
22:17:32.511,1,0,0,0,0
22:17:32.811,1,0,0,0,0
22:17:32.811,0,0,0,0,0
22:17:33.122,0,0,0,0,0
22:17:33.122,1,0,0,0,0
22:17:33.423,1,0,0,0,0
22:17:33.423,0,0,0,0,0
22:17:33.737,0,0,0,0,0
22:17:33.737,1,0,0,0,0
22:17:34.045,1,0,0,0,0
22:17:34.045,0,0,0,0,0
22:17:34.351,0,0,0,0,0
22:17:34.351,1,0,0,0,0
22:17:34.660,1,0,0,0,0
22:17:34.660,0,0,0,0,0
22:17:34.971,0,0,0,0,0
22:17:34.971,1,0,0,0,0
22:17:35.273,1,0,0,0,0
22:17:35.273,0,0,0,0,0
22:17:35.600,0,0,0,0,0
22:17:35.600,1,0,0,0,0
22:17:35.900,1,0,0,0,0
22:17:35.900,0,0,0,0,0
22:17:36.208,0,0,0,0,0
22:17:36.208,1,0,0,0,0
22:17:36.510,1,0,0,0,0
22:17:36.510,0,0,0,0,0
22:17:36.876,0,0,0,0,0
22:17:36.876,1,0,0,0,0
22:17:37.196,1,0,0,0,0
22:17:37.196,0,0,0,0,0
22:17:37.498,0,0,0,0,0
22:17:37.498,1,0,0,0,0
22:17:37.808,1,0,0,0,0
22:17:37.808,0,0,0,0,0
22:17:38.121,0,0,0,0,0
22:17:38.121,1,0,0,0,0
22:17:38.449,1,0,0,0,0
22:17:38.449,0,0,0,0,0
22:17:38.757,0,0,0,0,0
22:17:38.757,1,0,0,0,0
22:17:39.058,1,0,0,0,0
22:17:39.058,0,0,0,0,0
22:17:39.358,0,0,0,0,0
22:17:39.358,1,0,0,0,0
22:17:39.671,1,0,0,0,0
22:17:39.671,0,0,0,0,0
22:17:39.981,0,0,0,0,0
22:17:39.981,1,0,0,0,0
22:17:40.292,1,0,0,0,0
22:17:40.292,0,0,0,0,0
22:17:40.592,0,0,0,0,0
22:17:40.592,1,0,0,0,0
22:17:40.893,1,0,0,0,0
22:17:40.893,0,0,0,0,0
22:17:41.193,0,0,0,0,0
22:17:41.193,1,0,0,0,0
22:17:41.509,1,0,0,0,0
22:17:41.509,0,0,0,0,0
22:17:41.809,0,0,0,0,0
22:17:41.809,1,0,0,0,0
22:17:42.114,1,0,0,0,0
22:17:42.114,0,0,0,0,0
22:17:42.425,0,0,0,0,0
22:17:42.425,1,0,0,0,0
22:17:42.726,1,0,0,0,0
22:17:42.726,0,0,0,0,0
22:17:43.031,0,0,0,0,0
22:17:43.031,1,0,0,0,0
22:17:43.341,1,0,0,0,0
22:17:43.341,0,0,0,0,0
22:17:43.642,0,0,0,0,0
22:17:43.642,1,0,0,0,0
22:17:43.942,1,0,0,0,0
22:17:43.942,0,0,0,0,0
22:17:44.243,0,0,0,0,0
22:17:44.243,1,0,0,0,0
22:17:44.558,1,0,0,0,0
22:17:44.558,0,0,0,0,0
22:17:44.858,0,0,0,0,0
22:17:44.858,1,0,0,0,0
22:17:45.159,1,0,0,0,0
22:17:45.159,0,0,0,0,0
22:17:45.486,0,0,0,0,0
22:17:45.486,1,0,0,0,0
22:17:45.790,1,0,0,0,0
22:17:45.790,0,0,0,0,0
22:17:46.091,0,0,0,0,0
22:17:46.091,1,0,0,0,0
22:17:46.392,1,0,0,0,0
22:17:46.392,0,0,0,0,0
22:17:46.735,0,0,0,0,0
22:17:46.735,1,0,0,0,0
22:17:47.043,1,0,0,0,0
22:17:47.043,0,0,0,0,0
22:17:47.358,0,0,0,0,0
22:17:47.358,1,0,0,0,0
22:17:47.657,1,0,0,0,0
22:17:47.657,0,0,0,0,0
22:17:47.958,0,0,0,0,0
22:17:47.958,1,0,0,0,0
22:17:48.281,1,0,0,0,0
22:17:48.281,0,0,0,0,0
22:17:48.591,0,0,0,0,0
22:17:48.591,1,0,0,0,0
22:17:48.891,1,0,0,0,0
22:17:48.891,0,0,0,0,0
22:17:49.192,0,0,0,0,0
22:17:49.192,1,0,0,0,0
22:17:49.492,1,0,0,0,0
22:17:49.492,0,0,0,0,0
22:17:49.808,0,0,0,0,0
22:17:49.808,1,0,0,0,0
22:17:50.108,1,0,0,0,0
22:17:50.108,0,0,0,0,0
22:17:50.418,0,0,0,0,0
22:17:50.418,1,0,0,0,0
22:17:50.724,1,0,0,0,0
22:17:50.724,0,0,0,0,0
22:17:51.024,0,0,0,0,0
22:17:51.024,1,0,0,0,0
22:17:51.340,1,0,0,0,0
22:17:51.340,0,0,0,0,0
22:17:51.641,0,0,0,0,0
22:17:51.641,1,0,0,0,0
22:17:51.943,1,0,0,0,0
22:17:51.943,0,0,0,0,0
22:17:52.257,0,0,0,0,0
22:17:52.257,1,0,0,0,0
22:17:52.558,1,0,0,0,0
22:17:52.558,0,0,0,0,0
22:17:52.875,0,0,0,0,0
22:17:52.875,1,0,0,0,0
22:17:53.197,1,0,0,0,0
22:17:53.197,0,0,0,0,0
22:17:53.507,0,0,0,0,0
22:17:53.507,1,0,0,0,0
22:17:53.807,1,0,0,0,0
22:17:53.807,0,0,0,0,0
22:17:54.108,0,0,0,0,0
22:17:54.108,1,0,0,0,0
22:17:54.475,1,0,0,0,0
22:17:54.475,0,0,0,0,0
22:17:54.789,0,0,0,0,0
22:17:54.789,1,0,0,0,0
22:17:55.104,1,0,0,0,0
22:17:55.104,0,0,0,0,0
22:17:55.406,0,0,0,0,0
22:17:55.406,1,0,0,0,0
22:17:55.722,1,0,0,0,0
22:17:55.722,0,0,0,0,0
22:17:56.038,0,0,0,0,0
22:17:56.038,1,0,0,0,0
22:17:56.349,1,0,0,0,0
22:17:56.349,0,0,0,0,0
22:17:56.657,0,0,0,0,0
22:17:56.657,1,0,0,0,0
22:17:56.960,1,0,0,0,0
22:17:56.960,0,0,0,0,0
22:17:57.259,0,0,0,0,0
22:17:57.259,1,0,0,0,0
22:17:57.571,1,0,0,0,0
22:17:57.571,0,0,0,0,0
22:17:57.873,0,0,0,0,0
22:17:57.873,1,0,0,0,0
22:17:58.178,1,0,0,0,0
22:17:58.178,0,0,0,0,0
22:17:58.483,0,0,0,0,0
22:17:58.483,1,0,0,0,0
22:17:58.790,1,0,0,0,0
22:17:58.790,0,0,0,0,0
22:17:59.106,0,0,0,0,0
22:17:59.106,1,0,0,0,0
22:17:59.407,1,0,0,0,0
22:17:59.407,0,0,0,0,0
22:17:59.740,0,0,0,0,0
22:17:59.740,1,0,0,0,0
22:18:00.042,1,0,0,0,0
22:18:00.042,0,0,0,0,0
22:18:00.347,0,0,0,0,0
22:18:00.347,1,0,0,0,0
22:18:00.655,1,0,0,0,0
22:18:00.655,0,0,0,0,0
22:18:00.995,0,0,0,0,0
22:18:00.995,1,0,0,0,0
22:18:01.305,1,0,0,0,0
22:18:01.305,0,0,0,0,0
22:18:01.618,0,0,0,0,0
22:18:01.618,1,0,0,0,0
22:18:01.918,1,0,0,0,0
22:18:01.918,0,0,0,0,0
22:18:02.246,0,0,0,0,0
22:18:02.246,1,0,0,0,0
22:18:02.552,1,0,0,0,0
22:18:02.552,0,0,0,0,0
22:18:02.854,0,0,0,0,0
22:18:02.854,1,0,0,0,0
22:18:03.156,1,0,0,0,0
22:18:03.156,0,0,0,0,0
22:18:03.461,0,0,0,0,0
22:18:03.461,1,0,0,0,0
22:18:03.775,1,0,0,0,0
22:18:03.775,0,0,0,0,0
22:18:04.076,0,0,0,0,0
22:18:04.076,1,0,0,0,0
22:18:04.388,1,0,0,0,0
22:18:04.388,0,0,0,0,0
22:18:04.724,0,0,0,0,0
22:18:04.724,1,0,0,0,0
22:18:05.038,1,0,0,0,0
22:18:05.038,0,0,0,0,0
22:18:05.339,0,0,0,0,0
22:18:05.339,1,0,0,0,0
22:18:05.639,1,0,0,0,0
22:18:05.639,0,0,0,0,0
22:18:05.984,0,0,0,0,0
22:18:05.984,1,0,0,0,0
22:18:06.287,1,0,0,0,0
22:18:06.287,0,0,0,0,0
22:18:06.589,0,0,0,0,0
22:18:06.589,1,0,0,0,0
22:18:06.892,1,0,0,0,0
22:18:06.892,0,0,0,0,0
22:18:07.249,0,0,0,0,0
22:18:07.249,1,0,0,0,0
22:18:07.554,1,0,0,0,0
22:18:07.554,0,0,0,0,0
22:18:07.854,0,0,0,0,0
22:18:07.854,1,0,0,0,0
22:18:08.164,1,0,0,0,0
22:18:08.164,0,0,0,0,0
22:18:08.507,0,0,0,0,0
22:18:08.507,1,0,0,0,0
22:18:08.817,1,0,0,0,0
22:18:08.817,0,0,0,0,0
22:18:09.118,0,0,0,0,0
22:18:09.118,1,0,0,0,0
22:18:09.420,1,0,0,0,0
22:18:09.420,0,0,0,0,0
22:18:09.722,0,0,0,0,0
22:18:09.722,1,0,0,0,0
22:18:10.022,1,0,0,0,0
22:18:10.022,0,0,0,0,0
22:18:10.322,0,0,0,0,0
22:18:10.322,1,0,0,0,0
22:18:10.636,1,0,0,0,0
22:18:10.636,0,0,0,0,0
22:18:11.008,0,0,0,0,0
22:18:11.008,1,0,0,0,0
22:18:11.318,1,0,0,0,0
22:18:11.318,0,0,0,0,0
22:18:11.620,0,0,0,0,0
22:18:11.620,1,0,0,0,0
22:18:11.926,1,0,0,0,0
22:18:11.926,0,0,0,0,0
22:18:12.249,0,0,0,0,0
22:18:12.249,1,0,0,0,0
22:18:12.555,1,0,0,0,0
22:18:12.555,0,0,0,0,0
22:18:12.870,0,0,0,0,0
22:18:12.870,1,0,0,0,0
22:18:13.171,1,0,0,0,0
22:18:13.171,0,0,0,0,0
22:18:13.472,0,0,0,0,0
22:18:13.472,1,0,0,0,0
22:18:13.778,1,0,0,0,0
22:18:13.778,0,0,0,0,0
22:18:14.086,0,0,0,0,0
22:18:14.086,1,0,0,0,0
22:18:14.386,1,0,0,0,0
22:18:14.386,0,0,0,0,0
22:18:14.688,0,0,0,0,0
22:18:14.688,1,0,0,0,0
22:18:15.002,1,0,0,0,0
22:18:15.002,0,0,0,0,0
22:18:15.304,0,0,0,0,0
22:18:15.304,1,0,0,0,0
22:18:15.604,1,0,0,0,0
22:18:15.604,0,0,0,0,0
22:18:15.917,0,0,0,0,0
22:18:15.917,1,0,0,0,0
22:18:16.251,1,0,0,0,0
22:18:16.251,0,0,0,0,0
22:18:16.554,0,0,0,0,0
22:18:16.554,1,0,0,0,0
22:18:16.867,1,0,0,0,0
22:18:16.867,0,0,0,0,0
22:18:17.167,0,0,0,0,0
22:18:17.167,1,0,0,0,0
22:18:17.529,1,0,0,0,0
22:18:17.529,0,0,0,0,0
22:18:17.835,0,0,0,0,0
22:18:17.835,1,0,0,0,0
22:18:18.137,1,0,0,0,0
22:18:18.137,0,0,0,0,0
22:18:18.438,0,0,0,0,0
22:18:18.438,1,0,0,0,0
22:18:18.754,1,0,0,0,0
22:18:18.754,0,0,0,0,0
22:18:19.065,0,0,0,0,0
22:18:19.065,1,0,0,0,0
22:18:19.365,1,0,0,0,0
22:18:19.365,0,0,0,0,0
22:18:19.669,0,0,0,0,0
22:18:19.669,1,0,0,0,0
22:18:19.995,1,0,0,0,0
22:18:19.995,0,0,0,0,0
22:18:20.303,0,0,0,0,0
22:18:20.303,1,0,0,0,0
22:18:20.604,1,0,0,0,0
22:18:20.604,0,0,0,0,0
22:18:20.917,0,0,0,0,0
22:18:20.917,1,0,0,0,0
22:18:21.225,1,0,0,0,0
22:18:21.225,0,0,0,0,0
22:18:21.538,0,0,0,0,0
22:18:21.538,1,0,0,0,0
22:18:21.844,1,0,0,0,0
22:18:21.844,0,0,0,0,0
22:18:22.154,0,0,0,0,0
22:18:22.154,1,0,0,0,0
22:18:22.456,1,0,0,0,0
22:18:22.456,0,0,0,0,0
22:18:22.769,0,0,0,0,0
22:18:22.769,1,0,0,0,0
22:18:23.074,1,0,0,0,0
22:18:23.074,0,0,0,0,0
22:18:23.379,0,0,0,0,0
22:18:23.379,1,0,0,0,0
22:18:23.685,1,0,0,0,0
22:18:23.685,0,0,0,0,0
22:18:23.986,0,0,0,0,0
22:18:23.986,1,0,0,0,0
22:18:24.301,1,0,0,0,0
22:18:24.301,0,0,0,0,0
22:18:24.603,0,0,0,0,0
22:18:24.603,1,0,0,0,0
22:18:24.903,1,0,0,0,0
22:18:24.903,0,0,0,0,0
22:18:25.223,0,0,0,0,0
22:18:25.223,1,0,0,0,0
22:18:25.532,1,0,0,0,0
22:18:25.532,0,0,0,0,0
22:18:25.832,0,0,0,0,0
22:18:25.832,1,0,0,0,0
22:18:26.135,1,0,0,0,0
22:18:26.135,0,0,0,0,0
22:18:26.493,0,0,0,0,0
22:18:26.493,1,0,0,0,0
22:18:26.801,1,0,0,0,0
22:18:26.801,0,0,0,0,0
22:18:27.113,0,0,0,0,0
22:18:27.113,1,0,0,0,0
22:18:27.417,1,0,0,0,0
22:18:27.417,0,0,0,0,0
22:18:27.809,0,0,0,0,0
22:18:27.809,1,0,0,0,0
22:18:28.117,1,0,0,0,0
22:18:28.117,0,0,0,0,0
22:18:28.418,0,0,0,0,0
22:18:28.418,1,0,0,0,0
22:18:28.733,1,0,0,0,0
22:18:28.733,0,0,0,0,0
22:18:29.054,0,0,0,0,0
22:18:29.054,1,0,0,0,0
22:18:29.386,1,0,0,0,0
22:18:29.386,0,0,0,0,0
22:18:29.702,0,0,0,0,0
22:18:29.702,1,0,0,0,0
22:18:30.017,1,0,0,0,0
22:18:30.017,0,0,0,0,0
22:18:30.319,0,0,0,0,0
22:18:30.319,1,0,0,0,0
22:18:30.663,1,0,0,0,0
22:18:30.663,0,0,0,0,0
22:18:30.968,0,0,0,0,0
22:18:30.968,1,0,0,0,0
22:18:31.272,1,0,0,0,0
22:18:31.272,0,0,0,0,0
22:18:31.580,0,0,0,0,0
22:18:31.580,1,0,0,0,0
22:18:31.882,1,0,0,0,0
22:18:31.882,0,0,0,0,0
22:18:32.192,0,0,0,0,0
22:18:32.192,1,0,0,0,0
22:18:32.493,1,0,0,0,0
22:18:32.493,0,0,0,0,0
22:18:32.805,0,0,0,0,0
22:18:32.805,1,0,0,0,0
22:18:33.117,1,0,0,0,0
22:18:33.117,0,0,0,0,0
22:18:33.429,0,0,0,0,0
22:18:33.429,1,0,0,0,0
22:18:33.731,1,0,0,0,0
22:18:33.731,0,0,0,0,0
22:18:34.042,0,0,0,0,0
22:18:34.042,1,0,0,0,0
22:18:34.352,1,0,0,0,0
22:18:34.352,0,0,0,0,0
22:18:34.680,0,0,0,0,0
22:18:34.680,1,0,0,0,0
22:18:34.995,1,0,0,0,0
22:18:34.995,0,0,0,0,0
22:18:35.298,0,0,0,0,0
22:18:35.298,1,0,0,0,0
22:18:35.607,1,0,0,0,0
22:18:35.607,0,0,0,0,0
22:18:35.925,0,0,0,0,0
22:18:35.925,1,0,0,0,0
22:18:36.233,1,0,0,0,0
22:18:36.233,0,0,0,0,0
22:18:36.544,0,0,0,0,0
22:18:36.544,1,0,0,0,0
22:18:36.849,1,0,0,0,0
22:18:36.849,0,0,0,0,0
22:18:37.177,0,0,0,0,0
22:18:37.177,1,0,0,0,0
22:18:37.478,1,0,0,0,0
22:18:37.478,0,0,0,0,0
22:18:37.785,0,0,0,0,0
22:18:37.785,1,0,0,0,0
22:18:38.089,1,0,0,0,0
22:18:38.089,0,0,0,0,0
22:18:38.432,0,0,0,0,0
22:18:38.432,1,0,0,0,0
22:18:38.734,1,0,0,0,0
22:18:38.734,0,0,0,0,0
22:18:39.044,0,0,0,0,0
22:18:39.044,1,0,0,0,0
22:18:39.350,1,0,0,0,0
22:18:39.350,0,0,0,0,0
22:18:39.694,0,0,0,0,0
22:18:39.694,1,0,0,0,0
22:18:40.000,1,0,0,0,0
22:18:40.000,0,0,0,0,0
22:18:40.301,0,0,0,0,0
22:18:40.301,1,0,0,0,0
22:18:40.612,1,0,0,0,0
22:18:40.612,0,0,0,0,0
22:18:40.951,0,0,0,0,0
22:18:40.951,1,0,0,0,0
22:18:41.260,1,0,0,0,0
22:18:41.260,0,0,0,0,0
22:18:41.564,0,0,0,0,0
22:18:41.564,1,0,0,0,0
22:18:41.866,1,0,0,0,0
22:18:41.866,0,0,0,0,0
22:18:42.183,0,0,0,0,0
22:18:42.183,1,0,0,0,0
22:18:42.492,1,0,0,0,0
22:18:42.492,0,0,0,0,0
22:18:42.792,0,0,0,0,0
22:18:42.792,1,0,0,0,0
22:18:43.104,1,0,0,0,0
22:18:43.104,0,0,0,0,0
22:18:43.439,0,0,0,0,0
22:18:43.439,1,0,0,0,0
22:18:43.748,1,0,0,0,0
22:18:43.748,0,0,0,0,0
22:18:44.058,0,0,0,0,0
22:18:44.058,1,0,0,0,0
22:18:44.365,1,0,0,0,0
22:18:44.365,0,0,0,0,0
22:18:44.677,0,0,0,0,0
22:18:44.677,1,0,0,0,0
22:18:44.978,1,0,0,0,0
22:18:44.978,0,0,0,0,0
22:18:45.283,0,0,0,0,0
22:18:45.283,1,0,0,0,0
22:18:45.592,1,0,0,0,0
22:18:45.592,0,0,0,0,0
22:18:45.972,0,0,0,0,0
22:18:45.972,1,0,0,0,0
22:18:46.276,1,0,0,0,0
22:18:46.276,0,0,0,0,0
22:18:46.585,0,0,0,0,0
22:18:46.585,1,0,0,0,0
22:18:46.895,1,0,0,0,0
22:18:46.895,0,0,0,0,0
22:18:47.234,0,0,0,0,0
22:18:47.234,1,0,0,0,0
22:18:47.549,1,0,0,0,0
22:18:47.549,0,0,0,0,0
22:18:47.865,0,0,0,0,0
22:18:47.865,1,0,0,0,0
22:18:48.170,1,0,0,0,0
22:18:48.170,0,0,0,0,0
22:18:48.482,0,0,0,0,0
22:18:48.482,1,0,0,0,0
22:18:48.797,1,0,0,0,0
22:18:48.797,0,0,0,0,0
22:18:49.109,0,0,0,0,0
22:18:49.109,1,0,0,0,0
22:18:49.414,1,0,0,0,0
22:18:49.414,0,0,0,0,0
22:18:49.721,0,0,0,0,0
22:18:49.721,1,0,0,0,0
22:18:50.080,1,0,0,0,0
22:18:50.080,0,0,0,0,0
22:18:50.382,0,0,0,0,0
22:18:50.382,1,0,0,0,0
22:18:50.682,1,0,0,0,0
22:18:50.682,0,0,0,0,0
22:18:50.984,0,0,0,0,0
22:18:50.984,1,0,0,0,0
22:18:51.286,1,0,0,0,0
22:18:51.286,0,0,0,0,0
22:18:51.591,0,0,0,0,0
22:18:51.591,1,0,0,0,0
22:18:51.895,1,0,0,0,0
22:18:51.895,0,0,0,0,0
22:18:52.196,0,0,0,0,0
22:18:52.196,1,0,0,0,0
22:18:52.535,1,0,0,0,0
22:18:52.535,0,0,0,0,0
22:18:52.848,0,0,0,0,0
22:18:52.848,1,0,0,0,0
22:18:53.151,1,0,0,0,0
22:18:53.151,0,0,0,0,0
22:18:53.458,0,0,0,0,0
22:18:53.458,1,0,0,0,0
22:18:53.792,1,0,0,0,0
22:18:53.792,0,0,0,0,0
22:18:54.101,0,0,0,0,0
22:18:54.101,1,0,0,0,0
22:18:54.412,1,0,0,0,0
22:18:54.412,0,0,0,0,0
22:18:54.714,0,0,0,0,0
22:18:54.714,1,0,0,0,0
22:18:55.029,1,0,0,0,0
22:18:55.029,0,0,0,0,0
22:18:55.331,0,0,0,0,0
22:18:55.331,1,0,0,0,0
22:18:55.643,1,0,0,0,0
22:18:55.643,0,0,0,0,0
22:18:55.946,0,0,0,0,0
22:18:55.946,1,0,0,0,0
22:18:56.248,1,0,0,0,0
22:18:56.248,0,0,0,0,0
22:18:56.551,0,0,0,0,0
22:18:56.551,1,0,0,0,0
22:18:56.859,1,0,0,0,0
22:18:56.859,0,0,0,0,0
22:18:57.160,0,0,0,0,0
22:18:57.160,1,0,0,0,0
22:18:57.463,1,0,0,0,0
22:18:57.463,0,0,0,0,0
22:18:57.777,0,0,0,0,0
22:18:57.777,1,0,0,0,0
22:18:58.094,1,0,0,0,0
22:18:58.094,0,0,0,0,0
22:18:58.396,0,0,0,0,0
22:18:58.396,1,0,0,0,0
22:18:58.705,1,0,0,0,0
22:18:58.705,0,0,0,0,0
22:18:59.006,0,0,0,0,0
22:18:59.006,1,0,0,0,0
22:18:59.307,1,0,0,0,0
22:18:59.307,0,0,0,0,0
22:18:59.613,0,0,0,0,0
22:18:59.613,1,0,0,0,0
22:18:59.924,1,0,0,0,0
22:18:59.924,0,0,0,0,0
22:19:00.276,0,0,0,0,0
22:19:00.276,1,0,0,0,0
22:19:00.582,1,0,0,0,0
22:19:00.582,0,0,0,0,0
22:19:00.893,0,0,0,0,0
22:19:00.893,1,0,0,0,0
22:19:01.196,1,0,0,0,0
22:19:01.196,0,0,0,0,0
22:19:01.517,0,0,0,0,0
22:19:01.517,1,0,0,0,0
22:19:01.829,1,0,0,0,0
22:19:01.829,0,0,0,0,0
22:19:02.134,0,0,0,0,0
22:19:02.134,1,0,0,0,0
22:19:02.442,1,0,0,0,0
22:19:02.442,0,0,0,0,0
22:19:02.748,0,0,0,0,0
22:19:02.748,1,0,0,0,0
22:19:03.062,1,0,0,0,0
22:19:03.062,0,0,0,0,0
22:19:03.364,0,0,0,0,0
22:19:03.364,1,0,0,0,0
22:19:03.664,1,0,0,0,0
22:19:03.664,0,0,0,0,0
22:19:03.963,0,0,0,0,0
22:19:03.963,1,0,0,0,0
22:19:04.277,1,0,0,0,0
22:19:04.277,0,0,0,0,0
22:19:04.580,0,0,0,0,0
22:19:04.580,1,0,0,0,0
22:19:04.897,1,0,0,0,0
22:19:04.897,0,0,0,0,0
22:19:05.249,0,0,0,0,0
22:19:05.249,1,0,0,0,0
22:19:05.559,1,0,0,0,0
22:19:05.559,0,0,0,0,0
22:19:05.861,0,0,0,0,0
22:19:05.861,1,0,0,0,0
22:19:06.167,1,0,0,0,0
22:19:06.167,0,0,0,0,0
22:19:06.485,0,0,0,0,0
22:19:06.485,1,0,0,0,0
22:19:06.794,1,0,0,0,0
22:19:06.794,0,0,0,0,0
22:19:07.107,0,0,0,0,0
22:19:07.107,1,0,0,0,0
22:19:07.411,1,0,0,0,0
22:19:07.411,0,0,0,0,0
22:19:07.749,0,0,0,0,0
22:19:07.749,1,0,0,0,0
22:19:08.061,1,0,0,0,0
22:19:08.061,0,0,0,0,0
22:19:08.361,0,0,0,0,0
22:19:08.361,1,0,0,0,0
22:19:08.661,1,0,0,0,0
22:19:08.661,0,0,0,0,0
22:19:08.973,0,0,0,0,0
22:19:08.973,1,0,0,0,0
22:19:09.286,1,0,0,0,0
22:19:09.286,0,0,0,0,0
22:19:09.600,0,0,0,0,0
22:19:09.600,1,0,0,0,0
22:19:09.908,1,0,0,0,0
22:19:09.908,0,0,0,0,0
22:19:10.194,1,0,0,0,0
22:19:10.194,0,0,0,0,0
22:19:10.285,1,0,0,0,0
22:19:10.285,0,0,0,0,0
22:26:44.462,0,0,0,0,0
22:26:44.462,1,0,0,0,0
22:26:44.982,1,0,0,0,0
22:26:44.982,0,0,0,0,0
22:26:45.475,0,0,0,0,0
22:26:45.475,1,0,0,0,0
22:26:45.984,1,0,0,0,0
22:26:45.984,0,0,0,0,0
22:26:46.497,0,0,0,0,0
22:26:46.497,1,0,0,0,0
22:26:47.004,1,0,0,0,0
22:26:47.004,0,0,0,0,0
22:26:47.512,0,0,0,0,0
22:26:47.512,1,0,0,0,0
22:26:48.006,1,0,0,0,0
22:26:48.006,0,0,0,0,0
22:26:48.514,0,0,0,0,0
22:26:48.514,1,0,0,0,0
22:26:49.008,1,0,0,0,0
22:26:49.008,0,0,0,0,0
22:26:49.534,0,0,0,0,0
22:26:49.534,1,0,0,0,0
22:26:50.026,1,0,0,0,0
22:26:50.026,0,0,0,0,0
22:26:50.549,0,0,0,0,0
22:26:50.549,1,0,0,0,0
22:26:51.059,1,0,0,0,0
22:26:51.059,0,0,0,0,0
22:26:51.567,0,0,0,0,0
22:26:51.567,1,0,0,0,0
22:26:52.075,1,0,0,0,0
22:26:52.075,0,0,0,0,0
22:26:52.568,0,0,0,0,0
22:26:52.568,1,0,0,0,0
22:26:53.093,1,0,0,0,0
22:26:53.093,0,0,0,0,0
22:26:53.604,0,0,0,0,0
22:26:53.604,1,0,0,0,0
22:26:54.115,1,0,0,0,0
22:26:54.115,0,0,0,0,0
22:26:54.626,0,0,0,0,0
22:26:54.626,1,0,0,0,0
22:26:55.135,1,0,0,0,0
22:26:55.135,0,0,0,0,0
22:26:55.647,0,0,0,0,0
22:26:55.647,1,0,0,0,0
22:26:56.156,1,0,0,0,0
22:26:56.156,0,0,0,0,0
22:26:56.665,0,0,0,0,0
22:26:56.665,1,0,0,0,0
22:26:57.172,1,0,0,0,0
22:26:57.172,0,0,0,0,0
22:26:57.696,0,0,0,0,0
22:26:57.696,1,0,0,0,0
22:26:58.210,1,0,0,0,0
22:26:58.210,0,0,0,0,0
22:26:58.724,0,0,0,0,0
22:26:58.724,1,0,0,0,0
22:26:59.233,1,0,0,0,0
22:26:59.233,0,0,0,0,0
22:26:59.739,0,0,0,0,0
22:26:59.739,1,0,0,0,0
22:27:00.246,1,0,0,0,0
22:27:00.246,0,0,0,0,0
22:27:00.755,0,0,0,0,0
22:27:00.755,1,0,0,0,0
22:27:01.265,1,0,0,0,0
22:27:01.265,0,0,0,0,0
22:27:01.763,0,0,0,0,0
22:27:01.763,1,0,0,0,0
22:27:02.282,1,0,0,0,0
22:27:02.282,0,0,0,0,0
22:27:02.792,0,0,0,0,0
22:27:02.792,1,0,0,0,0
22:27:03.282,1,0,0,0,0
22:27:03.282,0,0,0,0,0
22:27:03.802,0,0,0,0,0
22:27:03.802,1,0,0,0,0
22:27:04.305,1,0,0,0,0
22:27:04.305,0,0,0,0,0
22:27:04.811,0,0,0,0,0
22:27:04.811,1,0,0,0,0
22:27:05.319,1,0,0,0,0
22:27:05.319,0,0,0,0,0
22:27:05.828,0,0,0,0,0
22:27:05.828,1,0,0,0,0
22:27:06.339,1,0,0,0,0
22:27:06.339,0,0,0,0,0
22:27:06.848,0,0,0,0,0
22:27:06.848,1,0,0,0,0
22:27:07.359,1,0,0,0,0
22:27:07.359,0,0,0,0,0
22:27:07.869,0,0,0,0,0
22:27:07.869,1,0,0,0,0
22:27:08.395,1,0,0,0,0
22:27:08.395,0,0,0,0,0
22:27:08.904,0,0,0,0,0
22:27:08.904,1,0,0,0,0
22:27:09.412,1,0,0,0,0
22:27:09.412,0,0,0,0,0
22:27:09.922,0,0,0,0,0
22:27:09.922,1,0,0,0,0
22:27:10.432,1,0,0,0,0
22:27:10.432,0,0,0,0,0
22:27:10.941,0,0,0,0,0
22:27:10.941,1,0,0,0,0
22:27:11.456,1,0,0,0,0
22:27:11.456,0,0,0,0,0
22:27:11.956,0,0,0,0,0
22:27:11.956,1,0,0,0,0
22:27:12.467,1,0,0,0,0
22:27:12.467,0,0,0,0,0
22:27:12.971,0,0,0,0,0
22:27:12.971,1,0,0,0,0
22:27:13.484,1,0,0,0,0
22:27:13.484,0,0,0,0,0
22:27:13.994,0,0,0,0,0
22:27:13.994,1,0,0,0,0
22:27:14.523,1,0,0,0,0
22:27:14.523,0,0,0,0,0
22:27:15.024,0,0,0,0,0
22:27:15.024,1,0,0,0,0
22:27:15.539,1,0,0,0,0
22:27:15.539,0,0,0,0,0
22:27:16.045,0,0,0,0,0
22:27:16.045,1,0,0,0,0
22:27:16.554,1,0,0,0,0
22:27:16.554,0,0,0,0,0
22:27:17.068,0,0,0,0,0
22:27:17.068,1,0,0,0,0
22:27:17.581,1,0,0,0,0
22:27:17.581,0,0,0,0,0
22:27:18.082,0,0,0,0,0
22:27:18.082,1,0,0,0,0
22:27:18.587,1,0,0,0,0
22:27:18.587,0,0,0,0,0
22:27:19.089,0,0,0,0,0
22:27:19.089,1,0,0,0,0
22:27:19.600,1,0,0,0,0
22:27:19.600,0,0,0,0,0
22:27:20.106,0,0,0,0,0
22:27:20.106,1,0,0,0,0
22:27:20.633,1,0,0,0,0
22:27:20.633,0,0,0,0,0
22:27:21.151,0,0,0,0,0
22:27:21.151,1,0,0,0,0
22:27:21.653,1,0,0,0,0
22:27:21.653,0,0,0,0,0
22:27:22.154,0,0,0,0,0
22:27:22.154,1,0,0,0,0
22:27:22.693,1,0,0,0,0
22:27:22.693,0,0,0,0,0
22:27:23.203,0,0,0,0,0
22:27:23.203,1,0,0,0,0
22:27:23.704,1,0,0,0,0
22:27:23.704,0,0,0,0,0
22:27:24.205,0,0,0,0,0
22:27:24.205,1,0,0,0,0
22:27:24.747,1,0,0,0,0
22:27:24.747,0,0,0,0,0
22:27:25.261,0,0,0,0,0
22:27:25.261,1,0,0,0,0
22:27:25.772,1,0,0,0,0
22:27:25.772,0,0,0,0,0
22:27:26.286,0,0,0,0,0
22:27:26.286,1,0,0,0,0
22:27:26.787,1,0,0,0,0
22:27:26.787,0,0,0,0,0
22:27:27.296,0,0,0,0,0
22:27:27.296,1,0,0,0,0
22:27:27.803,1,0,0,0,0
22:27:27.803,0,0,0,0,0
22:27:28.306,0,0,0,0,0
22:27:28.306,1,0,0,0,0
22:27:28.816,1,0,0,0,0
22:27:28.816,0,0,0,0,0
22:27:29.322,0,0,0,0,0
22:27:29.322,1,0,0,0,0
22:27:29.833,1,0,0,0,0
22:27:29.833,0,0,0,0,0
22:27:30.336,0,0,0,0,0
22:27:30.336,1,0,0,0,0
22:27:30.844,1,0,0,0,0
22:27:30.844,0,0,0,0,0
22:27:31.346,0,0,0,0,0
22:27:31.346,1,0,0,0,0
22:27:31.846,1,0,0,0,0
22:27:31.846,0,0,0,0,0
22:27:32.346,0,0,0,0,0
22:27:32.346,1,0,0,0,0
22:27:32.853,1,0,0,0,0
22:27:32.853,0,0,0,0,0
22:27:33.354,0,0,0,0,0
22:27:33.354,1,0,0,0,0
22:27:33.855,1,0,0,0,0
22:27:33.855,0,0,0,0,0
22:27:34.366,0,0,0,0,0
22:27:34.366,1,0,0,0,0
22:27:34.926,1,0,0,0,0
22:27:34.926,0,0,0,0,0
22:27:35.435,0,0,0,0,0
22:27:35.435,1,0,0,0,0
22:27:35.937,1,0,0,0,0
22:27:35.937,0,0,0,0,0
22:27:36.441,0,0,0,0,0
22:27:36.441,1,0,0,0,0
22:27:36.951,1,0,0,0,0
22:27:36.951,0,0,0,0,0
22:27:37.452,0,0,0,0,0
22:27:37.452,1,0,0,0,0
22:27:37.953,1,0,0,0,0
22:27:37.953,0,0,0,0,0
22:27:38.459,0,0,0,0,0
22:27:38.459,1,0,0,0,0
22:27:38.972,1,0,0,0,0
22:27:38.972,0,0,0,0,0
22:27:39.485,0,0,0,0,0
22:27:39.485,1,0,0,0,0
22:27:40.000,1,0,0,0,0
22:27:40.000,0,0,0,0,0
22:27:40.513,0,0,0,0,0
22:27:40.513,1,0,0,0,0
22:27:41.005,1,0,0,0,0
22:27:41.005,0,0,0,0,0
22:27:41.522,0,0,0,0,0
22:27:41.522,1,0,0,0,0
22:27:42.034,1,0,0,0,0
22:27:42.034,0,0,0,0,0
22:27:42.542,0,0,0,0,0
22:27:42.542,1,0,0,0,0
22:27:43.036,1,0,0,0,0
22:27:43.036,0,0,0,0,0
22:27:43.565,0,0,0,0,0
22:27:43.565,1,0,0,0,0
22:27:44.069,1,0,0,0,0
22:27:44.069,0,0,0,0,0
22:27:44.582,0,0,0,0,0
22:27:44.582,1,0,0,0,0
22:27:45.079,1,0,0,0,0
22:27:45.079,0,0,0,0,0
22:27:45.595,0,0,0,0,0
22:27:45.595,1,0,0,0,0
22:27:46.099,1,0,0,0,0
22:27:46.099,0,0,0,0,0
22:27:46.601,0,0,0,0,0
22:27:46.601,1,0,0,0,0
22:27:47.102,1,0,0,0,0
22:27:47.102,0,0,0,0,0
22:27:47.620,0,0,0,0,0
22:27:47.620,1,0,0,0,0
22:27:48.134,1,0,0,0,0
22:27:48.134,0,0,0,0,0
22:27:48.634,0,0,0,0,0
22:27:48.634,1,0,0,0,0
22:27:49.135,1,0,0,0,0
22:27:49.135,0,0,0,0,0
22:27:49.720,0,0,0,0,0
22:27:49.720,1,0,0,0,0
22:27:50.225,1,0,0,0,0
22:27:50.225,0,0,0,0,0
22:27:50.733,0,0,0,0,0
22:27:50.733,1,0,0,0,0
22:27:51.237,1,0,0,0,0
22:27:51.237,0,0,0,0,0
22:27:51.750,0,0,0,0,0
22:27:51.750,1,0,0,0,0
22:27:52.143,1,0,0,0,0
22:27:52.143,0,0,0,0,0
