Time,WM1,WM2,WM3,WM4,WM5
20:59:25.154,0,0,0,0,0
20:59:25.154,1,0,0,0,0
20:59:25.687,1,0,0,0,0
20:59:25.687,0,0,0,0,0
20:59:26.202,0,0,0,0,0
20:59:26.202,1,0,0,0,0
20:59:26.702,1,0,0,0,0
20:59:26.702,0,0,0,0,0
20:59:27.305,0,0,0,0,0
20:59:27.305,1,0,0,0,0
20:59:27.818,1,0,0,0,0
20:59:27.818,0,0,0,0,0
20:59:28.333,0,0,0,0,0
20:59:28.333,1,0,0,0,0
20:59:28.946,1,0,0,0,0
20:59:28.946,0,0,0,0,0
20:59:29.450,0,0,0,0,0
20:59:29.450,1,0,0,0,0
20:59:29.950,1,0,0,0,0
20:59:29.950,0,0,0,0,0
20:59:30.535,0,0,0,0,0
20:59:30.535,1,0,0,0,0
20:59:31.050,1,0,0,0,0
20:59:31.050,0,0,0,0,0
20:59:31.565,0,0,0,0,0
20:59:31.565,1,0,0,0,0
20:59:32.153,1,0,0,0,0
20:59:32.153,0,0,0,0,0
20:59:32.667,0,0,0,0,0
20:59:32.667,1,0,0,0,0
20:59:33.170,1,0,0,0,0
20:59:33.170,0,0,0,0,0
20:59:33.763,0,0,0,0,0
20:59:33.763,1,0,0,0,0
20:59:34.272,1,0,0,0,0
20:59:34.272,0,0,0,0,0
20:59:34.784,0,0,0,0,0
20:59:34.784,1,0,0,0,0
20:59:35.398,1,0,0,0,0
20:59:35.398,0,0,0,0,0
20:59:35.900,0,0,0,0,0
20:59:35.900,1,0,0,0,0
20:59:36.401,1,0,0,0,0
20:59:36.401,0,0,0,0,0
20:59:37.031,0,0,0,0,0
20:59:37.031,1,0,0,0,0
20:59:37.537,1,0,0,0,0
20:59:37.537,0,0,0,0,0
20:59:38.037,0,0,0,0,0
20:59:38.037,1,0,0,0,0
20:59:38.628,1,0,0,0,0
20:59:38.628,0,0,0,0,0
20:59:39.129,0,0,0,0,0
20:59:39.129,1,0,0,0,0
20:59:39.631,1,0,0,0,0
20:59:39.631,0,0,0,0,0
20:59:40.244,0,0,0,0,0
20:59:40.244,1,0,0,0,0
20:59:40.749,1,0,0,0,0
20:59:40.749,0,0,0,0,0
20:59:41.248,0,0,0,0,0
20:59:41.248,1,0,0,0,0
20:59:41.864,1,0,0,0,0
20:59:41.864,0,0,0,0,0
20:59:42.364,0,0,0,0,0
20:59:42.364,1,0,0,0,0
20:59:42.866,1,0,0,0,0
20:59:42.866,0,0,0,0,0
20:59:43.424,0,0,0,0,0
20:59:43.424,1,0,0,0,0
20:59:43.932,1,0,0,0,0
20:59:43.932,0,0,0,0,0
20:59:44.432,0,0,0,0,0
20:59:44.432,1,0,0,0,0
20:59:44.942,1,0,0,0,0
20:59:44.942,0,0,0,0,0
20:59:45.450,0,0,0,0,0
20:59:45.450,1,0,0,0,0
20:59:45.965,1,0,0,0,0
20:59:45.965,0,0,0,0,0
20:59:46.465,0,0,0,0,0
20:59:46.465,1,0,0,0,0
20:59:47.066,1,0,0,0,0
20:59:47.066,0,0,0,0,0
20:59:47.581,0,0,0,0,0
20:59:47.581,1,0,0,0,0
20:59:48.082,1,0,0,0,0
20:59:48.082,0,0,0,0,0
20:59:48.706,0,0,0,0,0
20:59:48.706,1,0,0,0,0
20:59:49.215,1,0,0,0,0
20:59:49.215,0,0,0,0,0
20:59:49.717,0,0,0,0,0
20:59:49.717,1,0,0,0,0
20:59:50.336,1,0,0,0,0
20:59:50.336,0,0,0,0,0
20:59:50.848,0,0,0,0,0
20:59:50.848,1,0,0,0,0
20:59:51.348,1,0,0,0,0
20:59:51.348,0,0,0,0,0
20:59:51.915,0,0,0,0,0
20:59:51.915,1,0,0,0,0
20:59:52.416,1,0,0,0,0
20:59:52.416,0,0,0,0,0
20:59:52.919,0,0,0,0,0
20:59:52.919,1,0,0,0,0
20:59:53.540,1,0,0,0,0
20:59:53.540,0,0,0,0,0
20:59:54.047,0,0,0,0,0
20:59:54.047,1,0,0,0,0
20:59:54.548,1,0,0,0,0
20:59:54.548,0,0,0,0,0
20:59:55.048,0,0,0,0,0
20:59:55.048,1,0,0,0,0
20:59:55.598,1,0,0,0,0
20:59:55.598,0,0,0,0,0
20:59:56.109,0,0,0,0,0
20:59:56.109,1,0,0,0,0
20:59:56.612,1,0,0,0,0
20:59:56.612,0,0,0,0,0
20:59:57.126,0,0,0,0,0
20:59:57.126,1,0,0,0,0
20:59:57.629,1,0,0,0,0
20:59:57.629,0,0,0,0,0
20:59:58.131,0,0,0,0,0
20:59:58.131,1,0,0,0,0
20:59:58.646,1,0,0,0,0
20:59:58.646,0,0,0,0,0
20:59:59.232,0,0,0,0,0
20:59:59.232,1,0,0,0,0
20:59:59.740,1,0,0,0,0
20:59:59.740,0,0,0,0,0
21:00:00.246,0,0,0,0,0
21:00:00.246,1,0,0,0,0
21:00:00.823,1,0,0,0,0
21:00:00.823,0,0,0,0,0
21:00:01.325,0,0,0,0,0
21:00:01.325,1,0,0,0,0
21:00:01.829,1,0,0,0,0
21:00:01.829,0,0,0,0,0
21:00:02.464,0,0,0,0,0
21:00:02.464,1,0,0,0,0
21:00:02.978,1,0,0,0,0
21:00:02.978,0,0,0,0,0
21:00:03.479,0,0,0,0,0
21:00:03.479,1,0,0,0,0
21:00:04.052,1,0,0,0,0
21:00:04.052,0,0,0,0,0
21:00:04.564,0,0,0,0,0
21:00:04.564,1,0,0,0,0
21:00:05.064,1,0,0,0,0
21:00:05.064,0,0,0,0,0
21:00:05.632,0,0,0,0,0
21:00:05.632,1,0,0,0,0
21:00:06.145,1,0,0,0,0
21:00:06.145,0,0,0,0,0
21:00:06.646,0,0,0,0,0
21:00:06.646,1,0,0,0,0
21:00:07.156,1,0,0,0,0
21:00:07.156,0,0,0,0,0
21:00:07.679,0,0,0,0,0
21:00:07.679,1,0,0,0,0
21:00:08.179,1,0,0,0,0
21:00:08.179,0,0,0,0,0
21:00:08.679,0,0,0,0,0
21:00:08.679,1,0,0,0,0
21:00:09.216,1,0,0,0,0
21:00:09.216,0,0,0,0,0
21:00:09.731,0,0,0,0,0
21:00:09.731,1,0,0,0,0
21:00:10.244,1,0,0,0,0
21:00:10.244,0,0,0,0,0
21:00:10.744,0,0,0,0,0
21:00:10.744,1,0,0,0,0
21:00:11.346,1,0,0,0,0
21:00:11.346,0,0,0,0,0
21:00:11.861,0,0,0,0,0
21:00:11.861,1,0,0,0,0
21:00:12.361,1,0,0,0,0
21:00:12.361,0,0,0,0,0
21:00:12.933,0,0,0,0,0
21:00:12.933,1,0,0,0,0
21:00:13.444,1,0,0,0,0
21:00:13.444,0,0,0,0,0
21:00:13.945,0,0,0,0,0
21:00:13.945,1,0,0,0,0
21:00:14.489,1,0,0,0,0
21:00:14.489,0,0,0,0,0
21:00:15.021,0,0,0,0,0
21:00:15.021,1,0,0,0,0
21:00:15.527,1,0,0,0,0
21:00:15.527,0,0,0,0,0
21:00:16.027,0,0,0,0,0
21:00:16.027,1,0,0,0,0
21:00:16.614,1,0,0,0,0
21:00:16.614,0,0,0,0,0
21:00:17.128,0,0,0,0,0
21:00:17.128,1,0,0,0,0
21:00:17.643,1,0,0,0,0
21:00:17.643,0,0,0,0,0
21:00:18.217,0,0,0,0,0
21:00:18.217,1,0,0,0,0
21:00:18.727,1,0,0,0,0
21:00:18.727,0,0,0,0,0
21:00:19.227,0,0,0,0,0
21:00:19.227,1,0,0,0,0
21:00:19.848,1,0,0,0,0
21:00:19.848,0,0,0,0,0
21:00:20.359,0,0,0,0,0
21:00:20.359,1,0,0,0,0
21:00:20.860,1,0,0,0,0
21:00:20.860,0,0,0,0,0
21:00:21.417,0,0,0,0,0
21:00:21.417,1,0,0,0,0
21:00:21.925,1,0,0,0,0
21:00:21.925,0,0,0,0,0
21:00:22.426,0,0,0,0,0
21:00:22.426,1,0,0,0,0
21:00:22.942,1,0,0,0,0
21:00:22.942,0,0,0,0,0
21:00:23.462,0,0,0,0,0
21:00:23.462,1,0,0,0,0
21:00:23.975,1,0,0,0,0
21:00:23.975,0,0,0,0,0
21:00:24.476,0,0,0,0,0
21:00:24.476,1,0,0,0,0
21:00:25.099,1,0,0,0,0
21:00:25.099,0,0,0,0,0
21:00:25.608,0,0,0,0,0
21:00:25.608,1,0,0,0,0
21:00:26.107,1,0,0,0,0
21:00:26.107,0,0,0,0,0
21:00:26.712,0,0,0,0,0
21:00:26.712,1,0,0,0,0
21:00:27.226,1,0,0,0,0
21:00:27.226,0,0,0,0,0
21:00:27.743,0,0,0,0,0
21:00:27.743,1,0,0,0,0
21:00:28.292,1,0,0,0,0
21:00:28.292,0,0,0,0,0
21:00:28.802,0,0,0,0,0
21:00:28.802,1,0,0,0,0
21:00:29.302,1,0,0,0,0
21:00:29.302,0,0,0,0,0
21:00:29.915,0,0,0,0,0
21:00:29.915,1,0,0,0,0
21:00:30.427,1,0,0,0,0
21:00:30.427,0,0,0,0,0
21:00:30.936,0,0,0,0,0
21:00:30.936,1,0,0,0,0
21:00:31.449,1,0,0,0,0
21:00:31.449,0,0,0,0,0
21:00:31.714,1,0,0,0,0
21:00:31.714,0,0,0,0,0
21:00:31.975,1,0,0,0,0
21:00:31.975,0,0,0,0,0
21:10:03.869,0,0,0,0,0
21:10:03.869,1,0,0,0,0
21:10:05.872,1,0,0,0,0
21:10:05.872,0,0,0,0,0
21:10:07.886,0,0,0,0,0
21:10:07.886,1,0,0,0,0
21:10:09.886,1,0,0,0,0
21:10:09.886,0,0,0,0,0
21:10:11.887,0,0,0,0,0
21:10:11.887,1,0,0,0,0
21:10:13.898,1,0,0,0,0
21:10:13.898,0,0,0,0,0
21:10:15.900,0,0,0,0,0
21:10:15.900,1,0,0,0,0
21:10:17.904,1,0,0,0,0
21:10:17.904,0,0,0,0,0
21:10:19.904,0,0,0,0,0
21:10:19.904,1,0,0,0,0
21:10:21.903,1,0,0,0,0
21:10:21.903,0,0,0,0,0
21:10:23.919,0,0,0,0,0
21:10:23.919,1,0,0,0,0
21:10:25.920,1,0,0,0,0
21:10:25.920,0,0,0,0,0
21:10:27.949,0,0,0,0,0
21:10:27.949,1,0,0,0,0
21:10:29.993,1,0,0,0,0
21:10:29.993,0,0,0,0,0
21:10:32.011,0,0,0,0,0
21:10:32.011,1,0,0,0,0
21:10:34.034,1,0,0,0,0
21:10:34.034,0,0,0,0,0
21:10:36.050,0,0,0,0,0
21:10:36.050,1,0,0,0,0
21:10:38.057,1,0,0,0,0
21:10:38.057,0,0,0,0,0
21:10:40.064,0,0,0,0,0
21:10:40.064,1,0,0,0,0
21:10:42.096,1,0,0,0,0
21:10:42.096,0,0,0,0,0
21:10:43.734,0,0,0,0,0
21:10:43.734,0,1,0,0,0
21:10:44.151,0,1,0,0,0
21:10:44.151,1,1,0,0,0
21:10:44.748,1,1,0,0,0
21:10:44.748,1,0,0,0,0
21:10:45.749,1,0,0,0,0
21:10:45.749,1,1,0,0,0
21:10:46.166,1,1,0,0,0
21:10:46.166,0,1,0,0,0
21:10:46.749,0,1,0,0,0
21:10:46.749,0,0,0,0,0
21:10:47.750,0,0,0,0,0
21:10:47.750,0,1,0,0,0
21:10:48.181,0,1,0,0,0
21:10:48.181,1,1,0,0,0
21:10:48.750,1,1,0,0,0
21:10:48.750,1,0,0,0,0
21:10:49.791,1,0,0,0,0
21:10:49.791,1,1,0,0,0
21:10:50.205,1,1,0,0,0
21:10:50.205,0,1,0,0,0
21:10:50.798,0,1,0,0,0
21:10:50.798,0,0,0,0,0
21:10:51.813,0,0,0,0,0
21:10:51.813,0,1,0,0,0
21:10:52.219,0,1,0,0,0
21:10:52.219,1,1,0,0,0
21:10:52.815,1,1,0,0,0
21:10:52.815,1,0,0,0,0
21:10:53.849,1,0,0,0,0
21:10:53.849,1,1,0,0,0
21:10:54.213,1,1,0,0,0
21:10:54.213,0,1,0,0,0
21:10:54.864,0,1,0,0,0
21:10:54.864,0,0,0,0,0
21:10:55.865,0,0,0,0,0
21:10:55.865,0,1,0,0,0
21:10:56.248,0,1,0,0,0
21:10:56.248,1,1,0,0,0
21:10:56.865,1,1,0,0,0
21:10:56.865,1,0,0,0,0
21:10:57.868,1,0,0,0,0
21:10:57.868,1,1,0,0,0
21:10:58.259,1,1,0,0,0
21:10:58.259,0,1,0,0,0
21:10:58.880,0,1,0,0,0
21:10:58.880,0,0,0,0,0
21:10:59.903,0,0,0,0,0
21:10:59.903,0,1,0,0,0
21:11:00.290,0,1,0,0,0
21:11:00.290,1,1,0,0,0
21:11:00.914,1,1,0,0,0
21:11:00.914,1,0,0,0,0
21:11:01.917,1,0,0,0,0
21:11:01.917,1,1,0,0,0
21:11:02.307,1,1,0,0,0
21:11:02.307,0,1,0,0,0
21:11:02.926,0,1,0,0,0
21:11:02.926,0,0,0,0,0
21:11:03.932,0,0,0,0,0
21:11:03.932,0,1,0,0,0
21:11:04.339,0,1,0,0,0
21:11:04.339,1,1,0,0,0
21:11:04.946,1,1,0,0,0
21:11:04.946,1,0,0,0,0
21:11:05.946,1,0,0,0,0
21:11:05.946,1,1,0,0,0
21:11:06.346,1,1,0,0,0
21:11:06.346,0,1,0,0,0
21:11:06.946,0,1,0,0,0
21:11:06.946,0,0,0,0,0
21:11:07.953,0,0,0,0,0
21:11:07.953,0,1,0,0,0
21:11:08.413,0,1,0,0,0
21:11:08.413,1,1,0,0,0
21:11:08.963,1,1,0,0,0
21:11:08.963,1,0,0,0,0
21:11:10.034,1,0,0,0,0
21:11:10.034,1,1,0,0,0
21:11:10.449,1,1,0,0,0
21:11:10.449,0,1,0,0,0
21:11:11.045,0,1,0,0,0
21:11:11.045,0,0,0,0,0
21:11:12.054,0,0,0,0,0
21:11:12.054,0,1,0,0,0
21:11:12.465,0,1,0,0,0
21:11:12.465,1,1,0,0,0
21:11:13.059,1,1,0,0,0
21:11:13.059,1,0,0,0,0
21:11:14.074,1,0,0,0,0
21:11:14.074,1,1,0,0,0
21:11:14.477,1,1,0,0,0
21:11:14.477,0,1,0,0,0
21:11:15.076,0,1,0,0,0
21:11:15.076,0,0,0,0,0
21:11:16.112,0,0,0,0,0
21:11:16.112,0,1,0,0,0
21:11:16.517,0,1,0,0,0
21:11:16.517,1,1,0,0,0
21:11:17.128,1,1,0,0,0
21:11:17.128,1,0,0,0,0
21:11:18.127,1,0,0,0,0
21:11:18.127,1,1,0,0,0
21:11:18.530,1,1,0,0,0
21:11:18.530,0,1,0,0,0
21:11:19.143,0,1,0,0,0
21:11:19.143,0,0,0,0,0
21:11:20.155,0,0,0,0,0
21:11:20.155,0,1,0,0,0
21:11:20.545,0,1,0,0,0
21:11:20.545,1,1,0,0,0
21:11:21.159,1,1,0,0,0
21:11:21.159,1,0,0,0,0
21:11:22.177,1,0,0,0,0
21:11:22.177,1,1,0,0,0
21:11:22.606,1,1,0,0,0
21:11:22.606,0,1,0,0,0
21:11:23.192,0,1,0,0,0
21:11:23.192,0,0,0,0,0
21:11:24.193,0,0,0,0,0
21:11:24.193,0,1,0,0,0
21:11:24.613,0,1,0,0,0
21:11:24.613,1,1,0,0,0
21:11:25.194,1,1,0,0,0
21:11:25.194,1,0,0,0,0
21:11:26.196,1,0,0,0,0
21:11:26.196,1,1,0,0,0
21:11:26.614,1,1,0,0,0
21:11:26.614,0,1,0,0,0
21:11:27.210,0,1,0,0,0
21:11:27.210,0,0,0,0,0
21:11:28.225,0,0,0,0,0
21:11:28.225,0,1,0,0,0
21:11:28.626,0,1,0,0,0
21:11:28.626,1,1,0,0,0
21:11:29.241,1,1,0,0,0
21:11:29.241,1,0,0,0,0
21:11:30.288,1,0,0,0,0
21:11:30.288,1,1,0,0,0
21:11:30.689,1,1,0,0,0
21:11:30.689,0,1,0,0,0
21:11:31.302,0,1,0,0,0
21:11:31.302,0,0,0,0,0
21:11:32.304,0,0,0,0,0
21:11:32.304,0,1,0,0,0
21:11:32.722,0,1,0,0,0
21:11:32.722,1,1,0,0,0
21:11:33.308,1,1,0,0,0
21:11:33.308,1,0,0,0,0
21:11:34.364,1,0,0,0,0
21:11:34.364,1,1,0,0,0
21:11:34.766,1,1,0,0,0
21:11:34.766,0,1,0,0,0
21:11:35.374,0,1,0,0,0
21:11:35.374,0,0,0,0,0
21:11:36.396,0,0,0,0,0
21:11:36.396,0,1,0,0,0
21:11:36.784,0,1,0,0,0
21:11:36.784,1,1,0,0,0
21:11:37.400,1,1,0,0,0
21:11:37.400,1,0,0,0,0
21:11:38.430,1,0,0,0,0
21:11:38.430,1,1,0,0,0
21:11:38.822,1,1,0,0,0
21:11:38.822,0,1,0,0,0
21:11:39.445,0,1,0,0,0
21:11:39.445,0,0,0,0,0
21:11:40.448,0,0,0,0,0
21:11:40.448,0,1,0,0,0
21:11:40.847,0,1,0,0,0
21:11:40.847,1,1,0,0,0
21:11:41.449,1,1,0,0,0
21:11:41.449,1,0,0,0,0
21:11:42.484,1,0,0,0,0
21:11:42.484,1,1,0,0,0
21:11:42.906,1,1,0,0,0
21:11:42.906,0,1,0,0,0
21:11:43.500,0,1,0,0,0
21:11:43.500,0,0,0,0,0
21:11:44.523,0,0,0,0,0
21:11:44.523,0,1,0,0,0
21:11:44.918,0,1,0,0,0
21:11:44.918,1,1,0,0,0
21:11:45.538,1,1,0,0,0
21:11:45.538,1,0,0,0,0
21:11:46.540,1,0,0,0,0
21:11:46.540,1,1,0,0,0
21:11:46.945,1,1,0,0,0
21:11:46.945,0,1,0,0,0
21:11:47.553,0,1,0,0,0
21:11:47.553,0,0,0,0,0
21:11:48.566,0,0,0,0,0
21:11:48.566,0,1,0,0,0
21:11:48.969,0,1,0,0,0
21:11:48.969,1,1,0,0,0
21:11:49.576,1,1,0,0,0
21:11:49.576,1,0,0,0,0
21:11:50.585,1,0,0,0,0
21:11:50.585,1,1,0,0,0
21:11:51.020,1,1,0,0,0
21:11:51.020,0,1,0,0,0
21:11:51.594,0,1,0,0,0
21:11:51.594,0,0,0,0,0
21:11:52.665,0,0,0,0,0
21:11:52.665,0,1,0,0,0
21:11:53.058,0,1,0,0,0
21:11:53.058,1,1,0,0,0
21:11:53.680,1,1,0,0,0
21:11:53.680,1,0,0,0,0
21:11:54.729,1,0,0,0,0
21:11:54.729,1,1,0,0,0
21:11:55.083,1,1,0,0,0
21:11:55.083,0,1,0,0,0
21:11:55.749,0,1,0,0,0
21:11:55.749,0,0,0,0,0
21:11:56.767,0,0,0,0,0
21:11:56.767,0,1,0,0,0
21:11:57.142,0,1,0,0,0
21:11:57.142,1,1,0,0,0
21:11:57.786,1,1,0,0,0
21:11:57.786,1,0,0,0,0
21:11:58.803,1,0,0,0,0
21:11:58.803,1,1,0,0,0
21:11:59.155,1,1,0,0,0
21:11:59.155,0,1,0,0,0
21:11:59.821,0,1,0,0,0
21:11:59.821,0,0,0,0,0
21:12:00.822,0,0,0,0,0
21:12:00.822,0,1,0,0,0
21:12:01.165,0,1,0,0,0
21:12:01.165,1,1,0,0,0
21:12:01.834,1,1,0,0,0
21:12:01.834,1,0,0,0,0
21:12:02.835,1,0,0,0,0
21:12:02.835,1,1,0,0,0
21:12:03.221,1,1,0,0,0
21:12:03.221,0,1,0,0,0
21:12:03.836,0,1,0,0,0
21:12:03.836,0,0,0,0,0
21:12:04.211,0,1,0,0,0
21:12:04.211,0,0,0,0,0
21:12:04.402,0,1,0,0,0
21:12:04.402,0,0,0,0,0
21:12:05.247,0,0,0,0,0
21:12:05.247,1,0,0,0,0
21:12:07.335,1,0,0,0,0
21:12:07.335,0,0,0,0,0
21:12:09.428,0,0,0,0,0
21:12:09.428,1,0,0,0,0
21:12:11.450,1,0,0,0,0
21:12:11.450,0,0,0,0,0
21:12:13.471,0,0,0,0,0
21:12:13.471,1,0,0,0,0
21:12:14.279,1,0,0,0,0
21:12:14.279,0,0,0,0,0
21:12:14.326,1,0,0,0,0
21:12:14.326,0,0,0,0,0
21:14:51.967,0,0,0,0,0
21:14:51.967,0,1,0,0,0
21:14:52.971,0,1,0,0,0
21:14:52.971,0,0,0,0,0
21:14:53.982,0,0,0,0,0
21:14:53.982,0,1,0,0,0
21:14:54.118,1,1,0,0,0
21:14:54.118,0,1,0,0,0
21:14:54.995,0,1,0,0,0
21:14:54.995,0,0,0,0,0
21:14:55.369,0,1,0,0,0
21:14:55.369,0,0,0,0,0
21:14:55.880,0,1,0,0,0
21:14:55.880,0,0,0,0,0
21:14:56.069,0,1,0,0,0
21:14:56.069,0,0,0,0,0
21:14:56.247,0,0,0,0,0
21:14:56.247,1,0,0,0,0
21:14:56.581,1,0,0,0,0
21:14:56.581,0,0,0,0,0
21:14:56.755,1,0,0,0,0
21:14:56.755,0,0,0,0,0
21:14:57.295,0,1,0,0,0
21:14:57.295,0,0,0,0,0
21:15:55.207,0,1,0,0,0
21:15:55.207,0,0,0,0,0
21:16:04.949,0,0,0,0,0
21:16:04.949,1,0,0,0,0
21:16:06.959,1,0,0,0,0
21:16:06.959,0,0,0,0,0
21:16:08.972,0,0,0,0,0
21:16:08.972,1,0,0,0,0
21:16:10.976,1,0,0,0,0
21:16:10.976,0,0,0,0,0
21:16:11.215,1,0,0,0,0
21:16:11.215,0,0,0,0,0
21:16:21.104,0,0,0,0,0
21:16:21.104,1,0,0,0,0
21:16:23.116,1,0,0,0,0
21:16:23.116,0,0,0,0,0
21:16:25.127,0,0,0,0,0
21:16:25.127,1,0,0,0,0
21:16:27.132,1,0,0,0,0
21:16:27.132,0,0,0,0,0
21:16:29.135,0,0,0,0,0
21:16:29.135,1,0,0,0,0
21:16:31.156,1,0,0,0,0
21:16:31.156,0,0,0,0,0
21:16:33.163,0,0,0,0,0
21:16:33.163,1,0,0,0,0
21:16:35.176,1,0,0,0,0
21:16:35.176,0,0,0,0,0
21:16:35.280,1,0,0,0,0
21:16:35.280,0,0,0,0,0
21:16:37.906,0,1,0,0,0
21:16:37.906,0,0,0,0,0
21:16:40.620,0,0,0,0,0
21:16:40.620,1,0,0,0,0
21:16:42.624,1,0,0,0,0
21:16:42.624,0,0,0,0,0
21:16:44.653,0,0,0,0,0
21:16:44.653,1,0,0,0,0
21:16:45.998,1,0,0,0,0
21:16:45.998,0,0,0,0,0
21:16:46.010,1,0,0,0,0
21:16:46.010,0,0,0,0,0
21:17:03.074,0,0,0,0,0
21:17:03.074,1,0,0,0,0
21:17:05.083,1,0,0,0,0
21:17:05.083,0,0,0,0,0
21:17:07.084,0,0,0,0,0
21:17:07.084,1,0,0,0,0
21:17:09.084,1,0,0,0,0
21:17:09.084,0,0,0,0,0
21:17:11.091,0,0,0,0,0
21:17:11.091,1,0,0,0,0
21:17:13.103,1,0,0,0,0
21:17:13.103,0,0,0,0,0
21:17:15.112,0,0,0,0,0
21:17:15.112,1,0,0,0,0
21:17:17.114,1,0,0,0,0
21:17:17.114,0,0,0,0,0
21:17:19.125,0,0,0,0,0
21:17:19.125,1,0,0,0,0
21:17:21.129,1,0,0,0,0
21:17:21.129,0,0,0,0,0
21:17:23.128,0,0,0,0,0
21:17:23.128,1,0,0,0,0
21:17:25.150,1,0,0,0,0
21:17:25.150,0,0,0,0,0
21:17:27.151,0,0,0,0,0
21:17:27.151,1,0,0,0,0
21:17:29.162,1,0,0,0,0
21:17:29.162,0,0,0,0,0
21:17:31.170,0,0,0,0,0
21:17:31.170,1,0,0,0,0
21:17:33.175,1,0,0,0,0
21:17:33.175,0,0,0,0,0
21:17:35.189,0,0,0,0,0
21:17:35.189,1,0,0,0,0
21:17:37.194,1,0,0,0,0
21:17:37.194,0,0,0,0,0
21:17:39.196,0,0,0,0,0
21:17:39.196,1,0,0,0,0
21:17:41.199,1,0,0,0,0
21:17:41.199,0,0,0,0,0
21:17:43.194,0,0,0,0,0
21:17:43.194,1,0,0,0,0
21:17:45.223,1,0,0,0,0
21:17:45.223,0,0,0,0,0
21:17:47.256,0,0,0,0,0
21:17:47.256,1,0,0,0,0
21:17:49.261,1,0,0,0,0
21:17:49.261,0,0,0,0,0
21:17:51.279,0,0,0,0,0
21:17:51.279,1,0,0,0,0
21:17:53.281,1,0,0,0,0
21:17:53.281,0,0,0,0,0
21:17:55.282,0,0,0,0,0
21:17:55.282,1,0,0,0,0
21:17:57.289,1,0,0,0,0
21:17:57.289,0,0,0,0,0
21:17:59.303,0,0,0,0,0
21:17:59.303,1,0,0,0,0
21:18:01.310,1,0,0,0,0
21:18:01.310,0,0,0,0,0
21:18:03.320,0,0,0,0,0
21:18:03.320,1,0,0,0,0
21:18:05.332,1,0,0,0,0
21:18:05.332,0,0,0,0,0
21:18:07.333,0,0,0,0,0
21:18:07.333,1,0,0,0,0
21:18:09.353,1,0,0,0,0
21:18:09.353,0,0,0,0,0
21:18:11.356,0,0,0,0,0
21:18:11.356,1,0,0,0,0
21:18:13.367,1,0,0,0,0
21:18:13.367,0,0,0,0,0
21:18:15.376,0,0,0,0,0
21:18:15.376,1,0,0,0,0
21:18:17.381,1,0,0,0,0
21:18:17.381,0,0,0,0,0
21:18:19.393,0,0,0,0,0
21:18:19.393,1,0,0,0,0
21:18:21.405,1,0,0,0,0
21:18:21.405,0,0,0,0,0
21:18:23.408,0,0,0,0,0
21:18:23.408,1,0,0,0,0
21:18:25.421,1,0,0,0,0
21:18:25.421,0,0,0,0,0
21:18:27.421,0,0,0,0,0
21:18:27.421,1,0,0,0,0
21:18:29.424,1,0,0,0,0
21:18:29.424,0,0,0,0,0
21:18:31.434,0,0,0,0,0
21:18:31.434,1,0,0,0,0
21:18:33.436,1,0,0,0,0
21:18:33.436,0,0,0,0,0
21:18:35.446,0,0,0,0,0
21:18:35.446,1,0,0,0,0
21:18:37.455,1,0,0,0,0
21:18:37.455,0,0,0,0,0
21:18:39.461,0,0,0,0,0
21:18:39.461,1,0,0,0,0
21:18:41.467,1,0,0,0,0
21:18:41.467,0,0,0,0,0
21:18:43.474,0,0,0,0,0
21:18:43.474,1,0,0,0,0
21:18:44.463,1,0,0,0,0
21:18:44.463,0,0,0,0,0
21:18:44.522,1,0,0,0,0
21:18:44.522,0,0,0,0,0
21:20:02.247,1,0,0,0,0
21:20:02.247,0,0,0,0,0
21:20:02.707,0,1,0,0,0
21:20:02.707,0,0,0,0,0
21:20:16.385,0,0,0,0,0
21:20:16.385,1,0,0,0,0
21:20:18.389,1,0,0,0,0
21:20:18.389,0,0,0,0,0
21:20:20.398,0,0,0,0,0
21:20:20.398,1,0,0,0,0
21:20:22.405,1,0,0,0,0
21:20:22.405,0,0,0,0,0
21:20:24.416,0,0,0,0,0
21:20:24.416,1,0,0,0,0
21:20:26.420,1,0,0,0,0
21:20:26.420,0,0,0,0,0
21:20:28.435,0,0,0,0,0
21:20:28.435,1,0,0,0,0
21:20:30.445,1,0,0,0,0
21:20:30.445,0,0,0,0,0
21:20:32.448,0,0,0,0,0
21:20:32.448,1,0,0,0,0
21:20:34.453,1,0,0,0,0
21:20:34.453,0,0,0,0,0
21:20:36.480,0,0,0,0,0
21:20:36.480,1,0,0,0,0
21:20:38.490,1,0,0,0,0
21:20:38.490,0,0,0,0,0
21:20:40.501,0,0,0,0,0
21:20:40.501,1,0,0,0,0
21:20:42.514,1,0,0,0,0
21:20:42.514,0,0,0,0,0
21:20:44.523,0,0,0,0,0
21:20:44.523,1,0,0,0,0
21:20:46.537,1,0,0,0,0
21:20:46.537,0,0,0,0,0
21:20:48.540,0,0,0,0,0
21:20:48.540,1,0,0,0,0
21:20:50.548,1,0,0,0,0
21:20:50.548,0,0,0,0,0
21:20:52.548,0,0,0,0,0
21:20:52.548,1,0,0,0,0
21:20:54.557,1,0,0,0,0
21:20:54.557,0,0,0,0,0
21:20:56.585,0,0,0,0,0
21:20:56.585,1,0,0,0,0
21:20:58.619,1,0,0,0,0
21:20:58.619,0,0,0,0,0
21:21:00.657,0,0,0,0,0
21:21:00.657,1,0,0,0,0
21:21:02.696,1,0,0,0,0
21:21:02.696,0,0,0,0,0
21:21:04.709,0,0,0,0,0
21:21:04.709,1,0,0,0,0
21:21:06.712,1,0,0,0,0
21:21:06.712,0,0,0,0,0
21:21:08.722,0,0,0,0,0
21:21:08.722,1,0,0,0,0
21:21:10.735,1,0,0,0,0
21:21:10.735,0,0,0,0,0
21:21:12.749,0,0,0,0,0
21:21:12.749,1,0,0,0,0
21:21:14.762,1,0,0,0,0
21:21:14.762,0,0,0,0,0
21:21:16.772,0,0,0,0,0
21:21:16.772,1,0,0,0,0
21:21:18.781,1,0,0,0,0
21:21:18.781,0,0,0,0,0
21:21:20.795,0,0,0,0,0
21:21:20.795,1,0,0,0,0
21:21:22.809,1,0,0,0,0
21:21:22.809,0,0,0,0,0
21:21:24.850,0,0,0,0,0
21:21:24.850,1,0,0,0,0
21:21:26.885,1,0,0,0,0
21:21:26.885,0,0,0,0,0
21:21:28.901,0,0,0,0,0
21:21:28.901,1,0,0,0,0
21:21:30.905,1,0,0,0,0
21:21:30.905,0,0,0,0,0
21:21:32.920,0,0,0,0,0
21:21:32.920,1,0,0,0,0
21:21:34.921,1,0,0,0,0
21:21:34.921,0,0,0,0,0
21:21:36.929,0,0,0,0,0
21:21:36.929,1,0,0,0,0
21:21:38.938,1,0,0,0,0
21:21:38.938,0,0,0,0,0
21:21:40.938,0,0,0,0,0
21:21:40.938,1,0,0,0,0
21:21:42.943,1,0,0,0,0
21:21:42.943,0,0,0,0,0
21:21:44.967,0,0,0,0,0
21:21:44.967,1,0,0,0,0
21:21:47.002,1,0,0,0,0
21:21:47.002,0,0,0,0,0
21:21:49.006,0,0,0,0,0
21:21:49.006,1,0,0,0,0
21:21:51.008,1,0,0,0,0
21:21:51.008,0,0,0,0,0
21:21:53.016,0,0,0,0,0
21:21:53.016,1,0,0,0,0
21:21:55.029,1,0,0,0,0
21:21:55.029,0,0,0,0,0
21:21:57.040,0,0,0,0,0
21:21:57.040,1,0,0,0,0
21:21:59.055,1,0,0,0,0
21:21:59.055,0,0,0,0,0
21:22:01.054,0,0,0,0,0
21:22:01.054,1,0,0,0,0
21:22:03.064,1,0,0,0,0
21:22:03.064,0,0,0,0,0
21:22:05.075,0,0,0,0,0
21:22:05.075,1,0,0,0,0
21:22:07.118,1,0,0,0,0
21:22:07.118,0,0,0,0,0
21:22:09.121,0,0,0,0,0
21:22:09.121,1,0,0,0,0
21:22:11.126,1,0,0,0,0
21:22:11.126,0,0,0,0,0
21:22:13.129,0,0,0,0,0
21:22:13.129,1,0,0,0,0
21:22:15.139,1,0,0,0,0
21:22:15.139,0,0,0,0,0
21:22:17.144,0,0,0,0,0
21:22:17.144,1,0,0,0,0
21:22:19.159,1,0,0,0,0
21:22:19.159,0,0,0,0,0
21:22:21.161,0,0,0,0,0
21:22:21.161,1,0,0,0,0
21:22:23.162,1,0,0,0,0
21:22:23.162,0,0,0,0,0
21:22:25.166,0,0,0,0,0
21:22:25.166,1,0,0,0,0
21:22:27.182,1,0,0,0,0
21:22:27.182,0,0,0,0,0
21:22:29.216,0,0,0,0,0
21:22:29.216,1,0,0,0,0
21:22:31.222,1,0,0,0,0
21:22:31.222,0,0,0,0,0
21:22:33.222,0,0,0,0,0
21:22:33.222,1,0,0,0,0
21:22:35.222,1,0,0,0,0
21:22:35.222,0,0,0,0,0
21:22:37.236,0,0,0,0,0
21:22:37.236,1,0,0,0,0
21:22:39.241,1,0,0,0,0
21:22:39.241,0,0,0,0,0
21:22:41.241,0,0,0,0,0
21:22:41.241,1,0,0,0,0
21:22:43.257,1,0,0,0,0
21:22:43.257,0,0,0,0,0
21:22:45.257,0,0,0,0,0
21:22:45.257,1,0,0,0,0
21:22:47.258,1,0,0,0,0
21:22:47.258,0,0,0,0,0
21:22:49.272,0,0,0,0,0
21:22:49.272,1,0,0,0,0
21:22:51.273,1,0,0,0,0
21:22:51.273,0,0,0,0,0
21:22:53.045,0,0,0,0,0
21:22:53.045,0,1,0,0,0
21:22:53.274,0,1,0,0,0
21:22:53.274,1,1,0,0,0
21:22:54.055,1,1,0,0,0
21:22:54.055,1,0,0,0,0
21:22:55.056,1,0,0,0,0
21:22:55.056,1,1,0,0,0
21:22:55.287,1,1,0,0,0
21:22:55.287,0,1,0,0,0
21:22:56.057,0,1,0,0,0
21:22:56.057,0,0,0,0,0
21:22:57.057,0,0,0,0,0
21:22:57.057,0,1,0,0,0
21:22:57.289,0,1,0,0,0
21:22:57.289,1,1,0,0,0
21:22:58.071,1,1,0,0,0
21:22:58.071,1,0,0,0,0
21:22:59.072,1,0,0,0,0
21:22:59.072,1,1,0,0,0
21:22:59.289,1,1,0,0,0
21:22:59.289,0,1,0,0,0
21:23:00.078,0,1,0,0,0
21:23:00.078,0,0,0,0,0
21:23:01.087,0,0,0,0,0
21:23:01.087,0,1,0,0,0
21:23:01.303,0,1,0,0,0
21:23:01.303,1,1,0,0,0
21:23:02.088,1,1,0,0,0
21:23:02.088,1,0,0,0,0
21:23:03.088,1,0,0,0,0
21:23:03.088,1,1,0,0,0
21:23:03.305,1,1,0,0,0
21:23:03.305,0,1,0,0,0
21:23:04.102,0,1,0,0,0
21:23:04.102,0,0,0,0,0
21:23:05.102,0,0,0,0,0
21:23:05.102,0,1,0,0,0
21:23:05.305,0,1,0,0,0
21:23:05.305,1,1,0,0,0
21:23:06.114,1,1,0,0,0
21:23:06.114,1,0,0,0,0
21:23:07.117,1,0,0,0,0
21:23:07.117,1,1,0,0,0
21:23:07.356,1,1,0,0,0
21:23:07.356,0,1,0,0,0
21:23:08.125,0,1,0,0,0
21:23:08.125,0,0,0,0,0
21:23:09.129,0,0,0,0,0
21:23:09.129,0,1,0,0,0
21:23:09.357,0,1,0,0,0
21:23:09.357,1,1,0,0,0
21:23:10.176,1,1,0,0,0
21:23:10.176,1,0,0,0,0
21:23:11.186,1,0,0,0,0
21:23:11.186,1,1,0,0,0
21:23:11.371,1,1,0,0,0
21:23:11.371,0,1,0,0,0
21:23:12.188,0,1,0,0,0
21:23:12.188,0,0,0,0,0
21:23:13.202,0,0,0,0,0
21:23:13.202,0,1,0,0,0
21:23:13.371,0,1,0,0,0
21:23:13.371,1,1,0,0,0
21:23:14.203,1,1,0,0,0
21:23:14.203,1,0,0,0,0
21:23:15.204,1,0,0,0,0
21:23:15.204,1,1,0,0,0
21:23:15.381,1,1,0,0,0
21:23:15.381,0,1,0,0,0
21:23:16.206,0,1,0,0,0
21:23:16.206,0,0,0,0,0
21:23:17.219,0,0,0,0,0
21:23:17.219,0,1,0,0,0
21:23:17.418,0,1,0,0,0
21:23:17.418,1,1,0,0,0
21:23:18.224,1,1,0,0,0
21:23:18.224,1,0,0,0,0
21:23:19.234,1,0,0,0,0
21:23:19.234,1,1,0,0,0
21:23:19.423,1,1,0,0,0
21:23:19.423,0,1,0,0,0
21:23:20.245,0,1,0,0,0
21:23:20.245,0,0,0,0,0
21:23:21.249,0,0,0,0,0
21:23:21.249,0,1,0,0,0
21:23:21.480,0,1,0,0,0
21:23:21.480,1,1,0,0,0
21:23:22.254,1,1,0,0,0
21:23:22.254,1,0,0,0,0
21:23:23.263,1,0,0,0,0
21:23:23.263,1,1,0,0,0
21:23:23.481,1,1,0,0,0
21:23:23.481,0,1,0,0,0
21:23:24.296,0,1,0,0,0
21:23:24.296,0,0,0,0,0
21:23:25.299,0,0,0,0,0
21:23:25.299,0,1,0,0,0
21:23:25.509,0,1,0,0,0
21:23:25.509,1,1,0,0,0
21:23:26.304,1,1,0,0,0
21:23:26.304,1,0,0,0,0
21:23:27.318,1,0,0,0,0
21:23:27.318,1,1,0,0,0
21:23:27.529,1,1,0,0,0
21:23:27.529,0,1,0,0,0
21:23:28.352,0,1,0,0,0
21:23:28.352,0,0,0,0,0
21:23:29.363,0,0,0,0,0
21:23:29.363,0,1,0,0,0
21:23:29.528,0,1,0,0,0
21:23:29.528,1,1,0,0,0
21:23:30.417,1,1,0,0,0
21:23:30.417,1,0,0,0,0
21:23:31.425,1,0,0,0,0
21:23:31.425,1,1,0,0,0
21:23:31.535,1,1,0,0,0
21:23:31.535,0,1,0,0,0
21:23:32.433,0,1,0,0,0
21:23:32.433,0,0,0,0,0
21:23:33.439,0,0,0,0,0
21:23:33.439,0,1,0,0,0
21:23:33.549,0,1,0,0,0
21:23:33.549,1,1,0,0,0
21:23:34.451,1,1,0,0,0
21:23:34.451,1,0,0,0,0
21:23:35.465,1,0,0,0,0
21:23:35.465,1,1,0,0,0
21:23:35.561,1,1,0,0,0
21:23:35.561,0,1,0,0,0
21:23:36.471,0,1,0,0,0
21:23:36.471,0,0,0,0,0
21:23:37.471,0,0,0,0,0
21:23:37.471,0,1,0,0,0
21:23:37.567,0,1,0,0,0
21:23:37.567,1,1,0,0,0
21:23:38.483,1,1,0,0,0
21:23:38.483,1,0,0,0,0
21:23:39.497,1,0,0,0,0
21:23:39.497,1,1,0,0,0
21:23:39.576,1,1,0,0,0
21:23:39.576,0,1,0,0,0
21:23:40.497,0,1,0,0,0
21:23:40.497,0,0,0,0,0
21:23:41.503,0,0,0,0,0
21:23:41.503,0,1,0,0,0
21:23:41.582,0,1,0,0,0
21:23:41.582,1,1,0,0,0
21:23:42.502,1,1,0,0,0
21:23:42.502,1,0,0,0,0
21:23:43.511,1,0,0,0,0
21:23:43.511,1,1,0,0,0
21:23:43.597,1,1,0,0,0
21:23:43.597,0,1,0,0,0
21:23:44.518,0,1,0,0,0
21:23:44.518,0,0,0,0,0
21:23:45.528,0,0,0,0,0
21:23:45.528,0,1,0,0,0
21:23:45.610,0,1,0,0,0
21:23:45.610,1,1,0,0,0
21:23:46.534,1,1,0,0,0
21:23:46.534,1,0,0,0,0
21:23:47.534,1,0,0,0,0
21:23:47.534,1,1,0,0,0
21:23:47.614,1,1,0,0,0
21:23:47.614,0,1,0,0,0
21:23:48.549,0,1,0,0,0
21:23:48.549,0,0,0,0,0
21:23:49.551,0,0,0,0,0
21:23:49.551,0,1,0,0,0
21:23:49.628,0,1,0,0,0
21:23:49.628,1,1,0,0,0
21:23:50.566,1,1,0,0,0
21:23:50.566,1,0,0,0,0
21:23:51.568,1,0,0,0,0
21:23:51.568,1,1,0,0,0
21:23:51.630,1,1,0,0,0
21:23:51.630,0,1,0,0,0
21:23:52.581,0,1,0,0,0
21:23:52.581,0,0,0,0,0
21:23:53.581,0,0,0,0,0
21:23:53.581,0,1,0,0,0
21:23:53.628,0,1,0,0,0
21:23:53.628,1,1,0,0,0
21:23:54.602,1,1,0,0,0
21:23:54.602,1,0,0,0,0
21:23:55.612,1,0,0,0,0
21:23:55.612,1,1,0,0,0
21:23:55.644,1,1,0,0,0
21:23:55.644,0,1,0,0,0
21:23:56.616,0,1,0,0,0
21:23:56.616,0,0,0,0,0
21:23:57.616,0,0,0,0,0
21:23:57.616,0,1,0,0,0
21:23:57.648,0,1,0,0,0
21:23:57.648,1,1,0,0,0
21:23:58.617,1,1,0,0,0
21:23:58.617,1,0,0,0,0
21:23:59.619,1,0,0,0,0
21:23:59.619,1,1,0,0,0
21:23:59.651,1,1,0,0,0
21:23:59.651,0,1,0,0,0
21:24:00.630,0,1,0,0,0
21:24:00.630,0,0,0,0,0
21:24:01.634,0,0,0,0,0
21:24:01.634,0,1,0,0,0
21:24:01.650,0,1,0,0,0
21:24:01.650,1,1,0,0,0
21:24:02.647,1,1,0,0,0
21:24:02.647,1,0,0,0,0
21:24:03.647,1,0,0,0,0
21:24:03.647,1,1,0,0,0
21:24:03.664,1,1,0,0,0
21:24:03.664,0,1,0,0,0
21:24:04.661,0,1,0,0,0
21:24:04.661,0,0,0,0,0
21:24:05.662,0,0,0,0,0
21:24:05.662,0,1,0,0,0
21:24:05.664,0,1,0,0,0
21:24:05.664,1,1,0,0,0
21:24:06.674,1,1,0,0,0
21:24:06.674,1,0,0,0,0
21:24:07.684,1,0,0,0,0
21:24:07.684,0,0,0,0,0
21:24:07.684,0,0,0,0,0
21:24:07.684,0,1,0,0,0
21:24:08.695,0,1,0,0,0
21:24:08.695,0,0,0,0,0
21:24:09.692,0,0,0,0,0
21:24:09.692,1,0,0,0,0
21:24:09.732,1,0,0,0,0
21:24:09.732,1,1,0,0,0
21:24:10.737,1,1,0,0,0
21:24:10.737,1,0,0,0,0
21:24:11.699,1,0,0,0,0
21:24:11.699,0,0,0,0,0
21:24:11.738,0,0,0,0,0
21:24:11.738,0,1,0,0,0
21:24:12.756,0,1,0,0,0
21:24:12.756,0,0,0,0,0
21:24:13.710,0,0,0,0,0
21:24:13.710,1,0,0,0,0
21:24:13.758,1,0,0,0,0
21:24:13.758,1,1,0,0,0
21:24:14.757,1,1,0,0,0
21:24:14.757,1,0,0,0,0
21:24:15.713,1,0,0,0,0
21:24:15.713,0,0,0,0,0
21:24:15.762,0,0,0,0,0
21:24:15.762,0,1,0,0,0
21:24:16.771,0,1,0,0,0
21:24:16.771,0,0,0,0,0
21:24:17.717,0,0,0,0,0
21:24:17.717,1,0,0,0,0
21:24:17.781,1,0,0,0,0
21:24:17.781,1,1,0,0,0
21:24:18.794,1,1,0,0,0
21:24:18.794,1,0,0,0,0
21:24:19.728,1,0,0,0,0
21:24:19.728,0,0,0,0,0
21:24:19.807,0,0,0,0,0
21:24:19.807,0,1,0,0,0
21:24:20.822,0,1,0,0,0
21:24:20.822,0,0,0,0,0
21:24:21.736,0,0,0,0,0
21:24:21.736,1,0,0,0,0
21:24:21.826,1,0,0,0,0
21:24:21.826,1,1,0,0,0
21:24:22.839,1,1,0,0,0
21:24:22.839,1,0,0,0,0
21:24:23.743,1,0,0,0,0
21:24:23.743,0,0,0,0,0
21:24:23.838,0,0,0,0,0
21:24:23.838,0,1,0,0,0
21:24:24.875,0,1,0,0,0
21:24:24.875,0,0,0,0,0
21:24:25.745,0,0,0,0,0
21:24:25.745,1,0,0,0,0
21:24:25.888,1,0,0,0,0
21:24:25.888,1,1,0,0,0
21:24:26.891,1,1,0,0,0
21:24:26.891,1,0,0,0,0
21:24:27.786,1,0,0,0,0
21:24:27.786,0,0,0,0,0
21:24:27.900,0,0,0,0,0
21:24:27.900,0,1,0,0,0
21:24:28.911,0,1,0,0,0
21:24:28.911,0,0,0,0,0
21:24:29.829,0,0,0,0,0
21:24:29.829,1,0,0,0,0
21:24:29.924,1,0,0,0,0
21:24:29.924,1,1,0,0,0
21:24:30.925,1,1,0,0,0
21:24:30.925,1,0,0,0,0
21:24:31.839,1,0,0,0,0
21:24:31.839,0,0,0,0,0
21:24:31.940,0,0,0,0,0
21:24:31.940,0,1,0,0,0
21:24:32.942,0,1,0,0,0
21:24:32.942,0,0,0,0,0
21:24:33.840,0,0,0,0,0
21:24:33.840,1,0,0,0,0
21:24:33.955,1,0,0,0,0
21:24:33.955,1,1,0,0,0
21:24:34.959,1,1,0,0,0
21:24:34.959,1,0,0,0,0
21:24:35.870,1,0,0,0,0
21:24:35.870,0,0,0,0,0
21:24:35.966,0,0,0,0,0
21:24:35.966,0,1,0,0,0
21:24:36.972,0,1,0,0,0
21:24:36.972,0,0,0,0,0
21:24:37.908,0,0,0,0,0
21:24:37.908,1,0,0,0,0
21:24:37.973,1,0,0,0,0
21:24:37.973,1,1,0,0,0
21:24:38.973,1,1,0,0,0
21:24:38.973,1,0,0,0,0
21:24:39.942,1,0,0,0,0
21:24:39.942,0,0,0,0,0
21:24:39.974,0,0,0,0,0
21:24:39.974,0,1,0,0,0
21:24:40.989,0,1,0,0,0
21:24:40.989,0,0,0,0,0
21:24:41.952,0,0,0,0,0
21:24:41.952,1,0,0,0,0
21:24:42.000,1,0,0,0,0
21:24:42.000,1,1,0,0,0
21:24:43.005,1,1,0,0,0
21:24:43.005,1,0,0,0,0
21:24:43.979,1,0,0,0,0
21:24:43.979,0,0,0,0,0
21:24:44.005,0,0,0,0,0
21:24:44.005,0,1,0,0,0
21:24:45.018,0,1,0,0,0
21:24:45.018,0,0,0,0,0
21:24:45.990,0,0,0,0,0
21:24:45.990,1,0,0,0,0
21:24:46.043,1,0,0,0,0
21:24:46.043,1,1,0,0,0
21:24:47.062,1,1,0,0,0
21:24:47.062,1,0,0,0,0
21:24:47.992,1,0,0,0,0
21:24:47.992,0,0,0,0,0
21:24:48.077,0,0,0,0,0
21:24:48.077,0,1,0,0,0
21:24:49.080,0,1,0,0,0
21:24:49.080,0,0,0,0,0
21:24:49.991,0,0,0,0,0
21:24:49.991,1,0,0,0,0
21:24:50.101,1,0,0,0,0
21:24:50.101,1,1,0,0,0
21:24:51.116,1,1,0,0,0
21:24:51.116,1,0,0,0,0
21:24:51.998,1,0,0,0,0
21:24:51.998,0,0,0,0,0
21:24:52.120,0,0,0,0,0
21:24:52.120,0,1,0,0,0
21:24:53.136,0,1,0,0,0
21:24:53.136,0,0,0,0,0
21:24:54.009,0,0,0,0,0
21:24:54.009,1,0,0,0,0
21:24:54.136,1,0,0,0,0
21:24:54.136,1,1,0,0,0
21:24:55.151,1,1,0,0,0
21:24:55.151,1,0,0,0,0
21:24:56.010,1,0,0,0,0
21:24:56.010,0,0,0,0,0
21:24:56.152,0,0,0,0,0
21:24:56.152,0,1,0,0,0
21:24:57.156,0,1,0,0,0
21:24:57.156,0,0,0,0,0
21:24:58.022,0,0,0,0,0
21:24:58.022,1,0,0,0,0
21:24:58.164,1,0,0,0,0
21:24:58.164,1,1,0,0,0
21:24:59.167,1,1,0,0,0
21:24:59.167,1,0,0,0,0
21:25:00.023,1,0,0,0,0
21:25:00.023,0,0,0,0,0
21:25:00.181,0,0,0,0,0
21:25:00.181,0,1,0,0,0
21:25:01.223,0,1,0,0,0
21:25:01.223,0,0,0,0,0
21:25:02.043,0,0,0,0,0
21:25:02.043,1,0,0,0,0
21:25:02.237,1,0,0,0,0
21:25:02.237,1,1,0,0,0
21:25:03.260,1,1,0,0,0
21:25:03.260,1,0,0,0,0
21:25:04.076,1,0,0,0,0
21:25:04.076,0,0,0,0,0
21:25:04.274,0,0,0,0,0
21:25:04.274,0,1,0,0,0
21:25:05.275,0,1,0,0,0
21:25:05.275,0,0,0,0,0
21:25:06.082,0,0,0,0,0
21:25:06.082,1,0,0,0,0
21:25:06.287,1,0,0,0,0
21:25:06.287,1,1,0,0,0
21:25:07.300,1,1,0,0,0
21:25:07.300,1,0,0,0,0
21:25:08.092,1,0,0,0,0
21:25:08.092,0,0,0,0,0
21:25:08.299,0,0,0,0,0
21:25:08.299,0,1,0,0,0
21:25:09.315,0,1,0,0,0
21:25:09.315,0,0,0,0,0
21:25:10.105,0,0,0,0,0
21:25:10.105,1,0,0,0,0
21:25:10.327,1,0,0,0,0
21:25:10.327,1,1,0,0,0
21:25:11.328,1,1,0,0,0
21:25:11.328,1,0,0,0,0
21:25:12.107,1,0,0,0,0
21:25:12.107,0,0,0,0,0
21:25:12.329,0,0,0,0,0
21:25:12.329,0,1,0,0,0
21:25:13.337,0,1,0,0,0
21:25:13.337,0,0,0,0,0
21:25:14.117,0,0,0,0,0
21:25:14.117,1,0,0,0,0
21:25:14.339,1,0,0,0,0
21:25:14.339,1,1,0,0,0
21:25:15.345,1,1,0,0,0
21:25:15.345,1,0,0,0,0
21:25:16.123,1,0,0,0,0
21:25:16.123,0,0,0,0,0
21:25:16.355,0,0,0,0,0
21:25:16.355,0,1,0,0,0
21:25:17.362,0,1,0,0,0
21:25:17.362,0,0,0,0,0
21:25:18.130,0,0,0,0,0
21:25:18.130,1,0,0,0,0
21:25:18.371,1,0,0,0,0
21:25:18.371,1,1,0,0,0
21:25:19.386,1,1,0,0,0
21:25:19.386,1,0,0,0,0
21:25:20.133,1,0,0,0,0
21:25:20.133,0,0,0,0,0
21:25:20.388,0,0,0,0,0
21:25:20.388,0,1,0,0,0
21:25:21.388,0,1,0,0,0
21:25:21.388,0,0,0,0,0
21:25:22.141,0,0,0,0,0
21:25:22.141,1,0,0,0,0
21:25:22.395,1,0,0,0,0
21:25:22.395,1,1,0,0,0
21:25:23.405,1,1,0,0,0
21:25:23.405,1,0,0,0,0
21:25:24.167,1,0,0,0,0
21:25:24.167,0,0,0,0,0
21:25:24.406,0,0,0,0,0
21:25:24.406,0,1,0,0,0
21:25:25.406,0,1,0,0,0
21:25:25.406,0,0,0,0,0
21:25:26.181,0,0,0,0,0
21:25:26.181,1,0,0,0,0
21:25:26.421,1,0,0,0,0
21:25:26.421,1,1,0,0,0
21:25:27.450,1,1,0,0,0
21:25:27.450,1,0,0,0,0
21:25:28.194,1,0,0,0,0
21:25:28.194,0,0,0,0,0
21:25:28.463,0,0,0,0,0
21:25:28.463,0,1,0,0,0
21:25:29.506,0,1,0,0,0
21:25:29.506,0,0,0,0,0
21:25:30.206,0,0,0,0,0
21:25:30.206,1,0,0,0,0
21:25:30.508,1,0,0,0,0
21:25:30.508,1,1,0,0,0
21:25:31.509,1,1,0,0,0
21:25:31.509,1,0,0,0,0
21:25:32.213,1,0,0,0,0
21:25:32.213,0,0,0,0,0
21:25:32.514,0,0,0,0,0
21:25:32.514,0,1,0,0,0
21:25:33.526,0,1,0,0,0
21:25:33.526,0,0,0,0,0
21:25:34.227,0,0,0,0,0
21:25:34.227,1,0,0,0,0
21:25:34.528,1,0,0,0,0
21:25:34.528,1,1,0,0,0
21:25:35.542,1,1,0,0,0
21:25:35.542,1,0,0,0,0
21:25:36.241,1,0,0,0,0
21:25:36.241,0,0,0,0,0
21:25:36.545,0,0,0,0,0
21:25:36.545,0,1,0,0,0
21:25:37.559,0,1,0,0,0
21:25:37.559,0,0,0,0,0
21:25:38.253,0,0,0,0,0
21:25:38.253,1,0,0,0,0
21:25:38.570,1,0,0,0,0
21:25:38.570,1,1,0,0,0
21:25:39.582,1,1,0,0,0
21:25:39.582,1,0,0,0,0
21:25:40.264,1,0,0,0,0
21:25:40.264,0,0,0,0,0
21:25:40.595,0,0,0,0,0
21:25:40.595,0,1,0,0,0
21:25:41.606,0,1,0,0,0
21:25:41.606,0,0,0,0,0
21:25:42.265,0,0,0,0,0
21:25:42.265,1,0,0,0,0
21:25:42.617,1,0,0,0,0
21:25:42.617,1,1,0,0,0
21:25:43.623,1,1,0,0,0
21:25:43.623,1,0,0,0,0
21:25:44.271,1,0,0,0,0
21:25:44.271,0,0,0,0,0
21:25:44.660,0,0,0,0,0
21:25:44.660,0,1,0,0,0
21:25:45.666,0,1,0,0,0
21:25:45.666,0,0,0,0,0
21:25:46.299,0,0,0,0,0
21:25:46.299,1,0,0,0,0
21:25:46.669,1,0,0,0,0
21:25:46.669,1,1,0,0,0
21:25:47.672,1,1,0,0,0
21:25:47.672,1,0,0,0,0
21:25:48.298,1,0,0,0,0
21:25:48.298,0,0,0,0,0
21:25:48.673,0,0,0,0,0
21:25:48.673,0,1,0,0,0
21:25:49.686,0,1,0,0,0
21:25:49.686,0,0,0,0,0
21:25:50.307,0,0,0,0,0
21:25:50.307,1,0,0,0,0
21:25:50.689,1,0,0,0,0
21:25:50.689,1,1,0,0,0
21:25:51.700,1,1,0,0,0
21:25:51.700,1,0,0,0,0
21:25:52.311,1,0,0,0,0
21:25:52.311,0,0,0,0,0
21:25:52.702,0,0,0,0,0
21:25:52.702,0,1,0,0,0
21:25:53.713,0,1,0,0,0
21:25:53.713,0,0,0,0,0
21:25:54.318,0,0,0,0,0
21:25:54.318,1,0,0,0,0
21:25:54.715,1,0,0,0,0
21:25:54.715,1,1,0,0,0
21:25:55.717,1,1,0,0,0
21:25:55.717,1,0,0,0,0
21:25:56.328,1,0,0,0,0
21:25:56.328,0,0,0,0,0
21:25:56.734,0,0,0,0,0
21:25:56.734,0,1,0,0,0
21:25:57.760,0,1,0,0,0
21:25:57.760,0,0,0,0,0
21:25:58.333,0,0,0,0,0
21:25:58.333,1,0,0,0,0
21:25:58.776,1,0,0,0,0
21:25:58.776,1,1,0,0,0
21:25:59.799,1,1,0,0,0
21:25:59.799,1,0,0,0,0
21:26:00.347,1,0,0,0,0
21:26:00.347,0,0,0,0,0
21:26:00.808,0,0,0,0,0
21:26:00.808,0,1,0,0,0
21:26:01.812,0,1,0,0,0
21:26:01.812,0,0,0,0,0
21:26:02.355,0,0,0,0,0
21:26:02.355,1,0,0,0,0
21:26:02.826,1,0,0,0,0
21:26:02.826,1,1,0,0,0
21:26:03.826,1,1,0,0,0
21:26:03.826,1,0,0,0,0
21:26:03.938,1,0,0,0,0
21:26:03.938,1,1,0,0,0
21:26:04.048,1,1,0,0,0
21:26:04.048,1,0,0,0,0
21:26:04.160,1,0,0,0,0
21:26:04.160,1,1,0,0,0
21:26:04.193,1,1,0,0,0
21:26:04.193,1,0,0,0,0
21:26:04.326,1,0,0,0,0
21:26:04.326,1,1,0,0,0
21:26:04.367,1,1,0,0,0
21:26:04.367,0,1,0,0,0
21:26:04.431,0,1,0,0,0
21:26:04.431,0,0,0,0,0
21:26:04.542,0,0,0,0,0
21:26:04.542,0,1,0,0,0
21:26:04.653,0,1,0,0,0
21:26:04.653,0,0,0,0,0
21:26:04.765,0,0,0,0,0
21:26:04.765,0,1,0,0,0
21:26:04.876,0,1,0,0,0
21:26:04.876,0,0,0,0,0
21:26:05.319,0,0,0,0,0
21:26:05.319,0,1,0,0,0
21:26:06.336,0,1,0,0,0
21:26:06.336,0,0,0,0,0
21:26:06.386,0,0,0,0,0
21:26:06.386,1,0,0,0,0
21:26:07.357,1,0,0,0,0
21:26:07.357,1,1,0,0,0
21:26:08.370,1,1,0,0,0
21:26:08.370,1,0,0,0,0
21:26:08.426,1,0,0,0,0
21:26:08.426,0,0,0,0,0
21:26:09.387,0,0,0,0,0
21:26:09.387,0,1,0,0,0
21:26:10.404,0,1,0,0,0
21:26:10.404,0,0,0,0,0
21:26:10.436,0,0,0,0,0
21:26:10.436,1,0,0,0,0
21:26:11.424,1,0,0,0,0
21:26:11.424,1,1,0,0,0
21:26:12.436,1,1,0,0,0
21:26:12.436,1,0,0,0,0
21:26:12.436,1,0,0,0,0
21:26:12.436,0,0,0,0,0
21:26:13.460,0,0,0,0,0
21:26:13.460,0,1,0,0,0
21:26:14.446,0,1,0,0,0
21:26:14.446,1,1,0,0,0
21:26:14.478,1,1,0,0,0
21:26:14.478,1,0,0,0,0
21:26:15.489,1,0,0,0,0
21:26:15.489,1,1,0,0,0
21:26:16.461,1,1,0,0,0
21:26:16.461,0,1,0,0,0
21:26:16.508,0,1,0,0,0
21:26:16.508,0,0,0,0,0
21:26:17.525,0,0,0,0,0
21:26:17.525,0,1,0,0,0
21:26:18.462,0,1,0,0,0
21:26:18.462,1,1,0,0,0
21:26:18.541,1,1,0,0,0
21:26:18.541,1,0,0,0,0
21:26:19.556,1,0,0,0,0
21:26:19.556,1,1,0,0,0
21:26:20.475,1,1,0,0,0
21:26:20.475,0,1,0,0,0
21:26:20.572,0,1,0,0,0
21:26:20.572,0,0,0,0,0
21:26:21.591,0,0,0,0,0
21:26:21.591,0,1,0,0,0
21:26:22.488,0,1,0,0,0
21:26:22.488,1,1,0,0,0
21:26:22.606,1,1,0,0,0
21:26:22.606,1,0,0,0,0
21:26:23.617,1,0,0,0,0
21:26:23.617,1,1,0,0,0
21:26:24.503,1,1,0,0,0
21:26:24.503,0,1,0,0,0
21:26:24.630,0,1,0,0,0
21:26:24.630,0,0,0,0,0
21:26:25.667,0,0,0,0,0
21:26:25.667,0,1,0,0,0
21:26:26.504,0,1,0,0,0
21:26:26.504,1,1,0,0,0
21:26:26.682,1,1,0,0,0
21:26:26.682,1,0,0,0,0
21:26:27.706,1,0,0,0,0
21:26:27.706,1,1,0,0,0
21:26:28.514,1,1,0,0,0
21:26:28.514,0,1,0,0,0
21:26:28.719,0,1,0,0,0
21:26:28.719,0,0,0,0,0
21:26:29.743,0,0,0,0,0
21:26:29.743,0,1,0,0,0
21:26:30.525,0,1,0,0,0
21:26:30.525,1,1,0,0,0
21:26:30.766,1,1,0,0,0
21:26:30.766,1,0,0,0,0
21:26:31.795,1,0,0,0,0
21:26:31.795,1,1,0,0,0
21:26:32.528,1,1,0,0,0
21:26:32.528,0,1,0,0,0
21:26:32.809,0,1,0,0,0
21:26:32.809,0,0,0,0,0
21:26:33.842,0,0,0,0,0
21:26:33.842,0,1,0,0,0
21:26:34.538,0,1,0,0,0
21:26:34.538,1,1,0,0,0
21:26:34.856,1,1,0,0,0
21:26:34.856,1,0,0,0,0
21:26:35.868,1,0,0,0,0
21:26:35.868,1,1,0,0,0
21:26:36.537,1,1,0,0,0
21:26:36.537,0,1,0,0,0
21:26:36.890,0,1,0,0,0
21:26:36.890,0,0,0,0,0
21:26:37.895,0,0,0,0,0
21:26:37.895,0,1,0,0,0
21:26:38.541,0,1,0,0,0
21:26:38.541,1,1,0,0,0
21:26:38.925,1,1,0,0,0
21:26:38.925,1,0,0,0,0
21:26:39.937,1,0,0,0,0
21:26:39.937,1,1,0,0,0
21:26:40.554,1,1,0,0,0
21:26:40.554,0,1,0,0,0
21:26:40.951,0,1,0,0,0
21:26:40.951,0,0,0,0,0
21:26:41.960,0,0,0,0,0
21:26:41.960,0,1,0,0,0
21:26:42.555,0,1,0,0,0
21:26:42.555,1,1,0,0,0
21:26:42.980,1,1,0,0,0
21:26:42.980,1,0,0,0,0
21:26:43.991,1,0,0,0,0
21:26:43.991,1,1,0,0,0
21:26:44.561,1,1,0,0,0
21:26:44.561,0,1,0,0,0
21:26:45.002,0,1,0,0,0
21:26:45.002,0,0,0,0,0
21:26:46.031,0,0,0,0,0
21:26:46.031,0,1,0,0,0
21:26:46.570,0,1,0,0,0
21:26:46.570,1,1,0,0,0
21:26:47.048,1,1,0,0,0
21:26:47.048,1,0,0,0,0
21:26:48.071,1,0,0,0,0
21:26:48.071,1,1,0,0,0
21:26:48.608,1,1,0,0,0
21:26:48.608,0,1,0,0,0
21:26:49.081,0,1,0,0,0
21:26:49.081,0,0,0,0,0
21:26:50.093,0,0,0,0,0
21:26:50.093,0,1,0,0,0
21:26:50.628,0,1,0,0,0
21:26:50.628,1,1,0,0,0
21:26:51.105,1,1,0,0,0
21:26:51.105,1,0,0,0,0
21:26:52.119,1,0,0,0,0
21:26:52.119,1,1,0,0,0
21:26:52.661,1,1,0,0,0
21:26:52.661,0,1,0,0,0
21:26:53.141,0,1,0,0,0
21:26:53.141,0,0,0,0,0
21:26:54.159,0,0,0,0,0
21:26:54.159,0,1,0,0,0
21:26:54.666,0,1,0,0,0
21:26:54.666,1,1,0,0,0
21:26:55.173,1,1,0,0,0
21:26:55.173,1,0,0,0,0
21:26:56.188,1,0,0,0,0
21:26:56.188,1,1,0,0,0
21:26:56.666,1,1,0,0,0
21:26:56.666,0,1,0,0,0
21:26:57.213,0,1,0,0,0
21:26:57.213,0,0,0,0,0
21:26:58.237,0,0,0,0,0
21:26:58.237,0,1,0,0,0
21:26:58.681,0,1,0,0,0
21:26:58.681,1,1,0,0,0
21:26:59.251,1,1,0,0,0
21:26:59.251,1,0,0,0,0
21:27:00.264,1,0,0,0,0
21:27:00.264,1,1,0,0,0
21:27:00.693,1,1,0,0,0
21:27:00.693,0,1,0,0,0
21:27:01.285,0,1,0,0,0
21:27:01.285,0,0,0,0,0
21:27:02.309,0,0,0,0,0
21:27:02.309,0,1,0,0,0
21:27:02.698,0,1,0,0,0
21:27:02.698,1,1,0,0,0
21:27:03.320,1,1,0,0,0
21:27:03.320,1,0,0,0,0
21:27:04.339,1,0,0,0,0
21:27:04.339,1,1,0,0,0
21:27:04.702,1,1,0,0,0
21:27:04.702,0,1,0,0,0
21:27:05.372,0,1,0,0,0
21:27:05.372,0,0,0,0,0
21:27:06.380,0,0,0,0,0
21:27:06.380,0,1,0,0,0
21:27:06.713,0,1,0,0,0
21:27:06.713,1,1,0,0,0
21:27:07.404,1,1,0,0,0
21:27:07.404,1,0,0,0,0
21:27:08.427,1,0,0,0,0
21:27:08.427,1,1,0,0,0
21:27:08.713,1,1,0,0,0
21:27:08.713,0,1,0,0,0
21:27:09.446,0,1,0,0,0
21:27:09.446,0,0,0,0,0
21:27:09.446,0,0,0,0,0
21:27:09.446,0,1,0,0,0
21:27:09.553,0,1,0,0,0
21:27:09.553,0,0,0,0,0
21:27:09.665,0,0,0,0,0
21:27:09.665,0,1,0,0,0
21:27:09.776,0,1,0,0,0
21:27:09.776,0,0,0,0,0
21:27:09.886,0,0,0,0,0
21:27:09.886,0,1,0,0,0
21:27:09.997,0,1,0,0,0
21:27:09.997,0,0,0,0,0
21:27:10.455,0,0,0,0,0
21:27:10.455,0,1,0,0,0
21:27:10.727,0,1,0,0,0
21:27:10.727,1,1,0,0,0
21:27:11.459,1,1,0,0,0
21:27:11.459,1,0,0,0,0
21:27:12.464,1,0,0,0,0
21:27:12.464,1,1,0,0,0
21:27:12.736,1,1,0,0,0
21:27:12.736,0,1,0,0,0
21:27:13.476,0,1,0,0,0
21:27:13.476,0,0,0,0,0
21:27:14.475,0,0,0,0,0
21:27:14.475,0,1,0,0,0
21:27:14.745,0,1,0,0,0
21:27:14.745,1,1,0,0,0
21:27:15.477,1,1,0,0,0
21:27:15.477,1,0,0,0,0
21:27:16.490,1,0,0,0,0
21:27:16.490,1,1,0,0,0
21:27:16.759,1,1,0,0,0
21:27:16.759,0,1,0,0,0
21:27:17.499,0,1,0,0,0
21:27:17.499,0,0,0,0,0
21:27:18.507,0,0,0,0,0
21:27:18.507,0,1,0,0,0
21:27:18.761,0,1,0,0,0
21:27:18.761,1,1,0,0,0
21:27:19.507,1,1,0,0,0
21:27:19.507,1,0,0,0,0
21:27:20.526,1,0,0,0,0
21:27:20.526,1,1,0,0,0
21:27:20.772,1,1,0,0,0
21:27:20.772,0,1,0,0,0
21:27:21.532,0,1,0,0,0
21:27:21.532,0,0,0,0,0
21:27:22.564,0,0,0,0,0
21:27:22.564,0,1,0,0,0
21:27:22.775,0,1,0,0,0
21:27:22.775,1,1,0,0,0
21:27:23.570,1,1,0,0,0
21:27:23.570,1,0,0,0,0
21:27:24.571,1,0,0,0,0
21:27:24.571,1,1,0,0,0
21:27:24.776,1,1,0,0,0
21:27:24.776,0,1,0,0,0
21:27:25.585,0,1,0,0,0
21:27:25.585,0,0,0,0,0
21:27:26.598,0,0,0,0,0
21:27:26.598,0,1,0,0,0
21:27:26.777,0,1,0,0,0
21:27:26.777,1,1,0,0,0
21:27:27.608,1,1,0,0,0
21:27:27.608,1,0,0,0,0
21:27:28.611,1,0,0,0,0
21:27:28.611,1,1,0,0,0
21:27:28.785,1,1,0,0,0
21:27:28.785,0,1,0,0,0
21:27:29.626,0,1,0,0,0
21:27:29.626,0,0,0,0,0
21:27:30.627,0,0,0,0,0
21:27:30.627,0,1,0,0,0
21:27:30.786,0,1,0,0,0
21:27:30.786,1,1,0,0,0
21:27:31.628,1,1,0,0,0
21:27:31.628,1,0,0,0,0
21:27:32.628,1,0,0,0,0
21:27:32.628,1,1,0,0,0
21:27:32.810,1,1,0,0,0
21:27:32.810,0,1,0,0,0
21:27:33.652,0,1,0,0,0
21:27:33.652,0,0,0,0,0
21:27:34.661,0,0,0,0,0
21:27:34.661,0,1,0,0,0
21:27:34.820,0,1,0,0,0
21:27:34.820,1,1,0,0,0
21:27:35.700,1,1,0,0,0
21:27:35.700,1,0,0,0,0
21:27:36.709,1,0,0,0,0
21:27:36.709,1,1,0,0,0
21:27:36.820,1,1,0,0,0
21:27:36.820,0,1,0,0,0
21:27:37.745,0,1,0,0,0
21:27:37.745,0,0,0,0,0
21:27:38.756,0,0,0,0,0
21:27:38.756,0,1,0,0,0
21:27:38.836,0,1,0,0,0
21:27:38.836,1,1,0,0,0
21:27:39.797,1,1,0,0,0
21:27:39.797,1,0,0,0,0
21:27:40.800,1,0,0,0,0
21:27:40.800,1,1,0,0,0
21:27:40.847,1,1,0,0,0
21:27:40.847,0,1,0,0,0
21:27:41.799,0,1,0,0,0
21:27:41.799,0,0,0,0,0
21:27:42.805,0,0,0,0,0
21:27:42.805,0,1,0,0,0
21:27:42.853,0,1,0,0,0
21:27:42.853,1,1,0,0,0
21:27:43.819,1,1,0,0,0
21:27:43.819,1,0,0,0,0
21:27:44.829,1,0,0,0,0
21:27:44.829,1,1,0,0,0
21:27:44.861,1,1,0,0,0
21:27:44.861,0,1,0,0,0
21:27:45.842,0,1,0,0,0
21:27:45.842,0,0,0,0,0
21:27:46.851,0,0,0,0,0
21:27:46.851,0,1,0,0,0
21:27:46.867,0,1,0,0,0
21:27:46.867,1,1,0,0,0
21:27:47.852,1,1,0,0,0
21:27:47.852,1,0,0,0,0
21:27:48.863,1,0,0,0,0
21:27:48.863,1,1,0,0,0
21:27:48.879,1,1,0,0,0
21:27:48.879,0,1,0,0,0
21:27:49.874,0,1,0,0,0
21:27:49.874,0,0,0,0,0
21:27:50.872,0,0,0,0,0
21:27:50.872,0,1,0,0,0
21:27:50.877,0,1,0,0,0
21:27:50.877,1,1,0,0,0
21:27:51.884,1,1,0,0,0
21:27:51.884,1,0,0,0,0
21:27:52.887,1,0,0,0,0
21:27:52.887,0,0,0,0,0
21:27:52.887,0,0,0,0,0
21:27:52.887,0,1,0,0,0
21:27:53.897,0,1,0,0,0
21:27:53.897,0,0,0,0,0
21:27:54.896,0,0,0,0,0
21:27:54.896,1,0,0,0,0
21:27:54.941,1,0,0,0,0
21:27:54.941,1,1,0,0,0
21:27:55.957,1,1,0,0,0
21:27:55.957,1,0,0,0,0
21:27:56.902,1,0,0,0,0
21:27:56.902,0,0,0,0,0
21:27:56.989,0,0,0,0,0
21:27:56.989,0,1,0,0,0
21:27:57.994,0,1,0,0,0
21:27:57.994,0,0,0,0,0
21:27:58.908,0,0,0,0,0
21:27:58.908,1,0,0,0,0
21:27:59.015,1,0,0,0,0
21:27:59.015,1,1,0,0,0
21:28:00.031,1,1,0,0,0
21:28:00.031,1,0,0,0,0
21:28:00.915,1,0,0,0,0
21:28:00.915,0,0,0,0,0
21:28:01.064,0,0,0,0,0
21:28:01.064,0,1,0,0,0
21:28:02.073,0,1,0,0,0
21:28:02.073,0,0,0,0,0
21:28:02.915,0,0,0,0,0
21:28:02.915,1,0,0,0,0
21:28:03.106,1,0,0,0,0
21:28:03.106,1,1,0,0,0
21:28:04.118,1,1,0,0,0
21:28:04.118,1,0,0,0,0
21:28:04.925,1,0,0,0,0
21:28:04.925,0,0,0,0,0
21:28:05.167,0,0,0,0,0
21:28:05.167,0,1,0,0,0
21:28:06.175,0,1,0,0,0
21:28:06.175,0,0,0,0,0
21:28:06.930,0,0,0,0,0
21:28:06.930,1,0,0,0,0
21:28:07.213,1,0,0,0,0
21:28:07.213,1,1,0,0,0
21:28:08.229,1,1,0,0,0
21:28:08.229,1,0,0,0,0
21:28:08.941,1,0,0,0,0
21:28:08.941,0,0,0,0,0
21:28:09.246,0,0,0,0,0
21:28:09.246,0,1,0,0,0
21:28:10.256,0,1,0,0,0
21:28:10.256,0,0,0,0,0
21:28:10.953,0,0,0,0,0
21:28:10.953,1,0,0,0,0
21:28:11.269,1,0,0,0,0
21:28:11.269,1,1,0,0,0
21:28:12.271,1,1,0,0,0
21:28:12.271,1,0,0,0,0
21:28:12.961,1,0,0,0,0
21:28:12.961,0,0,0,0,0
21:28:13.279,0,0,0,0,0
21:28:13.279,0,1,0,0,0
21:28:14.278,0,1,0,0,0
21:28:14.278,0,0,0,0,0
21:28:14.960,0,0,0,0,0
21:28:14.960,1,0,0,0,0
21:28:15.291,1,0,0,0,0
21:28:15.291,1,1,0,0,0
21:28:16.303,1,1,0,0,0
21:28:16.303,1,0,0,0,0
21:28:16.977,1,0,0,0,0
21:28:16.977,0,0,0,0,0
21:28:17.304,0,0,0,0,0
21:28:17.304,0,1,0,0,0
21:28:18.308,0,1,0,0,0
21:28:18.308,0,0,0,0,0
21:28:18.986,0,0,0,0,0
21:28:18.986,1,0,0,0,0
21:28:19.316,1,0,0,0,0
21:28:19.316,1,1,0,0,0
21:28:20.324,1,1,0,0,0
21:28:20.324,1,0,0,0,0
21:28:20.998,1,0,0,0,0
21:28:20.998,0,0,0,0,0
21:28:21.329,0,0,0,0,0
21:28:21.329,0,1,0,0,0
21:28:22.332,0,1,0,0,0
21:28:22.332,0,0,0,0,0
21:28:23.008,0,0,0,0,0
21:28:23.008,1,0,0,0,0
21:28:23.342,1,0,0,0,0
21:28:23.342,1,1,0,0,0
21:28:24.347,1,1,0,0,0
21:28:24.347,1,0,0,0,0
21:28:25.010,1,0,0,0,0
21:28:25.010,0,0,0,0,0
21:28:25.358,0,0,0,0,0
21:28:25.358,0,1,0,0,0
21:28:26.370,0,1,0,0,0
21:28:26.370,0,0,0,0,0
21:28:27.023,0,0,0,0,0
21:28:27.023,1,0,0,0,0
21:28:27.381,1,0,0,0,0
21:28:27.381,1,1,0,0,0
21:28:28.389,1,1,0,0,0
21:28:28.389,1,0,0,0,0
21:28:29.023,1,0,0,0,0
21:28:29.023,0,0,0,0,0
21:28:29.403,0,0,0,0,0
21:28:29.403,0,1,0,0,0
21:28:30.417,0,1,0,0,0
21:28:30.417,0,0,0,0,0
21:28:31.033,0,0,0,0,0
21:28:31.033,1,0,0,0,0
21:28:31.428,1,0,0,0,0
21:28:31.428,1,1,0,0,0
21:28:32.428,1,1,0,0,0
21:28:32.428,1,0,0,0,0
21:28:33.039,1,0,0,0,0
21:28:33.039,0,0,0,0,0
21:28:33.428,0,0,0,0,0
21:28:33.428,0,1,0,0,0
21:28:34.438,0,1,0,0,0
21:28:34.438,0,0,0,0,0
21:28:35.064,0,0,0,0,0
21:28:35.064,1,0,0,0,0
21:28:35.444,1,0,0,0,0
21:28:35.444,1,1,0,0,0
21:28:36.450,1,1,0,0,0
21:28:36.450,1,0,0,0,0
21:28:37.121,1,0,0,0,0
21:28:37.121,0,0,0,0,0
21:28:37.460,0,0,0,0,0
21:28:37.460,0,1,0,0,0
21:28:38.466,0,1,0,0,0
21:28:38.466,0,0,0,0,0
21:28:39.158,0,0,0,0,0
21:28:39.158,1,0,0,0,0
21:28:39.478,1,0,0,0,0
21:28:39.478,1,1,0,0,0
21:28:40.493,1,1,0,0,0
21:28:40.493,1,0,0,0,0
21:28:41.159,1,0,0,0,0
21:28:41.159,0,0,0,0,0
21:28:41.505,0,0,0,0,0
21:28:41.505,0,1,0,0,0
21:28:42.508,0,1,0,0,0
21:28:42.508,0,0,0,0,0
21:28:43.166,0,0,0,0,0
21:28:43.166,1,0,0,0,0
21:28:43.510,1,0,0,0,0
21:28:43.510,1,1,0,0,0
21:28:44.517,1,1,0,0,0
21:28:44.517,1,0,0,0,0
21:28:45.171,1,0,0,0,0
21:28:45.171,0,0,0,0,0
21:28:45.518,0,0,0,0,0
21:28:45.518,0,1,0,0,0
21:28:46.519,0,1,0,0,0
21:28:46.519,0,0,0,0,0
21:28:47.171,0,0,0,0,0
21:28:47.171,1,0,0,0,0
21:28:47.534,1,0,0,0,0
21:28:47.534,1,1,0,0,0
21:28:48.615,1,1,0,0,0
21:28:48.615,1,0,0,0,0
21:28:49.181,1,0,0,0,0
21:28:49.181,0,0,0,0,0
21:28:49.616,0,0,0,0,0
21:28:49.616,0,1,0,0,0
21:28:50.621,0,1,0,0,0
21:28:50.621,0,0,0,0,0
21:28:51.186,0,0,0,0,0
21:28:51.186,1,0,0,0,0
21:28:51.632,1,0,0,0,0
21:28:51.632,1,1,0,0,0
21:28:52.642,1,1,0,0,0
21:28:52.642,1,0,0,0,0
21:28:53.200,1,0,0,0,0
21:28:53.200,0,0,0,0,0
21:28:53.656,0,0,0,0,0
21:28:53.656,0,1,0,0,0
21:28:54.677,0,1,0,0,0
21:28:54.677,0,0,0,0,0
21:28:55.210,0,0,0,0,0
21:28:55.210,1,0,0,0,0
21:28:55.683,1,0,0,0,0
21:28:55.683,1,1,0,0,0
21:28:56.688,1,1,0,0,0
21:28:56.688,1,0,0,0,0
21:28:57.210,1,0,0,0,0
21:28:57.210,0,0,0,0,0
21:28:57.694,0,0,0,0,0
21:28:57.694,0,1,0,0,0
21:28:58.757,0,1,0,0,0
21:28:58.757,0,0,0,0,0
21:28:59.215,0,0,0,0,0
21:28:59.215,1,0,0,0,0
21:28:59.775,1,0,0,0,0
21:28:59.775,1,1,0,0,0
21:29:00.788,1,1,0,0,0
21:29:00.788,1,0,0,0,0
21:29:01.229,1,0,0,0,0
21:29:01.229,0,0,0,0,0
21:29:01.799,0,0,0,0,0
21:29:01.799,0,1,0,0,0
21:29:02.821,0,1,0,0,0
21:29:02.821,0,0,0,0,0
21:29:03.235,0,0,0,0,0
21:29:03.235,1,0,0,0,0
21:29:03.830,1,0,0,0,0
21:29:03.830,1,1,0,0,0
21:29:04.846,1,1,0,0,0
21:29:04.846,1,0,0,0,0
21:29:05.281,1,0,0,0,0
21:29:05.281,0,0,0,0,0
21:29:05.863,0,0,0,0,0
21:29:05.863,0,1,0,0,0
21:29:06.896,0,1,0,0,0
21:29:06.896,0,0,0,0,0
21:29:07.316,0,0,0,0,0
21:29:07.316,1,0,0,0,0
21:29:07.913,1,0,0,0,0
21:29:07.913,1,1,0,0,0
21:29:08.930,1,1,0,0,0
21:29:08.930,1,0,0,0,0
21:29:09.354,1,0,0,0,0
21:29:09.354,0,0,0,0,0
21:29:09.937,0,0,0,0,0
21:29:09.937,0,1,0,0,0
21:29:10.937,0,1,0,0,0
21:29:10.937,0,0,0,0,0
21:29:11.388,0,0,0,0,0
21:29:11.388,1,0,0,0,0
21:29:11.944,1,0,0,0,0
21:29:11.944,1,1,0,0,0
21:29:12.997,1,1,0,0,0
21:29:12.997,1,0,0,0,0
21:29:13.423,1,0,0,0,0
21:29:13.423,0,0,0,0,0
21:29:14.006,0,0,0,0,0
21:29:14.006,0,1,0,0,0
21:29:15.060,0,1,0,0,0
21:29:15.060,0,0,0,0,0
21:29:15.449,0,0,0,0,0
21:29:15.449,1,0,0,0,0
21:29:16.079,1,0,0,0,0
21:29:16.079,1,1,0,0,0
21:29:17.081,1,1,0,0,0
21:29:17.081,1,0,0,0,0
21:29:17.472,1,0,0,0,0
21:29:17.472,0,0,0,0,0
21:29:18.096,0,0,0,0,0
21:29:18.096,0,1,0,0,0
21:29:19.132,0,1,0,0,0
21:29:19.132,0,0,0,0,0
21:29:19.493,0,0,0,0,0
21:29:19.493,1,0,0,0,0
21:29:20.137,1,0,0,0,0
21:29:20.137,1,1,0,0,0
21:29:21.176,1,1,0,0,0
21:29:21.176,1,0,0,0,0
21:29:21.601,1,0,0,0,0
21:29:21.601,0,0,0,0,0
21:29:22.201,0,0,0,0,0
21:29:22.201,0,1,0,0,0
21:29:23.210,0,1,0,0,0
21:29:23.210,0,0,0,0,0
21:29:23.615,0,0,0,0,0
21:29:23.615,1,0,0,0,0
21:29:24.221,1,0,0,0,0
21:29:24.221,1,1,0,0,0
21:29:25.222,1,1,0,0,0
21:29:25.222,1,0,0,0,0
21:29:25.623,1,0,0,0,0
21:29:25.623,0,0,0,0,0
21:29:26.229,0,0,0,0,0
21:29:26.229,0,1,0,0,0
21:29:27.233,0,1,0,0,0
21:29:27.233,0,0,0,0,0
21:29:27.652,0,0,0,0,0
21:29:27.652,1,0,0,0,0
21:29:28.236,1,0,0,0,0
21:29:28.236,1,1,0,0,0
21:29:29.282,1,1,0,0,0
21:29:29.282,1,0,0,0,0
21:29:29.697,1,0,0,0,0
21:29:29.697,0,0,0,0,0
21:29:30.290,0,0,0,0,0
21:29:30.290,0,1,0,0,0
21:29:31.296,0,1,0,0,0
21:29:31.296,0,0,0,0,0
21:29:31.713,0,0,0,0,0
21:29:31.713,1,0,0,0,0
21:29:32.295,1,0,0,0,0
21:29:32.295,1,1,0,0,0
21:29:33.305,1,1,0,0,0
21:29:33.305,1,0,0,0,0
21:29:33.752,1,0,0,0,0
21:29:33.752,0,0,0,0,0
21:29:34.312,0,0,0,0,0
21:29:34.312,0,1,0,0,0
21:29:35.313,0,1,0,0,0
21:29:35.313,0,0,0,0,0
21:29:35.762,0,0,0,0,0
21:29:35.762,1,0,0,0,0
21:29:36.328,1,0,0,0,0
21:29:36.328,1,1,0,0,0
21:29:37.329,1,1,0,0,0
21:29:37.329,1,0,0,0,0
21:29:37.762,1,0,0,0,0
21:29:37.762,0,0,0,0,0
21:29:38.343,0,0,0,0,0
21:29:38.343,0,1,0,0,0
21:29:39.367,0,1,0,0,0
21:29:39.367,0,0,0,0,0
21:29:39.762,0,0,0,0,0
21:29:39.762,1,0,0,0,0
21:29:40.376,1,0,0,0,0
21:29:40.376,1,1,0,0,0
21:29:41.414,1,1,0,0,0
21:29:41.414,1,0,0,0,0
21:29:41.800,1,0,0,0,0
21:29:41.800,0,0,0,0,0
21:29:42.429,0,0,0,0,0
21:29:42.429,0,1,0,0,0
21:29:43.436,0,1,0,0,0
21:29:43.436,0,0,0,0,0
21:29:43.826,0,0,0,0,0
21:29:43.826,1,0,0,0,0
21:29:44.443,1,0,0,0,0
21:29:44.443,1,1,0,0,0
21:29:45.443,1,1,0,0,0
21:29:45.443,1,0,0,0,0
21:29:45.828,1,0,0,0,0
21:29:45.828,0,0,0,0,0
21:29:46.444,0,0,0,0,0
21:29:46.444,0,1,0,0,0
21:29:47.456,0,1,0,0,0
21:29:47.456,0,0,0,0,0
21:29:47.841,0,0,0,0,0
21:29:47.841,1,0,0,0,0
21:29:48.459,1,0,0,0,0
21:29:48.459,1,1,0,0,0
21:29:49.472,1,1,0,0,0
21:29:49.472,1,0,0,0,0
21:29:49.843,1,0,0,0,0
21:29:49.843,0,0,0,0,0
21:29:50.477,0,0,0,0,0
21:29:50.477,0,1,0,0,0
21:29:51.477,0,1,0,0,0
21:29:51.477,0,0,0,0,0
21:29:51.844,0,0,0,0,0
21:29:51.844,1,0,0,0,0
21:29:52.491,1,0,0,0,0
21:29:52.491,1,1,0,0,0
21:29:53.492,1,1,0,0,0
21:29:53.492,1,0,0,0,0
21:29:53.871,1,0,0,0,0
21:29:53.871,0,0,0,0,0
21:29:54.492,0,0,0,0,0
21:29:54.492,0,1,0,0,0
21:29:55.495,0,1,0,0,0
21:29:55.495,0,0,0,0,0
21:29:55.888,0,0,0,0,0
21:29:55.888,1,0,0,0,0
21:29:56.507,1,0,0,0,0
21:29:56.507,1,1,0,0,0
21:29:57.523,1,1,0,0,0
21:29:57.523,1,0,0,0,0
21:29:57.976,1,0,0,0,0
21:29:57.976,0,0,0,0,0
21:29:58.528,0,0,0,0,0
21:29:58.528,0,1,0,0,0
21:29:59.528,0,1,0,0,0
21:29:59.528,0,0,0,0,0
21:29:59.990,0,0,0,0,0
21:29:59.990,1,0,0,0,0
21:30:00.541,1,0,0,0,0
21:30:00.541,1,1,0,0,0
21:30:01.626,1,1,0,0,0
21:30:01.626,1,0,0,0,0
21:30:01.992,1,0,0,0,0
21:30:01.992,0,0,0,0,0
21:30:02.641,0,0,0,0,0
21:30:02.641,0,1,0,0,0
21:30:03.641,0,1,0,0,0
21:30:03.641,0,0,0,0,0
21:30:04.027,0,0,0,0,0
21:30:04.027,1,0,0,0,0
21:30:04.641,1,0,0,0,0
21:30:04.641,1,1,0,0,0
21:30:05.656,1,1,0,0,0
21:30:05.656,1,0,0,0,0
21:30:06.073,1,0,0,0,0
21:30:06.073,0,0,0,0,0
21:30:06.671,0,0,0,0,0
21:30:06.671,0,1,0,0,0
21:30:07.724,0,1,0,0,0
21:30:07.724,0,0,0,0,0
21:30:08.113,0,0,0,0,0
21:30:08.113,1,0,0,0,0
21:30:08.724,1,0,0,0,0
21:30:08.724,1,1,0,0,0
21:30:09.739,1,1,0,0,0
21:30:09.739,1,0,0,0,0
21:30:10.171,1,0,0,0,0
21:30:10.171,0,0,0,0,0
21:30:10.746,0,0,0,0,0
21:30:10.746,0,1,0,0,0
21:30:11.765,0,1,0,0,0
21:30:11.765,0,0,0,0,0
21:30:12.186,0,0,0,0,0
21:30:12.186,1,0,0,0,0
21:30:12.773,1,0,0,0,0
21:30:12.773,1,1,0,0,0
21:30:13.837,1,1,0,0,0
21:30:13.837,1,0,0,0,0
21:30:14.260,1,0,0,0,0
21:30:14.260,0,0,0,0,0
21:30:14.850,0,0,0,0,0
21:30:14.850,0,1,0,0,0
21:30:15.858,0,1,0,0,0
21:30:15.858,0,0,0,0,0
21:30:16.273,0,0,0,0,0
21:30:16.273,1,0,0,0,0
21:30:16.876,1,0,0,0,0
21:30:16.876,1,1,0,0,0
21:30:17.874,1,1,0,0,0
21:30:17.874,1,0,0,0,0
21:30:18.279,1,0,0,0,0
21:30:18.279,0,0,0,0,0
21:30:18.891,0,0,0,0,0
21:30:18.891,0,1,0,0,0
21:30:19.962,0,1,0,0,0
21:30:19.962,0,0,0,0,0
21:30:20.360,0,0,0,0,0
21:30:20.360,1,0,0,0,0
21:30:20.967,1,0,0,0,0
21:30:20.967,1,1,0,0,0
21:30:22.016,1,1,0,0,0
21:30:22.016,1,0,0,0,0
21:30:22.405,1,0,0,0,0
21:30:22.405,0,0,0,0,0
21:30:23.031,0,0,0,0,0
21:30:23.031,0,1,0,0,0
21:30:24.081,0,1,0,0,0
21:30:24.081,0,0,0,0,0
21:30:24.423,0,0,0,0,0
21:30:24.423,1,0,0,0,0
21:30:25.088,1,0,0,0,0
21:30:25.088,1,1,0,0,0
21:30:26.094,1,1,0,0,0
21:30:26.094,1,0,0,0,0
21:30:26.466,1,0,0,0,0
21:30:26.466,0,0,0,0,0
21:30:27.106,0,0,0,0,0
21:30:27.106,0,1,0,0,0
21:30:28.128,0,1,0,0,0
21:30:28.128,0,0,0,0,0
21:30:28.557,0,0,0,0,0
21:30:28.557,1,0,0,0,0
21:30:29.139,1,0,0,0,0
21:30:29.139,1,1,0,0,0
21:30:30.173,1,1,0,0,0
21:30:30.173,1,0,0,0,0
21:30:30.597,1,0,0,0,0
21:30:30.597,0,0,0,0,0
21:30:31.181,0,0,0,0,0
21:30:31.181,0,1,0,0,0
21:30:32.182,0,1,0,0,0
21:30:32.182,0,0,0,0,0
21:30:32.593,0,0,0,0,0
21:30:32.593,1,0,0,0,0
21:30:33.178,1,0,0,0,0
21:30:33.178,1,1,0,0,0
21:30:34.193,1,1,0,0,0
21:30:34.193,1,0,0,0,0
21:30:34.601,1,0,0,0,0
21:30:34.601,0,0,0,0,0
21:30:35.193,0,0,0,0,0
21:30:35.193,0,1,0,0,0
21:30:36.202,0,1,0,0,0
21:30:36.202,0,0,0,0,0
21:30:36.519,0,0,0,0,0
21:30:36.519,0,1,0,0,0
21:30:36.614,0,1,0,0,0
21:30:36.614,1,1,0,0,0
21:30:37.381,1,1,0,0,0
21:30:37.381,1,0,0,0,0
21:30:38.247,1,0,0,0,0
21:30:38.247,1,1,0,0,0
21:30:38.633,1,1,0,0,0
21:30:38.633,0,1,0,0,0
21:30:39.103,0,1,0,0,0
21:30:39.103,0,0,0,0,0
21:30:39.973,0,0,0,0,0
21:30:39.973,0,1,0,0,0
21:30:40.681,0,1,0,0,0
21:30:40.681,1,1,0,0,0
21:30:40.840,1,1,0,0,0
21:30:40.840,1,0,0,0,0
21:30:41.699,1,0,0,0,0
21:30:41.699,1,1,0,0,0
21:30:42.557,1,1,0,0,0
21:30:42.557,1,0,0,0,0
21:30:42.720,1,0,0,0,0
21:30:42.720,0,0,0,0,0
21:30:43.429,0,0,0,0,0
21:30:43.429,0,1,0,0,0
21:30:44.299,0,1,0,0,0
21:30:44.299,0,0,0,0,0
21:30:44.731,0,0,0,0,0
21:30:44.731,1,0,0,0,0
21:30:45.183,1,0,0,0,0
21:30:45.183,1,1,0,0,0
21:30:46.047,1,1,0,0,0
21:30:46.047,1,0,0,0,0
21:30:46.744,1,0,0,0,0
21:30:46.744,0,0,0,0,0
21:30:46.919,0,0,0,0,0
21:30:46.919,0,1,0,0,0
21:30:47.776,0,1,0,0,0
21:30:47.776,0,0,0,0,0
21:30:48.641,0,0,0,0,0
21:30:48.641,0,1,0,0,0
21:30:48.752,0,1,0,0,0
21:30:48.752,1,1,0,0,0
21:30:49.504,1,1,0,0,0
21:30:49.504,1,0,0,0,0
21:30:50.363,1,0,0,0,0
21:30:50.363,1,1,0,0,0
21:30:50.759,1,1,0,0,0
21:30:50.759,0,1,0,0,0
21:30:51.233,0,1,0,0,0
21:30:51.233,0,0,0,0,0
21:30:52.090,0,0,0,0,0
21:30:52.090,0,1,0,0,0
21:30:52.773,0,1,0,0,0
21:30:52.773,1,1,0,0,0
21:30:52.970,1,1,0,0,0
21:30:52.970,1,0,0,0,0
21:30:53.831,1,0,0,0,0
21:30:53.831,1,1,0,0,0
21:30:54.692,1,1,0,0,0
21:30:54.692,1,0,0,0,0
21:30:54.783,1,0,0,0,0
21:30:54.783,0,0,0,0,0
21:30:55.547,0,0,0,0,0
21:30:55.547,0,1,0,0,0
21:30:56.412,0,1,0,0,0
21:30:56.412,0,0,0,0,0
21:30:56.791,0,0,0,0,0
21:30:56.791,1,0,0,0,0
21:30:57.266,1,0,0,0,0
21:30:57.266,1,1,0,0,0
21:30:58.136,1,1,0,0,0
21:30:58.136,1,0,0,0,0
21:30:58.800,1,0,0,0,0
21:30:58.800,0,0,0,0,0
21:30:59.006,0,0,0,0,0
21:30:59.006,0,1,0,0,0
21:30:59.868,0,1,0,0,0
21:30:59.868,0,0,0,0,0
21:31:00.753,0,0,0,0,0
21:31:00.753,0,1,0,0,0
21:31:00.804,0,1,0,0,0
21:31:00.804,1,1,0,0,0
21:31:01.612,1,1,0,0,0
21:31:01.612,1,0,0,0,0
21:31:02.481,1,0,0,0,0
21:31:02.481,1,1,0,0,0
21:31:02.813,1,1,0,0,0
21:31:02.813,0,1,0,0,0
21:31:03.352,0,1,0,0,0
21:31:03.352,0,0,0,0,0
21:31:04.213,0,0,0,0,0
21:31:04.213,0,1,0,0,0
21:31:04.837,0,1,0,0,0
21:31:04.837,1,1,0,0,0
21:31:05.070,1,1,0,0,0
21:31:05.070,1,0,0,0,0
21:31:05.928,1,0,0,0,0
21:31:05.928,1,1,0,0,0
21:31:06.789,1,1,0,0,0
21:31:06.789,1,0,0,0,0
21:31:06.850,1,0,0,0,0
21:31:06.850,0,0,0,0,0
21:31:07.661,0,0,0,0,0
21:31:07.661,0,1,0,0,0
21:31:08.523,0,1,0,0,0
21:31:08.523,0,0,0,0,0
21:31:08.859,0,0,0,0,0
21:31:08.859,1,0,0,0,0
21:31:09.393,1,0,0,0,0
21:31:09.393,1,1,0,0,0
21:31:10.256,1,1,0,0,0
21:31:10.256,1,0,0,0,0
21:31:10.866,1,0,0,0,0
21:31:10.866,0,0,0,0,0
21:31:11.113,0,0,0,0,0
21:31:11.113,0,1,0,0,0
21:31:11.972,0,1,0,0,0
21:31:11.972,0,0,0,0,0
21:31:12.842,0,0,0,0,0
21:31:12.842,0,1,0,0,0
21:31:12.874,0,1,0,0,0
21:31:12.874,1,1,0,0,0
21:31:13.702,1,1,0,0,0
21:31:13.702,1,0,0,0,0
21:31:14.565,1,0,0,0,0
21:31:14.565,1,1,0,0,0
21:31:14.876,1,1,0,0,0
21:31:14.876,0,1,0,0,0
21:31:15.442,0,1,0,0,0
21:31:15.442,0,0,0,0,0
21:31:16.308,0,0,0,0,0
21:31:16.308,0,1,0,0,0
21:31:16.881,0,1,0,0,0
21:31:16.881,1,1,0,0,0
21:31:17.167,1,1,0,0,0
21:31:17.167,1,0,0,0,0
21:31:18.037,1,0,0,0,0
21:31:18.037,1,1,0,0,0
21:31:18.894,1,1,0,0,0
21:31:18.894,0,1,0,0,0
21:31:18.894,0,1,0,0,0
21:31:18.894,0,0,0,0,0
21:31:19.757,0,0,0,0,0
21:31:19.757,0,1,0,0,0
21:31:20.615,0,1,0,0,0
21:31:20.615,0,0,0,0,0
21:31:20.899,0,0,0,0,0
21:31:20.899,1,0,0,0,0
21:31:21.474,1,0,0,0,0
21:31:21.474,1,1,0,0,0
21:31:22.330,1,1,0,0,0
21:31:22.330,1,0,0,0,0
21:31:22.910,1,0,0,0,0
21:31:22.910,0,0,0,0,0
21:31:23.201,0,0,0,0,0
21:31:23.201,0,1,0,0,0
21:31:24.064,0,1,0,0,0
21:31:24.064,0,0,0,0,0
21:31:24.922,0,0,0,0,0
21:31:24.922,1,0,0,0,0
21:31:24.922,1,0,0,0,0
21:31:24.922,1,1,0,0,0
21:31:25.786,1,1,0,0,0
21:31:25.786,1,0,0,0,0
21:31:26.645,1,0,0,0,0
21:31:26.645,1,1,0,0,0
21:31:26.922,1,1,0,0,0
21:31:26.922,0,1,0,0,0
21:31:27.503,0,1,0,0,0
21:31:27.503,0,0,0,0,0
21:31:28.362,0,0,0,0,0
21:31:28.362,0,1,0,0,0
21:31:28.935,0,1,0,0,0
21:31:28.935,1,1,0,0,0
21:31:29.223,1,1,0,0,0
21:31:29.223,1,0,0,0,0
21:31:30.125,1,0,0,0,0
21:31:30.125,1,1,0,0,0
21:31:30.945,1,1,0,0,0
21:31:30.945,0,1,0,0,0
21:31:30.992,0,1,0,0,0
21:31:30.992,0,0,0,0,0
21:31:31.855,0,0,0,0,0
21:31:31.855,0,1,0,0,0
21:31:32.713,0,1,0,0,0
21:31:32.713,0,0,0,0,0
21:31:32.976,0,0,0,0,0
21:31:32.976,1,0,0,0,0
21:31:33.572,1,0,0,0,0
21:31:33.572,1,1,0,0,0
21:31:34.437,1,1,0,0,0
21:31:34.437,1,0,0,0,0
21:31:35.005,1,0,0,0,0
21:31:35.005,0,0,0,0,0
21:31:35.295,0,0,0,0,0
21:31:35.295,0,1,0,0,0
21:31:36.161,0,1,0,0,0
21:31:36.161,0,0,0,0,0
21:31:37.007,0,0,0,0,0
21:31:37.007,1,0,0,0,0
21:31:37.049,1,0,0,0,0
21:31:37.049,1,1,0,0,0
21:31:37.909,1,1,0,0,0
21:31:37.909,1,0,0,0,0
21:31:38.776,1,0,0,0,0
21:31:38.776,1,1,0,0,0
21:31:39.016,1,1,0,0,0
21:31:39.016,0,1,0,0,0
21:31:39.645,0,1,0,0,0
21:31:39.645,0,0,0,0,0
21:31:40.510,0,0,0,0,0
21:31:40.510,0,1,0,0,0
21:31:41.023,0,1,0,0,0
21:31:41.023,1,1,0,0,0
21:31:41.368,1,1,0,0,0
21:31:41.368,1,0,0,0,0
21:31:42.234,1,0,0,0,0
21:31:42.234,1,1,0,0,0
21:31:43.024,1,1,0,0,0
21:31:43.024,0,1,0,0,0
21:31:43.102,0,1,0,0,0
21:31:43.102,0,0,0,0,0
21:31:43.991,0,0,0,0,0
21:31:43.991,0,1,0,0,0
21:31:44.860,0,1,0,0,0
21:31:44.860,0,0,0,0,0
21:31:45.025,0,0,0,0,0
21:31:45.025,1,0,0,0,0
21:31:45.724,1,0,0,0,0
21:31:45.724,1,1,0,0,0
21:31:46.592,1,1,0,0,0
21:31:46.592,1,0,0,0,0
21:31:47.025,1,0,0,0,0
21:31:47.025,0,0,0,0,0
21:31:47.454,0,0,0,0,0
21:31:47.454,0,1,0,0,0
21:31:48.324,0,1,0,0,0
21:31:48.324,0,0,0,0,0
21:31:49.034,0,0,0,0,0
21:31:49.034,1,0,0,0,0
21:31:49.187,1,0,0,0,0
21:31:49.187,1,1,0,0,0
21:31:50.050,1,1,0,0,0
21:31:50.050,1,0,0,0,0
21:31:50.913,1,0,0,0,0
21:31:50.913,1,1,0,0,0
21:31:51.036,1,1,0,0,0
21:31:51.036,0,1,0,0,0
21:31:51.779,0,1,0,0,0
21:31:51.779,0,0,0,0,0
21:31:52.641,0,0,0,0,0
21:31:52.641,0,1,0,0,0
21:31:53.039,0,1,0,0,0
21:31:53.039,1,1,0,0,0
21:31:53.512,1,1,0,0,0
21:31:53.512,1,0,0,0,0
21:31:54.373,1,0,0,0,0
21:31:54.373,1,1,0,0,0
21:31:55.042,1,1,0,0,0
21:31:55.042,0,1,0,0,0
21:31:55.232,0,1,0,0,0
21:31:55.232,0,0,0,0,0
21:31:56.093,0,0,0,0,0
21:31:56.093,0,1,0,0,0
21:31:56.957,0,1,0,0,0
21:31:56.957,0,0,0,0,0
21:31:57.056,0,0,0,0,0
21:31:57.056,1,0,0,0,0
21:31:57.853,1,0,0,0,0
21:31:57.853,1,1,0,0,0
21:31:58.719,1,1,0,0,0
21:31:58.719,1,0,0,0,0
21:31:59.104,1,0,0,0,0
21:31:59.104,0,0,0,0,0
21:31:59.577,0,0,0,0,0
21:31:59.577,0,1,0,0,0
21:32:00.437,0,1,0,0,0
21:32:00.437,0,0,0,0,0
21:32:01.102,0,0,0,0,0
21:32:01.102,1,0,0,0,0
21:32:01.304,1,0,0,0,0
21:32:01.304,1,1,0,0,0
21:32:02.170,1,1,0,0,0
21:32:02.170,1,0,0,0,0
21:32:03.042,1,0,0,0,0
21:32:03.042,1,1,0,0,0
21:32:03.121,1,1,0,0,0
21:32:03.121,0,1,0,0,0
21:32:03.900,0,1,0,0,0
21:32:03.900,0,0,0,0,0
21:32:04.788,0,0,0,0,0
21:32:04.788,0,1,0,0,0
21:32:05.129,0,1,0,0,0
21:32:05.129,1,1,0,0,0
21:32:05.658,1,1,0,0,0
21:32:05.658,1,0,0,0,0
21:32:06.518,1,0,0,0,0
21:32:06.518,1,1,0,0,0
21:32:07.137,1,1,0,0,0
21:32:07.137,0,1,0,0,0
21:32:07.375,0,1,0,0,0
21:32:07.375,0,0,0,0,0
21:32:08.234,0,0,0,0,0
21:32:08.234,0,1,0,0,0
21:32:09.103,0,1,0,0,0
21:32:09.103,0,0,0,0,0
21:32:09.152,0,0,0,0,0
21:32:09.152,1,0,0,0,0
21:32:09.967,1,0,0,0,0
21:32:09.967,1,1,0,0,0
21:32:10.833,1,1,0,0,0
21:32:10.833,1,0,0,0,0
21:32:11.165,1,0,0,0,0
21:32:11.165,0,0,0,0,0
21:32:11.703,0,0,0,0,0
21:32:11.703,0,1,0,0,0
21:32:12.575,0,1,0,0,0
21:32:12.575,0,0,0,0,0
21:32:13.171,0,0,0,0,0
21:32:13.171,1,0,0,0,0
21:32:13.444,1,0,0,0,0
21:32:13.444,1,1,0,0,0
21:32:14.307,1,1,0,0,0
21:32:14.307,1,0,0,0,0
21:32:15.177,1,0,0,0,0
21:32:15.177,1,1,0,0,0
21:32:15.177,1,1,0,0,0
21:32:15.177,0,1,0,0,0
21:32:16.035,0,1,0,0,0
21:32:16.035,0,0,0,0,0
21:32:16.906,0,0,0,0,0
21:32:16.906,0,1,0,0,0
21:32:17.181,0,1,0,0,0
21:32:17.181,1,1,0,0,0
21:32:17.770,1,1,0,0,0
21:32:17.770,1,0,0,0,0
21:32:18.662,1,0,0,0,0
21:32:18.662,1,1,0,0,0
21:32:19.064,1,1,0,0,0
21:32:19.064,1,0,0,0,0
21:32:19.125,1,1,0,0,0
21:32:19.125,1,0,0,0,0
21:32:19.188,1,0,0,0,0
21:32:19.188,0,0,0,0,0
21:32:21.198,0,0,0,0,0
21:32:21.198,1,0,0,0,0
21:32:23.200,1,0,0,0,0
21:32:23.200,0,0,0,0,0
21:32:25.210,0,0,0,0,0
21:32:25.210,1,0,0,0,0
21:32:27.213,1,0,0,0,0
21:32:27.213,0,0,0,0,0
21:32:29.236,0,0,0,0,0
21:32:29.236,1,0,0,0,0
21:32:30.453,1,0,0,0,0
21:32:30.453,0,0,0,0,0
21:32:30.518,1,0,0,0,0
21:32:30.518,0,0,0,0,0
21:32:47.109,0,0,0,0,0
21:32:47.109,1,0,0,0,0
21:32:49.115,1,0,0,0,0
21:32:49.115,0,0,0,0,0
21:32:51.118,0,0,0,0,0
21:32:51.118,1,0,0,0,0
21:32:53.129,1,0,0,0,0
21:32:53.129,0,0,0,0,0
21:32:55.130,0,0,0,0,0
21:32:55.130,1,0,0,0,0
21:32:57.142,1,0,0,0,0
21:32:57.142,0,0,0,0,0
21:32:59.153,0,0,0,0,0
21:32:59.153,1,0,0,0,0
21:32:59.330,1,0,0,0,0
21:32:59.330,0,0,0,0,0
21:33:00.020,0,1,0,0,0
21:33:00.020,0,0,0,0,0
21:33:01.335,0,0,0,0,0
21:33:01.335,1,0,0,0,0
21:33:03.349,1,0,0,0,0
21:33:03.349,0,0,0,0,0
21:33:05.358,0,0,0,0,0
21:33:05.358,1,0,0,0,0
21:33:07.359,1,0,0,0,0
21:33:07.359,0,0,0,0,0
21:33:09.372,0,0,0,0,0
21:33:09.372,1,0,0,0,0
21:33:11.381,1,0,0,0,0
21:33:11.381,0,0,0,0,0
21:33:13.382,0,0,0,0,0
21:33:13.382,1,0,0,0,0
21:33:15.397,1,0,0,0,0
21:33:15.397,0,0,0,0,0
21:33:17.435,0,0,0,0,0
21:33:17.435,1,0,0,0,0
21:33:19.445,1,0,0,0,0
21:33:19.445,0,0,0,0,0
21:33:21.445,0,0,0,0,0
21:33:21.445,1,0,0,0,0
21:33:23.457,1,0,0,0,0
21:33:23.457,0,0,0,0,0
21:33:25.468,0,0,0,0,0
21:33:25.468,1,0,0,0,0
21:33:27.474,1,0,0,0,0
21:33:27.474,0,0,0,0,0
21:33:29.476,0,0,0,0,0
21:33:29.476,1,0,0,0,0
21:33:31.490,1,0,0,0,0
21:33:31.490,0,0,0,0,0
21:33:33.496,0,0,0,0,0
21:33:33.496,1,0,0,0,0
21:33:33.553,1,0,0,0,0
21:33:33.553,0,0,0,0,0
21:33:40.580,0,1,0,0,0
21:33:40.580,0,0,0,0,0
21:33:52.300,0,0,0,0,0
21:33:52.300,1,0,0,0,0
21:33:53.769,1,0,0,0,0
21:33:53.769,0,0,0,0,0
21:33:53.825,1,0,0,0,0
21:33:53.825,0,0,0,0,0
21:34:16.580,0,0,0,0,0
21:34:16.580,1,0,0,0,0
21:34:18.580,1,0,0,0,0
21:34:18.580,0,0,0,0,0
21:34:20.581,0,0,0,0,0
21:34:20.581,1,0,0,0,0
21:34:22.596,1,0,0,0,0
21:34:22.596,0,0,0,0,0
21:34:24.601,0,0,0,0,0
21:34:24.601,1,0,0,0,0
21:34:26.602,1,0,0,0,0
21:34:26.602,0,0,0,0,0
21:34:28.597,0,0,0,0,0
21:34:28.597,1,0,0,0,0
21:34:30.602,1,0,0,0,0
21:34:30.602,0,0,0,0,0
21:34:32.604,0,0,0,0,0
21:34:32.604,1,0,0,0,0
21:34:34.607,1,0,0,0,0
21:34:34.607,0,0,0,0,0
21:34:36.619,0,0,0,0,0
21:34:36.619,1,0,0,0,0
21:34:38.633,1,0,0,0,0
21:34:38.633,0,0,0,0,0
21:34:40.648,0,0,0,0,0
21:34:40.648,1,0,0,0,0
21:34:42.658,1,0,0,0,0
21:34:42.658,0,0,0,0,0
21:34:44.664,0,0,0,0,0
21:34:44.664,1,0,0,0,0
21:34:46.675,1,0,0,0,0
21:34:46.675,0,0,0,0,0
21:34:48.683,0,0,0,0,0
21:34:48.683,1,0,0,0,0
21:34:50.692,1,0,0,0,0
21:34:50.692,0,0,0,0,0
21:34:52.691,0,0,0,0,0
21:34:52.691,1,0,0,0,0
21:34:54.728,1,0,0,0,0
21:34:54.728,0,0,0,0,0
21:34:56.745,0,0,0,0,0
21:34:56.745,1,0,0,0,0
21:34:58.752,1,0,0,0,0
21:34:58.752,0,0,0,0,0
21:35:00.757,0,0,0,0,0
21:35:00.757,1,0,0,0,0
21:35:02.765,1,0,0,0,0
21:35:02.765,0,0,0,0,0
21:35:04.773,0,0,0,0,0
21:35:04.773,1,0,0,0,0
21:35:06.788,1,0,0,0,0
21:35:06.788,0,0,0,0,0
21:35:08.788,0,0,0,0,0
21:35:08.788,1,0,0,0,0
21:35:10.796,1,0,0,0,0
21:35:10.796,0,0,0,0,0
21:35:12.808,0,0,0,0,0
21:35:12.808,1,0,0,0,0
21:35:14.872,1,0,0,0,0
21:35:14.872,0,0,0,0,0
21:35:16.897,0,0,0,0,0
21:35:16.897,1,0,0,0,0
21:35:18.963,1,0,0,0,0
21:35:18.963,0,0,0,0,0
21:35:21.033,0,0,0,0,0
21:35:21.033,1,0,0,0,0
21:35:23.057,1,0,0,0,0
21:35:23.057,0,0,0,0,0
21:35:25.152,0,0,0,0,0
21:35:25.152,1,0,0,0,0
21:35:27.164,1,0,0,0,0
21:35:27.164,0,0,0,0,0
21:35:29.210,0,0,0,0,0
21:35:29.210,1,0,0,0,0
21:35:31.266,1,0,0,0,0
21:35:31.266,0,0,0,0,0
21:35:33.310,0,0,0,0,0
21:35:33.310,1,0,0,0,0
21:35:35.366,1,0,0,0,0
21:35:35.366,0,0,0,0,0
21:35:37.372,0,0,0,0,0
21:35:37.372,1,0,0,0,0
21:35:39.482,1,0,0,0,0
21:35:39.482,0,0,0,0,0
21:35:41.520,0,0,0,0,0
21:35:41.520,1,0,0,0,0
21:35:43.531,1,0,0,0,0
21:35:43.531,0,0,0,0,0
21:35:45.587,0,0,0,0,0
21:35:45.587,1,0,0,0,0
21:35:47.638,1,0,0,0,0
21:35:47.638,0,0,0,0,0
21:35:49.696,0,0,0,0,0
21:35:49.696,1,0,0,0,0
21:35:51.723,1,0,0,0,0
21:35:51.723,0,0,0,0,0
21:35:53.790,0,0,0,0,0
21:35:53.790,1,0,0,0,0
21:35:55.834,1,0,0,0,0
21:35:55.834,0,0,0,0,0
21:35:57.874,0,0,0,0,0
21:35:57.874,1,0,0,0,0
21:35:59.947,1,0,0,0,0
21:35:59.947,0,0,0,0,0
21:36:01.989,0,0,0,0,0
21:36:01.989,1,0,0,0,0
21:36:04.013,1,0,0,0,0
21:36:04.013,0,0,0,0,0
21:36:06.070,0,0,0,0,0
21:36:06.070,1,0,0,0,0
21:36:08.122,1,0,0,0,0
21:36:08.122,0,0,0,0,0
21:36:10.174,0,0,0,0,0
21:36:10.174,1,0,0,0,0
21:36:12.230,1,0,0,0,0
21:36:12.230,0,0,0,0,0
21:36:14.257,0,0,0,0,0
21:36:14.257,1,0,0,0,0
21:36:16.283,1,0,0,0,0
21:36:16.283,0,0,0,0,0
21:36:18.351,0,0,0,0,0
21:36:18.351,1,0,0,0,0
21:36:20.403,1,0,0,0,0
21:36:20.403,0,0,0,0,0
21:36:22.468,0,0,0,0,0
21:36:22.468,1,0,0,0,0
21:36:24.520,1,0,0,0,0
21:36:24.520,0,0,0,0,0
21:36:26.565,0,0,0,0,0
21:36:26.565,1,0,0,0,0
21:36:28.622,1,0,0,0,0
21:36:28.622,0,0,0,0,0
21:36:30.667,0,0,0,0,0
21:36:30.667,1,0,0,0,0
21:36:32.681,1,0,0,0,0
21:36:32.681,0,0,0,0,0
21:36:34.692,0,0,0,0,0
21:36:34.692,1,0,0,0,0
21:36:36.766,1,0,0,0,0
21:36:36.766,0,0,0,0,0
21:36:38.801,0,0,0,0,0
21:36:38.801,1,0,0,0,0
21:36:40.851,1,0,0,0,0
21:36:40.851,0,0,0,0,0
21:36:42.892,0,0,0,0,0
21:36:42.892,1,0,0,0,0
21:36:44.979,1,0,0,0,0
21:36:44.979,0,0,0,0,0
21:36:47.004,0,0,0,0,0
21:36:47.004,1,0,0,0,0
21:36:49.057,1,0,0,0,0
21:36:49.057,0,0,0,0,0
21:36:51.083,0,0,0,0,0
21:36:51.083,1,0,0,0,0
21:36:53.202,1,0,0,0,0
21:36:53.202,0,0,0,0,0
21:36:55.227,0,0,0,0,0
21:36:55.227,1,0,0,0,0
21:36:55.342,1,0,0,0,0
21:36:55.342,1,1,0,0,0
21:36:56.213,1,1,0,0,0
21:36:56.213,1,0,0,0,0
21:36:57.075,1,0,0,0,0
21:36:57.075,1,1,0,0,0
21:36:57.275,1,1,0,0,0
21:36:57.275,0,1,0,0,0
21:36:57.962,0,1,0,0,0
21:36:57.962,0,0,0,0,0
21:36:58.920,0,0,0,0,0
21:36:58.920,0,1,0,0,0
21:36:59.351,0,1,0,0,0
21:36:59.351,1,1,0,0,0
21:36:59.776,1,1,0,0,0
21:36:59.776,1,0,0,0,0
21:37:00.647,1,0,0,0,0
21:37:00.647,1,1,0,0,0
21:37:01.404,1,1,0,0,0
21:37:01.404,0,1,0,0,0
21:37:01.513,0,1,0,0,0
21:37:01.513,0,0,0,0,0
21:37:02.370,0,0,0,0,0
21:37:02.370,0,1,0,0,0
21:37:03.237,0,1,0,0,0
21:37:03.237,0,0,0,0,0
21:37:03.411,0,0,0,0,0
21:37:03.411,1,0,0,0,0
21:37:04.124,1,0,0,0,0
21:37:04.124,1,1,0,0,0
21:37:05.009,1,1,0,0,0
21:37:05.009,1,0,0,0,0
21:37:05.509,1,0,0,0,0
21:37:05.509,0,0,0,0,0
21:37:05.890,0,0,0,0,0
21:37:05.890,0,1,0,0,0
21:37:06.752,0,1,0,0,0
21:37:06.752,0,0,0,0,0
21:37:07.539,0,0,0,0,0
21:37:07.539,1,0,0,0,0
21:37:07.616,1,0,0,0,0
21:37:07.616,1,1,0,0,0
21:37:08.478,1,1,0,0,0
21:37:08.478,1,0,0,0,0
21:37:09.334,1,0,0,0,0
21:37:09.334,1,1,0,0,0
21:37:09.607,1,1,0,0,0
21:37:09.607,0,1,0,0,0
21:37:10.196,0,1,0,0,0
21:37:10.196,0,0,0,0,0
21:37:11.052,0,0,0,0,0
21:37:11.052,0,1,0,0,0
21:37:11.657,0,1,0,0,0
21:37:11.657,1,1,0,0,0
21:37:11.933,1,1,0,0,0
21:37:11.933,1,0,0,0,0
21:37:12.865,1,0,0,0,0
21:37:12.865,1,1,0,0,0
21:37:13.706,1,1,0,0,0
21:37:13.706,0,1,0,0,0
21:37:13.722,0,1,0,0,0
21:37:13.722,0,0,0,0,0
21:37:14.594,0,0,0,0,0
21:37:14.594,0,1,0,0,0
21:37:15.456,0,1,0,0,0
21:37:15.456,0,0,0,0,0
21:37:15.773,0,0,0,0,0
21:37:15.773,1,0,0,0,0
21:37:16.323,1,0,0,0,0
21:37:16.323,1,1,0,0,0
21:37:17.193,1,1,0,0,0
21:37:17.193,1,0,0,0,0
21:37:17.811,1,0,0,0,0
21:37:17.811,0,0,0,0,0
21:37:18.065,0,0,0,0,0
21:37:18.065,0,1,0,0,0
21:37:19.047,0,1,0,0,0
21:37:19.047,0,0,0,0,0
21:37:19.858,0,0,0,0,0
21:37:19.858,1,0,0,0,0
21:37:19.923,1,0,0,0,0
21:37:19.923,1,1,0,0,0
21:37:20.787,1,1,0,0,0
21:37:20.787,1,0,0,0,0
21:37:21.647,1,0,0,0,0
21:37:21.647,1,1,0,0,0
21:37:21.858,1,1,0,0,0
21:37:21.858,0,1,0,0,0
21:37:22.503,0,1,0,0,0
21:37:22.503,0,0,0,0,0
21:37:23.362,0,0,0,0,0
21:37:23.362,0,1,0,0,0
21:37:23.947,0,1,0,0,0
21:37:23.947,1,1,0,0,0
21:37:24.249,1,1,0,0,0
21:37:24.249,1,0,0,0,0
21:37:25.215,1,0,0,0,0
21:37:25.215,1,1,0,0,0
21:37:26.036,1,1,0,0,0
21:37:26.036,0,1,0,0,0
21:37:26.084,0,1,0,0,0
21:37:26.084,0,0,0,0,0
21:37:26.956,0,0,0,0,0
21:37:26.956,0,1,0,0,0
21:37:27.823,0,1,0,0,0
21:37:27.823,0,0,0,0,0
21:37:28.096,0,0,0,0,0
21:37:28.096,1,0,0,0,0
21:37:28.681,1,0,0,0,0
21:37:28.681,1,1,0,0,0
21:37:29.568,1,1,0,0,0
21:37:29.568,1,0,0,0,0
21:37:30.113,1,0,0,0,0
21:37:30.113,0,0,0,0,0
21:37:30.523,0,0,0,0,0
21:37:30.523,0,1,0,0,0
21:37:31.384,0,1,0,0,0
21:37:31.384,0,0,0,0,0
21:37:32.165,0,0,0,0,0
21:37:32.165,1,0,0,0,0
21:37:32.254,1,0,0,0,0
21:37:32.254,1,1,0,0,0
21:37:33.113,1,1,0,0,0
21:37:33.113,1,0,0,0,0
21:37:33.985,1,0,0,0,0
21:37:33.985,1,1,0,0,0
21:37:34.225,1,1,0,0,0
21:37:34.225,0,1,0,0,0
21:37:34.856,0,1,0,0,0
21:37:34.856,0,0,0,0,0
21:37:35.705,0,0,0,0,0
21:37:35.705,0,1,0,0,0
21:37:36.249,0,1,0,0,0
21:37:36.249,1,1,0,0,0
21:37:36.669,1,1,0,0,0
21:37:36.669,1,0,0,0,0
21:37:37.543,1,0,0,0,0
21:37:37.543,1,1,0,0,0
21:37:38.274,1,1,0,0,0
21:37:38.274,0,1,0,0,0
21:37:38.410,0,1,0,0,0
21:37:38.410,0,0,0,0,0
21:37:39.282,0,0,0,0,0
21:37:39.282,0,1,0,0,0
21:37:40.145,0,1,0,0,0
21:37:40.145,0,0,0,0,0
21:37:40.363,0,0,0,0,0
21:37:40.363,1,0,0,0,0
21:37:41.048,1,0,0,0,0
21:37:41.048,1,1,0,0,0
21:37:42.018,1,1,0,0,0
21:37:42.018,1,0,0,0,0
21:37:42.394,1,0,0,0,0
21:37:42.394,0,0,0,0,0
21:37:42.891,0,0,0,0,0
21:37:42.891,0,1,0,0,0
21:37:43.751,0,1,0,0,0
21:37:43.751,0,0,0,0,0
21:37:44.482,0,0,0,0,0
21:37:44.482,1,0,0,0,0
21:37:44.621,1,0,0,0,0
21:37:44.621,1,1,0,0,0
21:37:45.485,1,1,0,0,0
21:37:45.485,1,0,0,0,0
21:37:46.352,1,0,0,0,0
21:37:46.352,1,1,0,0,0
21:37:46.510,1,1,0,0,0
21:37:46.510,0,1,0,0,0
21:37:47.354,0,1,0,0,0
21:37:47.354,0,0,0,0,0
21:37:48.224,0,0,0,0,0
21:37:48.224,0,1,0,0,0
21:37:48.564,0,1,0,0,0
21:37:48.564,1,1,0,0,0
21:37:49.082,1,1,0,0,0
21:37:49.082,1,0,0,0,0
21:37:49.954,1,0,0,0,0
21:37:49.954,1,1,0,0,0
21:37:50.627,1,1,0,0,0
21:37:50.627,0,1,0,0,0
21:37:50.817,0,1,0,0,0
21:37:50.817,0,0,0,0,0
21:37:51.682,0,0,0,0,0
21:37:51.682,0,1,0,0,0
21:37:52.542,0,1,0,0,0
21:37:52.542,0,0,0,0,0
21:37:52.650,0,0,0,0,0
21:37:52.650,1,0,0,0,0
21:37:53.435,1,0,0,0,0
21:37:53.435,1,1,0,0,0
21:37:54.303,1,1,0,0,0
21:37:54.303,1,0,0,0,0
21:37:54.728,1,0,0,0,0
21:37:54.728,0,0,0,0,0
21:37:55.170,0,0,0,0,0
21:37:55.170,0,1,0,0,0
21:37:56.030,0,1,0,0,0
21:37:56.030,0,0,0,0,0
21:37:56.733,0,0,0,0,0
21:37:56.733,1,0,0,0,0
21:37:56.878,1,0,0,0,0
21:37:56.878,1,1,0,0,0
21:37:57.747,1,1,0,0,0
21:37:57.747,1,0,0,0,0
21:37:58.614,1,0,0,0,0
21:37:58.614,1,1,0,0,0
21:37:58.742,1,1,0,0,0
21:37:58.742,0,1,0,0,0
21:37:59.478,0,1,0,0,0
21:37:59.478,0,0,0,0,0
21:38:00.348,0,0,0,0,0
21:38:00.348,0,1,0,0,0
21:38:00.751,0,1,0,0,0
21:38:00.751,1,1,0,0,0
21:38:01.207,1,1,0,0,0
21:38:01.207,1,0,0,0,0
21:38:02.064,1,0,0,0,0
21:38:02.064,1,1,0,0,0
21:38:02.753,1,1,0,0,0
21:38:02.753,0,1,0,0,0
21:38:02.919,0,1,0,0,0
21:38:02.919,0,0,0,0,0
21:38:03.790,0,0,0,0,0
21:38:03.790,0,1,0,0,0
21:38:04.647,0,1,0,0,0
21:38:04.647,0,0,0,0,0
21:38:04.759,0,0,0,0,0
21:38:04.759,1,0,0,0,0
21:38:05.515,1,0,0,0,0
21:38:05.515,1,1,0,0,0
21:38:06.387,1,1,0,0,0
21:38:06.387,1,0,0,0,0
21:38:06.798,1,0,0,0,0
21:38:06.798,0,0,0,0,0
21:38:07.252,0,0,0,0,0
21:38:07.252,0,1,0,0,0
21:38:08.109,0,1,0,0,0
21:38:08.109,0,0,0,0,0
21:38:08.808,0,0,0,0,0
21:38:08.808,1,0,0,0,0
21:38:08.968,1,0,0,0,0
21:38:08.968,1,1,0,0,0
21:38:09.031,1,1,0,0,0
21:38:09.031,1,0,0,0,0
21:38:09.095,1,0,0,0,0
21:38:09.095,1,1,0,0,0
21:38:09.158,1,1,0,0,0
21:38:09.158,1,0,0,0,0
21:38:09.221,1,0,0,0,0
21:38:09.221,1,1,0,0,0
21:38:09.274,1,1,0,0,0
21:38:09.274,1,0,0,0,0
21:38:09.333,1,0,0,0,0
21:38:09.333,1,1,0,0,0
21:38:09.396,1,1,0,0,0
21:38:09.396,1,0,0,0,0
21:38:09.459,1,0,0,0,0
21:38:09.459,1,1,0,0,0
21:38:09.459,1,1,0,0,0
21:38:09.459,1,0,0,0,0
21:38:09.523,1,0,0,0,0
21:38:09.523,1,1,0,0,0
21:38:09.575,1,1,0,0,0
21:38:09.575,1,0,0,0,0
21:38:09.688,1,0,0,0,0
21:38:09.688,1,1,0,0,0
21:38:09.792,1,1,0,0,0
21:38:09.792,1,0,0,0,0
21:38:09.887,1,0,0,0,0
21:38:09.887,1,1,0,0,0
21:38:09.984,1,1,0,0,0
21:38:09.984,1,0,0,0,0
21:38:10.099,1,0,0,0,0
21:38:10.099,1,1,0,0,0
21:38:10.099,1,1,0,0,0
21:38:10.099,1,0,0,0,0
21:38:10.205,1,0,0,0,0
21:38:10.205,1,1,0,0,0
21:38:10.301,1,1,0,0,0
21:38:10.301,1,0,0,0,0
21:38:10.396,1,0,0,0,0
21:38:10.396,1,1,0,0,0
21:38:10.499,1,1,0,0,0
21:38:10.499,1,0,0,0,0
21:38:10.594,1,0,0,0,0
21:38:10.594,1,1,0,0,0
21:38:10.690,1,1,0,0,0
21:38:10.690,1,0,0,0,0
21:38:10.786,1,0,0,0,0
21:38:10.786,1,1,0,0,0
21:38:10.817,1,1,0,0,0
21:38:10.817,0,1,0,0,0
21:38:10.868,0,1,0,0,0
21:38:10.868,0,0,0,0,0
21:38:10.984,0,0,0,0,0
21:38:10.984,0,1,0,0,0
21:38:11.079,0,1,0,0,0
21:38:11.079,0,0,0,0,0
21:38:11.174,0,0,0,0,0
21:38:11.174,0,1,0,0,0
21:38:11.617,0,1,0,0,0
21:38:11.617,0,0,0,0,0
21:38:12.551,0,0,0,0,0
21:38:12.551,0,1,0,0,0
21:38:12.819,0,1,0,0,0
21:38:12.819,1,1,0,0,0
21:38:13.452,1,1,0,0,0
21:38:13.452,1,0,0,0,0
21:38:14.354,1,0,0,0,0
21:38:14.354,1,1,0,0,0
21:38:14.829,1,1,0,0,0
21:38:14.829,0,1,0,0,0
21:38:15.268,0,1,0,0,0
21:38:15.268,0,0,0,0,0
21:38:16.201,0,0,0,0,0
21:38:16.201,0,1,0,0,0
21:38:16.838,0,1,0,0,0
21:38:16.838,1,1,0,0,0
21:38:17.144,1,1,0,0,0
21:38:17.144,1,0,0,0,0
21:38:18.060,1,0,0,0,0
21:38:18.060,1,1,0,0,0
21:38:18.838,1,1,0,0,0
21:38:18.838,0,1,0,0,0
21:38:18.964,0,1,0,0,0
21:38:18.964,0,0,0,0,0
21:38:19.882,0,0,0,0,0
21:38:19.882,0,1,0,0,0
21:38:20.848,0,1,0,0,0
21:38:20.848,0,0,0,0,0
21:38:20.848,0,0,0,0,0
21:38:20.848,1,0,0,0,0
21:38:21.759,1,0,0,0,0
21:38:21.759,1,1,0,0,0
21:38:22.664,1,1,0,0,0
21:38:22.664,1,0,0,0,0
21:38:22.886,1,0,0,0,0
21:38:22.886,0,0,0,0,0
21:38:23.584,0,0,0,0,0
21:38:23.584,0,1,0,0,0
21:38:24.528,0,1,0,0,0
21:38:24.528,0,0,0,0,0
21:38:24.950,0,0,0,0,0
21:38:24.950,1,0,0,0,0
21:38:25.443,1,0,0,0,0
21:38:25.443,1,1,0,0,0
21:38:26.346,1,1,0,0,0
21:38:26.346,1,0,0,0,0
21:38:27.013,1,0,0,0,0
21:38:27.013,0,0,0,0,0
21:38:27.274,0,0,0,0,0
21:38:27.274,0,1,0,0,0
21:38:28.238,0,1,0,0,0
21:38:28.238,0,0,0,0,0
21:38:29.033,0,0,0,0,0
21:38:29.033,1,0,0,0,0
21:38:29.148,1,0,0,0,0
21:38:29.148,1,1,0,0,0
21:38:30.061,1,1,0,0,0
21:38:30.061,1,0,0,0,0
21:38:31.067,1,0,0,0,0
21:38:31.067,1,1,0,0,0
21:38:31.068,1,1,0,0,0
21:38:31.068,0,1,0,0,0
21:38:31.982,0,1,0,0,0
21:38:31.982,0,0,0,0,0
21:38:32.884,0,0,0,0,0
21:38:32.884,0,1,0,0,0
21:38:33.073,0,1,0,0,0
21:38:33.073,1,1,0,0,0
21:38:33.788,1,1,0,0,0
21:38:33.788,1,0,0,0,0
21:38:34.756,1,0,0,0,0
21:38:34.756,1,1,0,0,0
21:38:35.166,1,1,0,0,0
21:38:35.166,0,1,0,0,0
21:38:35.657,0,1,0,0,0
21:38:35.657,0,0,0,0,0
21:38:36.571,0,0,0,0,0
21:38:36.571,0,1,0,0,0
21:38:37.189,0,1,0,0,0
21:38:37.189,1,1,0,0,0
21:38:37.556,1,1,0,0,0
21:38:37.556,1,0,0,0,0
21:38:38.462,1,0,0,0,0
21:38:38.462,1,1,0,0,0
21:38:39.206,1,1,0,0,0
21:38:39.206,0,1,0,0,0
21:38:39.365,0,1,0,0,0
21:38:39.365,0,0,0,0,0
21:38:40.266,0,0,0,0,0
21:38:40.266,0,1,0,0,0
21:38:41.172,0,1,0,0,0
21:38:41.172,0,0,0,0,0
21:38:41.221,0,0,0,0,0
21:38:41.221,1,0,0,0,0
21:38:42.077,1,0,0,0,0
21:38:42.077,1,1,0,0,0
21:38:42.979,1,1,0,0,0
21:38:42.979,1,0,0,0,0
21:38:43.234,1,0,0,0,0
21:38:43.234,0,0,0,0,0
21:38:43.885,0,0,0,0,0
21:38:43.885,0,1,0,0,0
21:38:44.791,0,1,0,0,0
21:38:44.791,0,0,0,0,0
21:38:45.256,0,0,0,0,0
21:38:45.256,1,0,0,0,0
21:38:45.703,1,0,0,0,0
21:38:45.703,1,1,0,0,0
21:38:46.617,1,1,0,0,0
21:38:46.617,1,0,0,0,0
21:38:47.262,1,0,0,0,0
21:38:47.262,0,0,0,0,0
21:38:47.519,0,0,0,0,0
21:38:47.519,0,1,0,0,0
21:38:48.425,0,1,0,0,0
21:38:48.425,0,0,0,0,0
21:38:49.264,0,0,0,0,0
21:38:49.264,1,0,0,0,0
21:38:49.359,1,0,0,0,0
21:38:49.359,1,1,0,0,0
21:38:50.265,1,1,0,0,0
21:38:50.265,1,0,0,0,0
21:38:51.171,1,0,0,0,0
21:38:51.171,1,1,0,0,0
21:38:51.265,1,1,0,0,0
21:38:51.265,0,1,0,0,0
21:38:52.073,0,1,0,0,0
21:38:52.073,0,0,0,0,0
21:38:52.976,0,0,0,0,0
21:38:52.976,0,1,0,0,0
21:38:53.277,0,1,0,0,0
21:38:53.277,1,1,0,0,0
21:38:53.879,1,1,0,0,0
21:38:53.879,1,0,0,0,0
21:38:54.791,1,0,0,0,0
21:38:54.791,1,1,0,0,0
21:38:55.278,1,1,0,0,0
21:38:55.278,0,1,0,0,0
21:38:55.704,0,1,0,0,0
21:38:55.704,0,0,0,0,0
21:38:56.615,0,0,0,0,0
21:38:56.615,0,1,0,0,0
21:38:57.280,0,1,0,0,0
21:38:57.280,1,1,0,0,0
21:38:57.522,1,1,0,0,0
21:38:57.522,1,0,0,0,0
21:38:58.434,1,0,0,0,0
21:38:58.434,1,1,0,0,0
21:38:59.291,1,1,0,0,0
21:38:59.291,0,1,0,0,0
21:38:59.339,0,1,0,0,0
21:38:59.339,0,0,0,0,0
21:39:00.250,0,0,0,0,0
21:39:00.250,0,1,0,0,0
21:39:01.154,0,1,0,0,0
21:39:01.154,0,0,0,0,0
21:39:01.316,0,0,0,0,0
21:39:01.316,1,0,0,0,0
21:39:02.154,1,0,0,0,0
21:39:02.154,1,1,0,0,0
21:39:03.060,1,1,0,0,0
21:39:03.060,1,0,0,0,0
21:39:03.399,1,0,0,0,0
21:39:03.399,0,0,0,0,0
21:39:03.965,0,0,0,0,0
21:39:03.965,0,1,0,0,0
21:39:04.870,0,1,0,0,0
21:39:04.870,0,0,0,0,0
21:39:05.451,0,0,0,0,0
21:39:05.451,1,0,0,0,0
21:39:05.878,1,0,0,0,0
21:39:05.878,1,1,0,0,0
21:39:06.787,1,1,0,0,0
21:39:06.787,1,0,0,0,0
21:39:07.498,1,0,0,0,0
21:39:07.498,0,0,0,0,0
21:39:07.694,0,0,0,0,0
21:39:07.694,0,1,0,0,0
21:39:08.722,0,1,0,0,0
21:39:08.722,0,0,0,0,0
21:39:09.508,0,0,0,0,0
21:39:09.508,1,0,0,0,0
21:39:09.636,1,0,0,0,0
21:39:09.636,1,1,0,0,0
21:39:10.542,1,1,0,0,0
21:39:10.542,1,0,0,0,0
21:39:11.449,1,0,0,0,0
21:39:11.449,1,1,0,0,0
21:39:11.549,1,1,0,0,0
21:39:11.549,0,1,0,0,0
21:39:12.362,0,1,0,0,0
21:39:12.362,0,0,0,0,0
21:39:13.274,0,0,0,0,0
21:39:13.274,0,1,0,0,0
21:39:13.586,0,1,0,0,0
21:39:13.586,1,1,0,0,0
21:39:14.186,1,1,0,0,0
21:39:14.186,1,0,0,0,0
21:39:15.106,1,0,0,0,0
21:39:15.106,1,1,0,0,0
21:39:15.669,1,1,0,0,0
21:39:15.669,0,1,0,0,0
21:39:16.060,0,1,0,0,0
21:39:16.060,0,0,0,0,0
21:39:16.972,0,0,0,0,0
21:39:16.972,0,1,0,0,0
21:39:17.686,0,1,0,0,0
21:39:17.686,1,1,0,0,0
21:39:17.875,1,1,0,0,0
21:39:17.875,1,0,0,0,0
21:39:18.811,1,0,0,0,0
21:39:18.811,1,1,0,0,0
21:39:19.692,1,1,0,0,0
21:39:19.692,0,1,0,0,0
21:39:19.723,0,1,0,0,0
21:39:19.723,0,0,0,0,0
21:39:20.621,0,0,0,0,0
21:39:20.621,0,1,0,0,0
21:39:21.534,0,1,0,0,0
21:39:21.534,0,0,0,0,0
21:39:21.693,0,0,0,0,0
21:39:21.693,1,0,0,0,0
21:39:22.437,1,0,0,0,0
21:39:22.437,1,1,0,0,0
21:39:23.345,1,1,0,0,0
21:39:23.345,1,0,0,0,0
21:39:23.715,1,0,0,0,0
21:39:23.715,0,0,0,0,0
21:39:24.247,0,0,0,0,0
21:39:24.247,0,1,0,0,0
21:39:25.154,0,1,0,0,0
21:39:25.154,0,0,0,0,0
21:39:25.723,0,0,0,0,0
21:39:25.723,1,0,0,0,0
21:39:26.067,1,0,0,0,0
21:39:26.067,1,1,0,0,0
21:39:26.994,1,1,0,0,0
21:39:26.994,1,0,0,0,0
21:39:27.741,1,0,0,0,0
21:39:27.741,0,0,0,0,0
21:39:27.899,0,0,0,0,0
21:39:27.899,0,1,0,0,0
21:39:28.802,0,1,0,0,0
21:39:28.802,0,0,0,0,0
21:39:29.707,0,0,0,0,0
21:39:29.707,0,1,0,0,0
21:39:29.739,0,1,0,0,0
21:39:29.739,1,1,0,0,0
21:39:30.620,1,1,0,0,0
21:39:30.620,1,0,0,0,0
21:39:31.522,1,0,0,0,0
21:39:31.522,1,1,0,0,0
21:39:31.742,1,1,0,0,0
21:39:31.742,0,1,0,0,0
21:39:32.426,0,1,0,0,0
21:39:32.426,0,0,0,0,0
21:39:33.332,0,0,0,0,0
21:39:33.332,0,1,0,0,0
21:39:33.747,0,1,0,0,0
21:39:33.747,1,1,0,0,0
21:39:34.239,1,1,0,0,0
21:39:34.239,1,0,0,0,0
21:39:35.152,1,0,0,0,0
21:39:35.152,1,1,0,0,0
21:39:35.748,1,1,0,0,0
21:39:35.748,0,1,0,0,0
21:39:36.065,0,1,0,0,0
21:39:36.065,0,0,0,0,0
21:39:36.976,0,0,0,0,0
21:39:36.976,0,1,0,0,0
21:39:37.749,0,1,0,0,0
21:39:37.749,1,1,0,0,0
21:39:37.885,1,1,0,0,0
21:39:37.885,1,0,0,0,0
21:39:38.794,1,0,0,0,0
21:39:38.794,1,1,0,0,0
21:39:39.697,1,1,0,0,0
21:39:39.697,1,0,0,0,0
21:39:39.762,1,0,0,0,0
21:39:39.762,0,0,0,0,0
21:39:40.603,0,0,0,0,0
21:39:40.603,0,1,0,0,0
21:39:41.517,0,1,0,0,0
21:39:41.517,0,0,0,0,0
21:39:41.778,0,0,0,0,0
21:39:41.778,1,0,0,0,0
21:39:42.424,1,0,0,0,0
21:39:42.424,1,1,0,0,0
21:39:43.324,1,1,0,0,0
21:39:43.324,1,0,0,0,0
21:39:43.783,1,0,0,0,0
21:39:43.783,0,0,0,0,0
21:39:44.254,0,0,0,0,0
21:39:44.254,0,1,0,0,0
21:39:45.166,0,1,0,0,0
21:39:45.166,0,0,0,0,0
21:39:45.793,0,0,0,0,0
21:39:45.793,1,0,0,0,0
21:39:46.076,1,0,0,0,0
21:39:46.076,1,1,0,0,0
21:39:46.991,1,1,0,0,0
21:39:46.991,1,0,0,0,0
21:39:47.801,1,0,0,0,0
21:39:47.801,0,0,0,0,0
21:39:47.901,0,0,0,0,0
21:39:47.901,0,1,0,0,0
21:39:48.803,0,1,0,0,0
21:39:48.803,0,0,0,0,0
21:39:49.707,0,0,0,0,0
21:39:49.707,0,1,0,0,0
21:39:49.802,0,1,0,0,0
21:39:49.802,1,1,0,0,0
21:39:50.619,1,1,0,0,0
21:39:50.619,1,0,0,0,0
21:39:51.533,1,0,0,0,0
21:39:51.533,1,1,0,0,0
21:39:51.817,1,1,0,0,0
21:39:51.817,0,1,0,0,0
21:39:52.466,0,1,0,0,0
21:39:52.466,0,0,0,0,0
21:39:53.371,0,0,0,0,0
21:39:53.371,0,1,0,0,0
21:39:53.832,0,1,0,0,0
21:39:53.832,1,1,0,0,0
21:39:54.276,1,1,0,0,0
21:39:54.276,1,0,0,0,0
21:39:55.180,1,0,0,0,0
21:39:55.180,1,1,0,0,0
21:39:55.839,1,1,0,0,0
21:39:55.839,0,1,0,0,0
21:39:56.085,0,1,0,0,0
21:39:56.085,0,0,0,0,0
21:39:56.984,0,0,0,0,0
21:39:56.984,0,1,0,0,0
21:39:57.852,0,1,0,0,0
21:39:57.852,1,1,0,0,0
21:39:57.899,1,1,0,0,0
21:39:57.899,1,0,0,0,0
21:39:58.800,1,0,0,0,0
21:39:58.800,1,1,0,0,0
21:39:59.704,1,1,0,0,0
21:39:59.704,1,0,0,0,0
21:39:59.862,1,0,0,0,0
21:39:59.862,0,0,0,0,0
21:40:00.614,0,0,0,0,0
21:40:00.614,0,1,0,0,0
21:40:01.516,0,1,0,0,0
21:40:01.516,0,0,0,0,0
21:40:01.886,0,0,0,0,0
21:40:01.886,1,0,0,0,0
21:40:02.424,1,0,0,0,0
21:40:02.424,1,1,0,0,0
21:40:03.326,1,1,0,0,0
21:40:03.326,1,0,0,0,0
21:40:03.898,1,0,0,0,0
21:40:03.898,0,0,0,0,0
21:40:04.228,0,0,0,0,0
21:40:04.228,0,1,0,0,0
21:40:05.131,0,1,0,0,0
21:40:05.131,0,0,0,0,0
21:40:05.903,0,0,0,0,0
21:40:05.903,1,0,0,0,0
21:40:06.044,1,0,0,0,0
21:40:06.044,1,1,0,0,0
21:40:06.944,1,1,0,0,0
21:40:06.944,1,0,0,0,0
21:40:07.845,1,0,0,0,0
21:40:07.845,1,1,0,0,0
21:40:07.908,1,1,0,0,0
21:40:07.908,0,1,0,0,0
21:40:08.749,0,1,0,0,0
21:40:08.749,0,0,0,0,0
21:40:09.653,0,0,0,0,0
21:40:09.653,0,1,0,0,0
21:40:09.911,0,1,0,0,0
21:40:09.911,1,1,0,0,0
21:40:10.559,1,1,0,0,0
21:40:10.559,1,0,0,0,0
21:40:11.465,1,0,0,0,0
21:40:11.465,1,1,0,0,0
21:40:11.924,1,1,0,0,0
21:40:11.924,0,1,0,0,0
21:40:12.367,0,1,0,0,0
21:40:12.367,0,0,0,0,0
21:40:13.271,0,0,0,0,0
21:40:13.271,0,1,0,0,0
21:40:13.937,0,1,0,0,0
21:40:13.937,1,1,0,0,0
21:40:14.228,1,1,0,0,0
21:40:14.228,1,0,0,0,0
21:40:15.132,1,0,0,0,0
21:40:15.132,1,1,0,0,0
21:40:15.950,1,1,0,0,0
21:40:15.950,0,1,0,0,0
21:40:16.031,0,1,0,0,0
21:40:16.031,0,0,0,0,0
21:40:16.945,0,0,0,0,0
21:40:16.945,0,1,0,0,0
21:40:17.881,0,1,0,0,0
21:40:17.881,0,0,0,0,0
21:40:17.957,0,0,0,0,0
21:40:17.957,1,0,0,0,0
21:40:18.778,1,0,0,0,0
21:40:18.778,1,1,0,0,0
21:40:19.695,1,1,0,0,0
21:40:19.695,1,0,0,0,0
21:40:19.965,1,0,0,0,0
21:40:19.965,0,0,0,0,0
21:40:20.606,0,0,0,0,0
21:40:20.606,0,1,0,0,0
21:40:21.513,0,1,0,0,0
21:40:21.513,0,0,0,0,0
21:40:21.987,0,0,0,0,0
21:40:21.987,1,0,0,0,0
21:40:22.413,1,0,0,0,0
21:40:22.413,1,1,0,0,0
21:40:23.323,1,1,0,0,0
21:40:23.323,1,0,0,0,0
21:40:24.002,1,0,0,0,0
21:40:24.002,0,0,0,0,0
21:40:24.226,0,0,0,0,0
21:40:24.226,0,1,0,0,0
21:40:25.127,0,1,0,0,0
21:40:25.127,0,0,0,0,0
21:40:26.014,0,0,0,0,0
21:40:26.014,1,0,0,0,0
21:40:26.030,1,0,0,0,0
21:40:26.030,1,1,0,0,0
21:40:26.944,1,1,0,0,0
21:40:26.944,1,0,0,0,0
21:40:27.847,1,0,0,0,0
21:40:27.847,1,1,0,0,0
21:40:28.022,1,1,0,0,0
21:40:28.022,0,1,0,0,0
21:40:28.756,0,1,0,0,0
21:40:28.756,0,0,0,0,0
21:40:29.658,0,0,0,0,0
21:40:29.658,0,1,0,0,0
21:40:30.024,0,1,0,0,0
21:40:30.024,1,1,0,0,0
21:40:30.587,1,1,0,0,0
21:40:30.587,1,0,0,0,0
21:40:31.494,1,0,0,0,0
21:40:31.494,1,1,0,0,0
21:40:32.034,1,1,0,0,0
21:40:32.034,0,1,0,0,0
21:40:32.399,0,1,0,0,0
21:40:32.399,0,0,0,0,0
21:40:33.301,0,0,0,0,0
21:40:33.301,0,1,0,0,0
21:40:34.048,0,1,0,0,0
21:40:34.048,1,1,0,0,0
21:40:34.204,1,1,0,0,0
21:40:34.204,1,0,0,0,0
21:40:35.108,1,0,0,0,0
21:40:35.108,1,1,0,0,0
21:40:36.010,1,1,0,0,0
21:40:36.010,1,0,0,0,0
21:40:36.042,1,0,0,0,0
21:40:36.042,0,0,0,0,0
21:40:36.908,0,0,0,0,0
21:40:36.908,0,1,0,0,0
21:40:37.823,0,1,0,0,0
21:40:37.823,0,0,0,0,0
21:40:38.059,0,0,0,0,0
21:40:38.059,1,0,0,0,0
21:40:38.761,1,0,0,0,0
21:40:38.761,1,1,0,0,0
21:40:39.674,1,1,0,0,0
21:40:39.674,1,0,0,0,0
21:40:40.068,1,0,0,0,0
21:40:40.068,0,0,0,0,0
21:40:40.576,0,0,0,0,0
21:40:40.576,0,1,0,0,0
21:40:41.478,0,1,0,0,0
21:40:41.478,0,0,0,0,0
21:40:42.075,0,0,0,0,0
21:40:42.075,1,0,0,0,0
21:40:42.382,1,0,0,0,0
21:40:42.382,1,1,0,0,0
21:40:43.285,1,1,0,0,0
21:40:43.285,1,0,0,0,0
21:40:44.081,1,0,0,0,0
21:40:44.081,0,0,0,0,0
21:40:44.195,0,0,0,0,0
21:40:44.195,0,1,0,0,0
21:40:45.100,0,1,0,0,0
21:40:45.100,0,0,0,0,0
21:40:46.010,0,0,0,0,0
21:40:46.010,0,1,0,0,0
21:40:46.112,0,1,0,0,0
21:40:46.112,1,1,0,0,0
21:40:46.934,1,1,0,0,0
21:40:46.934,1,0,0,0,0
21:40:47.848,1,0,0,0,0
21:40:47.848,1,1,0,0,0
21:40:48.119,1,1,0,0,0
21:40:48.119,0,1,0,0,0
21:40:48.755,0,1,0,0,0
21:40:48.755,0,0,0,0,0
21:40:49.657,0,0,0,0,0
21:40:49.657,0,1,0,0,0
21:40:50.131,0,1,0,0,0
21:40:50.131,1,1,0,0,0
21:40:50.557,1,1,0,0,0
21:40:50.557,1,0,0,0,0
21:40:51.462,1,0,0,0,0
21:40:51.462,1,1,0,0,0
21:40:52.145,1,1,0,0,0
21:40:52.145,0,1,0,0,0
21:40:52.367,0,1,0,0,0
21:40:52.367,0,0,0,0,0
21:40:53.272,0,0,0,0,0
21:40:53.272,0,1,0,0,0
21:40:54.146,0,1,0,0,0
21:40:54.146,1,1,0,0,0
21:40:54.178,1,1,0,0,0
21:40:54.178,1,0,0,0,0
21:40:55.082,1,0,0,0,0
21:40:55.082,1,1,0,0,0
21:40:55.993,1,1,0,0,0
21:40:55.993,1,0,0,0,0
21:40:56.152,1,0,0,0,0
21:40:56.152,0,0,0,0,0
21:40:56.896,0,0,0,0,0
21:40:56.896,0,1,0,0,0
21:40:57.797,0,1,0,0,0
21:40:57.797,0,0,0,0,0
21:40:58.162,0,0,0,0,0
21:40:58.162,1,0,0,0,0
21:40:58.702,1,0,0,0,0
21:40:58.702,1,1,0,0,0
21:40:59.607,1,1,0,0,0
21:40:59.607,1,0,0,0,0
21:41:00.174,1,0,0,0,0
21:41:00.174,0,0,0,0,0
21:41:00.508,0,0,0,0,0
21:41:00.508,0,1,0,0,0
21:41:01.415,0,1,0,0,0
21:41:01.415,0,0,0,0,0
21:41:02.189,0,0,0,0,0
21:41:02.189,1,0,0,0,0
21:41:02.314,1,0,0,0,0
21:41:02.314,1,1,0,0,0
21:41:03.220,1,1,0,0,0
21:41:03.220,1,0,0,0,0
21:41:04.134,1,0,0,0,0
21:41:04.134,1,1,0,0,0
21:41:04.186,1,1,0,0,0
21:41:04.186,0,1,0,0,0
21:41:05.036,0,1,0,0,0
21:41:05.036,0,0,0,0,0
21:41:05.941,0,0,0,0,0
21:41:05.941,0,1,0,0,0
21:41:06.192,0,1,0,0,0
21:41:06.192,1,1,0,0,0
21:41:06.844,1,1,0,0,0
21:41:06.844,1,0,0,0,0
21:41:07.459,1,1,0,0,0
21:41:07.459,1,0,0,0,0
21:41:07.863,1,0,0,0,0
21:41:07.863,0,0,0,0,0
21:41:16.462,0,1,0,0,0
21:41:16.462,0,0,0,0,0
21:41:22.090,0,1,0,0,0
21:41:22.090,0,0,0,0,0
21:41:22.730,1,0,0,0,0
21:41:22.730,0,0,0,0,0
21:41:24.570,0,0,0,0,0
21:41:24.570,1,0,0,0,0
21:41:26.571,1,0,0,0,0
21:41:26.571,0,0,0,0,0
21:41:28.576,0,0,0,0,0
21:41:28.576,1,0,0,0,0
21:41:30.577,1,0,0,0,0
21:41:30.577,0,0,0,0,0
21:42:29.379,1,0,0,0,0
21:42:29.379,0,0,0,0,0
21:42:29.420,1,0,0,0,0
21:42:29.420,0,0,0,0,0
21:44:11.798,0,0,0,0,0
21:44:11.798,1,0,0,0,0
21:44:13.812,1,0,0,0,0
21:44:13.812,0,0,0,0,0
21:44:15.813,0,0,0,0,0
21:44:15.813,1,0,0,0,0
21:44:17.813,1,0,0,0,0
21:44:17.813,0,0,0,0,0
21:44:19.828,0,0,0,0,0
21:44:19.828,1,0,0,0,0
21:44:21.827,1,0,0,0,0
21:44:21.827,0,0,0,0,0
21:44:23.828,0,0,0,0,0
21:44:23.828,1,0,0,0,0
21:44:25.833,1,0,0,0,0
21:44:25.833,0,0,0,0,0
21:44:27.836,0,0,0,0,0
21:44:27.836,1,0,0,0,0
21:44:29.838,1,0,0,0,0
21:44:29.838,0,0,0,0,0
21:44:31.847,0,0,0,0,0
21:44:31.847,1,0,0,0,0
21:44:33.855,1,0,0,0,0
21:44:33.855,0,0,0,0,0
21:44:35.864,0,0,0,0,0
21:44:35.864,1,0,0,0,0
21:44:37.876,1,0,0,0,0
21:44:37.876,0,0,0,0,0
21:44:39.876,0,0,0,0,0
21:44:39.876,1,0,0,0,0
21:44:41.891,1,0,0,0,0
21:44:41.891,0,0,0,0,0
21:44:43.891,0,0,0,0,0
21:44:43.891,1,0,0,0,0
21:44:45.907,1,0,0,0,0
21:44:45.907,0,0,0,0,0
21:44:47.915,0,0,0,0,0
21:44:47.915,1,0,0,0,0
21:44:49.939,1,0,0,0,0
21:44:49.939,0,0,0,0,0
21:44:51.946,0,0,0,0,0
21:44:51.946,1,0,0,0,0
21:44:53.954,1,0,0,0,0
21:44:53.954,0,0,0,0,0
21:44:55.957,0,0,0,0,0
21:44:55.957,1,0,0,0,0
21:44:57.957,1,0,0,0,0
21:44:57.957,0,0,0,0,0
21:44:59.970,0,0,0,0,0
21:44:59.970,1,0,0,0,0
21:45:01.972,1,0,0,0,0
21:45:01.972,0,0,0,0,0
21:45:03.981,0,0,0,0,0
21:45:03.981,1,0,0,0,0
21:45:05.988,1,0,0,0,0
21:45:05.988,0,0,0,0,0
21:45:07.999,0,0,0,0,0
21:45:07.999,1,0,0,0,0
21:45:09.999,1,0,0,0,0
21:45:09.999,0,0,0,0,0
21:45:12.003,0,0,0,0,0
21:45:12.003,1,0,0,0,0
21:45:14.009,1,0,0,0,0
21:45:14.009,0,0,0,0,0
21:45:16.021,0,0,0,0,0
21:45:16.021,1,0,0,0,0
21:45:18.021,1,0,0,0,0
21:45:18.021,0,0,0,0,0
21:45:20.021,0,0,0,0,0
21:45:20.021,1,0,0,0,0
21:45:22.081,1,0,0,0,0
21:45:22.081,0,0,0,0,0
21:45:24.080,0,0,0,0,0
21:45:24.080,1,0,0,0,0
21:45:26.116,1,0,0,0,0
21:45:26.116,0,0,0,0,0
21:45:28.118,0,0,0,0,0
21:45:28.118,1,0,0,0,0
21:45:30.125,1,0,0,0,0
21:45:30.125,0,0,0,0,0
21:45:32.127,0,0,0,0,0
21:45:32.127,1,0,0,0,0
21:45:34.137,1,0,0,0,0
21:45:34.137,0,0,0,0,0
21:45:36.151,0,0,0,0,0
21:45:36.151,1,0,0,0,0
21:45:38.150,1,0,0,0,0
21:45:38.150,0,0,0,0,0
21:45:40.167,0,0,0,0,0
21:45:40.167,1,0,0,0,0
21:45:42.167,1,0,0,0,0
21:45:42.167,0,0,0,0,0
21:45:44.176,0,0,0,0,0
21:45:44.176,1,0,0,0,0
21:45:46.182,1,0,0,0,0
21:45:46.182,0,0,0,0,0
21:45:48.181,0,0,0,0,0
21:45:48.181,1,0,0,0,0
21:45:50.181,1,0,0,0,0
21:45:50.181,0,0,0,0,0
21:45:52.185,0,0,0,0,0
21:45:52.185,1,0,0,0,0
21:45:54.187,1,0,0,0,0
21:45:54.187,0,0,0,0,0
21:45:56.218,0,0,0,0,0
21:45:56.218,1,0,0,0,0
21:45:58.229,1,0,0,0,0
21:45:58.229,0,0,0,0,0
21:46:00.274,0,0,0,0,0
21:46:00.274,1,0,0,0,0
21:46:02.303,1,0,0,0,0
21:46:02.303,0,0,0,0,0
21:46:04.333,0,0,0,0,0
21:46:04.333,1,0,0,0,0
21:46:06.341,1,0,0,0,0
21:46:06.341,0,0,0,0,0
21:46:08.374,0,0,0,0,0
21:46:08.374,1,0,0,0,0
21:46:10.423,1,0,0,0,0
21:46:10.423,0,0,0,0,0
21:46:12.476,0,0,0,0,0
21:46:12.476,1,0,0,0,0
21:46:14.566,1,0,0,0,0
21:46:14.566,0,0,0,0,0
21:46:16.589,0,0,0,0,0
21:46:16.589,1,0,0,0,0
21:46:18.677,1,0,0,0,0
21:46:18.677,0,0,0,0,0
21:46:20.755,0,0,0,0,0
21:46:20.755,1,0,0,0,0
21:46:22.760,1,0,0,0,0
21:46:22.760,0,0,0,0,0
21:46:24.772,0,0,0,0,0
21:46:24.772,1,0,0,0,0
21:46:26.806,1,0,0,0,0
21:46:26.806,0,0,0,0,0
21:46:28.835,0,0,0,0,0
21:46:28.835,1,0,0,0,0
21:46:30.858,1,0,0,0,0
21:46:30.858,0,0,0,0,0
21:46:32.899,0,0,0,0,0
21:46:32.899,1,0,0,0,0
21:46:34.950,1,0,0,0,0
21:46:34.950,0,0,0,0,0
21:46:37.018,0,0,0,0,0
21:46:37.018,1,0,0,0,0
21:46:39.071,1,0,0,0,0
21:46:39.071,0,0,0,0,0
21:46:41.132,0,0,0,0,0
21:46:41.132,1,0,0,0,0
21:46:43.182,1,0,0,0,0
21:46:43.182,0,0,0,0,0
21:46:45.184,0,0,0,0,0
21:46:45.184,1,0,0,0,0
21:46:47.272,1,0,0,0,0
21:46:47.272,0,0,0,0,0
21:46:49.326,0,0,0,0,0
21:46:49.326,1,0,0,0,0
21:46:49.326,1,0,0,0,0
21:46:49.326,1,1,0,0,0
21:46:50.208,1,1,0,0,0
21:46:50.208,1,0,0,0,0
21:46:51.088,1,0,0,0,0
21:46:51.088,1,1,0,0,0
21:46:51.359,1,1,0,0,0
21:46:51.359,0,1,0,0,0
21:46:51.965,0,1,0,0,0
21:46:51.965,0,0,0,0,0
21:46:52.853,0,0,0,0,0
21:46:52.853,0,1,0,0,0
21:46:53.427,0,1,0,0,0
21:46:53.427,1,1,0,0,0
21:46:53.809,1,1,0,0,0
21:46:53.809,1,0,0,0,0
21:46:54.701,1,0,0,0,0
21:46:54.701,1,1,0,0,0
21:46:55.429,1,1,0,0,0
21:46:55.429,0,1,0,0,0
21:46:55.588,0,1,0,0,0
21:46:55.588,0,0,0,0,0
21:46:56.466,0,0,0,0,0
21:46:56.466,0,1,0,0,0
21:46:57.359,0,1,0,0,0
21:46:57.359,0,0,0,0,0
21:46:57.511,0,0,0,0,0
21:46:57.511,1,0,0,0,0
21:46:58.298,1,0,0,0,0
21:46:58.298,1,1,0,0,0
21:46:59.184,1,1,0,0,0
21:46:59.184,1,0,0,0,0
21:46:59.525,1,0,0,0,0
21:46:59.525,0,0,0,0,0
21:47:00.071,0,0,0,0,0
21:47:00.071,0,1,0,0,0
21:47:00.948,0,1,0,0,0
21:47:00.948,0,0,0,0,0
21:47:01.592,0,0,0,0,0
21:47:01.592,1,0,0,0,0
21:47:01.852,1,0,0,0,0
21:47:01.852,1,1,0,0,0
21:47:02.821,1,1,0,0,0
21:47:02.821,1,0,0,0,0
21:47:03.631,1,0,0,0,0
21:47:03.631,0,0,0,0,0
21:47:03.710,0,0,0,0,0
21:47:03.710,0,1,0,0,0
21:47:04.596,0,1,0,0,0
21:47:04.596,0,0,0,0,0
21:47:05.486,0,0,0,0,0
21:47:05.486,0,1,0,0,0
21:47:05.713,0,1,0,0,0
21:47:05.713,1,1,0,0,0
21:47:06.390,1,1,0,0,0
21:47:06.390,1,0,0,0,0
21:47:07.338,1,0,0,0,0
21:47:07.338,1,1,0,0,0
21:47:07.714,1,1,0,0,0
21:47:07.714,0,1,0,0,0
21:47:08.226,0,1,0,0,0
21:47:08.226,0,0,0,0,0
21:47:09.111,0,0,0,0,0
21:47:09.111,0,1,0,0,0
21:47:09.746,0,1,0,0,0
21:47:09.746,1,1,0,0,0
21:47:09.998,1,1,0,0,0
21:47:09.998,1,0,0,0,0
21:47:10.909,1,0,0,0,0
21:47:10.909,1,1,0,0,0
21:47:11.839,1,1,0,0,0
21:47:11.839,0,1,0,0,0
21:47:11.839,0,1,0,0,0
21:47:11.839,0,0,0,0,0
21:47:12.726,0,0,0,0,0
21:47:12.726,0,1,0,0,0
21:47:13.609,0,1,0,0,0
21:47:13.609,0,0,0,0,0
21:47:13.893,0,0,0,0,0
21:47:13.893,1,0,0,0,0
21:47:14.495,1,0,0,0,0
21:47:14.495,1,1,0,0,0
21:47:15.381,1,1,0,0,0
21:47:15.381,1,0,0,0,0
21:47:15.919,1,0,0,0,0
21:47:15.919,0,0,0,0,0
21:47:16.357,0,0,0,0,0
21:47:16.357,0,1,0,0,0
21:47:17.247,0,1,0,0,0
21:47:17.247,0,0,0,0,0
21:47:17.983,0,0,0,0,0
21:47:17.983,1,0,0,0,0
21:47:18.135,1,0,0,0,0
21:47:18.135,1,1,0,0,0
21:47:19.020,1,1,0,0,0
21:47:19.020,1,0,0,0,0
21:47:19.908,1,0,0,0,0
21:47:19.908,1,1,0,0,0
21:47:20.049,1,1,0,0,0
21:47:20.049,0,1,0,0,0
21:47:20.850,0,1,0,0,0
21:47:20.850,0,0,0,0,0
21:47:21.731,0,0,0,0,0
21:47:21.731,0,1,0,0,0
21:47:22.110,0,1,0,0,0
21:47:22.110,1,1,0,0,0
21:47:22.607,1,1,0,0,0
21:47:22.607,1,0,0,0,0
21:47:23.494,1,0,0,0,0
21:47:23.494,1,1,0,0,0
21:47:24.176,1,1,0,0,0
21:47:24.176,0,1,0,0,0
21:47:24.382,0,1,0,0,0
21:47:24.382,0,0,0,0,0
21:47:25.266,0,0,0,0,0
21:47:25.266,0,1,0,0,0
21:47:26.222,0,1,0,0,0
21:47:26.222,0,0,0,0,0
21:47:26.222,0,0,0,0,0
21:47:26.222,1,0,0,0,0
21:47:27.105,1,0,0,0,0
21:47:27.105,1,1,0,0,0
21:47:27.991,1,1,0,0,0
21:47:27.991,1,0,0,0,0
21:47:28.229,1,0,0,0,0
21:47:28.229,0,0,0,0,0
21:47:28.866,0,0,0,0,0
21:47:28.866,0,1,0,0,0
21:47:29.864,0,1,0,0,0
21:47:29.864,0,0,0,0,0
21:47:30.264,0,0,0,0,0
21:47:30.264,1,0,0,0,0
21:47:30.749,1,0,0,0,0
21:47:30.749,1,1,0,0,0
21:47:31.634,1,1,0,0,0
21:47:31.634,1,0,0,0,0
21:47:32.297,1,0,0,0,0
21:47:32.297,0,0,0,0,0
21:47:32.515,0,0,0,0,0
21:47:32.515,0,1,0,0,0
21:47:33.406,0,1,0,0,0
21:47:33.406,0,0,0,0,0
21:47:34.326,0,0,0,0,0
21:47:34.326,0,1,0,0,0
21:47:34.326,0,1,0,0,0
21:47:34.326,1,1,0,0,0
21:47:35.207,1,1,0,0,0
21:47:35.207,1,0,0,0,0
21:47:36.089,1,0,0,0,0
21:47:36.089,1,1,0,0,0
21:47:36.415,1,1,0,0,0
21:47:36.415,0,1,0,0,0
21:47:36.978,0,1,0,0,0
21:47:36.978,0,0,0,0,0
21:47:37.863,0,0,0,0,0
21:47:37.863,0,1,0,0,0
21:47:38.472,0,1,0,0,0
21:47:38.472,1,1,0,0,0
21:47:38.864,1,1,0,0,0
21:47:38.864,1,0,0,0,0
21:47:39.749,1,0,0,0,0
21:47:39.749,1,1,0,0,0
21:47:40.532,1,1,0,0,0
21:47:40.532,0,1,0,0,0
21:47:40.635,0,1,0,0,0
21:47:40.635,0,0,0,0,0
21:47:41.523,0,0,0,0,0
21:47:41.523,0,1,0,0,0
21:47:42.423,0,1,0,0,0
21:47:42.423,0,0,0,0,0
21:47:42.568,0,0,0,0,0
21:47:42.568,1,0,0,0,0
21:47:43.375,1,0,0,0,0
21:47:43.375,1,1,0,0,0
21:47:44.259,1,1,0,0,0
21:47:44.259,1,0,0,0,0
21:47:44.593,1,0,0,0,0
21:47:44.593,0,0,0,0,0
21:47:45.147,0,0,0,0,0
21:47:45.147,0,1,0,0,0
21:47:46.024,0,1,0,0,0
21:47:46.024,0,0,0,0,0
21:47:46.636,0,0,0,0,0
21:47:46.636,1,0,0,0,0
21:47:46.912,1,0,0,0,0
21:47:46.912,1,1,0,0,0
21:47:47.877,1,1,0,0,0
21:47:47.877,1,0,0,0,0
21:47:48.660,1,0,0,0,0
21:47:48.660,0,0,0,0,0
21:47:48.766,0,0,0,0,0
21:47:48.766,0,1,0,0,0
21:47:49.655,0,1,0,0,0
21:47:49.655,0,0,0,0,0
21:47:50.533,0,0,0,0,0
21:47:50.533,0,1,0,0,0
21:47:50.749,0,1,0,0,0
21:47:50.749,1,1,0,0,0
21:47:51.429,1,1,0,0,0
21:47:51.429,1,0,0,0,0
21:47:52.400,1,0,0,0,0
21:47:52.400,1,1,0,0,0
21:47:52.785,1,1,0,0,0
21:47:52.785,0,1,0,0,0
21:47:53.276,0,1,0,0,0
21:47:53.276,0,0,0,0,0
21:47:54.163,0,0,0,0,0
21:47:54.163,0,1,0,0,0
21:47:54.883,0,1,0,0,0
21:47:54.883,1,1,0,0,0
21:47:55.051,1,1,0,0,0
21:47:55.051,1,0,0,0,0
21:47:55.956,1,0,0,0,0
21:47:55.956,1,1,0,0,0
21:47:56.906,1,1,0,0,0
21:47:56.906,1,0,0,0,0
21:47:56.906,1,0,0,0,0
21:47:56.906,0,0,0,0,0
21:47:57.783,0,0,0,0,0
21:47:57.783,0,1,0,0,0
21:47:58.669,0,1,0,0,0
21:47:58.669,0,0,0,0,0
21:47:58.943,0,0,0,0,0
21:47:58.943,1,0,0,0,0
21:47:59.552,1,0,0,0,0
21:47:59.552,1,1,0,0,0
21:48:00.439,1,1,0,0,0
21:48:00.439,1,0,0,0,0
21:48:00.976,1,0,0,0,0
21:48:00.976,0,0,0,0,0
21:48:01.414,0,0,0,0,0
21:48:01.414,0,1,0,0,0
21:48:02.294,0,1,0,0,0
21:48:02.294,0,0,0,0,0
21:48:03.050,0,0,0,0,0
21:48:03.050,1,0,0,0,0
21:48:03.178,1,0,0,0,0
21:48:03.178,1,1,0,0,0
21:48:04.064,1,1,0,0,0
21:48:04.064,1,0,0,0,0
21:48:04.964,1,0,0,0,0
21:48:04.964,1,1,0,0,0
21:48:05.086,1,1,0,0,0
21:48:05.086,0,1,0,0,0
21:48:05.928,0,1,0,0,0
21:48:05.928,0,0,0,0,0
21:48:06.808,0,0,0,0,0
21:48:06.808,0,1,0,0,0
21:48:07.137,0,1,0,0,0
21:48:07.137,1,1,0,0,0
21:48:07.692,1,1,0,0,0
21:48:07.692,1,0,0,0,0
21:48:08.579,1,0,0,0,0
21:48:08.579,1,1,0,0,0
21:48:09.223,1,1,0,0,0
21:48:09.223,0,1,0,0,0
21:48:09.482,0,1,0,0,0
21:48:09.482,0,0,0,0,0
21:48:10.384,0,0,0,0,0
21:48:10.384,0,1,0,0,0
21:48:11.230,0,1,0,0,0
21:48:11.230,1,1,0,0,0
21:48:11.262,1,1,0,0,0
21:48:11.262,1,0,0,0,0
21:48:12.150,1,0,0,0,0
21:48:12.150,1,1,0,0,0
21:48:13.036,1,1,0,0,0
21:48:13.036,1,0,0,0,0
21:48:13.258,1,0,0,0,0
21:48:13.258,0,0,0,0,0
21:48:13.935,0,0,0,0,0
21:48:13.935,0,1,0,0,0
21:48:14.863,0,1,0,0,0
21:48:14.863,0,0,0,0,0
21:48:15.286,0,0,0,0,0
21:48:15.286,1,0,0,0,0
21:48:15.746,1,0,0,0,0
21:48:15.746,1,1,0,0,0
21:48:16.635,1,1,0,0,0
21:48:16.635,1,0,0,0,0
21:48:17.342,1,0,0,0,0
21:48:17.342,0,0,0,0,0
21:48:17.516,0,0,0,0,0
21:48:17.516,0,1,0,0,0
21:48:18.431,0,1,0,0,0
21:48:18.431,0,0,0,0,0
21:48:19.344,0,0,0,0,0
21:48:19.344,0,1,0,0,0
21:48:19.344,0,1,0,0,0
21:48:19.344,1,1,0,0,0
21:48:20.232,1,1,0,0,0
21:48:20.232,1,0,0,0,0
21:48:21.117,1,0,0,0,0
21:48:21.117,1,1,0,0,0
21:48:21.383,1,1,0,0,0
21:48:21.383,0,1,0,0,0
21:48:21.991,0,1,0,0,0
21:48:21.991,0,0,0,0,0
21:48:22.895,0,0,0,0,0
21:48:22.895,0,1,0,0,0
21:48:23.417,0,1,0,0,0
21:48:23.417,1,1,0,0,0
21:48:23.791,1,1,0,0,0
21:48:23.791,1,0,0,0,0
21:48:24.678,1,0,0,0,0
21:48:24.678,1,1,0,0,0
21:48:25.424,1,1,0,0,0
21:48:25.424,0,1,0,0,0
21:48:25.552,0,1,0,0,0
21:48:25.552,0,0,0,0,0
21:48:26.450,0,0,0,0,0
21:48:26.450,0,1,0,0,0
21:48:27.324,0,1,0,0,0
21:48:27.324,0,0,0,0,0
21:48:27.434,0,0,0,0,0
21:48:27.434,1,0,0,0,0
21:48:28.213,1,0,0,0,0
21:48:28.213,1,1,0,0,0
21:48:29.092,1,1,0,0,0
21:48:29.092,1,0,0,0,0
21:48:29.449,1,0,0,0,0
21:48:29.449,0,0,0,0,0
21:48:29.979,0,0,0,0,0
21:48:29.979,0,1,0,0,0
21:48:30.866,0,1,0,0,0
21:48:30.866,0,0,0,0,0
21:48:31.452,0,0,0,0,0
21:48:31.452,1,0,0,0,0
21:48:31.743,1,0,0,0,0
21:48:31.743,1,1,0,0,0
21:48:32.626,1,1,0,0,0
21:48:32.626,1,0,0,0,0
21:48:33.456,1,0,0,0,0
21:48:33.456,0,0,0,0,0
21:48:33.514,0,0,0,0,0
21:48:33.514,0,1,0,0,0
21:48:34.400,0,1,0,0,0
21:48:34.400,0,0,0,0,0
21:48:35.282,0,0,0,0,0
21:48:35.282,0,1,0,0,0
21:48:35.471,0,1,0,0,0
21:48:35.471,1,1,0,0,0
21:48:36.163,1,1,0,0,0
21:48:36.163,1,0,0,0,0
21:48:37.037,1,0,0,0,0
21:48:37.037,1,1,0,0,0
21:48:37.482,1,1,0,0,0
21:48:37.482,0,1,0,0,0
21:48:37.926,0,1,0,0,0
21:48:37.926,0,0,0,0,0
21:48:38.800,0,0,0,0,0
21:48:38.800,0,1,0,0,0
21:48:39.494,0,1,0,0,0
21:48:39.494,1,1,0,0,0
21:48:39.700,1,1,0,0,0
21:48:39.700,1,0,0,0,0
21:48:40.586,1,0,0,0,0
21:48:40.586,1,1,0,0,0
21:48:41.467,1,1,0,0,0
21:48:41.467,1,0,0,0,0
21:48:41.502,1,0,0,0,0
21:48:41.502,0,0,0,0,0
21:48:42.344,0,0,0,0,0
21:48:42.344,0,1,0,0,0
21:48:43.218,0,1,0,0,0
21:48:43.218,0,0,0,0,0
21:48:43.507,0,0,0,0,0
21:48:43.507,1,0,0,0,0
21:48:44.099,1,0,0,0,0
21:48:44.099,1,1,0,0,0
21:48:44.994,1,1,0,0,0
21:48:44.994,1,0,0,0,0
21:48:45.510,1,0,0,0,0
21:48:45.510,0,0,0,0,0
21:48:45.876,0,0,0,0,0
21:48:45.876,0,1,0,0,0
21:48:45.938,0,1,0,0,0
21:48:45.938,0,0,0,0,0
21:48:45.989,0,0,0,0,0
21:48:45.989,0,1,0,0,0
21:48:46.052,0,1,0,0,0
21:48:46.052,0,0,0,0,0
21:48:46.147,0,0,0,0,0
21:48:46.147,0,1,0,0,0
21:48:46.242,0,1,0,0,0
21:48:46.242,0,0,0,0,0
21:48:46.665,0,0,0,0,0
21:48:46.665,0,1,0,0,0
21:48:47.509,0,1,0,0,0
21:48:47.509,1,1,0,0,0
21:48:47.573,1,1,0,0,0
21:48:47.573,1,0,0,0,0
21:48:48.488,1,0,0,0,0
21:48:48.488,1,1,0,0,0
21:48:49.392,1,1,0,0,0
21:48:49.392,1,0,0,0,0
21:48:49.520,1,0,0,0,0
21:48:49.520,0,0,0,0,0
21:48:50.321,0,0,0,0,0
21:48:50.321,0,1,0,0,0
21:48:51.228,0,1,0,0,0
21:48:51.228,0,0,0,0,0
21:48:51.547,0,0,0,0,0
21:48:51.547,1,0,0,0,0
21:48:52.132,1,0,0,0,0
21:48:52.132,1,1,0,0,0
21:48:53.035,1,1,0,0,0
21:48:53.035,1,0,0,0,0
21:48:53.600,1,0,0,0,0
21:48:53.600,0,0,0,0,0
21:48:53.937,0,0,0,0,0
21:48:53.937,0,1,0,0,0
21:48:54.838,0,1,0,0,0
21:48:54.838,0,0,0,0,0
21:48:55.624,0,0,0,0,0
21:48:55.624,1,0,0,0,0
21:48:55.743,1,0,0,0,0
21:48:55.743,1,1,0,0,0
21:48:56.649,1,1,0,0,0
21:48:56.649,1,0,0,0,0
21:48:57.558,1,0,0,0,0
21:48:57.558,1,1,0,0,0
21:48:57.662,1,1,0,0,0
21:48:57.662,0,1,0,0,0
21:48:58.495,0,1,0,0,0
21:48:58.495,0,0,0,0,0
21:48:59.413,0,0,0,0,0
21:48:59.413,0,1,0,0,0
21:48:59.669,0,1,0,0,0
21:48:59.669,1,1,0,0,0
21:49:00.316,1,1,0,0,0
21:49:00.316,1,0,0,0,0
21:49:01.229,1,0,0,0,0
21:49:01.229,1,1,0,0,0
21:49:01.679,1,1,0,0,0
21:49:01.679,0,1,0,0,0
21:49:02.132,0,1,0,0,0
21:49:02.132,0,0,0,0,0
21:49:03.038,0,0,0,0,0
21:49:03.038,0,1,0,0,0
21:49:03.691,0,1,0,0,0
21:49:03.691,1,1,0,0,0
21:49:03.944,1,1,0,0,0
21:49:03.944,1,0,0,0,0
21:49:04.852,1,0,0,0,0
21:49:04.852,1,1,0,0,0
21:49:05.696,1,1,0,0,0
21:49:05.696,0,1,0,0,0
21:49:05.760,0,1,0,0,0
21:49:05.760,0,0,0,0,0
21:49:06.692,0,0,0,0,0
21:49:06.692,0,1,0,0,0
21:49:07.593,0,1,0,0,0
21:49:07.593,0,0,0,0,0
21:49:07.707,0,0,0,0,0
21:49:07.707,1,0,0,0,0
21:49:08.501,1,0,0,0,0
21:49:08.501,1,1,0,0,0
21:49:09.401,1,1,0,0,0
21:49:09.401,1,0,0,0,0
21:49:09.717,1,0,0,0,0
21:49:09.717,0,0,0,0,0
21:49:10.306,0,0,0,0,0
21:49:10.306,0,1,0,0,0
21:49:11.210,0,1,0,0,0
21:49:11.210,0,0,0,0,0
21:49:11.725,0,0,0,0,0
21:49:11.725,1,0,0,0,0
21:49:12.115,1,0,0,0,0
21:49:12.115,1,1,0,0,0
21:49:13.017,1,1,0,0,0
21:49:13.017,1,0,0,0,0
21:49:13.726,1,0,0,0,0
21:49:13.726,0,0,0,0,0
21:49:13.933,0,0,0,0,0
21:49:13.933,0,1,0,0,0
21:49:14.856,0,1,0,0,0
21:49:14.856,0,0,0,0,0
21:49:15.738,0,0,0,0,0
21:49:15.738,1,0,0,0,0
21:49:15.769,1,0,0,0,0
21:49:15.769,1,1,0,0,0
21:49:16.679,1,1,0,0,0
21:49:16.679,1,0,0,0,0
21:49:17.591,1,0,0,0,0
21:49:17.591,1,1,0,0,0
21:49:17.750,1,1,0,0,0
21:49:17.750,0,1,0,0,0
21:49:18.527,0,1,0,0,0
21:49:18.527,0,0,0,0,0
21:49:19.429,0,0,0,0,0
21:49:19.429,0,1,0,0,0
21:49:19.767,0,1,0,0,0
21:49:19.767,1,1,0,0,0
21:49:20.330,1,1,0,0,0
21:49:20.330,1,0,0,0,0
21:49:21.243,1,0,0,0,0
21:49:21.243,1,1,0,0,0
21:49:21.776,1,1,0,0,0
21:49:21.776,0,1,0,0,0
21:49:22.148,0,1,0,0,0
21:49:22.148,0,0,0,0,0
21:49:23.068,0,0,0,0,0
21:49:23.068,0,1,0,0,0
21:49:23.794,0,1,0,0,0
21:49:23.794,1,1,0,0,0
21:49:23.984,1,1,0,0,0
21:49:23.984,1,0,0,0,0
21:49:24.887,1,0,0,0,0
21:49:24.887,1,1,0,0,0
21:49:25.788,1,1,0,0,0
21:49:25.788,1,0,0,0,0
21:49:25.804,1,0,0,0,0
21:49:25.804,0,0,0,0,0
21:49:26.692,0,0,0,0,0
21:49:26.692,0,1,0,0,0
21:49:27.608,0,1,0,0,0
21:49:27.608,0,0,0,0,0
21:49:27.813,0,0,0,0,0
21:49:27.813,1,0,0,0,0
21:49:28.510,1,0,0,0,0
21:49:28.510,1,1,0,0,0
21:49:29.410,1,1,0,0,0
21:49:29.410,1,0,0,0,0
21:49:29.823,1,0,0,0,0
21:49:29.823,0,0,0,0,0
21:49:30.316,0,0,0,0,0
21:49:30.316,0,1,0,0,0
21:49:31.228,0,1,0,0,0
21:49:31.228,0,0,0,0,0
21:49:31.836,0,0,0,0,0
21:49:31.836,1,0,0,0,0
21:49:32.148,1,0,0,0,0
21:49:32.148,1,1,0,0,0
21:49:33.048,1,1,0,0,0
21:49:33.048,1,0,0,0,0
21:49:33.839,1,0,0,0,0
21:49:33.839,0,0,0,0,0
21:49:33.950,0,0,0,0,0
21:49:33.950,0,1,0,0,0
21:49:34.854,0,1,0,0,0
21:49:34.854,0,0,0,0,0
21:49:35.757,0,0,0,0,0
21:49:35.757,0,1,0,0,0
21:49:35.853,0,1,0,0,0
21:49:35.853,1,1,0,0,0
21:49:36.662,1,1,0,0,0
21:49:36.662,1,0,0,0,0
21:49:37.578,1,0,0,0,0
21:49:37.578,1,1,0,0,0
21:49:37.861,1,1,0,0,0
21:49:37.861,0,1,0,0,0
21:49:38.479,0,1,0,0,0
21:49:38.479,0,0,0,0,0
21:49:39.383,0,0,0,0,0
21:49:39.383,0,1,0,0,0
21:49:39.875,0,1,0,0,0
21:49:39.875,1,1,0,0,0
21:49:40.288,1,1,0,0,0
21:49:40.288,1,0,0,0,0
21:49:41.192,1,0,0,0,0
21:49:41.192,1,1,0,0,0
21:49:41.883,1,1,0,0,0
21:49:41.883,0,1,0,0,0
21:49:42.106,0,1,0,0,0
21:49:42.106,0,0,0,0,0
21:49:43.020,0,0,0,0,0
21:49:43.020,0,1,0,0,0
21:49:43.892,0,1,0,0,0
21:49:43.892,1,1,0,0,0
21:49:43.933,1,1,0,0,0
21:49:43.933,1,0,0,0,0
21:49:44.843,1,0,0,0,0
21:49:44.843,1,1,0,0,0
21:49:45.746,1,1,0,0,0
21:49:45.746,1,0,0,0,0
21:49:45.894,1,0,0,0,0
21:49:45.894,0,0,0,0,0
21:49:46.647,0,0,0,0,0
21:49:46.647,0,1,0,0,0
21:49:47.553,0,1,0,0,0
21:49:47.553,0,0,0,0,0
21:49:47.904,0,0,0,0,0
21:49:47.904,1,0,0,0,0
21:49:48.458,1,0,0,0,0
21:49:48.458,1,1,0,0,0
21:49:49.359,1,1,0,0,0
21:49:49.359,1,0,0,0,0
21:49:49.914,1,0,0,0,0
21:49:49.914,0,0,0,0,0
21:49:50.261,0,0,0,0,0
21:49:50.261,0,1,0,0,0
21:49:51.176,0,1,0,0,0
21:49:51.176,0,0,0,0,0
21:49:51.914,0,0,0,0,0
21:49:51.914,1,0,0,0,0
21:49:52.088,1,0,0,0,0
21:49:52.088,1,1,0,0,0
21:49:52.146,1,1,0,0,0
21:49:52.146,1,0,0,0,0
21:49:52.196,1,0,0,0,0
21:49:52.196,1,1,0,0,0
21:49:52.259,1,1,0,0,0
21:49:52.259,1,0,0,0,0
21:49:52.355,1,0,0,0,0
21:49:52.355,1,1,0,0,0
21:49:52.471,1,1,0,0,0
21:49:52.471,1,0,0,0,0
21:49:52.940,1,0,0,0,0
21:49:52.940,1,1,0,0,0
21:49:53.813,1,1,0,0,0
21:49:53.813,1,0,0,0,0
21:49:53.924,1,0,0,0,0
21:49:53.924,0,0,0,0,0
21:49:54.672,0,0,0,0,0
21:49:54.672,0,1,0,0,0
21:49:55.545,0,1,0,0,0
21:49:55.545,0,0,0,0,0
21:49:55.927,0,0,0,0,0
21:49:55.927,1,0,0,0,0
21:49:56.407,1,0,0,0,0
21:49:56.407,1,1,0,0,0
21:49:57.273,1,1,0,0,0
21:49:57.273,1,0,0,0,0
21:49:57.936,1,0,0,0,0
21:49:57.936,0,0,0,0,0
21:49:58.143,0,0,0,0,0
21:49:58.143,0,1,0,0,0
21:49:59.015,0,1,0,0,0
21:49:59.015,0,0,0,0,0
21:49:59.887,0,0,0,0,0
21:49:59.887,0,1,0,0,0
21:49:59.935,0,1,0,0,0
21:49:59.935,1,1,0,0,0
21:50:00.757,1,1,0,0,0
21:50:00.757,1,0,0,0,0
21:50:01.621,1,0,0,0,0
21:50:01.621,1,1,0,0,0
21:50:01.945,1,1,0,0,0
21:50:01.945,0,1,0,0,0
21:50:02.495,0,1,0,0,0
21:50:02.495,0,0,0,0,0
21:50:03.356,0,0,0,0,0
21:50:03.356,0,1,0,0,0
21:50:03.947,0,1,0,0,0
21:50:03.947,1,1,0,0,0
21:50:04.230,1,1,0,0,0
21:50:04.230,1,0,0,0,0
21:50:05.105,1,0,0,0,0
21:50:05.105,1,1,0,0,0
21:50:05.944,1,1,0,0,0
21:50:05.944,0,1,0,0,0
21:50:05.995,0,1,0,0,0
21:50:05.995,0,0,0,0,0
21:50:06.856,0,0,0,0,0
21:50:06.856,0,1,0,0,0
21:50:07.717,0,1,0,0,0
21:50:07.717,0,0,0,0,0
21:50:07.955,0,0,0,0,0
21:50:07.955,1,0,0,0,0
21:50:08.587,1,0,0,0,0
21:50:08.587,1,1,0,0,0
21:50:09.458,1,1,0,0,0
21:50:09.458,1,0,0,0,0
21:50:09.963,1,0,0,0,0
21:50:09.963,0,0,0,0,0
21:50:10.327,0,0,0,0,0
21:50:10.327,0,1,0,0,0
21:50:11.192,0,1,0,0,0
21:50:11.192,0,0,0,0,0
21:50:11.976,0,0,0,0,0
21:50:11.976,1,0,0,0,0
21:50:12.056,1,0,0,0,0
21:50:12.056,1,1,0,0,0
21:50:12.916,1,1,0,0,0
21:50:12.916,1,0,0,0,0
21:50:13.782,1,0,0,0,0
21:50:13.782,1,1,0,0,0
21:50:13.982,1,1,0,0,0
21:50:13.982,0,1,0,0,0
21:50:14.650,0,1,0,0,0
21:50:14.650,0,0,0,0,0
21:50:15.519,0,0,0,0,0
21:50:15.519,0,1,0,0,0
21:50:15.993,0,1,0,0,0
21:50:15.993,1,1,0,0,0
21:50:16.381,1,1,0,0,0
21:50:16.381,1,0,0,0,0
21:50:17.256,1,0,0,0,0
21:50:17.256,1,1,0,0,0
21:50:18.004,1,1,0,0,0
21:50:18.004,0,1,0,0,0
21:50:18.128,0,1,0,0,0
21:50:18.128,0,0,0,0,0
21:50:18.998,0,0,0,0,0
21:50:18.998,0,1,0,0,0
21:50:19.869,0,1,0,0,0
21:50:19.869,0,0,0,0,0
21:50:20.011,0,0,0,0,0
21:50:20.011,1,0,0,0,0
21:50:20.759,1,0,0,0,0
21:50:20.759,1,1,0,0,0
21:50:21.620,1,1,0,0,0
21:50:21.620,1,0,0,0,0
21:50:22.025,1,0,0,0,0
21:50:22.025,0,0,0,0,0
21:50:22.496,0,0,0,0,0
21:50:22.496,0,1,0,0,0
21:50:23.367,0,1,0,0,0
21:50:23.367,0,0,0,0,0
21:50:24.032,0,0,0,0,0
21:50:24.032,1,0,0,0,0
21:50:24.238,1,0,0,0,0
21:50:24.238,1,1,0,0,0
21:50:25.105,1,1,0,0,0
21:50:25.105,1,0,0,0,0
21:50:25.966,1,0,0,0,0
21:50:25.966,1,1,0,0,0
21:50:26.060,1,1,0,0,0
21:50:26.060,0,1,0,0,0
21:50:26.874,0,1,0,0,0
21:50:26.874,0,0,0,0,0
21:50:27.748,0,0,0,0,0
21:50:27.748,0,1,0,0,0
21:50:28.102,0,1,0,0,0
21:50:28.102,1,1,0,0,0
21:50:28.617,1,1,0,0,0
21:50:28.617,1,0,0,0,0
21:50:29.491,1,0,0,0,0
21:50:29.491,1,1,0,0,0
21:50:30.152,1,1,0,0,0
21:50:30.152,0,1,0,0,0
21:50:30.364,0,1,0,0,0
21:50:30.364,0,0,0,0,0
21:50:31.238,0,0,0,0,0
21:50:31.238,0,1,0,0,0
21:50:32.103,0,1,0,0,0
21:50:32.103,0,0,0,0,0
21:50:32.189,0,0,0,0,0
21:50:32.189,1,0,0,0,0
21:50:32.988,1,0,0,0,0
21:50:32.988,1,1,0,0,0
21:50:33.859,1,1,0,0,0
21:50:33.859,1,0,0,0,0
21:50:34.230,1,0,0,0,0
21:50:34.230,0,0,0,0,0
21:50:34.729,0,0,0,0,0
21:50:34.729,0,1,0,0,0
21:50:35.600,0,1,0,0,0
21:50:35.600,0,0,0,0,0
21:50:36.237,0,0,0,0,0
21:50:36.237,1,0,0,0,0
21:50:36.474,1,0,0,0,0
21:50:36.474,1,1,0,0,0
21:50:37.334,1,1,0,0,0
21:50:37.334,1,0,0,0,0
21:50:38.199,1,0,0,0,0
21:50:38.199,1,1,0,0,0
21:50:38.245,1,1,0,0,0
21:50:38.245,0,1,0,0,0
21:50:39.065,0,1,0,0,0
21:50:39.065,0,0,0,0,0
21:50:39.934,0,0,0,0,0
21:50:39.934,0,1,0,0,0
21:50:40.251,0,1,0,0,0
21:50:40.251,1,1,0,0,0
21:50:40.797,1,1,0,0,0
21:50:40.797,1,0,0,0,0
21:50:41.666,1,0,0,0,0
21:50:41.666,1,1,0,0,0
21:50:42.255,1,1,0,0,0
21:50:42.255,0,1,0,0,0
21:50:42.539,0,1,0,0,0
21:50:42.539,0,0,0,0,0
21:50:43.412,0,0,0,0,0
21:50:43.412,0,1,0,0,0
21:50:44.269,0,1,0,0,0
21:50:44.269,1,1,0,0,0
21:50:44.284,1,1,0,0,0
21:50:44.284,1,0,0,0,0
21:50:45.151,1,0,0,0,0
21:50:45.151,1,1,0,0,0
21:50:46.024,1,1,0,0,0
21:50:46.024,1,0,0,0,0
21:50:46.270,1,0,0,0,0
21:50:46.270,0,0,0,0,0
21:50:46.917,0,0,0,0,0
21:50:46.917,0,1,0,0,0
21:50:47.793,0,1,0,0,0
21:50:47.793,0,0,0,0,0
21:50:48.284,0,0,0,0,0
21:50:48.284,1,0,0,0,0
21:50:48.666,1,0,0,0,0
21:50:48.666,1,1,0,0,0
21:50:49.534,1,1,0,0,0
21:50:49.534,1,0,0,0,0
21:50:50.298,1,0,0,0,0
21:50:50.298,0,0,0,0,0
21:50:50.410,0,0,0,0,0
21:50:50.410,0,1,0,0,0
21:50:51.285,0,1,0,0,0
21:50:51.285,0,0,0,0,0
21:50:52.149,0,0,0,0,0
21:50:52.149,0,1,0,0,0
21:50:52.303,0,1,0,0,0
21:50:52.303,1,1,0,0,0
21:50:53.017,1,1,0,0,0
21:50:53.017,1,0,0,0,0
21:50:53.883,1,0,0,0,0
21:50:53.883,1,1,0,0,0
21:50:54.310,1,1,0,0,0
21:50:54.310,0,1,0,0,0
21:50:54.755,0,1,0,0,0
21:50:54.755,0,0,0,0,0
21:50:55.622,0,0,0,0,0
21:50:55.622,0,1,0,0,0
21:50:56.315,0,1,0,0,0
21:50:56.315,1,1,0,0,0
21:50:56.493,1,1,0,0,0
21:50:56.493,1,0,0,0,0
21:50:57.350,1,0,0,0,0
21:50:57.350,1,1,0,0,0
21:50:58.209,1,1,0,0,0
21:50:58.209,1,0,0,0,0
21:50:58.346,1,0,0,0,0
21:50:58.346,0,0,0,0,0
21:50:59.077,0,0,0,0,0
21:50:59.077,0,1,0,0,0
21:50:59.966,0,1,0,0,0
21:50:59.966,0,0,0,0,0
21:51:00.379,0,0,0,0,0
21:51:00.379,1,0,0,0,0
21:51:00.837,1,0,0,0,0
21:51:00.837,1,1,0,0,0
21:51:01.701,1,1,0,0,0
21:51:01.701,1,0,0,0,0
21:51:02.417,1,0,0,0,0
21:51:02.417,0,0,0,0,0
21:51:02.571,0,0,0,0,0
21:51:02.571,0,1,0,0,0
21:51:03.442,0,1,0,0,0
21:51:03.442,0,0,0,0,0
21:51:04.312,0,0,0,0,0
21:51:04.312,0,1,0,0,0
21:51:04.423,0,1,0,0,0
21:51:04.423,1,1,0,0,0
21:51:05.184,1,1,0,0,0
21:51:05.184,1,0,0,0,0
21:51:06.042,1,0,0,0,0
21:51:06.042,1,1,0,0,0
21:51:06.428,1,1,0,0,0
21:51:06.428,0,1,0,0,0
21:51:06.910,0,1,0,0,0
21:51:06.910,0,0,0,0,0
21:51:07.773,0,0,0,0,0
21:51:07.773,0,1,0,0,0
21:51:08.438,0,1,0,0,0
21:51:08.438,1,1,0,0,0
21:51:08.645,1,1,0,0,0
21:51:08.645,1,0,0,0,0
21:51:09.518,1,0,0,0,0
21:51:09.518,1,1,0,0,0
21:51:10.388,1,1,0,0,0
21:51:10.388,1,0,0,0,0
21:51:10.451,1,0,0,0,0
21:51:10.451,0,0,0,0,0
21:51:11.260,0,0,0,0,0
21:51:11.260,0,1,0,0,0
21:51:12.133,0,1,0,0,0
21:51:12.133,0,0,0,0,0
21:51:12.460,0,0,0,0,0
21:51:12.460,1,0,0,0,0
21:51:12.999,1,0,0,0,0
21:51:12.999,1,1,0,0,0
21:51:13.878,1,1,0,0,0
21:51:13.878,1,0,0,0,0
21:51:14.331,1,1,0,0,0
21:51:14.331,1,0,0,0,0
21:51:14.342,1,1,0,0,0
21:51:14.342,1,0,0,0,0
21:51:14.468,1,0,0,0,0
21:51:14.468,0,0,0,0,0
21:51:16.474,0,0,0,0,0
21:51:16.474,1,0,0,0,0
21:51:18.484,1,0,0,0,0
21:51:18.484,0,0,0,0,0
21:51:20.492,0,0,0,0,0
21:51:20.492,1,0,0,0,0
21:51:22.507,1,0,0,0,0
21:51:22.507,0,0,0,0,0
21:51:24.341,1,0,0,0,0
21:51:24.341,0,0,0,0,0
21:51:24.406,1,0,0,0,0
21:51:24.406,0,0,0,0,0
21:51:41.226,0,0,0,0,0
21:51:41.226,0,1,0,0,0
21:51:42.088,0,1,0,0,0
21:51:42.088,0,0,0,0,0
21:51:42.963,0,0,0,0,0
21:51:42.963,0,1,0,0,0
21:51:43.835,0,1,0,0,0
21:51:43.835,0,0,0,0,0
21:51:44.703,0,0,0,0,0
21:51:44.703,0,1,0,0,0
21:51:45.529,0,1,0,0,0
21:51:45.529,1,1,0,0,0
21:51:45.572,1,1,0,0,0
21:51:45.572,1,0,0,0,0
21:51:46.427,1,0,0,0,0
21:51:46.427,1,1,0,0,0
21:51:47.306,1,1,0,0,0
21:51:47.306,1,0,0,0,0
21:51:47.536,1,0,0,0,0
21:51:47.536,0,0,0,0,0
21:51:48.171,0,0,0,0,0
21:51:48.171,0,1,0,0,0
21:51:49.040,0,1,0,0,0
21:51:49.040,0,0,0,0,0
21:51:49.547,0,0,0,0,0
21:51:49.547,1,0,0,0,0
21:51:49.913,1,0,0,0,0
21:51:49.913,1,1,0,0,0
21:51:50.783,1,1,0,0,0
21:51:50.783,1,0,0,0,0
21:51:51.552,1,0,0,0,0
21:51:51.552,0,0,0,0,0
21:51:51.648,0,0,0,0,0
21:51:51.648,0,1,0,0,0
21:51:52.520,0,1,0,0,0
21:51:52.520,0,0,0,0,0
21:51:53.393,0,0,0,0,0
21:51:53.393,0,1,0,0,0
21:51:53.556,0,1,0,0,0
21:51:53.556,1,1,0,0,0
21:51:54.266,1,1,0,0,0
21:51:54.266,1,0,0,0,0
21:51:55.134,1,0,0,0,0
21:51:55.134,1,1,0,0,0
21:51:55.599,1,1,0,0,0
21:51:55.599,0,1,0,0,0
21:51:56.023,0,1,0,0,0
21:51:56.023,0,0,0,0,0
21:51:56.891,0,0,0,0,0
21:51:56.891,0,1,0,0,0
21:51:57.637,0,1,0,0,0
21:51:57.637,1,1,0,0,0
21:51:57.759,1,1,0,0,0
21:51:57.759,1,0,0,0,0
21:51:58.631,1,0,0,0,0
21:51:58.631,1,1,0,0,0
21:51:59.497,1,1,0,0,0
21:51:59.497,1,0,0,0,0
21:51:59.640,1,0,0,0,0
21:51:59.640,0,0,0,0,0
21:52:00.365,0,0,0,0,0
21:52:00.365,0,1,0,0,0
21:52:01.223,0,1,0,0,0
21:52:01.223,0,0,0,0,0
21:52:01.647,0,0,0,0,0
21:52:01.647,1,0,0,0,0
21:52:02.127,1,0,0,0,0
21:52:02.127,1,1,0,0,0
21:52:02.994,1,1,0,0,0
21:52:02.994,1,0,0,0,0
21:52:03.661,1,0,0,0,0
21:52:03.661,0,0,0,0,0
21:52:03.868,0,0,0,0,0
21:52:03.868,0,1,0,0,0
21:52:04.738,0,1,0,0,0
21:52:04.738,0,0,0,0,0
21:52:05.598,0,0,0,0,0
21:52:05.598,0,1,0,0,0
21:52:05.662,0,1,0,0,0
21:52:05.662,1,1,0,0,0
21:52:06.470,1,1,0,0,0
21:52:06.470,1,0,0,0,0
21:52:07.338,1,0,0,0,0
21:52:07.338,1,1,0,0,0
21:52:07.663,1,1,0,0,0
21:52:07.663,0,1,0,0,0
21:52:08.202,0,1,0,0,0
21:52:08.202,0,0,0,0,0
21:52:09.070,0,0,0,0,0
21:52:09.070,0,1,0,0,0
21:52:09.671,0,1,0,0,0
21:52:09.671,1,1,0,0,0
21:52:09.932,1,1,0,0,0
21:52:09.932,1,0,0,0,0
21:52:10.585,1,1,0,0,0
21:52:10.585,1,0,0,0,0
21:52:10.640,1,1,0,0,0
21:52:10.640,1,0,0,0,0
21:52:11.676,1,0,0,0,0
21:52:11.676,0,0,0,0,0
21:52:13.690,0,0,0,0,0
21:52:13.690,1,0,0,0,0
21:52:15.698,1,0,0,0,0
21:52:15.698,0,0,0,0,0
21:52:17.714,0,0,0,0,0
21:52:17.714,1,0,0,0,0
21:52:19.724,1,0,0,0,0
21:52:19.724,0,0,0,0,0
21:52:20.638,1,0,0,0,0
21:52:20.638,0,0,0,0,0
21:52:20.710,1,0,0,0,0
21:52:20.710,0,0,0,0,0
21:52:30.566,0,0,0,0,0
21:52:30.566,0,1,0,0,0
21:52:31.439,0,1,0,0,0
21:52:31.439,0,0,0,0,0
21:52:32.303,0,0,0,0,0
21:52:32.303,0,1,0,0,0
21:52:33.169,0,1,0,0,0
21:52:33.169,0,0,0,0,0
21:52:34.043,0,0,0,0,0
21:52:34.043,0,1,0,0,0
21:52:34.913,0,1,0,0,0
21:52:34.913,0,0,0,0,0
21:52:34.913,0,0,0,0,0
21:52:34.913,1,0,0,0,0
21:52:35.786,1,0,0,0,0
21:52:35.786,1,1,0,0,0
21:52:36.660,1,1,0,0,0
21:52:36.660,1,0,0,0,0
21:52:36.928,1,0,0,0,0
21:52:36.928,0,0,0,0,0
21:52:37.536,0,0,0,0,0
21:52:37.536,0,1,0,0,0
21:52:38.408,0,1,0,0,0
21:52:38.408,0,0,0,0,0
21:52:38.934,0,0,0,0,0
21:52:38.934,1,0,0,0,0
21:52:39.268,1,0,0,0,0
21:52:39.268,1,1,0,0,0
21:52:40.141,1,1,0,0,0
21:52:40.141,1,0,0,0,0
21:52:40.935,1,0,0,0,0
21:52:40.935,0,0,0,0,0
21:52:41.015,0,0,0,0,0
21:52:41.015,0,1,0,0,0
21:52:41.903,0,1,0,0,0
21:52:41.903,0,0,0,0,0
21:52:42.768,0,0,0,0,0
21:52:42.768,0,1,0,0,0
21:52:42.943,0,1,0,0,0
21:52:42.943,1,1,0,0,0
21:52:43.629,1,1,0,0,0
21:52:43.629,1,0,0,0,0
21:52:44.498,1,0,0,0,0
21:52:44.498,1,1,0,0,0
21:52:44.944,1,1,0,0,0
21:52:44.944,0,1,0,0,0
21:52:45.370,0,1,0,0,0
21:52:45.370,0,0,0,0,0
21:52:46.243,0,0,0,0,0
21:52:46.243,0,1,0,0,0
21:52:46.945,0,1,0,0,0
21:52:46.945,1,1,0,0,0
21:52:47.111,1,1,0,0,0
21:52:47.111,1,0,0,0,0
21:52:47.977,1,0,0,0,0
21:52:47.977,1,1,0,0,0
21:52:48.858,1,1,0,0,0
21:52:48.858,1,0,0,0,0
21:52:48.949,1,0,0,0,0
21:52:48.949,0,0,0,0,0
21:52:49.728,0,0,0,0,0
21:52:49.728,0,1,0,0,0
21:52:50.601,0,1,0,0,0
21:52:50.601,0,0,0,0,0
21:52:50.952,0,0,0,0,0
21:52:50.952,1,0,0,0,0
21:52:51.469,1,0,0,0,0
21:52:51.469,1,1,0,0,0
21:52:52.330,1,1,0,0,0
21:52:52.330,1,0,0,0,0
21:52:52.962,1,0,0,0,0
21:52:52.962,0,0,0,0,0
21:52:53.197,0,0,0,0,0
21:52:53.197,0,1,0,0,0
21:52:54.072,0,1,0,0,0
21:52:54.072,0,0,0,0,0
21:52:54.947,0,0,0,0,0
21:52:54.947,0,1,0,0,0
21:52:54.997,0,1,0,0,0
21:52:54.997,1,1,0,0,0
21:52:55.823,1,1,0,0,0
21:52:55.823,1,0,0,0,0
21:52:56.690,1,0,0,0,0
21:52:56.690,1,1,0,0,0
21:52:57.000,1,1,0,0,0
21:52:57.000,0,1,0,0,0
21:52:57.565,0,1,0,0,0
21:52:57.565,0,0,0,0,0
21:52:58.438,0,0,0,0,0
21:52:58.438,0,1,0,0,0
21:52:59.011,0,1,0,0,0
21:52:59.011,1,1,0,0,0
21:52:59.311,1,1,0,0,0
21:52:59.311,1,0,0,0,0
21:53:00.184,1,0,0,0,0
21:53:00.184,1,1,0,0,0
21:53:01.024,1,1,0,0,0
21:53:01.024,0,1,0,0,0
21:53:01.056,0,1,0,0,0
21:53:01.056,0,0,0,0,0
21:53:01.926,0,0,0,0,0
21:53:01.926,0,1,0,0,0
21:53:02.805,0,1,0,0,0
21:53:02.805,0,0,0,0,0
21:53:03.025,0,0,0,0,0
21:53:03.025,1,0,0,0,0
21:53:03.675,1,0,0,0,0
21:53:03.675,1,1,0,0,0
21:53:04.548,1,1,0,0,0
21:53:04.548,1,0,0,0,0
21:53:05.021,1,0,0,0,0
21:53:05.021,0,0,0,0,0
21:53:05.423,0,0,0,0,0
21:53:05.423,0,1,0,0,0
21:53:06.291,0,1,0,0,0
21:53:06.291,0,0,0,0,0
21:53:07.031,0,0,0,0,0
21:53:07.031,1,0,0,0,0
21:53:07.158,1,0,0,0,0
21:53:07.158,1,1,0,0,0
21:53:08.023,1,1,0,0,0
21:53:08.023,1,0,0,0,0
21:53:08.897,1,0,0,0,0
21:53:08.897,1,1,0,0,0
21:53:09.039,1,1,0,0,0
21:53:09.039,0,1,0,0,0
21:53:09.770,0,1,0,0,0
21:53:09.770,0,0,0,0,0
21:53:10.644,0,0,0,0,0
21:53:10.644,0,1,0,0,0
21:53:11.041,0,1,0,0,0
21:53:11.041,1,1,0,0,0
21:53:11.515,1,1,0,0,0
21:53:11.515,1,0,0,0,0
21:53:12.380,1,0,0,0,0
21:53:12.380,1,1,0,0,0
21:53:13.054,1,1,0,0,0
21:53:13.054,0,1,0,0,0
21:53:13.244,0,1,0,0,0
21:53:13.244,0,0,0,0,0
21:53:14.116,0,0,0,0,0
21:53:14.116,0,1,0,0,0
21:53:14.988,0,1,0,0,0
21:53:14.988,0,0,0,0,0
21:53:15.067,0,0,0,0,0
21:53:15.067,1,0,0,0,0
21:53:15.860,1,0,0,0,0
21:53:15.860,1,1,0,0,0
21:53:15.970,1,1,0,0,0
21:53:15.970,1,0,0,0,0
21:53:16.017,1,1,0,0,0
21:53:16.017,1,0,0,0,0
21:53:17.089,1,0,0,0,0
21:53:17.089,0,0,0,0,0
21:53:19.125,0,0,0,0,0
21:53:19.125,1,0,0,0,0
21:53:21.139,1,0,0,0,0
21:53:21.139,0,0,0,0,0
21:53:23.147,0,0,0,0,0
21:53:23.147,1,0,0,0,0
21:53:25.156,1,0,0,0,0
21:53:25.156,0,0,0,0,0
21:53:27.171,0,0,0,0,0
21:53:27.171,1,0,0,0,0
21:53:29.177,1,0,0,0,0
21:53:29.177,0,0,0,0,0
21:53:31.187,0,0,0,0,0
21:53:31.187,1,0,0,0,0
21:53:33.195,1,0,0,0,0
21:53:33.195,0,0,0,0,0
21:53:35.195,0,0,0,0,0
21:53:35.195,1,0,0,0,0
21:53:37.206,1,0,0,0,0
21:53:37.206,0,0,0,0,0
21:53:39.217,0,0,0,0,0
21:53:39.217,1,0,0,0,0
21:53:41.227,1,0,0,0,0
21:53:41.227,0,0,0,0,0
21:53:43.229,0,0,0,0,0
21:53:43.229,1,0,0,0,0
21:53:45.229,1,0,0,0,0
21:53:45.229,0,0,0,0,0
21:53:47.234,0,0,0,0,0
21:53:47.234,1,0,0,0,0
21:53:49.241,1,0,0,0,0
21:53:49.241,0,0,0,0,0
21:53:51.254,0,0,0,0,0
21:53:51.254,1,0,0,0,0
21:53:51.908,1,0,0,0,0
21:53:51.908,0,0,0,0,0
21:53:51.956,1,0,0,0,0
21:53:51.956,0,0,0,0,0
21:54:10.869,0,0,0,0,0
21:54:10.869,1,0,0,0,0
21:54:12.877,1,0,0,0,0
21:54:12.877,0,0,0,0,0
21:54:14.885,0,0,0,0,0
21:54:14.885,1,0,0,0,0
21:54:16.889,1,0,0,0,0
21:54:16.889,0,0,0,0,0
21:54:18.904,0,0,0,0,0
21:54:18.904,1,0,0,0,0
21:54:20.917,1,0,0,0,0
21:54:20.917,0,0,0,0,0
21:54:22.920,0,0,0,0,0
21:54:22.920,1,0,0,0,0
21:54:24.922,1,0,0,0,0
21:54:24.922,0,0,0,0,0
21:54:26.937,0,0,0,0,0
21:54:26.937,1,0,0,0,0
21:54:28.937,1,0,0,0,0
21:54:28.937,0,0,0,0,0
21:54:30.942,0,0,0,0,0
21:54:30.942,1,0,0,0,0
21:54:32.943,1,0,0,0,0
21:54:32.943,0,0,0,0,0
21:54:34.961,0,0,0,0,0
21:54:34.961,1,0,0,0,0
21:54:37.006,1,0,0,0,0
21:54:37.006,0,0,0,0,0
21:54:39.017,0,0,0,0,0
21:54:39.017,1,0,0,0,0
21:54:41.039,1,0,0,0,0
21:54:41.039,0,0,0,0,0
21:54:43.072,0,0,0,0,0
21:54:43.072,1,0,0,0,0
21:54:45.076,1,0,0,0,0
21:54:45.076,0,0,0,0,0
21:54:47.081,0,0,0,0,0
21:54:47.081,1,0,0,0,0
21:54:49.082,1,0,0,0,0
21:54:49.082,0,0,0,0,0
21:54:51.084,0,0,0,0,0
21:54:51.084,1,0,0,0,0
21:54:53.094,1,0,0,0,0
21:54:53.094,0,0,0,0,0
21:54:55.102,0,0,0,0,0
21:54:55.102,1,0,0,0,0
21:54:57.113,1,0,0,0,0
21:54:57.113,0,0,0,0,0
21:54:59.115,0,0,0,0,0
21:54:59.115,1,0,0,0,0
21:55:01.116,1,0,0,0,0
21:55:01.116,0,0,0,0,0
21:55:03.125,0,0,0,0,0
21:55:03.125,1,0,0,0,0
21:55:05.144,1,0,0,0,0
21:55:05.144,0,0,0,0,0
21:55:07.148,0,0,0,0,0
21:55:07.148,1,0,0,0,0
21:55:09.148,1,0,0,0,0
21:55:09.148,0,0,0,0,0
21:55:11.152,0,0,0,0,0
21:55:11.152,1,0,0,0,0
21:55:13.156,1,0,0,0,0
21:55:13.156,0,0,0,0,0
21:55:15.163,0,0,0,0,0
21:55:15.163,1,0,0,0,0
21:55:17.174,1,0,0,0,0
21:55:17.174,0,0,0,0,0
21:55:19.182,0,0,0,0,0
21:55:19.182,1,0,0,0,0
21:55:21.195,1,0,0,0,0
21:55:21.195,0,0,0,0,0
21:55:23.208,0,0,0,0,0
21:55:23.208,1,0,0,0,0
21:55:25.212,1,0,0,0,0
21:55:25.212,0,0,0,0,0
21:55:27.214,0,0,0,0,0
21:55:27.214,1,0,0,0,0
21:55:29.227,1,0,0,0,0
21:55:29.227,0,0,0,0,0
21:55:31.231,0,0,0,0,0
21:55:31.231,1,0,0,0,0
21:55:33.255,1,0,0,0,0
21:55:33.255,0,0,0,0,0
21:55:35.283,0,0,0,0,0
21:55:35.283,1,0,0,0,0
21:55:37.313,1,0,0,0,0
21:55:37.313,0,0,0,0,0
21:55:39.335,0,0,0,0,0
21:55:39.335,1,0,0,0,0
21:55:41.379,1,0,0,0,0
21:55:41.379,0,0,0,0,0
21:55:43.423,0,0,0,0,0
21:55:43.423,1,0,0,0,0
21:55:45.441,1,0,0,0,0
21:55:45.441,0,0,0,0,0
21:55:47.461,0,0,0,0,0
21:55:47.461,1,0,0,0,0
21:55:49.475,1,0,0,0,0
21:55:49.475,0,0,0,0,0
21:55:51.500,0,0,0,0,0
21:55:51.500,1,0,0,0,0
21:55:53.530,1,0,0,0,0
21:55:53.530,0,0,0,0,0
21:55:55.587,0,0,0,0,0
21:55:55.587,1,0,0,0,0
21:55:57.589,1,0,0,0,0
21:55:57.589,0,0,0,0,0
21:55:59.608,0,0,0,0,0
21:55:59.608,1,0,0,0,0
21:56:01.636,1,0,0,0,0
21:56:01.636,0,0,0,0,0
21:56:03.658,0,0,0,0,0
21:56:03.658,1,0,0,0,0
21:56:05.693,1,0,0,0,0
21:56:05.693,0,0,0,0,0
21:56:07.741,0,0,0,0,0
21:56:07.741,1,0,0,0,0
21:56:09.758,1,0,0,0,0
21:56:09.758,0,0,0,0,0
21:56:11.806,0,0,0,0,0
21:56:11.806,1,0,0,0,0
21:56:13.814,1,0,0,0,0
21:56:13.814,0,0,0,0,0
21:56:15.821,0,0,0,0,0
21:56:15.821,1,0,0,0,0
21:56:17.838,1,0,0,0,0
21:56:17.838,0,0,0,0,0
21:56:19.851,0,0,0,0,0
21:56:19.851,1,0,0,0,0
21:56:21.854,1,0,0,0,0
21:56:21.854,0,0,0,0,0
21:56:23.867,0,0,0,0,0
21:56:23.867,1,0,0,0,0
21:56:25.881,1,0,0,0,0
21:56:25.881,0,0,0,0,0
21:56:27.884,0,0,0,0,0
21:56:27.884,1,0,0,0,0
21:56:29.884,1,0,0,0,0
21:56:29.884,0,0,0,0,0
21:56:31.899,0,0,0,0,0
21:56:31.899,1,0,0,0,0
21:56:33.904,1,0,0,0,0
21:56:33.904,0,0,0,0,0
21:56:35.934,0,0,0,0,0
21:56:35.934,1,0,0,0,0
21:56:37.951,1,0,0,0,0
21:56:37.951,0,0,0,0,0
21:56:39.966,0,0,0,0,0
21:56:39.966,1,0,0,0,0
21:56:41.978,1,0,0,0,0
21:56:41.978,0,0,0,0,0
21:56:43.978,0,0,0,0,0
21:56:43.978,1,0,0,0,0
21:56:45.990,1,0,0,0,0
21:56:45.990,0,0,0,0,0
21:56:47.995,0,0,0,0,0
21:56:47.995,1,0,0,0,0
21:56:50.004,1,0,0,0,0
21:56:50.004,0,0,0,0,0
21:56:50.469,0,0,0,0,0
21:56:50.469,0,1,0,0,0
21:56:51.335,0,1,0,0,0
21:56:51.335,0,0,0,0,0
21:56:52.010,0,0,0,0,0
21:56:52.010,1,0,0,0,0
21:56:52.201,1,0,0,0,0
21:56:52.201,1,1,0,0,0
21:56:53.073,1,1,0,0,0
21:56:53.073,1,0,0,0,0
21:56:53.946,1,0,0,0,0
21:56:53.946,1,1,0,0,0
21:56:54.022,1,1,0,0,0
21:56:54.022,0,1,0,0,0
21:56:54.808,0,1,0,0,0
21:56:54.808,0,0,0,0,0
21:56:55.669,0,0,0,0,0
21:56:55.669,0,1,0,0,0
21:56:56.040,0,1,0,0,0
21:56:56.040,1,1,0,0,0
21:56:56.542,1,1,0,0,0
21:56:56.542,1,0,0,0,0
21:56:57.414,1,0,0,0,0
21:56:57.414,1,1,0,0,0
21:56:58.088,1,1,0,0,0
21:56:58.088,0,1,0,0,0
21:56:58.276,0,1,0,0,0
21:56:58.276,0,0,0,0,0
21:56:59.143,0,0,0,0,0
21:56:59.143,0,1,0,0,0
21:57:00.006,0,1,0,0,0
21:57:00.006,0,0,0,0,0
21:57:00.119,0,0,0,0,0
21:57:00.119,1,0,0,0,0
21:57:00.873,1,0,0,0,0
21:57:00.873,1,1,0,0,0
21:57:01.762,1,1,0,0,0
21:57:01.762,1,0,0,0,0
21:57:02.120,1,0,0,0,0
21:57:02.120,0,0,0,0,0
21:57:02.636,0,0,0,0,0
21:57:02.636,0,1,0,0,0
21:57:03.501,0,1,0,0,0
21:57:03.501,0,0,0,0,0
21:57:04.120,0,0,0,0,0
21:57:04.120,1,0,0,0,0
21:57:04.374,1,0,0,0,0
21:57:04.374,1,1,0,0,0
21:57:05.247,1,1,0,0,0
21:57:05.247,1,0,0,0,0
21:57:06.121,1,0,0,0,0
21:57:06.121,1,1,0,0,0
21:57:06.121,1,1,0,0,0
21:57:06.121,0,1,0,0,0
21:57:06.994,0,1,0,0,0
21:57:06.994,0,0,0,0,0
21:57:07.858,0,0,0,0,0
21:57:07.858,0,1,0,0,0
21:57:08.122,0,1,0,0,0
21:57:08.122,1,1,0,0,0
21:57:08.770,1,1,0,0,0
21:57:08.770,1,0,0,0,0
21:57:09.640,1,0,0,0,0
21:57:09.640,1,1,0,0,0
21:57:10.130,1,1,0,0,0
21:57:10.130,0,1,0,0,0
21:57:10.510,0,1,0,0,0
21:57:10.510,0,0,0,0,0
21:57:11.380,0,0,0,0,0
21:57:11.380,0,1,0,0,0
21:57:12.135,0,1,0,0,0
21:57:12.135,1,1,0,0,0
21:57:12.246,1,1,0,0,0
21:57:12.246,1,0,0,0,0
21:57:13.121,1,0,0,0,0
21:57:13.121,1,1,0,0,0
21:57:13.988,1,1,0,0,0
21:57:13.988,1,0,0,0,0
21:57:14.147,1,0,0,0,0
21:57:14.147,0,0,0,0,0
21:57:14.845,0,0,0,0,0
21:57:14.845,0,1,0,0,0
21:57:15.721,0,1,0,0,0
21:57:15.721,0,0,0,0,0
21:57:16.159,0,0,0,0,0
21:57:16.159,1,0,0,0,0
21:57:16.587,1,0,0,0,0
21:57:16.587,1,1,0,0,0
21:57:17.462,1,1,0,0,0
21:57:17.462,1,0,0,0,0
21:57:18.190,1,0,0,0,0
21:57:18.190,0,0,0,0,0
21:57:18.326,0,0,0,0,0
21:57:18.326,0,1,0,0,0
21:57:19.187,0,1,0,0,0
21:57:19.187,0,0,0,0,0
21:57:20.058,0,0,0,0,0
21:57:20.058,0,1,0,0,0
21:57:20.203,0,1,0,0,0
21:57:20.203,1,1,0,0,0
21:57:20.931,1,1,0,0,0
21:57:20.931,1,0,0,0,0
21:57:21.797,1,0,0,0,0
21:57:21.797,1,1,0,0,0
21:57:22.214,1,1,0,0,0
21:57:22.214,0,1,0,0,0
21:57:22.688,0,1,0,0,0
21:57:22.688,0,0,0,0,0
21:57:23.562,0,0,0,0,0
21:57:23.562,0,1,0,0,0
21:57:24.228,0,1,0,0,0
21:57:24.228,1,1,0,0,0
21:57:24.434,1,1,0,0,0
21:57:24.434,1,0,0,0,0
21:57:25.306,1,0,0,0,0
21:57:25.306,1,1,0,0,0
21:57:26.171,1,1,0,0,0
21:57:26.171,1,0,0,0,0
21:57:26.233,1,0,0,0,0
21:57:26.233,0,0,0,0,0
21:57:27.040,0,0,0,0,0
21:57:27.040,0,1,0,0,0
21:57:27.905,0,1,0,0,0
21:57:27.905,0,0,0,0,0
21:57:28.246,0,0,0,0,0
21:57:28.246,1,0,0,0,0
21:57:28.770,1,0,0,0,0
21:57:28.770,1,1,0,0,0
21:57:29.671,1,1,0,0,0
21:57:29.671,1,0,0,0,0
21:57:30.259,1,0,0,0,0
21:57:30.259,0,0,0,0,0
21:57:30.544,0,0,0,0,0
21:57:30.544,0,1,0,0,0
21:57:31.404,0,1,0,0,0
21:57:31.404,0,0,0,0,0
21:57:32.260,0,0,0,0,0
21:57:32.260,1,0,0,0,0
21:57:32.276,1,0,0,0,0
21:57:32.276,1,1,0,0,0
21:57:33.151,1,1,0,0,0
21:57:33.151,1,0,0,0,0
21:57:34.023,1,0,0,0,0
21:57:34.023,1,1,0,0,0
21:57:34.262,1,1,0,0,0
21:57:34.262,0,1,0,0,0
21:57:34.885,0,1,0,0,0
21:57:34.885,0,0,0,0,0
21:57:35.747,0,0,0,0,0
21:57:35.747,0,1,0,0,0
21:57:36.331,0,1,0,0,0
21:57:36.331,1,1,0,0,0
21:57:36.614,1,1,0,0,0
21:57:36.614,1,0,0,0,0
21:57:37.491,1,0,0,0,0
21:57:37.491,1,1,0,0,0
21:57:38.341,1,1,0,0,0
21:57:38.341,0,1,0,0,0
21:57:38.357,0,1,0,0,0
21:57:38.357,0,0,0,0,0
21:57:39.228,0,0,0,0,0
21:57:39.228,0,1,0,0,0
21:57:40.100,0,1,0,0,0
21:57:40.100,0,0,0,0,0
21:57:40.338,0,0,0,0,0
21:57:40.338,1,0,0,0,0
21:57:40.970,1,0,0,0,0
21:57:40.970,1,1,0,0,0
21:57:41.840,1,1,0,0,0
21:57:41.840,1,0,0,0,0
21:57:42.355,1,0,0,0,0
21:57:42.355,0,0,0,0,0
21:57:42.700,0,0,0,0,0
21:57:42.700,0,1,0,0,0
21:57:43.563,0,1,0,0,0
21:57:43.563,0,0,0,0,0
21:57:44.370,0,0,0,0,0
21:57:44.370,1,0,0,0,0
21:57:44.465,1,0,0,0,0
21:57:44.465,1,1,0,0,0
21:57:45.340,1,1,0,0,0
21:57:45.340,1,0,0,0,0
21:57:46.213,1,0,0,0,0
21:57:46.213,1,1,0,0,0
21:57:46.372,1,1,0,0,0
21:57:46.372,0,1,0,0,0
21:57:47.087,0,1,0,0,0
21:57:47.087,0,0,0,0,0
21:57:47.950,0,0,0,0,0
21:57:47.950,0,1,0,0,0
21:57:48.374,0,1,0,0,0
21:57:48.374,1,1,0,0,0
21:57:48.816,1,1,0,0,0
21:57:48.816,1,0,0,0,0
21:57:49.685,1,0,0,0,0
21:57:49.685,1,1,0,0,0
21:57:50.381,1,1,0,0,0
21:57:50.381,0,1,0,0,0
21:57:50.547,0,1,0,0,0
21:57:50.547,0,0,0,0,0
21:57:51.415,0,0,0,0,0
21:57:51.415,0,1,0,0,0
21:57:52.275,0,1,0,0,0
21:57:52.275,0,0,0,0,0
21:57:52.387,0,0,0,0,0
21:57:52.387,1,0,0,0,0
21:57:53.149,1,0,0,0,0
21:57:53.149,1,1,0,0,0
21:57:54.022,1,1,0,0,0
21:57:54.022,1,0,0,0,0
21:57:54.387,1,0,0,0,0
21:57:54.387,0,0,0,0,0
21:57:54.895,0,0,0,0,0
21:57:54.895,0,1,0,0,0
21:57:55.769,0,1,0,0,0
21:57:55.769,0,0,0,0,0
21:57:56.403,0,0,0,0,0
21:57:56.403,1,0,0,0,0
21:57:56.640,1,0,0,0,0
21:57:56.640,1,1,0,0,0
21:57:57.512,1,1,0,0,0
21:57:57.512,1,0,0,0,0
21:57:58.387,1,0,0,0,0
21:57:58.387,1,1,0,0,0
21:57:58.402,1,1,0,0,0
21:57:58.402,0,1,0,0,0
21:57:59.257,0,1,0,0,0
21:57:59.257,0,0,0,0,0
21:58:00.131,0,0,0,0,0
21:58:00.131,0,1,0,0,0
21:58:00.400,0,1,0,0,0
21:58:00.400,1,1,0,0,0
21:58:01.005,1,1,0,0,0
21:58:01.005,1,0,0,0,0
21:58:01.881,1,0,0,0,0
21:58:01.881,1,1,0,0,0
21:58:02.418,1,1,0,0,0
21:58:02.418,0,1,0,0,0
21:58:02.744,0,1,0,0,0
21:58:02.744,0,0,0,0,0
21:58:03.603,0,0,0,0,0
21:58:03.603,0,1,0,0,0
21:58:04.429,0,1,0,0,0
21:58:04.429,1,1,0,0,0
21:58:04.474,1,1,0,0,0
21:58:04.474,1,0,0,0,0
21:58:05.338,1,0,0,0,0
21:58:05.338,1,1,0,0,0
21:58:06.202,1,1,0,0,0
21:58:06.202,1,0,0,0,0
21:58:06.441,1,0,0,0,0
21:58:06.441,0,0,0,0,0
21:58:07.069,0,0,0,0,0
21:58:07.069,0,1,0,0,0
21:58:07.933,0,1,0,0,0
21:58:07.933,0,0,0,0,0
21:58:08.449,0,0,0,0,0
21:58:08.449,1,0,0,0,0
21:58:08.798,1,0,0,0,0
21:58:08.798,1,1,0,0,0
21:58:09.672,1,1,0,0,0
21:58:09.672,1,0,0,0,0
21:58:10.452,1,0,0,0,0
21:58:10.452,0,0,0,0,0
21:58:10.547,0,0,0,0,0
21:58:10.547,0,1,0,0,0
21:58:11.419,0,1,0,0,0
21:58:11.419,0,0,0,0,0
21:58:12.311,0,0,0,0,0
21:58:12.311,0,1,0,0,0
21:58:12.465,0,1,0,0,0
21:58:12.465,1,1,0,0,0
21:58:13.179,1,1,0,0,0
21:58:13.179,1,0,0,0,0
21:58:14.052,1,0,0,0,0
21:58:14.052,1,1,0,0,0
21:58:14.465,1,1,0,0,0
21:58:14.465,0,1,0,0,0
21:58:14.925,0,1,0,0,0
21:58:14.925,0,0,0,0,0
21:58:15.799,0,0,0,0,0
21:58:15.799,0,1,0,0,0
21:58:16.480,0,1,0,0,0
21:58:16.480,1,1,0,0,0
21:58:16.670,1,1,0,0,0
21:58:16.670,1,0,0,0,0
21:58:17.531,1,0,0,0,0
21:58:17.531,1,1,0,0,0
21:58:18.402,1,1,0,0,0
21:58:18.402,1,0,0,0,0
21:58:18.481,1,0,0,0,0
21:58:18.481,0,0,0,0,0
21:58:19.267,0,0,0,0,0
21:58:19.267,0,1,0,0,0
21:58:20.127,0,1,0,0,0
21:58:20.127,0,0,0,0,0
21:58:20.487,0,0,0,0,0
21:58:20.487,1,0,0,0,0
21:58:21.001,1,0,0,0,0
21:58:21.001,1,1,0,0,0
21:58:21.871,1,1,0,0,0
21:58:21.871,1,0,0,0,0
21:58:22.487,1,0,0,0,0
21:58:22.487,0,0,0,0,0
21:58:22.743,0,0,0,0,0
21:58:22.743,0,1,0,0,0
21:58:23.608,0,1,0,0,0
21:58:23.608,0,0,0,0,0
21:58:24.480,0,0,0,0,0
21:58:24.480,0,1,0,0,0
21:58:24.496,0,1,0,0,0
21:58:24.496,1,1,0,0,0
21:58:25.353,1,1,0,0,0
21:58:25.353,1,0,0,0,0
21:58:26.226,1,0,0,0,0
21:58:26.226,1,1,0,0,0
21:58:26.505,1,1,0,0,0
21:58:26.505,0,1,0,0,0
21:58:27.100,0,1,0,0,0
21:58:27.100,0,0,0,0,0
21:58:27.964,0,0,0,0,0
21:58:27.964,0,1,0,0,0
21:58:28.513,0,1,0,0,0
21:58:28.513,1,1,0,0,0
21:58:28.829,1,1,0,0,0
21:58:28.829,1,0,0,0,0
21:58:29.699,1,0,0,0,0
21:58:29.699,1,1,0,0,0
21:58:30.520,1,1,0,0,0
21:58:30.520,0,1,0,0,0
21:58:30.568,0,1,0,0,0
21:58:30.568,0,0,0,0,0
21:58:31.436,0,0,0,0,0
21:58:31.436,0,1,0,0,0
21:58:32.305,0,1,0,0,0
21:58:32.305,0,0,0,0,0
21:58:32.528,0,0,0,0,0
21:58:32.528,1,0,0,0,0
21:58:33.183,1,0,0,0,0
21:58:33.183,1,1,0,0,0
21:58:34.053,1,1,0,0,0
21:58:34.053,1,0,0,0,0
21:58:34.530,1,0,0,0,0
21:58:34.530,0,0,0,0,0
21:58:34.928,0,0,0,0,0
21:58:34.928,0,1,0,0,0
21:58:35.800,0,1,0,0,0
21:58:35.800,0,0,0,0,0
21:58:36.544,0,0,0,0,0
21:58:36.544,1,0,0,0,0
21:58:36.672,1,0,0,0,0
21:58:36.672,1,1,0,0,0
21:58:37.543,1,1,0,0,0
21:58:37.543,1,0,0,0,0
21:58:38.415,1,0,0,0,0
21:58:38.415,1,1,0,0,0
21:58:38.558,1,1,0,0,0
21:58:38.558,0,1,0,0,0
21:58:39.289,0,1,0,0,0
21:58:39.289,0,0,0,0,0
21:58:40.182,0,0,0,0,0
21:58:40.182,0,1,0,0,0
21:58:40.592,0,1,0,0,0
21:58:40.592,1,1,0,0,0
21:58:41.044,1,1,0,0,0
21:58:41.044,1,0,0,0,0
21:58:41.917,1,0,0,0,0
21:58:41.917,1,1,0,0,0
21:58:42.605,1,1,0,0,0
21:58:42.605,0,1,0,0,0
21:58:42.791,0,1,0,0,0
21:58:42.791,0,0,0,0,0
21:58:43.655,0,0,0,0,0
21:58:43.655,0,1,0,0,0
21:58:44.527,0,1,0,0,0
21:58:44.527,0,0,0,0,0
21:58:44.608,0,0,0,0,0
21:58:44.608,1,0,0,0,0
21:58:45.400,1,0,0,0,0
21:58:45.400,1,1,0,0,0
21:58:46.271,1,1,0,0,0
21:58:46.271,1,0,0,0,0
21:58:46.620,1,0,0,0,0
21:58:46.620,0,0,0,0,0
21:58:47.148,0,0,0,0,0
21:58:47.148,0,1,0,0,0
21:58:48.014,0,1,0,0,0
21:58:48.014,0,0,0,0,0
21:58:48.623,0,0,0,0,0
21:58:48.623,1,0,0,0,0
21:58:48.876,1,0,0,0,0
21:58:48.876,1,1,0,0,0
21:58:49.747,1,1,0,0,0
21:58:49.747,1,0,0,0,0
21:58:50.618,1,0,0,0,0
21:58:50.618,1,1,0,0,0
21:58:50.634,1,1,0,0,0
21:58:50.634,0,1,0,0,0
21:58:51.491,0,1,0,0,0
21:58:51.491,0,0,0,0,0
21:58:52.351,0,0,0,0,0
21:58:52.351,0,1,0,0,0
21:58:52.646,0,1,0,0,0
21:58:52.646,1,1,0,0,0
21:58:53.224,1,1,0,0,0
21:58:53.224,1,0,0,0,0
21:58:54.103,1,0,0,0,0
21:58:54.103,1,1,0,0,0
21:58:54.654,1,1,0,0,0
21:58:54.654,0,1,0,0,0
21:58:54.970,0,1,0,0,0
21:58:54.970,0,0,0,0,0
21:58:55.842,0,0,0,0,0
21:58:55.842,0,1,0,0,0
21:58:56.664,0,1,0,0,0
21:58:56.664,1,1,0,0,0
21:58:56.712,1,1,0,0,0
21:58:56.712,1,0,0,0,0
21:58:57.587,1,0,0,0,0
21:58:57.587,1,1,0,0,0
21:58:58.462,1,1,0,0,0
21:58:58.462,1,0,0,0,0
21:58:58.669,1,0,0,0,0
21:58:58.669,0,0,0,0,0
21:58:59.335,0,0,0,0,0
21:58:59.335,0,1,0,0,0
21:59:00.205,0,1,0,0,0
21:59:00.205,0,0,0,0,0
21:59:00.667,0,0,0,0,0
21:59:00.667,1,0,0,0,0
21:59:01.087,1,0,0,0,0
21:59:01.087,1,1,0,0,0
21:59:01.951,1,1,0,0,0
21:59:01.951,1,0,0,0,0
21:59:02.678,1,0,0,0,0
21:59:02.678,0,0,0,0,0
21:59:02.820,0,0,0,0,0
21:59:02.820,0,1,0,0,0
21:59:03.683,0,1,0,0,0
21:59:03.683,0,0,0,0,0
21:59:04.554,0,0,0,0,0
21:59:04.554,0,1,0,0,0
21:59:04.679,0,1,0,0,0
21:59:04.679,1,1,0,0,0
21:59:05.422,1,1,0,0,0
21:59:05.422,1,0,0,0,0
21:59:06.298,1,0,0,0,0
21:59:06.298,1,1,0,0,0
21:59:06.692,1,1,0,0,0
21:59:06.692,0,1,0,0,0
21:59:07.160,0,1,0,0,0
21:59:07.160,0,0,0,0,0
21:59:08.040,0,0,0,0,0
21:59:08.040,0,1,0,0,0
21:59:08.693,0,1,0,0,0
21:59:08.693,1,1,0,0,0
21:59:08.915,1,1,0,0,0
21:59:08.915,1,0,0,0,0
21:59:09.783,1,0,0,0,0
21:59:09.783,1,1,0,0,0
21:59:10.645,1,1,0,0,0
21:59:10.645,1,0,0,0,0
21:59:10.694,1,0,0,0,0
21:59:10.694,0,0,0,0,0
21:59:11.505,0,0,0,0,0
21:59:11.505,0,1,0,0,0
21:59:12.380,0,1,0,0,0
21:59:12.380,0,0,0,0,0
21:59:12.708,0,0,0,0,0
21:59:12.708,1,0,0,0,0
21:59:13.240,1,0,0,0,0
21:59:13.240,1,1,0,0,0
21:59:14.112,1,1,0,0,0
21:59:14.112,1,0,0,0,0
21:59:14.714,1,0,0,0,0
21:59:14.714,0,0,0,0,0
21:59:14.982,0,0,0,0,0
21:59:14.982,0,1,0,0,0
21:59:15.846,0,1,0,0,0
21:59:15.846,0,0,0,0,0
21:59:16.713,0,0,0,0,0
21:59:16.713,0,1,0,0,0
21:59:16.729,0,1,0,0,0
21:59:16.729,1,1,0,0,0
21:59:17.587,1,1,0,0,0
21:59:17.587,1,0,0,0,0
21:59:18.462,1,0,0,0,0
21:59:18.462,1,1,0,0,0
21:59:18.731,1,1,0,0,0
21:59:18.731,0,1,0,0,0
21:59:19.332,0,1,0,0,0
21:59:19.332,0,0,0,0,0
21:59:20.206,0,0,0,0,0
21:59:20.206,0,1,0,0,0
21:59:20.768,0,1,0,0,0
21:59:20.768,1,1,0,0,0
21:59:21.080,1,1,0,0,0
21:59:21.080,1,0,0,0,0
21:59:21.952,1,0,0,0,0
21:59:21.952,1,1,0,0,0
21:59:22.776,1,1,0,0,0
21:59:22.776,0,1,0,0,0
21:59:22.826,0,1,0,0,0
21:59:22.826,0,0,0,0,0
21:59:23.699,0,0,0,0,0
21:59:23.699,0,1,0,0,0
21:59:24.568,0,1,0,0,0
21:59:24.568,0,0,0,0,0
21:59:24.792,0,0,0,0,0
21:59:24.792,1,0,0,0,0
21:59:25.441,1,0,0,0,0
21:59:25.441,1,1,0,0,0
21:59:26.311,1,1,0,0,0
21:59:26.311,1,0,0,0,0
21:59:26.802,1,0,0,0,0
21:59:26.802,0,0,0,0,0
21:59:27.174,0,0,0,0,0
21:59:27.174,0,1,0,0,0
21:59:28.038,0,1,0,0,0
21:59:28.038,0,0,0,0,0
21:59:28.807,0,0,0,0,0
21:59:28.807,1,0,0,0,0
21:59:28.901,1,0,0,0,0
21:59:28.901,1,1,0,0,0
21:59:29.805,1,1,0,0,0
21:59:29.805,1,0,0,0,0
21:59:30.677,1,0,0,0,0
21:59:30.677,1,1,0,0,0
21:59:30.820,1,1,0,0,0
21:59:30.820,0,1,0,0,0
21:59:31.537,0,1,0,0,0
21:59:31.537,0,0,0,0,0
21:59:32.409,0,0,0,0,0
21:59:32.409,0,1,0,0,0
21:59:32.828,0,1,0,0,0
21:59:32.828,1,1,0,0,0
21:59:33.269,1,1,0,0,0
21:59:33.269,1,0,0,0,0
21:59:34.140,1,0,0,0,0
21:59:34.140,1,1,0,0,0
21:59:34.838,1,1,0,0,0
21:59:34.838,0,1,0,0,0
21:59:35.014,0,1,0,0,0
21:59:35.014,0,0,0,0,0
21:59:35.888,0,0,0,0,0
21:59:35.888,0,1,0,0,0
21:59:36.789,0,1,0,0,0
21:59:36.789,0,0,0,0,0
21:59:36.840,0,0,0,0,0
21:59:36.840,1,0,0,0,0
21:59:37.657,1,0,0,0,0
21:59:37.657,1,1,0,0,0
21:59:38.522,1,1,0,0,0
21:59:38.522,1,0,0,0,0
21:59:38.839,1,0,0,0,0
21:59:38.839,0,0,0,0,0
21:59:39.395,0,0,0,0,0
21:59:39.395,0,1,0,0,0
21:59:40.267,0,1,0,0,0
21:59:40.267,0,0,0,0,0
21:59:40.846,0,0,0,0,0
21:59:40.846,1,0,0,0,0
21:59:41.142,1,0,0,0,0
21:59:41.142,1,1,0,0,0
21:59:42.015,1,1,0,0,0
21:59:42.015,1,0,0,0,0
21:59:42.849,1,0,0,0,0
21:59:42.849,0,0,0,0,0
21:59:42.882,0,0,0,0,0
21:59:42.882,0,1,0,0,0
21:59:43.751,0,1,0,0,0
21:59:43.751,0,0,0,0,0
21:59:44.620,0,0,0,0,0
21:59:44.620,0,1,0,0,0
21:59:44.858,0,1,0,0,0
21:59:44.858,1,1,0,0,0
21:59:45.481,1,1,0,0,0
21:59:45.481,1,0,0,0,0
21:59:46.355,1,0,0,0,0
21:59:46.355,1,1,0,0,0
21:59:46.860,1,1,0,0,0
21:59:46.860,0,1,0,0,0
21:59:47.220,0,1,0,0,0
21:59:47.220,0,0,0,0,0
21:59:48.086,0,0,0,0,0
21:59:48.086,0,1,0,0,0
21:59:48.872,0,1,0,0,0
21:59:48.872,1,1,0,0,0
21:59:48.951,1,1,0,0,0
21:59:48.951,1,0,0,0,0
21:59:49.821,1,0,0,0,0
21:59:49.821,1,1,0,0,0
21:59:50.699,1,1,0,0,0
21:59:50.699,1,0,0,0,0
21:59:50.882,1,0,0,0,0
21:59:50.882,0,0,0,0,0
21:59:51.560,0,0,0,0,0
21:59:51.560,0,1,0,0,0
21:59:52.421,0,1,0,0,0
21:59:52.421,0,0,0,0,0
21:59:52.894,0,0,0,0,0
21:59:52.894,1,0,0,0,0
21:59:53.284,1,0,0,0,0
21:59:53.284,1,1,0,0,0
21:59:54.154,1,1,0,0,0
21:59:54.154,1,0,0,0,0
21:59:54.910,1,0,0,0,0
21:59:54.910,0,0,0,0,0
21:59:55.021,0,0,0,0,0
21:59:55.021,0,1,0,0,0
21:59:55.893,0,1,0,0,0
21:59:55.893,0,0,0,0,0
21:59:56.762,0,0,0,0,0
21:59:56.762,0,1,0,0,0
21:59:56.920,0,1,0,0,0
21:59:56.920,1,1,0,0,0
21:59:57.629,1,1,0,0,0
21:59:57.629,1,0,0,0,0
21:59:58.503,1,0,0,0,0
21:59:58.503,1,1,0,0,0
21:59:58.930,1,1,0,0,0
21:59:58.930,0,1,0,0,0
21:59:59.376,0,1,0,0,0
21:59:59.376,0,0,0,0,0
22:00:00.249,0,0,0,0,0
22:00:00.249,0,1,0,0,0
22:00:00.971,0,1,0,0,0
22:00:00.971,1,1,0,0,0
22:00:01.110,1,1,0,0,0
22:00:01.110,1,0,0,0,0
22:00:01.970,1,0,0,0,0
22:00:01.970,1,1,0,0,0
22:00:02.836,1,1,0,0,0
22:00:02.836,1,0,0,0,0
22:00:02.975,1,0,0,0,0
22:00:02.975,0,0,0,0,0
22:00:03.701,0,0,0,0,0
22:00:03.701,0,1,0,0,0
22:00:04.562,0,1,0,0,0
22:00:04.562,0,0,0,0,0
22:00:04.999,0,0,0,0,0
22:00:04.999,1,0,0,0,0
22:00:05.420,1,0,0,0,0
22:00:05.420,1,1,0,0,0
22:00:06.286,1,1,0,0,0
22:00:06.286,1,0,0,0,0
22:00:07.051,1,0,0,0,0
22:00:07.051,0,0,0,0,0
22:00:07.152,0,0,0,0,0
22:00:07.152,0,1,0,0,0
22:00:08.018,0,1,0,0,0
22:00:08.018,0,0,0,0,0
22:00:08.887,0,0,0,0,0
22:00:08.887,0,1,0,0,0
22:00:09.067,0,1,0,0,0
22:00:09.067,1,1,0,0,0
22:00:09.747,1,1,0,0,0
22:00:09.747,1,0,0,0,0
22:00:10.618,1,0,0,0,0
22:00:10.618,1,1,0,0,0
22:00:11.119,1,1,0,0,0
22:00:11.119,0,1,0,0,0
22:00:11.497,0,1,0,0,0
22:00:11.497,0,0,0,0,0
22:00:12.367,0,0,0,0,0
22:00:12.367,0,1,0,0,0
22:00:13.144,0,1,0,0,0
22:00:13.144,1,1,0,0,0
22:00:13.229,1,1,0,0,0
22:00:13.229,1,0,0,0,0
22:00:14.094,1,0,0,0,0
22:00:14.094,1,1,0,0,0
22:00:14.964,1,1,0,0,0
22:00:14.964,1,0,0,0,0
22:00:15.161,1,0,0,0,0
22:00:15.161,0,0,0,0,0
22:00:15.832,0,0,0,0,0
22:00:15.832,0,1,0,0,0
22:00:16.692,0,1,0,0,0
22:00:16.692,0,0,0,0,0
22:00:17.208,0,0,0,0,0
22:00:17.208,1,0,0,0,0
22:00:17.563,1,0,0,0,0
22:00:17.563,1,1,0,0,0
22:00:18.427,1,1,0,0,0
22:00:18.427,1,0,0,0,0
22:00:19.237,1,0,0,0,0
22:00:19.237,0,0,0,0,0
22:00:19.292,0,0,0,0,0
22:00:19.292,0,1,0,0,0
22:00:20.166,0,1,0,0,0
22:00:20.166,0,0,0,0,0
22:00:21.029,0,0,0,0,0
22:00:21.029,0,1,0,0,0
22:00:21.289,0,1,0,0,0
22:00:21.289,1,1,0,0,0
22:00:21.893,1,1,0,0,0
22:00:21.893,1,0,0,0,0
22:00:22.766,1,0,0,0,0
22:00:22.766,1,1,0,0,0
22:00:23.299,1,1,0,0,0
22:00:23.299,0,1,0,0,0
22:00:23.627,0,1,0,0,0
22:00:23.627,0,0,0,0,0
22:00:24.493,0,0,0,0,0
22:00:24.493,0,1,0,0,0
22:00:25.301,0,1,0,0,0
22:00:25.301,1,1,0,0,0
22:00:25.366,1,1,0,0,0
22:00:25.366,1,0,0,0,0
22:00:26.238,1,0,0,0,0
22:00:26.238,1,1,0,0,0
22:00:27.098,1,1,0,0,0
22:00:27.098,1,0,0,0,0
22:00:27.307,1,0,0,0,0
22:00:27.307,0,0,0,0,0
22:00:27.966,0,0,0,0,0
22:00:27.966,0,1,0,0,0
22:00:28.841,0,1,0,0,0
22:00:28.841,0,0,0,0,0
22:00:29.329,0,0,0,0,0
22:00:29.329,1,0,0,0,0
22:00:29.733,1,0,0,0,0
22:00:29.733,1,1,0,0,0
22:00:30.599,1,1,0,0,0
22:00:30.599,1,0,0,0,0
22:00:31.376,1,0,0,0,0
22:00:31.376,0,0,0,0,0
22:00:31.465,0,0,0,0,0
22:00:31.465,0,1,0,0,0
22:00:32.332,0,1,0,0,0
22:00:32.332,0,0,0,0,0
22:00:33.201,0,0,0,0,0
22:00:33.201,0,1,0,0,0
22:00:33.388,0,1,0,0,0
22:00:33.388,1,1,0,0,0
22:00:34.062,1,1,0,0,0
22:00:34.062,1,0,0,0,0
22:00:34.929,1,0,0,0,0
22:00:34.929,1,1,0,0,0
22:00:35.423,1,1,0,0,0
22:00:35.423,0,1,0,0,0
22:00:35.829,0,1,0,0,0
22:00:35.829,0,0,0,0,0
22:00:36.695,0,0,0,0,0
22:00:36.695,0,1,0,0,0
22:00:37.447,0,1,0,0,0
22:00:37.447,1,1,0,0,0
22:00:37.555,1,1,0,0,0
22:00:37.555,1,0,0,0,0
22:00:38.424,1,0,0,0,0
22:00:38.424,1,1,0,0,0
22:00:39.285,1,1,0,0,0
22:00:39.285,1,0,0,0,0
22:00:39.468,1,0,0,0,0
22:00:39.468,0,0,0,0,0
22:00:40.149,0,0,0,0,0
22:00:40.149,0,1,0,0,0
22:00:41.010,0,1,0,0,0
22:00:41.010,0,0,0,0,0
22:00:41.481,0,0,0,0,0
22:00:41.481,1,0,0,0,0
22:00:41.884,1,0,0,0,0
22:00:41.884,1,1,0,0,0
22:00:42.747,1,1,0,0,0
22:00:42.747,1,0,0,0,0
22:00:43.504,1,0,0,0,0
22:00:43.504,0,0,0,0,0
22:00:43.609,0,0,0,0,0
22:00:43.609,0,1,0,0,0
22:00:44.478,0,1,0,0,0
22:00:44.478,0,0,0,0,0
22:00:45.350,0,0,0,0,0
22:00:45.350,0,1,0,0,0
22:00:45.543,0,1,0,0,0
22:00:45.543,1,1,0,0,0
22:00:46.209,1,1,0,0,0
22:00:46.209,1,0,0,0,0
22:00:47.076,1,0,0,0,0
22:00:47.076,1,1,0,0,0
22:00:47.543,1,1,0,0,0
22:00:47.543,0,1,0,0,0
22:00:47.968,0,1,0,0,0
22:00:47.968,0,0,0,0,0
22:00:48.844,0,0,0,0,0
22:00:48.844,0,1,0,0,0
22:00:49.556,0,1,0,0,0
22:00:49.556,1,1,0,0,0
22:00:49.713,1,1,0,0,0
22:00:49.713,1,0,0,0,0
22:00:50.584,1,0,0,0,0
22:00:50.584,1,1,0,0,0
22:00:51.444,1,1,0,0,0
22:00:51.444,1,0,0,0,0
22:00:51.558,1,0,0,0,0
22:00:51.558,0,0,0,0,0
22:00:52.312,0,0,0,0,0
22:00:52.312,0,1,0,0,0
22:00:53.179,0,1,0,0,0
22:00:53.179,0,0,0,0,0
22:00:53.563,0,0,0,0,0
22:00:53.563,1,0,0,0,0
22:00:54.065,1,0,0,0,0
22:00:54.065,1,1,0,0,0
22:00:54.946,1,1,0,0,0
22:00:54.946,1,0,0,0,0
22:00:55.564,1,0,0,0,0
22:00:55.564,0,0,0,0,0
22:00:55.813,0,0,0,0,0
22:00:55.813,0,1,0,0,0
22:00:56.679,0,1,0,0,0
22:00:56.679,0,0,0,0,0
22:00:57.545,0,0,0,0,0
22:00:57.545,0,1,0,0,0
22:00:57.579,0,1,0,0,0
22:00:57.579,1,1,0,0,0
22:00:58.408,1,1,0,0,0
22:00:58.408,1,0,0,0,0
22:00:59.307,1,0,0,0,0
22:00:59.307,1,1,0,0,0
22:00:59.579,1,1,0,0,0
22:00:59.579,0,1,0,0,0
22:01:00.177,0,1,0,0,0
22:01:00.177,0,0,0,0,0
22:01:01.045,0,0,0,0,0
22:01:01.045,0,1,0,0,0
22:01:01.581,0,1,0,0,0
22:01:01.581,1,1,0,0,0
22:01:01.910,1,1,0,0,0
22:01:01.910,1,0,0,0,0
22:01:02.777,1,0,0,0,0
22:01:02.777,1,1,0,0,0
22:01:03.594,1,1,0,0,0
22:01:03.594,0,1,0,0,0
22:01:03.643,0,1,0,0,0
22:01:03.643,0,0,0,0,0
22:01:04.509,0,0,0,0,0
22:01:04.509,0,1,0,0,0
22:01:05.392,0,1,0,0,0
22:01:05.392,0,0,0,0,0
22:01:05.603,0,0,0,0,0
22:01:05.603,1,0,0,0,0
22:01:06.253,1,0,0,0,0
22:01:06.253,1,1,0,0,0
22:01:07.127,1,1,0,0,0
22:01:07.127,1,0,0,0,0
22:01:07.605,1,0,0,0,0
22:01:07.605,0,0,0,0,0
22:01:07.992,0,0,0,0,0
22:01:07.992,0,1,0,0,0
22:01:08.856,0,1,0,0,0
22:01:08.856,0,0,0,0,0
22:01:09.612,0,0,0,0,0
22:01:09.612,1,0,0,0,0
22:01:09.726,1,0,0,0,0
22:01:09.726,1,1,0,0,0
22:01:10.633,1,1,0,0,0
22:01:10.633,1,0,0,0,0
22:01:11.493,1,0,0,0,0
22:01:11.493,1,1,0,0,0
22:01:11.625,1,1,0,0,0
22:01:11.625,0,1,0,0,0
22:01:12.359,0,1,0,0,0
22:01:12.359,0,0,0,0,0
22:01:13.223,0,0,0,0,0
22:01:13.223,0,1,0,0,0
22:01:13.625,0,1,0,0,0
22:01:13.625,1,1,0,0,0
22:01:14.088,1,1,0,0,0
22:01:14.088,1,0,0,0,0
22:01:14.958,1,0,0,0,0
22:01:14.958,1,1,0,0,0
22:01:15.626,1,1,0,0,0
22:01:15.626,0,1,0,0,0
22:01:15.822,0,1,0,0,0
22:01:15.822,0,0,0,0,0
22:01:16.686,0,0,0,0,0
22:01:16.686,0,1,0,0,0
22:01:17.574,0,1,0,0,0
22:01:17.574,0,0,0,0,0
22:01:17.627,0,0,0,0,0
22:01:17.627,1,0,0,0,0
22:01:18.442,1,0,0,0,0
22:01:18.442,1,1,0,0,0
22:01:19.311,1,1,0,0,0
22:01:19.311,1,0,0,0,0
22:01:19.642,1,0,0,0,0
22:01:19.642,0,0,0,0,0
22:01:20.178,0,0,0,0,0
22:01:20.178,0,1,0,0,0
22:01:21.043,0,1,0,0,0
22:01:21.043,0,0,0,0,0
22:01:21.642,0,0,0,0,0
22:01:21.642,1,0,0,0,0
22:01:21.909,1,0,0,0,0
22:01:21.909,1,1,0,0,0
22:01:22.845,1,1,0,0,0
22:01:22.845,1,0,0,0,0
22:01:23.648,1,0,0,0,0
22:01:23.648,0,0,0,0,0
22:01:23.707,0,0,0,0,0
22:01:23.707,0,1,0,0,0
22:01:24.578,0,1,0,0,0
22:01:24.578,0,0,0,0,0
22:01:25.454,0,0,0,0,0
22:01:25.454,0,1,0,0,0
22:01:25.660,0,1,0,0,0
22:01:25.660,1,1,0,0,0
22:01:26.327,1,1,0,0,0
22:01:26.327,1,0,0,0,0
22:01:27.201,1,0,0,0,0
22:01:27.201,1,1,0,0,0
22:01:27.675,1,1,0,0,0
22:01:27.675,0,1,0,0,0
22:01:28.084,0,1,0,0,0
22:01:28.084,0,0,0,0,0
22:01:28.958,0,0,0,0,0
22:01:28.958,0,1,0,0,0
22:01:29.707,0,1,0,0,0
22:01:29.707,1,1,0,0,0
22:01:29.824,1,1,0,0,0
22:01:29.824,1,0,0,0,0
22:01:30.696,1,0,0,0,0
22:01:30.696,1,1,0,0,0
22:01:31.556,1,1,0,0,0
22:01:31.556,1,0,0,0,0
22:01:31.723,1,0,0,0,0
22:01:31.723,0,0,0,0,0
22:01:32.422,0,0,0,0,0
22:01:32.422,0,1,0,0,0
22:01:33.333,0,1,0,0,0
22:01:33.333,0,0,0,0,0
22:01:33.747,0,0,0,0,0
22:01:33.747,1,0,0,0,0
22:01:34.206,1,0,0,0,0
22:01:34.206,1,1,0,0,0
22:01:35.072,1,1,0,0,0
22:01:35.072,1,0,0,0,0
22:01:35.756,1,0,0,0,0
22:01:35.756,0,0,0,0,0
22:01:35.939,0,0,0,0,0
22:01:35.939,0,1,0,0,0
22:01:36.805,0,1,0,0,0
22:01:36.805,0,0,0,0,0
22:01:37.672,0,0,0,0,0
22:01:37.672,0,1,0,0,0
22:01:37.760,0,1,0,0,0
22:01:37.760,1,1,0,0,0
22:01:38.590,1,1,0,0,0
22:01:38.590,1,0,0,0,0
22:01:39.453,1,0,0,0,0
22:01:39.453,1,1,0,0,0
22:01:39.830,1,1,0,0,0
22:01:39.830,0,1,0,0,0
22:01:40.322,0,1,0,0,0
22:01:40.322,0,0,0,0,0
22:01:41.186,0,0,0,0,0
22:01:41.186,0,1,0,0,0
22:01:41.843,0,1,0,0,0
22:01:41.843,1,1,0,0,0
22:01:42.051,1,1,0,0,0
22:01:42.051,1,0,0,0,0
22:01:42.921,1,0,0,0,0
22:01:42.921,1,1,0,0,0
22:01:43.786,1,1,0,0,0
22:01:43.786,1,0,0,0,0
22:01:43.861,1,0,0,0,0
22:01:43.861,0,0,0,0,0
22:01:44.680,0,0,0,0,0
22:01:44.680,0,1,0,0,0
22:01:45.554,0,1,0,0,0
22:01:45.554,0,0,0,0,0
22:01:45.889,0,0,0,0,0
22:01:45.889,1,0,0,0,0
22:01:46.418,1,0,0,0,0
22:01:46.418,1,1,0,0,0
22:01:47.284,1,1,0,0,0
22:01:47.284,1,0,0,0,0
22:01:47.920,1,0,0,0,0
22:01:47.920,0,0,0,0,0
22:01:48.154,0,0,0,0,0
22:01:48.154,0,1,0,0,0
22:01:49.020,0,1,0,0,0
22:01:49.020,0,0,0,0,0
22:01:49.942,0,0,0,0,0
22:01:49.942,0,1,0,0,0
22:01:49.942,0,1,0,0,0
22:01:49.942,1,1,0,0,0
22:01:50.803,1,1,0,0,0
22:01:50.803,1,0,0,0,0
22:01:51.670,1,0,0,0,0
22:01:51.670,1,1,0,0,0
22:01:51.975,1,1,0,0,0
22:01:51.975,0,1,0,0,0
22:01:52.536,0,1,0,0,0
22:01:52.536,0,0,0,0,0
22:01:53.401,0,0,0,0,0
22:01:53.401,0,1,0,0,0
22:01:53.976,0,1,0,0,0
22:01:53.976,1,1,0,0,0
22:01:54.269,1,1,0,0,0
22:01:54.269,1,0,0,0,0
22:01:55.137,1,0,0,0,0
22:01:55.137,1,1,0,0,0
22:01:55.975,1,1,0,0,0
22:01:55.975,0,1,0,0,0
22:01:56.019,0,1,0,0,0
22:01:56.019,0,0,0,0,0
22:01:56.885,0,0,0,0,0
22:01:56.885,0,1,0,0,0
22:01:57.752,0,1,0,0,0
22:01:57.752,0,0,0,0,0
22:01:58.020,0,0,0,0,0
22:01:58.020,1,0,0,0,0
22:01:58.619,1,0,0,0,0
22:01:58.619,1,1,0,0,0
22:01:59.486,1,1,0,0,0
22:01:59.486,1,0,0,0,0
22:02:00.020,1,0,0,0,0
22:02:00.020,0,0,0,0,0
22:02:00.357,0,0,0,0,0
22:02:00.357,0,1,0,0,0
22:02:01.223,0,1,0,0,0
22:02:01.223,0,0,0,0,0
22:02:02.030,0,0,0,0,0
22:02:02.030,1,0,0,0,0
22:02:02.092,1,0,0,0,0
22:02:02.092,1,1,0,0,0
22:02:02.953,1,1,0,0,0
22:02:02.953,1,0,0,0,0
22:02:03.813,1,0,0,0,0
22:02:03.813,1,1,0,0,0
22:02:04.044,1,1,0,0,0
22:02:04.044,0,1,0,0,0
22:02:04.687,0,1,0,0,0
22:02:04.687,0,0,0,0,0
22:02:05.553,0,0,0,0,0
22:02:05.553,0,1,0,0,0
22:02:06.082,0,1,0,0,0
22:02:06.082,1,1,0,0,0
22:02:06.426,1,1,0,0,0
22:02:06.426,1,0,0,0,0
22:02:07.287,1,0,0,0,0
22:02:07.287,1,1,0,0,0
22:02:08.087,1,1,0,0,0
22:02:08.087,0,1,0,0,0
22:02:08.152,0,1,0,0,0
22:02:08.152,0,0,0,0,0
22:02:09.018,0,0,0,0,0
22:02:09.018,0,1,0,0,0
22:02:09.885,0,1,0,0,0
22:02:09.885,0,0,0,0,0
22:02:10.098,0,0,0,0,0
22:02:10.098,1,0,0,0,0
22:02:10.753,1,0,0,0,0
22:02:10.753,1,1,0,0,0
22:02:11.618,1,1,0,0,0
22:02:11.618,1,0,0,0,0
22:02:12.100,1,0,0,0,0
22:02:12.100,0,0,0,0,0
22:02:12.523,0,0,0,0,0
22:02:12.523,0,1,0,0,0
22:02:13.384,0,1,0,0,0
22:02:13.384,0,0,0,0,0
22:02:14.127,0,0,0,0,0
22:02:14.127,1,0,0,0,0
22:02:14.251,1,0,0,0,0
22:02:14.251,1,1,0,0,0
22:02:15.117,1,1,0,0,0
22:02:15.117,1,0,0,0,0
22:02:15.985,1,0,0,0,0
22:02:15.985,1,1,0,0,0
22:02:16.169,1,1,0,0,0
22:02:16.169,0,1,0,0,0
22:02:16.850,0,1,0,0,0
22:02:16.850,0,0,0,0,0
22:02:17.737,0,0,0,0,0
22:02:17.737,0,1,0,0,0
22:02:18.180,0,1,0,0,0
22:02:18.180,1,1,0,0,0
22:02:18.605,1,1,0,0,0
22:02:18.605,1,0,0,0,0
22:02:19.466,1,0,0,0,0
22:02:19.466,1,1,0,0,0
22:02:20.208,1,1,0,0,0
22:02:20.208,0,1,0,0,0
22:02:20.332,0,1,0,0,0
22:02:20.332,0,0,0,0,0
22:02:21.207,0,0,0,0,0
22:02:21.207,0,1,0,0,0
22:02:22.074,0,1,0,0,0
22:02:22.074,0,0,0,0,0
22:02:22.216,0,0,0,0,0
22:02:22.216,1,0,0,0,0
22:02:22.947,1,0,0,0,0
22:02:22.947,1,1,0,0,0
22:02:23.850,1,1,0,0,0
22:02:23.850,1,0,0,0,0
22:02:24.279,1,0,0,0,0
22:02:24.279,0,0,0,0,0
22:02:24.713,0,0,0,0,0
22:02:24.713,0,1,0,0,0
22:02:25.574,0,1,0,0,0
22:02:25.574,0,0,0,0,0
22:02:26.281,0,0,0,0,0
22:02:26.281,1,0,0,0,0
22:02:26.448,1,0,0,0,0
22:02:26.448,1,1,0,0,0
22:02:27.312,1,1,0,0,0
22:02:27.312,1,0,0,0,0
22:02:28.185,1,0,0,0,0
22:02:28.185,1,1,0,0,0
22:02:28.290,1,1,0,0,0
22:02:28.290,0,1,0,0,0
22:02:29.060,0,1,0,0,0
22:02:29.060,0,0,0,0,0
22:02:29.933,0,0,0,0,0
22:02:29.933,0,1,0,0,0
22:02:30.309,0,1,0,0,0
22:02:30.309,1,1,0,0,0
22:02:30.796,1,1,0,0,0
22:02:30.796,1,0,0,0,0
22:02:31.661,1,0,0,0,0
22:02:31.661,1,1,0,0,0
22:02:32.330,1,1,0,0,0
22:02:32.330,0,1,0,0,0
22:02:32.525,0,1,0,0,0
22:02:32.525,0,0,0,0,0
22:02:33.397,0,0,0,0,0
22:02:33.397,0,1,0,0,0
22:02:34.263,0,1,0,0,0
22:02:34.263,0,0,0,0,0
22:02:34.367,0,0,0,0,0
22:02:34.367,1,0,0,0,0
22:02:35.126,1,0,0,0,0
22:02:35.126,1,1,0,0,0
22:02:35.996,1,1,0,0,0
22:02:35.996,1,0,0,0,0
22:02:36.430,1,0,0,0,0
22:02:36.430,0,0,0,0,0
22:02:36.863,0,0,0,0,0
22:02:36.863,0,1,0,0,0
22:02:37.731,0,1,0,0,0
22:02:37.731,0,0,0,0,0
22:02:38.456,0,0,0,0,0
22:02:38.456,1,0,0,0,0
22:02:38.596,1,0,0,0,0
22:02:38.596,1,1,0,0,0
22:02:39.469,1,1,0,0,0
22:02:39.469,1,0,0,0,0
22:02:40.341,1,0,0,0,0
22:02:40.341,1,1,0,0,0
22:02:40.466,1,1,0,0,0
22:02:40.466,0,1,0,0,0
22:02:41.214,0,1,0,0,0
22:02:41.214,0,0,0,0,0
22:02:42.079,0,0,0,0,0
22:02:42.079,0,1,0,0,0
22:02:42.467,0,1,0,0,0
22:02:42.467,1,1,0,0,0
22:02:42.945,1,1,0,0,0
22:02:42.945,1,0,0,0,0
22:02:43.812,1,0,0,0,0
22:02:43.812,1,1,0,0,0
22:02:44.460,1,1,0,0,0
22:02:44.460,0,1,0,0,0
22:02:44.679,0,1,0,0,0
22:02:44.679,0,0,0,0,0
22:02:45.538,0,0,0,0,0
22:02:45.538,0,1,0,0,0
22:02:46.411,0,1,0,0,0
22:02:46.411,0,0,0,0,0
22:02:46.477,0,0,0,0,0
22:02:46.477,1,0,0,0,0
22:02:47.275,1,0,0,0,0
22:02:47.275,1,1,0,0,0
22:02:48.147,1,1,0,0,0
22:02:48.147,1,0,0,0,0
22:02:48.492,1,0,0,0,0
22:02:48.492,0,0,0,0,0
22:02:49.020,0,0,0,0,0
22:02:49.020,0,1,0,0,0
22:02:49.883,0,1,0,0,0
22:02:49.883,0,0,0,0,0
22:02:50.496,0,0,0,0,0
22:02:50.496,1,0,0,0,0
22:02:50.742,1,0,0,0,0
22:02:50.742,1,1,0,0,0
22:02:51.611,1,1,0,0,0
22:02:51.611,1,0,0,0,0
22:02:52.476,1,0,0,0,0
22:02:52.476,1,1,0,0,0
22:02:52.508,1,1,0,0,0
22:02:52.508,0,1,0,0,0
22:02:53.345,0,1,0,0,0
22:02:53.345,0,0,0,0,0
22:02:54.207,0,0,0,0,0
22:02:54.207,0,1,0,0,0
22:02:54.508,0,1,0,0,0
22:02:54.508,1,1,0,0,0
22:02:55.073,1,1,0,0,0
22:02:55.073,1,0,0,0,0
22:02:55.944,1,0,0,0,0
22:02:55.944,1,1,0,0,0
22:02:56.510,1,1,0,0,0
22:02:56.510,0,1,0,0,0
22:02:56.809,0,1,0,0,0
22:02:56.809,0,0,0,0,0
22:02:57.672,0,0,0,0,0
22:02:57.672,0,1,0,0,0
22:02:58.511,0,1,0,0,0
22:02:58.511,1,1,0,0,0
22:02:58.543,1,1,0,0,0
22:02:58.543,1,0,0,0,0
22:02:59.417,1,0,0,0,0
22:02:59.417,1,1,0,0,0
22:03:00.290,1,1,0,0,0
22:03:00.290,1,0,0,0,0
22:03:00.513,1,0,0,0,0
22:03:00.513,0,0,0,0,0
22:03:01.159,0,0,0,0,0
22:03:01.159,0,1,0,0,0
22:03:02.025,0,1,0,0,0
22:03:02.025,0,0,0,0,0
22:03:02.525,0,0,0,0,0
22:03:02.525,1,0,0,0,0
22:03:02.892,1,0,0,0,0
22:03:02.892,1,1,0,0,0
22:03:03.763,1,1,0,0,0
22:03:03.763,1,0,0,0,0
22:03:04.526,1,0,0,0,0
22:03:04.526,0,0,0,0,0
22:03:04.623,0,0,0,0,0
22:03:04.623,0,1,0,0,0
22:03:05.492,0,1,0,0,0
22:03:05.492,0,0,0,0,0
22:03:06.353,0,0,0,0,0
22:03:06.353,0,1,0,0,0
22:03:06.528,0,1,0,0,0
22:03:06.528,1,1,0,0,0
22:03:07.245,1,1,0,0,0
22:03:07.245,1,0,0,0,0
22:03:08.118,1,0,0,0,0
22:03:08.118,1,1,0,0,0
22:03:08.538,1,1,0,0,0
22:03:08.538,0,1,0,0,0
22:03:08.980,0,1,0,0,0
22:03:08.980,0,0,0,0,0
22:03:09.842,0,0,0,0,0
22:03:09.842,0,1,0,0,0
22:03:10.542,0,1,0,0,0
22:03:10.542,1,1,0,0,0
22:03:10.708,1,1,0,0,0
22:03:10.708,1,0,0,0,0
22:03:11.571,1,0,0,0,0
22:03:11.571,1,1,0,0,0
22:03:12.435,1,1,0,0,0
22:03:12.435,1,0,0,0,0
22:03:12.553,1,0,0,0,0
22:03:12.553,0,0,0,0,0
22:03:13.304,0,0,0,0,0
22:03:13.304,0,1,0,0,0
22:03:14.172,0,1,0,0,0
22:03:14.172,0,0,0,0,0
22:03:14.562,0,0,0,0,0
22:03:14.562,1,0,0,0,0
22:03:15.046,1,0,0,0,0
22:03:15.046,1,1,0,0,0
22:03:15.909,1,1,0,0,0
22:03:15.909,1,0,0,0,0
22:03:16.572,1,0,0,0,0
22:03:16.572,0,0,0,0,0
22:03:16.771,0,0,0,0,0
22:03:16.771,0,1,0,0,0
22:03:17.635,0,1,0,0,0
22:03:17.635,0,0,0,0,0
22:03:18.496,0,0,0,0,0
22:03:18.496,0,1,0,0,0
22:03:18.572,0,1,0,0,0
22:03:18.572,1,1,0,0,0
22:03:19.370,1,1,0,0,0
22:03:19.370,1,0,0,0,0
22:03:20.233,1,0,0,0,0
22:03:20.233,1,1,0,0,0
22:03:20.583,1,1,0,0,0
22:03:20.583,0,1,0,0,0
22:03:21.102,0,1,0,0,0
22:03:21.102,0,0,0,0,0
22:03:21.974,0,0,0,0,0
22:03:21.974,0,1,0,0,0
22:03:22.585,0,1,0,0,0
22:03:22.585,1,1,0,0,0
22:03:22.848,1,1,0,0,0
22:03:22.848,1,0,0,0,0
22:03:23.714,1,0,0,0,0
22:03:23.714,1,1,0,0,0
22:03:24.588,1,1,0,0,0
22:03:24.588,1,0,0,0,0
22:03:24.588,1,0,0,0,0
22:03:24.588,0,0,0,0,0
22:03:25.459,0,0,0,0,0
22:03:25.459,0,1,0,0,0
22:03:26.340,0,1,0,0,0
22:03:26.340,0,0,0,0,0
22:03:26.588,0,0,0,0,0
22:03:26.588,1,0,0,0,0
22:03:27.202,1,0,0,0,0
22:03:27.202,1,1,0,0,0
22:03:28.069,1,1,0,0,0
22:03:28.069,1,0,0,0,0
22:03:28.601,1,0,0,0,0
22:03:28.601,0,0,0,0,0
22:03:28.937,0,0,0,0,0
22:03:28.937,0,1,0,0,0
22:03:29.804,0,1,0,0,0
22:03:29.804,0,0,0,0,0
22:03:30.614,0,0,0,0,0
22:03:30.614,1,0,0,0,0
22:03:30.678,1,0,0,0,0
22:03:30.678,1,1,0,0,0
22:03:31.553,1,1,0,0,0
22:03:31.553,1,0,0,0,0
22:03:32.418,1,0,0,0,0
22:03:32.418,1,1,0,0,0
22:03:32.619,1,1,0,0,0
22:03:32.619,0,1,0,0,0
22:03:33.306,0,1,0,0,0
22:03:33.306,0,0,0,0,0
22:03:34.171,0,0,0,0,0
22:03:34.171,0,1,0,0,0
22:03:34.622,0,1,0,0,0
22:03:34.622,1,1,0,0,0
22:03:35.036,1,1,0,0,0
22:03:35.036,1,0,0,0,0
22:03:35.896,1,0,0,0,0
22:03:35.896,1,1,0,0,0
22:03:36.621,1,1,0,0,0
22:03:36.621,0,1,0,0,0
22:03:36.770,0,1,0,0,0
22:03:36.770,0,0,0,0,0
22:03:37.637,0,0,0,0,0
22:03:37.637,0,1,0,0,0
22:03:38.503,0,1,0,0,0
22:03:38.503,0,0,0,0,0
22:03:38.638,0,0,0,0,0
22:03:38.638,1,0,0,0,0
22:03:39.415,1,0,0,0,0
22:03:39.415,1,1,0,0,0
22:03:40.279,1,1,0,0,0
22:03:40.279,1,0,0,0,0
22:03:40.650,1,0,0,0,0
22:03:40.650,0,0,0,0,0
22:03:41.142,0,0,0,0,0
22:03:41.142,0,1,0,0,0
22:03:42.017,0,1,0,0,0
22:03:42.017,0,0,0,0,0
22:03:42.717,0,0,0,0,0
22:03:42.717,1,0,0,0,0
22:03:42.886,1,0,0,0,0
22:03:42.886,1,1,0,0,0
22:03:43.748,1,1,0,0,0
22:03:43.748,1,0,0,0,0
22:03:44.618,1,0,0,0,0
22:03:44.618,1,1,0,0,0
22:03:44.794,1,1,0,0,0
22:03:44.794,0,1,0,0,0
22:03:45.588,0,1,0,0,0
22:03:45.588,0,0,0,0,0
22:03:46.449,0,0,0,0,0
22:03:46.449,0,1,0,0,0
22:03:46.821,0,1,0,0,0
22:03:46.821,1,1,0,0,0
22:03:47.319,1,1,0,0,0
22:03:47.319,1,0,0,0,0
22:03:48.185,1,0,0,0,0
22:03:48.185,1,1,0,0,0
22:03:48.845,1,1,0,0,0
22:03:48.845,0,1,0,0,0
22:03:49.047,0,1,0,0,0
22:03:49.047,0,0,0,0,0
22:03:49.924,0,0,0,0,0
22:03:49.924,0,1,0,0,0
22:03:50.880,0,1,0,0,0
22:03:50.880,0,0,0,0,0
22:03:50.881,0,0,0,0,0
22:03:50.881,1,0,0,0,0
22:03:51.751,1,0,0,0,0
22:03:51.751,1,1,0,0,0
22:03:52.614,1,1,0,0,0
22:03:52.614,1,0,0,0,0
22:03:52.919,1,0,0,0,0
22:03:52.919,0,0,0,0,0
22:03:53.485,0,0,0,0,0
22:03:53.485,0,1,0,0,0
22:03:54.346,0,1,0,0,0
22:03:54.346,0,0,0,0,0
22:03:54.930,0,0,0,0,0
22:03:54.930,1,0,0,0,0
22:03:55.296,1,0,0,0,0
22:03:55.296,1,1,0,0,0
22:03:56.163,1,1,0,0,0
22:03:56.163,1,0,0,0,0
22:03:56.932,1,0,0,0,0
22:03:56.932,0,0,0,0,0
22:03:57.028,0,0,0,0,0
22:03:57.028,0,1,0,0,0
22:03:57.887,0,1,0,0,0
22:03:57.887,0,0,0,0,0
22:03:58.749,0,0,0,0,0
22:03:58.749,0,1,0,0,0
22:03:58.940,0,1,0,0,0
22:03:58.940,1,1,0,0,0
22:03:59.616,1,1,0,0,0
22:03:59.616,1,0,0,0,0
22:04:00.476,1,0,0,0,0
22:04:00.476,1,1,0,0,0
22:04:01.040,1,1,0,0,0
22:04:01.040,0,1,0,0,0
22:04:01.429,0,1,0,0,0
22:04:01.429,0,0,0,0,0
22:04:02.298,0,0,0,0,0
22:04:02.298,0,1,0,0,0
22:04:03.053,0,1,0,0,0
22:04:03.053,1,1,0,0,0
22:04:03.161,1,1,0,0,0
22:04:03.161,1,0,0,0,0
22:04:04.030,1,0,0,0,0
22:04:04.030,1,1,0,0,0
22:04:04.901,1,1,0,0,0
22:04:04.901,1,0,0,0,0
22:04:05.064,1,0,0,0,0
22:04:05.064,0,0,0,0,0
22:04:05.769,0,0,0,0,0
22:04:05.769,0,1,0,0,0
22:04:06.716,0,1,0,0,0
22:04:06.716,0,0,0,0,0
22:04:07.121,0,0,0,0,0
22:04:07.121,1,0,0,0,0
22:04:07.583,1,0,0,0,0
22:04:07.583,1,1,0,0,0
22:04:08.451,1,1,0,0,0
22:04:08.451,1,0,0,0,0
22:04:09.140,1,0,0,0,0
22:04:09.140,0,0,0,0,0
22:04:09.315,0,0,0,0,0
22:04:09.315,0,1,0,0,0
22:04:10.198,0,1,0,0,0
22:04:10.198,0,0,0,0,0
22:04:11.174,0,0,0,0,0
22:04:11.174,0,1,0,0,0
22:04:11.174,0,1,0,0,0
22:04:11.174,1,1,0,0,0
22:04:12.039,1,1,0,0,0
22:04:12.039,1,0,0,0,0
22:04:12.911,1,0,0,0,0
22:04:12.911,1,1,0,0,0
22:04:13.201,1,1,0,0,0
22:04:13.201,0,1,0,0,0
22:04:13.779,0,1,0,0,0
22:04:13.779,0,0,0,0,0
22:04:14.678,0,0,0,0,0
22:04:14.678,0,1,0,0,0
22:04:15.235,0,1,0,0,0
22:04:15.235,1,1,0,0,0
22:04:15.625,1,1,0,0,0
22:04:15.625,1,0,0,0,0
22:04:16.492,1,0,0,0,0
22:04:16.492,1,1,0,0,0
22:04:17.266,1,1,0,0,0
22:04:17.266,0,1,0,0,0
22:04:17.364,0,1,0,0,0
22:04:17.364,0,0,0,0,0
22:04:18.238,0,0,0,0,0
22:04:18.238,0,1,0,0,0
22:04:19.111,0,1,0,0,0
22:04:19.111,0,0,0,0,0
22:04:19.276,0,0,0,0,0
22:04:19.276,1,0,0,0,0
22:04:20.096,1,0,0,0,0
22:04:20.096,1,1,0,0,0
22:04:20.962,1,1,0,0,0
22:04:20.962,1,0,0,0,0
22:04:21.326,1,0,0,0,0
22:04:21.326,0,0,0,0,0
22:04:21.822,0,0,0,0,0
22:04:21.822,0,1,0,0,0
22:04:22.695,0,1,0,0,0
22:04:22.695,0,0,0,0,0
22:04:23.383,0,0,0,0,0
22:04:23.383,1,0,0,0,0
22:04:23.564,1,0,0,0,0
22:04:23.564,1,1,0,0,0
22:04:24.451,1,1,0,0,0
22:04:24.451,1,0,0,0,0
22:04:25.417,1,0,0,0,0
22:04:25.417,1,1,0,0,0
22:04:25.417,1,1,0,0,0
22:04:25.417,0,1,0,0,0
22:04:26.281,0,1,0,0,0
22:04:26.281,0,0,0,0,0
22:04:27.141,0,0,0,0,0
22:04:27.141,0,1,0,0,0
22:04:27.430,0,1,0,0,0
22:04:27.430,1,1,0,0,0
22:04:28.006,1,1,0,0,0
22:04:28.006,1,0,0,0,0
22:04:28.873,1,0,0,0,0
22:04:28.873,1,1,0,0,0
22:04:29.478,1,1,0,0,0
22:04:29.478,0,1,0,0,0
22:04:29.808,0,1,0,0,0
22:04:29.808,0,0,0,0,0
22:04:30.680,0,0,0,0,0
22:04:30.680,0,1,0,0,0
22:04:31.495,0,1,0,0,0
22:04:31.495,1,1,0,0,0
22:04:31.542,1,1,0,0,0
22:04:31.542,1,0,0,0,0
22:04:32.408,1,0,0,0,0
22:04:32.408,1,1,0,0,0
22:04:33.271,1,1,0,0,0
22:04:33.271,1,0,0,0,0
22:04:33.512,1,0,0,0,0
22:04:33.512,0,0,0,0,0
22:04:34.171,0,0,0,0,0
22:04:34.171,0,1,0,0,0
22:04:35.103,0,1,0,0,0
22:04:35.103,0,0,0,0,0
22:04:35.512,0,0,0,0,0
22:04:35.512,1,0,0,0,0
22:04:35.967,1,0,0,0,0
22:04:35.967,1,1,0,0,0
22:04:36.840,1,1,0,0,0
22:04:36.840,1,0,0,0,0
22:04:37.562,1,0,0,0,0
22:04:37.562,0,0,0,0,0
22:04:37.711,0,0,0,0,0
22:04:37.711,0,1,0,0,0
22:04:38.575,0,1,0,0,0
22:04:38.575,0,0,0,0,0
22:04:39.455,0,0,0,0,0
22:04:39.455,0,1,0,0,0
22:04:39.601,0,1,0,0,0
22:04:39.601,1,1,0,0,0
22:04:40.423,1,1,0,0,0
22:04:40.423,1,0,0,0,0
22:04:41.295,1,0,0,0,0
22:04:41.295,1,1,0,0,0
22:04:41.611,1,1,0,0,0
22:04:41.611,0,1,0,0,0
22:04:42.154,0,1,0,0,0
22:04:42.154,0,0,0,0,0
22:04:43.021,0,0,0,0,0
22:04:43.021,0,1,0,0,0
22:04:43.614,0,1,0,0,0
22:04:43.614,1,1,0,0,0
22:04:43.908,1,1,0,0,0
22:04:43.908,1,0,0,0,0
22:04:44.785,1,0,0,0,0
22:04:44.785,1,1,0,0,0
22:04:45.619,1,1,0,0,0
22:04:45.619,0,1,0,0,0
22:04:45.646,0,1,0,0,0
22:04:45.646,0,0,0,0,0
22:04:46.509,0,0,0,0,0
22:04:46.509,0,1,0,0,0
22:04:47.379,0,1,0,0,0
22:04:47.379,0,0,0,0,0
22:04:47.627,0,0,0,0,0
22:04:47.627,1,0,0,0,0
22:04:48.243,1,0,0,0,0
22:04:48.243,1,1,0,0,0
22:04:49.114,1,1,0,0,0
22:04:49.114,1,0,0,0,0
22:04:49.662,1,0,0,0,0
22:04:49.662,0,0,0,0,0
22:04:49.980,0,0,0,0,0
22:04:49.980,0,1,0,0,0
22:04:50.949,0,1,0,0,0
22:04:50.949,0,0,0,0,0
22:04:51.776,0,0,0,0,0
22:04:51.776,1,0,0,0,0
22:04:51.822,1,0,0,0,0
22:04:51.822,1,1,0,0,0
22:04:52.688,1,1,0,0,0
22:04:52.688,1,0,0,0,0
22:04:53.551,1,0,0,0,0
22:04:53.551,1,1,0,0,0
22:04:53.801,1,1,0,0,0
22:04:53.801,0,1,0,0,0
22:04:54.419,0,1,0,0,0
22:04:54.419,0,0,0,0,0
22:04:55.292,0,0,0,0,0
22:04:55.292,0,1,0,0,0
22:04:55.809,0,1,0,0,0
22:04:55.809,1,1,0,0,0
22:04:56.280,1,1,0,0,0
22:04:56.280,1,0,0,0,0
22:04:57.151,1,0,0,0,0
22:04:57.151,1,1,0,0,0
22:04:57.927,1,1,0,0,0
22:04:57.927,0,1,0,0,0
22:04:58.021,0,1,0,0,0
22:04:58.021,0,0,0,0,0
22:04:58.880,0,0,0,0,0
22:04:58.880,0,1,0,0,0
22:04:59.753,0,1,0,0,0
22:04:59.753,0,0,0,0,0
22:04:59.958,0,0,0,0,0
22:04:59.958,1,0,0,0,0
22:05:00.638,1,0,0,0,0
22:05:00.638,1,1,0,0,0
22:05:01.593,1,1,0,0,0
22:05:01.593,1,0,0,0,0
22:05:01.999,1,0,0,0,0
22:05:01.999,0,0,0,0,0
22:05:02.467,0,0,0,0,0
22:05:02.467,0,1,0,0,0
22:05:03.339,0,1,0,0,0
22:05:03.339,0,0,0,0,0
22:05:04.058,0,0,0,0,0
22:05:04.058,1,0,0,0,0
22:05:04.200,1,0,0,0,0
22:05:04.200,1,1,0,0,0
22:05:05.071,1,1,0,0,0
22:05:05.071,1,0,0,0,0
22:05:05.950,1,0,0,0,0
22:05:05.950,1,1,0,0,0
22:05:06.108,1,1,0,0,0
22:05:06.108,0,1,0,0,0
22:05:06.866,0,1,0,0,0
22:05:06.866,0,0,0,0,0
22:05:07.741,0,0,0,0,0
22:05:07.741,0,1,0,0,0
22:05:08.139,0,1,0,0,0
22:05:08.139,1,1,0,0,0
22:05:08.606,1,1,0,0,0
22:05:08.606,1,0,0,0,0
22:05:09.481,1,0,0,0,0
22:05:09.481,1,1,0,0,0
22:05:10.140,1,1,0,0,0
22:05:10.140,0,1,0,0,0
22:05:10.356,0,1,0,0,0
22:05:10.356,0,0,0,0,0
22:05:11.229,0,0,0,0,0
22:05:11.229,0,1,0,0,0
22:05:12.128,0,1,0,0,0
22:05:12.128,0,0,0,0,0
22:05:12.140,0,0,0,0,0
22:05:12.140,1,0,0,0,0
22:05:13.000,1,0,0,0,0
22:05:13.000,1,1,0,0,0
22:05:13.867,1,1,0,0,0
22:05:13.867,1,0,0,0,0
22:05:14.208,1,0,0,0,0
22:05:14.208,0,0,0,0,0
22:05:14.739,0,0,0,0,0
22:05:14.739,0,1,0,0,0
22:05:15.604,0,1,0,0,0
22:05:15.604,0,0,0,0,0
22:05:16.240,0,0,0,0,0
22:05:16.240,1,0,0,0,0
22:05:16.472,1,0,0,0,0
22:05:16.472,1,1,0,0,0
22:05:17.451,1,1,0,0,0
22:05:17.451,1,0,0,0,0
22:05:18.271,1,0,0,0,0
22:05:18.271,0,0,0,0,0
22:05:18.315,0,0,0,0,0
22:05:18.315,0,1,0,0,0
22:05:19.187,0,1,0,0,0
22:05:19.187,0,0,0,0,0
22:05:20.053,0,0,0,0,0
22:05:20.053,0,1,0,0,0
22:05:20.317,0,1,0,0,0
22:05:20.317,1,1,0,0,0
22:05:20.914,1,1,0,0,0
22:05:20.914,1,0,0,0,0
22:05:21.810,1,0,0,0,0
22:05:21.810,1,1,0,0,0
22:05:22.382,1,1,0,0,0
22:05:22.382,0,1,0,0,0
22:05:22.738,0,1,0,0,0
22:05:22.738,0,0,0,0,0
22:05:23.601,0,0,0,0,0
22:05:23.601,0,1,0,0,0
22:05:24.398,0,1,0,0,0
22:05:24.398,1,1,0,0,0
22:05:24.471,1,1,0,0,0
22:05:24.471,1,0,0,0,0
22:05:25.337,1,0,0,0,0
22:05:25.337,1,1,0,0,0
22:05:26.203,1,1,0,0,0
22:05:26.203,1,0,0,0,0
22:05:26.395,1,0,0,0,0
22:05:26.395,0,0,0,0,0
22:05:27.073,0,0,0,0,0
22:05:27.073,0,1,0,0,0
22:05:28.020,0,1,0,0,0
22:05:28.020,0,0,0,0,0
22:05:28.438,0,0,0,0,0
22:05:28.438,1,0,0,0,0
22:05:28.898,1,0,0,0,0
22:05:28.898,1,1,0,0,0
22:05:29.764,1,1,0,0,0
22:05:29.764,1,0,0,0,0
22:05:30.453,1,0,0,0,0
22:05:30.453,0,0,0,0,0
22:05:30.637,0,0,0,0,0
22:05:30.637,0,1,0,0,0
22:05:31.503,0,1,0,0,0
22:05:31.503,0,0,0,0,0
22:05:32.479,0,0,0,0,0
22:05:32.479,0,1,0,0,0
22:05:32.479,0,1,0,0,0
22:05:32.479,1,1,0,0,0
22:05:33.351,1,1,0,0,0
22:05:33.351,1,0,0,0,0
22:05:34.220,1,0,0,0,0
22:05:34.220,1,1,0,0,0
22:05:34.527,1,1,0,0,0
22:05:34.527,0,1,0,0,0
22:05:35.086,0,1,0,0,0
22:05:35.086,0,0,0,0,0
22:05:35.949,0,0,0,0,0
22:05:35.949,0,1,0,0,0
22:05:36.543,0,1,0,0,0
22:05:36.543,1,1,0,0,0
22:05:36.804,1,1,0,0,0
22:05:36.804,1,0,0,0,0
22:05:37.749,1,0,0,0,0
22:05:37.749,1,1,0,0,0
22:05:38.566,1,1,0,0,0
22:05:38.566,0,1,0,0,0
22:05:38.617,0,1,0,0,0
22:05:38.617,0,0,0,0,0
22:05:39.479,0,0,0,0,0
22:05:39.479,0,1,0,0,0
22:05:40.352,0,1,0,0,0
22:05:40.352,0,0,0,0,0
22:05:40.618,0,0,0,0,0
22:05:40.618,1,0,0,0,0
22:05:41.219,1,0,0,0,0
22:05:41.219,1,1,0,0,0
22:05:42.219,1,1,0,0,0
22:05:42.219,1,0,0,0,0
22:05:42.628,1,0,0,0,0
22:05:42.628,0,0,0,0,0
22:05:43.085,0,0,0,0,0
22:05:43.085,0,1,0,0,0
22:05:43.948,0,1,0,0,0
22:05:43.948,0,0,0,0,0
22:05:44.636,0,0,0,0,0
22:05:44.636,1,0,0,0,0
22:05:44.812,1,0,0,0,0
22:05:44.812,1,1,0,0,0
22:05:45.707,1,1,0,0,0
22:05:45.707,1,0,0,0,0
22:05:46.610,1,0,0,0,0
22:05:46.610,1,1,0,0,0
22:05:46.636,1,1,0,0,0
22:05:46.636,0,1,0,0,0
22:05:47.484,0,1,0,0,0
22:05:47.484,0,0,0,0,0
22:05:48.358,0,0,0,0,0
22:05:48.358,0,1,0,0,0
22:05:48.664,0,1,0,0,0
22:05:48.664,1,1,0,0,0
22:05:49.232,1,1,0,0,0
22:05:49.232,1,0,0,0,0
22:05:50.094,1,0,0,0,0
22:05:50.094,1,1,0,0,0
22:05:50.671,1,1,0,0,0
22:05:50.671,0,1,0,0,0
22:05:50.973,0,1,0,0,0
22:05:50.973,0,0,0,0,0
22:05:51.926,0,0,0,0,0
22:05:51.926,0,1,0,0,0
22:05:52.737,0,1,0,0,0
22:05:52.737,1,1,0,0,0
22:05:52.795,1,1,0,0,0
22:05:52.795,1,0,0,0,0
22:05:53.656,1,0,0,0,0
22:05:53.656,1,1,0,0,0
22:05:54.528,1,1,0,0,0
22:05:54.528,1,0,0,0,0
22:05:54.751,1,0,0,0,0
22:05:54.751,0,0,0,0,0
22:05:55.396,0,0,0,0,0
22:05:55.396,0,1,0,0,0
22:05:56.330,0,1,0,0,0
22:05:56.330,0,0,0,0,0
22:05:56.766,0,0,0,0,0
22:05:56.766,1,0,0,0,0
22:05:57.199,1,0,0,0,0
22:05:57.199,1,1,0,0,0
22:05:58.059,1,1,0,0,0
22:05:58.059,1,0,0,0,0
22:05:58.780,1,0,0,0,0
22:05:58.780,0,0,0,0,0
22:05:58.930,0,0,0,0,0
22:05:58.930,0,1,0,0,0
22:05:59.791,0,1,0,0,0
22:05:59.791,0,0,0,0,0
22:06:00.677,0,0,0,0,0
22:06:00.677,0,1,0,0,0
22:06:00.832,0,1,0,0,0
22:06:00.832,1,1,0,0,0
22:06:01.617,1,1,0,0,0
22:06:01.617,1,0,0,0,0
22:06:02.477,1,0,0,0,0
22:06:02.477,1,1,0,0,0
22:06:02.839,1,1,0,0,0
22:06:02.839,0,1,0,0,0
22:06:03.342,0,1,0,0,0
22:06:03.342,0,0,0,0,0
22:06:04.215,0,0,0,0,0
22:06:04.215,0,1,0,0,0
22:06:04.847,0,1,0,0,0
22:06:04.847,1,1,0,0,0
22:06:05.081,1,1,0,0,0
22:06:05.081,1,0,0,0,0
22:06:05.945,1,0,0,0,0
22:06:05.945,1,1,0,0,0
22:06:06.904,1,1,0,0,0
22:06:06.904,1,0,0,0,0
22:06:06.905,1,0,0,0,0
22:06:06.905,0,0,0,0,0
22:06:07.778,0,0,0,0,0
22:06:07.778,0,1,0,0,0
22:06:08.640,0,1,0,0,0
22:06:08.640,0,0,0,0,0
22:06:08.924,0,0,0,0,0
22:06:08.924,1,0,0,0,0
22:06:09.508,1,0,0,0,0
22:06:09.508,1,1,0,0,0
22:06:10.432,1,1,0,0,0
22:06:10.432,1,0,0,0,0
22:06:10.929,1,0,0,0,0
22:06:10.929,0,0,0,0,0
22:06:11.311,0,0,0,0,0
22:06:11.311,0,1,0,0,0
22:06:12.182,0,1,0,0,0
22:06:12.182,0,0,0,0,0
22:06:12.928,0,0,0,0,0
22:06:12.928,1,0,0,0,0
22:06:13.056,1,0,0,0,0
22:06:13.056,1,1,0,0,0
22:06:13.930,1,1,0,0,0
22:06:13.930,1,0,0,0,0
22:06:14.791,1,0,0,0,0
22:06:14.791,1,1,0,0,0
22:06:15.008,1,1,0,0,0
22:06:15.008,0,1,0,0,0
22:06:15.667,0,1,0,0,0
22:06:15.667,0,0,0,0,0
22:06:16.625,0,0,0,0,0
22:06:16.625,0,1,0,0,0
22:06:17.014,0,1,0,0,0
22:06:17.014,1,1,0,0,0
22:06:17.496,1,1,0,0,0
22:06:17.496,1,0,0,0,0
22:06:18.363,1,0,0,0,0
22:06:18.363,1,1,0,0,0
22:06:19.026,1,1,0,0,0
22:06:19.026,0,1,0,0,0
22:06:19.231,0,1,0,0,0
22:06:19.231,0,0,0,0,0
22:06:20.103,0,0,0,0,0
22:06:20.103,0,1,0,0,0
22:06:21.101,0,1,0,0,0
22:06:21.101,0,0,0,0,0
22:06:21.104,0,0,0,0,0
22:06:21.104,1,0,0,0,0
22:06:21.970,1,0,0,0,0
22:06:21.970,1,1,0,0,0
22:06:22.844,1,1,0,0,0
22:06:22.844,1,0,0,0,0
22:06:23.110,1,0,0,0,0
22:06:23.110,0,0,0,0,0
22:06:23.717,0,0,0,0,0
22:06:23.717,0,1,0,0,0
22:06:24.581,0,1,0,0,0
22:06:24.581,0,0,0,0,0
22:06:25.111,0,0,0,0,0
22:06:25.111,1,0,0,0,0
22:06:25.528,1,0,0,0,0
22:06:25.528,1,1,0,0,0
22:06:26.397,1,1,0,0,0
22:06:26.397,1,0,0,0,0
22:06:27.226,1,0,0,0,0
22:06:27.226,0,0,0,0,0
22:06:27.270,0,0,0,0,0
22:06:27.270,0,1,0,0,0
22:06:28.142,0,1,0,0,0
22:06:28.142,0,0,0,0,0
22:06:29.015,0,0,0,0,0
22:06:29.015,0,1,0,0,0
22:06:29.255,0,1,0,0,0
22:06:29.255,1,1,0,0,0
22:06:29.878,1,1,0,0,0
22:06:29.878,1,0,0,0,0
22:06:30.869,1,0,0,0,0
22:06:30.869,1,1,0,0,0
22:06:31.311,1,1,0,0,0
22:06:31.311,0,1,0,0,0
22:06:31.746,0,1,0,0,0
22:06:31.746,0,0,0,0,0
22:06:32.618,0,0,0,0,0
22:06:32.618,0,1,0,0,0
22:06:33.317,0,1,0,0,0
22:06:33.317,1,1,0,0,0
22:06:33.491,1,1,0,0,0
22:06:33.491,1,0,0,0,0
22:06:34.360,1,0,0,0,0
22:06:34.360,1,1,0,0,0
22:06:35.240,1,1,0,0,0
22:06:35.240,1,0,0,0,0
22:06:35.357,1,0,0,0,0
22:06:35.357,0,0,0,0,0
22:06:36.213,0,0,0,0,0
22:06:36.213,0,1,0,0,0
22:06:37.086,0,1,0,0,0
22:06:37.086,0,0,0,0,0
22:06:37.441,0,0,0,0,0
22:06:37.441,1,0,0,0,0
22:06:37.950,1,0,0,0,0
22:06:37.950,1,1,0,0,0
22:06:38.823,1,1,0,0,0
22:06:38.823,1,0,0,0,0
22:06:39.506,1,0,0,0,0
22:06:39.506,0,0,0,0,0
22:06:39.685,0,0,0,0,0
22:06:39.685,0,1,0,0,0
22:06:40.551,0,1,0,0,0
22:06:40.551,0,0,0,0,0
22:06:41.496,0,0,0,0,0
22:06:41.496,0,1,0,0,0
22:06:41.507,0,1,0,0,0
22:06:41.507,1,1,0,0,0
22:06:42.359,1,1,0,0,0
22:06:42.359,1,0,0,0,0
22:06:43.224,1,0,0,0,0
22:06:43.224,1,1,0,0,0
22:06:43.514,1,1,0,0,0
22:06:43.514,0,1,0,0,0
22:06:44.084,0,1,0,0,0
22:06:44.084,0,0,0,0,0
22:06:44.948,0,0,0,0,0
22:06:44.948,0,1,0,0,0
22:06:45.556,0,1,0,0,0
22:06:45.556,1,1,0,0,0
22:06:45.809,1,1,0,0,0
22:06:45.809,1,0,0,0,0
22:06:46.673,1,0,0,0,0
22:06:46.673,1,1,0,0,0
22:06:47.588,1,1,0,0,0
22:06:47.588,1,0,0,0,0
22:06:47.588,1,0,0,0,0
22:06:47.588,0,0,0,0,0
22:06:48.457,0,0,0,0,0
22:06:48.457,0,1,0,0,0
22:06:49.323,0,1,0,0,0
22:06:49.323,0,0,0,0,0
22:06:49.630,0,0,0,0,0
22:06:49.630,1,0,0,0,0
22:06:50.191,1,0,0,0,0
22:06:50.191,1,1,0,0,0
22:06:51.053,1,1,0,0,0
22:06:51.053,1,0,0,0,0
22:06:51.683,1,0,0,0,0
22:06:51.683,0,0,0,0,0
22:06:51.942,0,0,0,0,0
22:06:51.942,0,1,0,0,0
22:06:52.867,0,1,0,0,0
22:06:52.867,0,0,0,0,0
22:06:53.705,0,0,0,0,0
22:06:53.705,1,0,0,0,0
22:06:53.736,1,0,0,0,0
22:06:53.736,1,1,0,0,0
22:06:54.607,1,1,0,0,0
22:06:54.607,1,0,0,0,0
22:06:55.470,1,0,0,0,0
22:06:55.470,1,1,0,0,0
22:06:55.711,1,1,0,0,0
22:06:55.711,0,1,0,0,0
22:06:56.340,0,1,0,0,0
22:06:56.340,0,0,0,0,0
22:06:57.221,0,0,0,0,0
22:06:57.221,0,1,0,0,0
22:06:57.774,0,1,0,0,0
22:06:57.774,1,1,0,0,0
22:06:58.181,1,1,0,0,0
22:06:58.181,1,0,0,0,0
22:06:59.056,1,0,0,0,0
22:06:59.056,1,1,0,0,0
22:06:59.810,1,1,0,0,0
22:06:59.810,0,1,0,0,0
22:06:59.919,0,1,0,0,0
22:06:59.919,0,0,0,0,0
22:07:00.786,0,0,0,0,0
22:07:00.786,0,1,0,0,0
22:07:01.657,0,1,0,0,0
22:07:01.657,0,0,0,0,0
22:07:01.840,0,0,0,0,0
22:07:01.840,1,0,0,0,0
22:07:02.518,1,0,0,0,0
22:07:02.518,1,1,0,0,0
22:07:03.463,1,1,0,0,0
22:07:03.463,1,0,0,0,0
22:07:03.859,1,0,0,0,0
22:07:03.859,0,0,0,0,0
22:07:04.338,0,0,0,0,0
22:07:04.338,0,1,0,0,0
22:07:05.203,0,1,0,0,0
22:07:05.203,0,0,0,0,0
22:07:05.912,0,0,0,0,0
22:07:05.912,1,0,0,0,0
22:07:06.067,1,0,0,0,0
22:07:06.067,1,1,0,0,0
22:07:06.934,1,1,0,0,0
22:07:06.934,1,0,0,0,0
22:07:07.805,1,0,0,0,0
22:07:07.805,1,1,0,0,0
22:07:07.949,1,1,0,0,0
22:07:07.949,0,1,0,0,0
22:07:08.789,0,1,0,0,0
22:07:08.789,0,0,0,0,0
22:07:09.654,0,0,0,0,0
22:07:09.654,0,1,0,0,0
22:07:09.972,0,1,0,0,0
22:07:09.972,1,1,0,0,0
22:07:10.520,1,1,0,0,0
22:07:10.520,1,0,0,0,0
22:07:11.381,1,0,0,0,0
22:07:11.381,1,1,0,0,0
22:07:11.991,1,1,0,0,0
22:07:11.991,0,1,0,0,0
22:07:12.267,0,1,0,0,0
22:07:12.267,0,0,0,0,0
22:07:13.220,0,0,0,0,0
22:07:13.220,0,1,0,0,0
22:07:14.097,0,1,0,0,0
22:07:14.097,1,1,0,0,0
22:07:14.098,1,1,0,0,0
22:07:14.098,1,0,0,0,0
22:07:14.965,1,0,0,0,0
22:07:14.965,1,1,0,0,0
22:07:15.839,1,1,0,0,0
22:07:15.839,1,0,0,0,0
22:07:16.105,1,0,0,0,0
22:07:16.105,0,0,0,0,0
22:07:16.785,0,0,0,0,0
22:07:16.785,0,1,0,0,0
22:07:17.653,0,1,0,0,0
22:07:17.653,0,0,0,0,0
22:07:18.113,0,0,0,0,0
22:07:18.113,1,0,0,0,0
22:07:18.521,1,0,0,0,0
22:07:18.521,1,1,0,0,0
22:07:19.388,1,1,0,0,0
22:07:19.388,1,0,0,0,0
22:07:20.119,1,0,0,0,0
22:07:20.119,0,0,0,0,0
22:07:20.252,0,0,0,0,0
22:07:20.252,0,1,0,0,0
22:07:21.119,0,1,0,0,0
22:07:21.119,0,0,0,0,0
22:07:22.002,0,0,0,0,0
22:07:22.002,0,1,0,0,0
22:07:22.122,0,1,0,0,0
22:07:22.122,1,1,0,0,0
22:07:22.862,1,1,0,0,0
22:07:22.862,1,0,0,0,0
22:07:23.734,1,0,0,0,0
22:07:23.734,1,1,0,0,0
22:07:24.137,1,1,0,0,0
22:07:24.137,0,1,0,0,0
22:07:24.594,0,1,0,0,0
22:07:24.594,0,0,0,0,0
22:07:25.465,0,0,0,0,0
22:07:25.465,0,1,0,0,0
22:07:26.145,0,1,0,0,0
22:07:26.145,1,1,0,0,0
22:07:26.334,1,1,0,0,0
22:07:26.334,1,0,0,0,0
22:07:27.201,1,0,0,0,0
22:07:27.201,1,1,0,0,0
22:07:28.071,1,1,0,0,0
22:07:28.071,1,0,0,0,0
22:07:28.151,1,0,0,0,0
22:07:28.151,0,0,0,0,0
22:07:28.947,0,0,0,0,0
22:07:28.947,0,1,0,0,0
22:07:29.818,0,1,0,0,0
22:07:29.818,0,0,0,0,0
22:07:30.166,0,0,0,0,0
22:07:30.166,1,0,0,0,0
22:07:30.682,1,0,0,0,0
22:07:30.682,1,1,0,0,0
22:07:31.550,1,1,0,0,0
22:07:31.550,1,0,0,0,0
22:07:32.179,1,0,0,0,0
22:07:32.179,0,0,0,0,0
22:07:32.412,0,0,0,0,0
22:07:32.412,0,1,0,0,0
22:07:33.282,0,1,0,0,0
22:07:33.282,0,0,0,0,0
22:07:34.183,0,0,0,0,0
22:07:34.183,0,1,0,0,0
22:07:34.183,0,1,0,0,0
22:07:34.183,1,1,0,0,0
22:07:35.050,1,1,0,0,0
22:07:35.050,1,0,0,0,0
22:07:35.917,1,0,0,0,0
22:07:35.917,1,1,0,0,0
22:07:36.204,1,1,0,0,0
22:07:36.204,0,1,0,0,0
22:07:36.774,0,1,0,0,0
22:07:36.774,0,0,0,0,0
22:07:37.642,0,0,0,0,0
22:07:37.642,0,1,0,0,0
22:07:38.215,0,1,0,0,0
22:07:38.215,1,1,0,0,0
22:07:38.513,1,1,0,0,0
22:07:38.513,1,0,0,0,0
22:07:39.384,1,0,0,0,0
22:07:39.384,1,1,0,0,0
22:07:40.218,1,1,0,0,0
22:07:40.218,0,1,0,0,0
22:07:40.250,0,1,0,0,0
22:07:40.250,0,0,0,0,0
22:07:41.215,0,0,0,0,0
22:07:41.215,0,1,0,0,0
22:07:42.082,0,1,0,0,0
22:07:42.082,0,0,0,0,0
22:07:42.218,0,0,0,0,0
22:07:42.218,1,0,0,0,0
22:07:42.951,1,0,0,0,0
22:07:42.951,1,1,0,0,0
22:07:43.811,1,1,0,0,0
22:07:43.811,1,0,0,0,0
22:07:44.218,1,0,0,0,0
22:07:44.218,0,0,0,0,0
22:07:44.684,0,0,0,0,0
22:07:44.684,0,1,0,0,0
22:07:45.633,0,1,0,0,0
22:07:45.633,0,0,0,0,0
22:07:46.220,0,0,0,0,0
22:07:46.220,1,0,0,0,0
22:07:46.493,1,0,0,0,0
22:07:46.493,1,1,0,0,0
22:07:47.400,1,1,0,0,0
22:07:47.400,1,0,0,0,0
22:07:48.221,1,0,0,0,0
22:07:48.221,0,0,0,0,0
22:07:48.266,0,0,0,0,0
22:07:48.266,0,1,0,0,0
22:07:49.137,0,1,0,0,0
22:07:49.137,0,0,0,0,0
22:07:50.015,0,0,0,0,0
22:07:50.015,0,1,0,0,0
22:07:50.224,0,1,0,0,0
22:07:50.224,1,1,0,0,0
22:07:50.942,1,1,0,0,0
22:07:50.942,1,0,0,0,0
22:07:51.807,1,0,0,0,0
22:07:51.807,1,1,0,0,0
22:07:52.234,1,1,0,0,0
22:07:52.234,0,1,0,0,0
22:07:52.675,0,1,0,0,0
22:07:52.675,0,0,0,0,0
22:07:53.537,0,0,0,0,0
22:07:53.537,0,1,0,0,0
22:07:54.242,0,1,0,0,0
22:07:54.242,1,1,0,0,0
22:07:54.398,1,1,0,0,0
22:07:54.398,1,0,0,0,0
22:07:55.268,1,0,0,0,0
22:07:55.268,1,1,0,0,0
22:07:56.215,1,1,0,0,0
22:07:56.215,1,0,0,0,0
22:07:56.251,1,0,0,0,0
22:07:56.251,0,0,0,0,0
22:07:57.083,0,0,0,0,0
22:07:57.083,0,1,0,0,0
22:07:57.946,0,1,0,0,0
22:07:57.946,0,0,0,0,0
22:07:58.298,0,0,0,0,0
22:07:58.298,1,0,0,0,0
22:07:58.812,1,0,0,0,0
22:07:58.812,1,1,0,0,0
22:07:59.683,1,1,0,0,0
22:07:59.683,1,0,0,0,0
22:08:00.309,1,0,0,0,0
22:08:00.309,0,0,0,0,0
22:08:00.581,0,0,0,0,0
22:08:00.581,0,1,0,0,0
22:08:01.543,0,1,0,0,0
22:08:01.543,0,0,0,0,0
22:08:02.360,0,0,0,0,0
22:08:02.360,1,0,0,0,0
22:08:02.405,1,0,0,0,0
22:08:02.405,1,1,0,0,0
22:08:03.278,1,1,0,0,0
22:08:03.278,1,0,0,0,0
22:08:04.146,1,0,0,0,0
22:08:04.146,1,1,0,0,0
22:08:04.394,1,1,0,0,0
22:08:04.394,0,1,0,0,0
22:08:05.013,0,1,0,0,0
22:08:05.013,0,0,0,0,0
22:08:05.881,0,0,0,0,0
22:08:05.881,0,1,0,0,0
22:08:06.454,0,1,0,0,0
22:08:06.454,1,1,0,0,0
22:08:06.861,1,1,0,0,0
22:08:06.861,1,0,0,0,0
22:08:07.730,1,0,0,0,0
22:08:07.730,1,1,0,0,0
22:08:08.455,1,1,0,0,0
22:08:08.455,0,1,0,0,0
22:08:08.592,0,1,0,0,0
22:08:08.592,0,0,0,0,0
22:08:09.459,0,0,0,0,0
22:08:09.459,0,1,0,0,0
22:08:10.330,0,1,0,0,0
22:08:10.330,0,0,0,0,0
22:08:10.462,0,0,0,0,0
22:08:10.462,1,0,0,0,0
22:08:11.309,1,0,0,0,0
22:08:11.309,1,1,0,0,0
22:08:12.185,1,1,0,0,0
22:08:12.185,1,0,0,0,0
22:08:12.550,1,0,0,0,0
22:08:12.550,0,0,0,0,0
22:08:13.046,0,0,0,0,0
22:08:13.046,0,1,0,0,0
22:08:13.907,0,1,0,0,0
22:08:13.907,0,0,0,0,0
22:08:14.575,0,0,0,0,0
22:08:14.575,1,0,0,0,0
22:08:14.779,1,0,0,0,0
22:08:14.779,1,1,0,0,0
22:08:15.651,1,1,0,0,0
22:08:15.651,1,0,0,0,0
22:08:16.595,1,0,0,0,0
22:08:16.595,1,1,0,0,0
22:08:16.595,1,1,0,0,0
22:08:16.595,0,1,0,0,0
22:08:17.462,0,1,0,0,0
22:08:17.462,0,0,0,0,0
22:08:18.331,0,0,0,0,0
22:08:18.331,0,1,0,0,0
22:08:18.611,0,1,0,0,0
22:08:18.611,1,1,0,0,0
22:08:19.195,1,1,0,0,0
22:08:19.195,1,0,0,0,0
22:08:20.061,1,0,0,0,0
22:08:20.061,1,1,0,0,0
22:08:20.612,1,1,0,0,0
22:08:20.612,0,1,0,0,0
22:08:21.063,0,1,0,0,0
22:08:21.063,0,0,0,0,0
22:08:21.933,0,0,0,0,0
22:08:21.933,0,1,0,0,0
22:08:22.640,0,1,0,0,0
22:08:22.640,1,1,0,0,0
22:08:22.794,1,1,0,0,0
22:08:22.794,1,0,0,0,0
22:08:23.660,1,0,0,0,0
22:08:23.660,1,1,0,0,0
22:08:24.524,1,1,0,0,0
22:08:24.524,1,0,0,0,0
22:08:24.724,1,0,0,0,0
22:08:24.724,0,0,0,0,0
22:08:25.519,0,0,0,0,0
22:08:25.519,0,1,0,0,0
22:08:26.380,0,1,0,0,0
22:08:26.380,0,0,0,0,0
22:08:26.733,0,0,0,0,0
22:08:26.733,1,0,0,0,0
22:08:27.244,1,0,0,0,0
22:08:27.244,1,1,0,0,0
22:08:28.111,1,1,0,0,0
22:08:28.111,1,0,0,0,0
22:08:28.732,1,0,0,0,0
22:08:28.732,0,0,0,0,0
22:08:28.978,0,0,0,0,0
22:08:28.978,0,1,0,0,0
22:08:29.852,0,1,0,0,0
22:08:29.852,0,0,0,0,0
22:08:30.814,0,0,0,0,0
22:08:30.814,0,1,0,0,0
22:08:30.814,0,1,0,0,0
22:08:30.814,1,1,0,0,0
22:08:31.689,1,1,0,0,0
22:08:31.689,1,0,0,0,0
22:08:32.557,1,0,0,0,0
22:08:32.557,1,1,0,0,0
22:08:32.877,1,1,0,0,0
22:08:32.877,0,1,0,0,0
22:08:33.419,0,1,0,0,0
22:08:33.419,0,0,0,0,0
22:08:34.293,0,0,0,0,0
22:08:34.293,0,1,0,0,0
22:08:34.888,0,1,0,0,0
22:08:34.888,1,1,0,0,0
22:08:35.188,1,1,0,0,0
22:08:35.188,1,0,0,0,0
22:08:36.163,1,0,0,0,0
22:08:36.163,1,1,0,0,0
22:08:36.951,1,1,0,0,0
22:08:36.951,0,1,0,0,0
22:08:37.031,0,1,0,0,0
22:08:37.031,0,0,0,0,0
22:08:37.892,0,0,0,0,0
22:08:37.892,0,1,0,0,0
22:08:38.752,0,1,0,0,0
22:08:38.752,0,0,0,0,0
22:08:38.992,0,0,0,0,0
22:08:38.992,1,0,0,0,0
22:08:39.624,1,0,0,0,0
22:08:39.624,1,1,0,0,0
22:08:40.540,1,1,0,0,0
22:08:40.540,1,0,0,0,0
22:08:40.996,1,0,0,0,0
22:08:40.996,0,0,0,0,0
22:08:41.450,0,0,0,0,0
22:08:41.450,0,1,0,0,0
22:08:42.311,0,1,0,0,0
22:08:42.311,0,0,0,0,0
22:08:43.074,0,0,0,0,0
22:08:43.074,1,0,0,0,0
22:08:43.186,1,0,0,0,0
22:08:43.186,1,1,0,0,0
22:08:44.056,1,1,0,0,0
22:08:44.056,1,0,0,0,0
22:08:44.922,1,0,0,0,0
22:08:44.922,1,1,0,0,0
22:08:45.139,1,1,0,0,0
22:08:45.139,0,1,0,0,0
22:08:45.779,0,1,0,0,0
22:08:45.779,0,0,0,0,0
22:08:46.748,0,0,0,0,0
22:08:46.748,0,1,0,0,0
22:08:47.167,0,1,0,0,0
22:08:47.167,1,1,0,0,0
22:08:47.621,1,1,0,0,0
22:08:47.621,1,0,0,0,0
22:08:48.491,1,0,0,0,0
22:08:48.491,1,1,0,0,0
22:08:49.173,1,1,0,0,0
22:08:49.173,0,1,0,0,0
22:08:49.356,0,1,0,0,0
22:08:49.356,0,0,0,0,0
22:08:50.228,0,0,0,0,0
22:08:50.228,0,1,0,0,0
22:08:51.091,0,1,0,0,0
22:08:51.091,0,0,0,0,0
22:08:51.294,0,0,0,0,0
22:08:51.294,1,0,0,0,0
22:08:52.081,1,0,0,0,0
22:08:52.081,1,1,0,0,0
22:08:52.942,1,1,0,0,0
22:08:52.942,1,0,0,0,0
22:08:53.345,1,0,0,0,0
22:08:53.345,0,0,0,0,0
22:08:53.808,0,0,0,0,0
22:08:53.808,0,1,0,0,0
22:08:54.683,0,1,0,0,0
22:08:54.683,0,0,0,0,0
22:08:55.372,0,0,0,0,0
22:08:55.372,1,0,0,0,0
22:08:55.557,1,0,0,0,0
22:08:55.557,1,1,0,0,0
22:08:56.418,1,1,0,0,0
22:08:56.418,1,0,0,0,0
22:08:57.286,1,0,0,0,0
22:08:57.286,1,1,0,0,0
22:08:57.443,1,1,0,0,0
22:08:57.443,0,1,0,0,0
22:08:58.245,0,1,0,0,0
22:08:58.245,0,0,0,0,0
22:08:59.118,0,0,0,0,0
22:08:59.118,0,1,0,0,0
22:08:59.455,0,1,0,0,0
22:08:59.455,1,1,0,0,0
22:08:59.988,1,1,0,0,0
22:08:59.988,1,0,0,0,0
22:09:00.860,1,0,0,0,0
22:09:00.860,1,1,0,0,0
22:09:01.491,1,1,0,0,0
22:09:01.491,0,1,0,0,0
22:09:01.733,0,1,0,0,0
22:09:01.733,0,0,0,0,0
22:09:02.719,0,0,0,0,0
22:09:02.719,0,1,0,0,0
22:09:03.497,0,1,0,0,0
22:09:03.497,1,1,0,0,0
22:09:03.589,1,1,0,0,0
22:09:03.589,1,0,0,0,0
22:09:04.458,1,0,0,0,0
22:09:04.458,1,1,0,0,0
22:09:05.321,1,1,0,0,0
22:09:05.321,1,0,0,0,0
22:09:05.606,1,0,0,0,0
22:09:05.606,0,0,0,0,0
22:09:06.180,0,0,0,0,0
22:09:06.180,0,1,0,0,0
22:09:07.071,0,1,0,0,0
22:09:07.071,0,0,0,0,0
22:09:07.626,0,0,0,0,0
22:09:07.626,1,0,0,0,0
22:09:08.057,1,0,0,0,0
22:09:08.057,1,1,0,0,0
22:09:08.929,1,1,0,0,0
22:09:08.929,1,0,0,0,0
22:09:09.620,1,0,0,0,0
22:09:09.620,0,0,0,0,0
22:09:09.790,0,0,0,0,0
22:09:09.790,0,1,0,0,0
22:09:10.662,0,1,0,0,0
22:09:10.662,0,0,0,0,0
22:09:11.532,0,0,0,0,0
22:09:11.532,0,1,0,0,0
22:09:11.680,0,1,0,0,0
22:09:11.680,1,1,0,0,0
22:09:12.508,1,1,0,0,0
22:09:12.508,1,0,0,0,0
22:09:13.383,1,0,0,0,0
22:09:13.383,1,1,0,0,0
22:09:13.766,1,1,0,0,0
22:09:13.766,0,1,0,0,0
22:09:14.252,0,1,0,0,0
22:09:14.252,0,0,0,0,0
22:09:15.121,0,0,0,0,0
22:09:15.121,0,1,0,0,0
22:09:15.795,0,1,0,0,0
22:09:15.795,1,1,0,0,0
22:09:15.982,1,1,0,0,0
22:09:15.982,1,0,0,0,0
22:09:16.844,1,0,0,0,0
22:09:16.844,1,1,0,0,0
22:09:17.815,1,1,0,0,0
22:09:17.815,1,0,0,0,0
22:09:17.815,1,0,0,0,0
22:09:17.815,0,0,0,0,0
22:09:18.684,0,0,0,0,0
22:09:18.684,0,1,0,0,0
22:09:19.545,0,1,0,0,0
22:09:19.545,0,0,0,0,0
22:09:19.822,0,0,0,0,0
22:09:19.822,1,0,0,0,0
22:09:20.409,1,0,0,0,0
22:09:20.409,1,1,0,0,0
22:09:21.269,1,1,0,0,0
22:09:21.269,1,0,0,0,0
22:09:21.902,1,0,0,0,0
22:09:21.902,0,0,0,0,0
22:09:22.156,0,0,0,0,0
22:09:22.156,0,1,0,0,0
22:09:23.136,0,1,0,0,0
22:09:23.136,0,0,0,0,0
22:09:23.927,0,0,0,0,0
22:09:23.927,1,0,0,0,0
22:09:24.005,1,0,0,0,0
22:09:24.005,1,1,0,0,0
22:09:24.865,1,1,0,0,0
22:09:24.865,1,0,0,0,0
22:09:25.735,1,0,0,0,0
22:09:25.735,1,1,0,0,0
22:09:25.968,1,1,0,0,0
22:09:25.968,0,1,0,0,0
22:09:26.601,0,1,0,0,0
22:09:26.601,0,0,0,0,0
22:09:27.473,0,0,0,0,0
22:09:27.473,0,1,0,0,0
22:09:27.995,0,1,0,0,0
22:09:27.995,1,1,0,0,0
22:09:28.419,1,1,0,0,0
22:09:28.419,1,0,0,0,0
22:09:29.285,1,0,0,0,0
22:09:29.285,1,1,0,0,0
22:09:30.072,1,1,0,0,0
22:09:30.072,0,1,0,0,0
22:09:30.151,0,1,0,0,0
22:09:30.151,0,0,0,0,0
22:09:31.024,0,0,0,0,0
22:09:31.024,0,1,0,0,0
22:09:31.894,0,1,0,0,0
22:09:31.894,0,0,0,0,0
22:09:32.070,0,0,0,0,0
22:09:32.070,1,0,0,0,0
22:09:32.769,1,0,0,0,0
22:09:32.769,1,1,0,0,0
22:09:33.717,1,1,0,0,0
22:09:33.717,1,0,0,0,0
22:09:34.099,1,0,0,0,0
22:09:34.099,0,0,0,0,0
22:09:34.589,0,0,0,0,0
22:09:34.589,0,1,0,0,0
22:09:35.463,0,1,0,0,0
22:09:35.463,0,0,0,0,0
22:09:36.167,0,0,0,0,0
22:09:36.167,1,0,0,0,0
22:09:36.329,1,0,0,0,0
22:09:36.329,1,1,0,0,0
22:09:37.197,1,1,0,0,0
22:09:37.197,1,0,0,0,0
22:09:38.172,1,0,0,0,0
22:09:38.172,1,1,0,0,0
22:09:38.173,1,1,0,0,0
22:09:38.173,0,1,0,0,0
22:09:39.040,0,1,0,0,0
22:09:39.040,0,0,0,0,0
22:09:39.914,0,0,0,0,0
22:09:39.914,0,1,0,0,0
22:09:40.234,0,1,0,0,0
22:09:40.234,1,1,0,0,0
22:09:40.779,1,1,0,0,0
22:09:40.779,1,0,0,0,0
22:09:41.640,1,0,0,0,0
22:09:41.640,1,1,0,0,0
22:09:42.303,1,1,0,0,0
22:09:42.303,0,1,0,0,0
22:09:42.522,0,1,0,0,0
22:09:42.522,0,0,0,0,0
22:09:43.476,0,0,0,0,0
22:09:43.476,0,1,0,0,0
22:09:44.308,0,1,0,0,0
22:09:44.308,1,1,0,0,0
22:09:44.340,1,1,0,0,0
22:09:44.340,1,0,0,0,0
22:09:45.214,1,0,0,0,0
22:09:45.214,1,1,0,0,0
22:09:46.074,1,1,0,0,0
22:09:46.074,1,0,0,0,0
22:09:46.328,1,0,0,0,0
22:09:46.328,0,0,0,0,0
22:09:46.941,0,0,0,0,0
22:09:46.941,0,1,0,0,0
22:09:47.815,0,1,0,0,0
22:09:47.815,0,0,0,0,0
22:09:48.353,0,0,0,0,0
22:09:48.353,1,0,0,0,0
22:09:48.817,1,0,0,0,0
22:09:48.817,1,1,0,0,0
22:09:49.679,1,1,0,0,0
22:09:49.679,1,0,0,0,0
22:09:50.376,1,0,0,0,0
22:09:50.376,0,0,0,0,0
22:09:50.545,0,0,0,0,0
22:09:50.545,0,1,0,0,0
22:09:51.408,0,1,0,0,0
22:09:51.408,0,0,0,0,0
22:09:52.270,0,0,0,0,0
22:09:52.270,0,1,0,0,0
22:09:52.475,0,1,0,0,0
22:09:52.475,1,1,0,0,0
22:09:53.139,1,1,0,0,0
22:09:53.139,1,0,0,0,0
22:09:54.053,1,0,0,0,0
22:09:54.053,1,1,0,0,0
22:09:54.491,1,1,0,0,0
22:09:54.491,0,1,0,0,0
22:09:54.922,0,1,0,0,0
22:09:54.922,0,0,0,0,0
22:09:55.783,0,0,0,0,0
22:09:55.783,0,1,0,0,0
22:09:56.509,0,1,0,0,0
22:09:56.509,1,1,0,0,0
22:09:56.651,1,1,0,0,0
22:09:56.651,1,0,0,0,0
22:09:57.521,1,0,0,0,0
22:09:57.521,1,1,0,0,0
22:09:58.382,1,1,0,0,0
22:09:58.382,1,0,0,0,0
22:09:58.511,1,0,0,0,0
22:09:58.511,0,0,0,0,0
22:09:59.249,0,0,0,0,0
22:09:59.249,0,1,0,0,0
22:10:00.119,0,1,0,0,0
22:10:00.119,0,0,0,0,0
22:10:00.513,0,0,0,0,0
22:10:00.513,1,0,0,0,0
22:10:00.980,1,0,0,0,0
22:10:00.980,1,1,0,0,0
22:10:01.845,1,1,0,0,0
22:10:01.845,1,0,0,0,0
22:10:02.531,1,0,0,0,0
22:10:02.531,0,0,0,0,0
22:10:02.712,0,0,0,0,0
22:10:02.712,0,1,0,0,0
22:10:03.573,0,1,0,0,0
22:10:03.573,0,0,0,0,0
22:10:04.452,0,0,0,0,0
22:10:04.452,0,1,0,0,0
22:10:04.613,0,1,0,0,0
22:10:04.613,1,1,0,0,0
22:10:05.325,1,1,0,0,0
22:10:05.325,1,0,0,0,0
22:10:06.197,1,0,0,0,0
22:10:06.197,1,1,0,0,0
22:10:06.628,1,1,0,0,0
22:10:06.628,0,1,0,0,0
22:10:07.057,0,1,0,0,0
22:10:07.057,0,0,0,0,0
22:10:07.929,0,0,0,0,0
22:10:07.929,0,1,0,0,0
22:10:08.629,0,1,0,0,0
22:10:08.629,1,1,0,0,0
22:10:08.797,1,1,0,0,0
22:10:08.797,1,0,0,0,0
22:10:09.657,1,0,0,0,0
22:10:09.657,1,1,0,0,0
22:10:10.519,1,1,0,0,0
22:10:10.519,1,0,0,0,0
22:10:10.729,1,0,0,0,0
22:10:10.729,0,0,0,0,0
22:10:11.400,0,0,0,0,0
22:10:11.400,0,1,0,0,0
22:10:12.354,0,1,0,0,0
22:10:12.354,0,0,0,0,0
22:10:12.745,0,0,0,0,0
22:10:12.745,1,0,0,0,0
22:10:13.228,1,0,0,0,0
22:10:13.228,1,1,0,0,0
22:10:14.098,1,1,0,0,0
22:10:14.098,1,0,0,0,0
22:10:14.790,1,0,0,0,0
22:10:14.790,0,0,0,0,0
22:10:14.972,0,0,0,0,0
22:10:14.972,0,1,0,0,0
22:10:15.839,0,1,0,0,0
22:10:15.839,0,0,0,0,0
22:10:16.827,0,0,0,0,0
22:10:16.827,0,1,0,0,0
22:10:16.827,0,1,0,0,0
22:10:16.827,1,1,0,0,0
22:10:17.694,1,1,0,0,0
22:10:17.694,1,0,0,0,0
22:10:18.558,1,0,0,0,0
22:10:18.558,1,1,0,0,0
22:10:18.868,1,1,0,0,0
22:10:18.868,0,1,0,0,0
22:10:19.419,0,1,0,0,0
22:10:19.419,0,0,0,0,0
22:10:20.286,0,0,0,0,0
22:10:20.286,0,1,0,0,0
22:10:20.892,0,1,0,0,0
22:10:20.892,1,1,0,0,0
22:10:21.148,1,1,0,0,0
22:10:21.148,1,0,0,0,0
22:10:22.090,1,0,0,0,0
22:10:22.090,1,1,0,0,0
22:10:22.910,1,1,0,0,0
22:10:22.910,0,1,0,0,0
22:10:22.960,0,1,0,0,0
22:10:22.960,0,0,0,0,0
22:10:23.826,0,0,0,0,0
22:10:23.826,0,1,0,0,0
22:10:24.693,0,1,0,0,0
22:10:24.693,0,0,0,0,0
22:10:24.919,0,0,0,0,0
22:10:24.919,1,0,0,0,0
22:10:25.556,1,0,0,0,0
22:10:25.556,1,1,0,0,0
22:10:26.444,1,1,0,0,0
22:10:26.444,1,0,0,0,0
22:10:26.926,1,0,0,0,0
22:10:26.926,0,0,0,0,0
22:10:27.332,0,0,0,0,0
22:10:27.332,0,1,0,0,0
22:10:28.209,0,1,0,0,0
22:10:28.209,0,0,0,0,0
22:10:28.991,0,0,0,0,0
22:10:28.991,1,0,0,0,0
22:10:29.083,1,0,0,0,0
22:10:29.083,1,1,0,0,0
22:10:29.948,1,1,0,0,0
22:10:29.948,1,0,0,0,0
22:10:30.821,1,0,0,0,0
22:10:30.821,1,1,0,0,0
22:10:31.017,1,1,0,0,0
22:10:31.017,0,1,0,0,0
22:10:31.692,0,1,0,0,0
22:10:31.692,0,0,0,0,0
22:10:32.610,0,0,0,0,0
22:10:32.610,0,1,0,0,0
22:10:33.025,0,1,0,0,0
22:10:33.025,1,1,0,0,0
22:10:33.485,1,1,0,0,0
22:10:33.485,1,0,0,0,0
22:10:34.358,1,0,0,0,0
22:10:34.358,1,1,0,0,0
22:10:35.060,1,1,0,0,0
22:10:35.060,0,1,0,0,0
22:10:35.225,0,1,0,0,0
22:10:35.225,0,0,0,0,0
22:10:36.088,0,0,0,0,0
22:10:36.088,0,1,0,0,0
22:10:36.959,0,1,0,0,0
22:10:36.959,0,0,0,0,0
22:10:37.081,0,0,0,0,0
22:10:37.081,1,0,0,0,0
22:10:37.855,1,0,0,0,0
22:10:37.855,1,1,0,0,0
22:10:38.726,1,1,0,0,0
22:10:38.726,1,0,0,0,0
22:10:39.138,1,0,0,0,0
22:10:39.138,0,0,0,0,0
22:10:39.590,0,0,0,0,0
22:10:39.590,0,1,0,0,0
22:10:40.457,0,1,0,0,0
22:10:40.457,0,0,0,0,0
22:10:41.161,0,0,0,0,0
22:10:41.161,1,0,0,0,0
22:10:41.318,1,0,0,0,0
22:10:41.318,1,1,0,0,0
22:10:42.191,1,1,0,0,0
22:10:42.191,1,0,0,0,0
22:10:43.179,1,0,0,0,0
22:10:43.179,1,1,0,0,0
22:10:43.181,1,1,0,0,0
22:10:43.181,0,1,0,0,0
22:10:44.049,0,1,0,0,0
22:10:44.049,0,0,0,0,0
22:10:44.920,0,0,0,0,0
22:10:44.920,0,1,0,0,0
22:10:45.227,0,1,0,0,0
22:10:45.227,1,1,0,0,0
22:10:45.790,1,1,0,0,0
22:10:45.790,1,0,0,0,0
22:10:46.652,1,0,0,0,0
22:10:46.652,1,1,0,0,0
22:10:47.238,1,1,0,0,0
22:10:47.238,0,1,0,0,0
22:10:47.518,0,1,0,0,0
22:10:47.518,0,0,0,0,0
22:10:48.458,0,0,0,0,0
22:10:48.458,0,1,0,0,0
22:10:49.279,0,1,0,0,0
22:10:49.279,1,1,0,0,0
22:10:49.320,1,1,0,0,0
22:10:49.320,1,0,0,0,0
22:10:50.189,1,0,0,0,0
22:10:50.189,1,1,0,0,0
22:10:51.056,1,1,0,0,0
22:10:51.056,1,0,0,0,0
22:10:51.351,1,0,0,0,0
22:10:51.351,0,0,0,0,0
22:10:51.929,0,0,0,0,0
22:10:51.929,0,1,0,0,0
22:10:52.805,0,1,0,0,0
22:10:52.805,0,0,0,0,0
22:10:53.353,0,0,0,0,0
22:10:53.353,1,0,0,0,0
22:10:53.753,1,0,0,0,0
22:10:53.753,1,1,0,0,0
22:10:54.623,1,1,0,0,0
22:10:54.623,1,0,0,0,0
22:10:55.403,1,0,0,0,0
22:10:55.403,0,0,0,0,0
22:10:55.495,0,0,0,0,0
22:10:55.495,0,1,0,0,0
22:10:56.370,0,1,0,0,0
22:10:56.370,0,0,0,0,0
22:10:57.230,0,0,0,0,0
22:10:57.230,0,1,0,0,0
22:10:57.438,0,1,0,0,0
22:10:57.438,1,1,0,0,0
22:10:58.229,1,1,0,0,0
22:10:58.229,1,0,0,0,0
22:10:59.097,1,0,0,0,0
22:10:59.097,1,1,0,0,0
22:10:59.459,1,1,0,0,0
22:10:59.459,0,1,0,0,0
22:10:59.970,0,1,0,0,0
22:10:59.970,0,0,0,0,0
22:11:00.841,0,0,0,0,0
22:11:00.841,0,1,0,0,0
22:11:01.499,0,1,0,0,0
22:11:01.499,1,1,0,0,0
22:11:01.715,1,1,0,0,0
22:11:01.715,1,0,0,0,0
22:11:02.673,1,0,0,0,0
22:11:02.673,1,1,0,0,0
22:11:03.515,1,1,0,0,0
22:11:03.515,0,1,0,0,0
22:11:03.545,0,1,0,0,0
22:11:03.545,0,0,0,0,0
22:11:04.416,0,0,0,0,0
22:11:04.416,0,1,0,0,0
22:11:05.281,0,1,0,0,0
22:11:05.281,0,0,0,0,0
22:11:05.532,0,0,0,0,0
22:11:05.532,1,0,0,0,0
22:11:06.152,1,0,0,0,0
22:11:06.152,1,1,0,0,0
22:11:07.034,1,1,0,0,0
22:11:07.034,1,0,0,0,0
22:11:07.575,1,0,0,0,0
22:11:07.575,0,0,0,0,0
22:11:07.973,0,0,0,0,0
22:11:07.973,0,1,0,0,0
22:11:08.835,0,1,0,0,0
22:11:08.835,0,0,0,0,0
22:11:09.612,0,0,0,0,0
22:11:09.612,1,0,0,0,0
22:11:09.701,1,0,0,0,0
22:11:09.701,1,1,0,0,0
22:11:10.568,1,1,0,0,0
22:11:10.568,1,0,0,0,0
22:11:11.431,1,0,0,0,0
22:11:11.431,1,1,0,0,0
22:11:11.619,1,1,0,0,0
22:11:11.619,0,1,0,0,0
22:11:12.302,0,1,0,0,0
22:11:12.302,0,0,0,0,0
22:11:13.219,0,0,0,0,0
22:11:13.219,0,1,0,0,0
22:11:13.620,0,1,0,0,0
22:11:13.620,1,1,0,0,0
22:11:14.080,1,1,0,0,0
22:11:14.080,1,0,0,0,0
22:11:14.951,1,0,0,0,0
22:11:14.951,1,1,0,0,0
22:11:15.664,1,1,0,0,0
22:11:15.664,0,1,0,0,0
22:11:15.821,0,1,0,0,0
22:11:15.821,0,0,0,0,0
22:11:16.682,0,0,0,0,0
22:11:16.682,0,1,0,0,0
22:11:17.550,0,1,0,0,0
22:11:17.550,0,0,0,0,0
22:11:17.730,0,0,0,0,0
22:11:17.730,1,0,0,0,0
22:11:18.501,1,0,0,0,0
22:11:18.501,1,1,0,0,0
22:11:19.363,1,1,0,0,0
22:11:19.363,1,0,0,0,0
22:11:19.733,1,0,0,0,0
22:11:19.733,0,0,0,0,0
22:11:20.230,0,0,0,0,0
22:11:20.230,0,1,0,0,0
22:11:21.101,0,1,0,0,0
22:11:21.101,0,0,0,0,0
22:11:21.783,0,0,0,0,0
22:11:21.783,1,0,0,0,0
22:11:21.964,1,0,0,0,0
22:11:21.964,1,1,0,0,0
22:11:22.841,1,1,0,0,0
22:11:22.841,1,0,0,0,0
22:11:23.761,1,0,0,0,0
22:11:23.761,1,1,0,0,0
22:11:23.785,1,1,0,0,0
22:11:23.785,0,1,0,0,0
22:11:24.619,0,1,0,0,0
22:11:24.619,0,0,0,0,0
22:11:25.495,0,0,0,0,0
22:11:25.495,0,1,0,0,0
22:11:25.868,0,1,0,0,0
22:11:25.868,1,1,0,0,0
22:11:26.355,1,1,0,0,0
22:11:26.355,1,0,0,0,0
22:11:27.215,1,0,0,0,0
22:11:27.215,1,1,0,0,0
22:11:27.880,1,1,0,0,0
22:11:27.880,0,1,0,0,0
22:11:28.079,0,1,0,0,0
22:11:28.079,0,0,0,0,0
22:11:28.947,0,0,0,0,0
22:11:28.947,0,1,0,0,0
22:11:29.912,0,1,0,0,0
22:11:29.912,0,0,0,0,0
22:11:29.912,0,0,0,0,0
22:11:29.912,1,0,0,0,0
22:11:30.781,1,0,0,0,0
22:11:30.781,1,1,0,0,0
22:11:31.653,1,1,0,0,0
22:11:31.653,1,0,0,0,0
22:11:31.914,1,0,0,0,0
22:11:31.914,0,0,0,0,0
22:11:32.527,0,0,0,0,0
22:11:32.527,0,1,0,0,0
22:11:33.397,0,1,0,0,0
22:11:33.397,0,0,0,0,0
22:11:33.957,0,0,0,0,0
22:11:33.957,1,0,0,0,0
22:11:34.350,1,0,0,0,0
22:11:34.350,1,1,0,0,0
22:11:35.230,1,1,0,0,0
22:11:35.230,1,0,0,0,0
22:11:36.010,1,0,0,0,0
22:11:36.010,0,0,0,0,0
22:11:36.094,0,0,0,0,0
22:11:36.094,0,1,0,0,0
22:11:36.955,0,1,0,0,0
22:11:36.955,0,0,0,0,0
22:11:37.816,0,0,0,0,0
22:11:37.816,0,1,0,0,0
22:11:38.014,0,1,0,0,0
22:11:38.014,1,1,0,0,0
22:11:38.691,1,1,0,0,0
22:11:38.691,1,0,0,0,0
22:11:39.600,1,0,0,0,0
22:11:39.600,1,1,0,0,0
22:11:40.015,1,1,0,0,0
22:11:40.015,0,1,0,0,0
22:11:40.465,0,1,0,0,0
22:11:40.465,0,0,0,0,0
22:11:41.331,0,0,0,0,0
22:11:41.331,0,1,0,0,0
22:11:42.074,0,1,0,0,0
22:11:42.074,1,1,0,0,0
22:11:42.201,1,1,0,0,0
22:11:42.201,1,0,0,0,0
22:11:43.068,1,0,0,0,0
22:11:43.068,1,1,0,0,0
22:11:43.942,1,1,0,0,0
22:11:43.942,1,0,0,0,0
22:11:44.094,1,0,0,0,0
22:11:44.094,0,0,0,0,0
22:11:44.908,0,0,0,0,0
22:11:44.908,0,1,0,0,0
22:11:45.775,0,1,0,0,0
22:11:45.775,0,0,0,0,0
22:11:46.097,0,0,0,0,0
22:11:46.097,1,0,0,0,0
22:11:46.648,1,0,0,0,0
22:11:46.648,1,1,0,0,0
22:11:47.515,1,1,0,0,0
22:11:47.515,1,0,0,0,0
22:11:48.111,1,0,0,0,0
22:11:48.111,0,0,0,0,0
22:11:48.396,0,0,0,0,0
22:11:48.396,0,1,0,0,0
22:11:49.270,0,1,0,0,0
22:11:49.270,0,0,0,0,0
22:11:50.117,0,0,0,0,0
22:11:50.117,1,0,0,0,0
22:11:50.146,1,0,0,0,0
22:11:50.146,1,1,0,0,0
22:11:51.010,1,1,0,0,0
22:11:51.010,1,0,0,0,0
22:11:51.878,1,0,0,0,0
22:11:51.878,1,1,0,0,0
22:11:52.157,1,1,0,0,0
22:11:52.157,0,1,0,0,0
22:11:52.746,0,1,0,0,0
22:11:52.746,0,0,0,0,0
22:11:53.618,0,0,0,0,0
22:11:53.618,0,1,0,0,0
22:11:54.193,0,1,0,0,0
22:11:54.193,1,1,0,0,0
22:11:54.479,1,1,0,0,0
22:11:54.479,1,0,0,0,0
22:11:55.439,1,0,0,0,0
22:11:55.439,1,1,0,0,0
22:11:56.241,1,1,0,0,0
22:11:56.241,0,1,0,0,0
22:11:56.314,0,1,0,0,0
22:11:56.314,0,0,0,0,0
22:11:57.176,0,0,0,0,0
22:11:57.176,0,1,0,0,0
22:11:58.038,0,1,0,0,0
22:11:58.038,0,0,0,0,0
22:11:58.333,0,0,0,0,0
22:11:58.333,1,0,0,0,0
22:11:58.902,1,0,0,0,0
22:11:58.902,1,1,0,0,0
22:11:59.778,1,1,0,0,0
22:11:59.778,1,0,0,0,0
22:12:00.340,1,0,0,0,0
22:12:00.340,0,0,0,0,0
22:12:00.686,0,0,0,0,0
22:12:00.686,0,1,0,0,0
22:12:01.558,0,1,0,0,0
22:12:01.558,0,0,0,0,0
22:12:02.371,0,0,0,0,0
22:12:02.371,1,0,0,0,0
22:12:02.419,1,0,0,0,0
22:12:02.419,1,1,0,0,0
22:12:03.280,1,1,0,0,0
22:12:03.280,1,0,0,0,0
22:12:04.151,1,0,0,0,0
22:12:04.151,1,1,0,0,0
22:12:04.390,1,1,0,0,0
22:12:04.390,0,1,0,0,0
22:12:05.026,0,1,0,0,0
22:12:05.026,0,0,0,0,0
22:12:05.889,0,0,0,0,0
22:12:05.889,0,1,0,0,0
22:12:06.437,0,1,0,0,0
22:12:06.437,1,1,0,0,0
22:12:06.763,1,1,0,0,0
22:12:06.763,1,0,0,0,0
22:12:07.647,1,0,0,0,0
22:12:07.647,1,1,0,0,0
22:12:08.447,1,1,0,0,0
22:12:08.447,0,1,0,0,0
22:12:08.525,0,1,0,0,0
22:12:08.525,0,0,0,0,0
22:12:09.400,0,0,0,0,0
22:12:09.400,0,1,0,0,0
22:12:10.265,0,1,0,0,0
22:12:10.265,0,0,0,0,0
22:12:10.493,0,0,0,0,0
22:12:10.493,1,0,0,0,0
22:12:11.127,1,0,0,0,0
22:12:11.127,1,1,0,0,0
22:12:11.992,1,1,0,0,0
22:12:11.992,1,0,0,0,0
22:12:12.569,1,0,0,0,0
22:12:12.569,0,0,0,0,0
22:12:12.967,0,0,0,0,0
22:12:12.967,0,1,0,0,0
22:12:13.840,0,1,0,0,0
22:12:13.840,0,0,0,0,0
22:12:14.584,0,0,0,0,0
22:12:14.584,1,0,0,0,0
22:12:14.705,1,0,0,0,0
22:12:14.705,1,1,0,0,0
22:12:15.574,1,1,0,0,0
22:12:15.574,1,0,0,0,0
22:12:16.450,1,0,0,0,0
22:12:16.450,1,1,0,0,0
22:12:16.593,1,1,0,0,0
22:12:16.593,0,1,0,0,0
22:12:17.390,0,1,0,0,0
22:12:17.390,0,0,0,0,0
22:12:18.259,0,0,0,0,0
22:12:18.259,0,1,0,0,0
22:12:18.602,0,1,0,0,0
22:12:18.602,1,1,0,0,0
22:12:19.122,1,1,0,0,0
22:12:19.122,1,0,0,0,0
22:12:19.993,1,0,0,0,0
22:12:19.993,1,1,0,0,0
22:12:20.612,1,1,0,0,0
22:12:20.612,0,1,0,0,0
22:12:20.855,0,1,0,0,0
22:12:20.855,0,0,0,0,0
22:12:21.728,0,0,0,0,0
22:12:21.728,0,1,0,0,0
22:12:22.633,0,1,0,0,0
22:12:22.633,0,0,0,0,0
22:12:22.633,0,0,0,0,0
22:12:22.633,1,0,0,0,0
22:12:23.508,1,0,0,0,0
22:12:23.508,1,1,0,0,0
22:12:24.369,1,1,0,0,0
22:12:24.369,1,0,0,0,0
22:12:24.660,1,0,0,0,0
22:12:24.660,0,0,0,0,0
22:12:25.229,0,0,0,0,0
22:12:25.229,0,1,0,0,0
22:12:26.091,0,1,0,0,0
22:12:26.091,0,0,0,0,0
22:12:26.687,0,0,0,0,0
22:12:26.687,1,0,0,0,0
22:12:26.957,1,0,0,0,0
22:12:26.957,1,1,0,0,0
22:12:27.940,1,1,0,0,0
22:12:27.940,1,0,0,0,0
22:12:28.760,1,0,0,0,0
22:12:28.760,0,0,0,0,0
22:12:28.808,0,0,0,0,0
22:12:28.808,0,1,0,0,0
22:12:29.674,0,1,0,0,0
22:12:29.674,0,0,0,0,0
22:12:30.535,0,0,0,0,0
22:12:30.535,0,1,0,0,0
22:12:30.763,0,1,0,0,0
22:12:30.763,1,1,0,0,0
22:12:31.407,1,1,0,0,0
22:12:31.407,1,0,0,0,0
22:12:32.269,1,0,0,0,0
22:12:32.269,1,1,0,0,0
22:12:32.833,1,1,0,0,0
22:12:32.833,0,1,0,0,0
22:12:33.236,0,1,0,0,0
22:12:33.236,0,0,0,0,0
22:12:34.106,0,0,0,0,0
22:12:34.106,0,1,0,0,0
22:12:34.859,0,1,0,0,0
22:12:34.859,1,1,0,0,0
22:12:34.979,1,1,0,0,0
22:12:34.979,1,0,0,0,0
22:12:35.840,1,0,0,0,0
22:12:35.840,1,1,0,0,0
22:12:36.705,1,1,0,0,0
22:12:36.705,1,0,0,0,0
22:12:36.886,1,0,0,0,0
22:12:36.886,0,0,0,0,0
22:12:37.579,0,0,0,0,0
22:12:37.579,0,1,0,0,0
22:12:38.547,0,1,0,0,0
22:12:38.547,0,0,0,0,0
22:12:38.890,0,0,0,0,0
22:12:38.890,1,0,0,0,0
22:12:39.407,1,0,0,0,0
22:12:39.407,1,1,0,0,0
22:12:40.272,1,1,0,0,0
22:12:40.272,1,0,0,0,0
22:12:40.940,1,0,0,0,0
22:12:40.940,0,0,0,0,0
22:12:41.135,0,0,0,0,0
22:12:41.135,0,1,0,0,0
22:12:42.032,0,1,0,0,0
22:12:42.032,0,0,0,0,0
22:12:42.988,0,0,0,0,0
22:12:42.988,0,1,0,0,0
22:12:42.988,0,1,0,0,0
22:12:42.988,1,1,0,0,0
22:12:43.867,1,1,0,0,0
22:12:43.867,1,0,0,0,0
22:12:44.743,1,0,0,0,0
22:12:44.743,1,1,0,0,0
22:12:45.030,1,1,0,0,0
22:12:45.030,0,1,0,0,0
22:12:45.603,0,1,0,0,0
22:12:45.603,0,0,0,0,0
22:12:46.468,0,0,0,0,0
22:12:46.468,0,1,0,0,0
22:12:47.052,0,1,0,0,0
22:12:47.052,1,1,0,0,0
22:12:47.429,1,1,0,0,0
22:12:47.429,1,0,0,0,0
22:12:48.293,1,0,0,0,0
22:12:48.293,1,1,0,0,0
22:12:49.066,1,1,0,0,0
22:12:49.066,0,1,0,0,0
22:12:49.169,0,1,0,0,0
22:12:49.169,0,0,0,0,0
22:12:50.037,0,0,0,0,0
22:12:50.037,0,1,0,0,0
22:12:50.904,0,1,0,0,0
22:12:50.904,0,0,0,0,0
22:12:51.116,0,0,0,0,0
22:12:51.116,1,0,0,0,0
22:12:51.771,1,0,0,0,0
22:12:51.771,1,1,0,0,0
22:12:52.759,1,1,0,0,0
22:12:52.759,1,0,0,0,0
22:12:53.174,1,0,0,0,0
22:12:53.174,0,0,0,0,0
22:12:53.629,0,0,0,0,0
22:12:53.629,0,1,0,0,0
22:12:54.498,0,1,0,0,0
22:12:54.498,0,0,0,0,0
22:12:55.172,0,0,0,0,0
22:12:55.172,1,0,0,0,0
22:12:55.367,1,0,0,0,0
22:12:55.367,1,1,0,0,0
22:12:56.229,1,1,0,0,0
22:12:56.229,1,0,0,0,0
22:12:57.105,1,0,0,0,0
22:12:57.105,1,1,0,0,0
22:12:57.218,1,1,0,0,0
22:12:57.218,0,1,0,0,0
22:12:58.026,0,1,0,0,0
22:12:58.026,0,0,0,0,0
22:12:58.896,0,0,0,0,0
22:12:58.896,0,1,0,0,0
22:12:59.240,0,1,0,0,0
22:12:59.240,1,1,0,0,0
22:12:59.764,1,1,0,0,0
22:12:59.764,1,0,0,0,0
22:13:00.633,1,0,0,0,0
22:13:00.633,1,1,0,0,0
22:13:01.303,1,1,0,0,0
22:13:01.303,0,1,0,0,0
22:13:01.497,0,1,0,0,0
22:13:01.497,0,0,0,0,0
22:13:02.362,0,0,0,0,0
22:13:02.362,0,1,0,0,0
22:13:03.249,0,1,0,0,0
22:13:03.249,0,0,0,0,0
22:13:03.359,0,0,0,0,0
22:13:03.359,1,0,0,0,0
22:13:04.153,1,0,0,0,0
22:13:04.153,1,1,0,0,0
22:13:05.029,1,1,0,0,0
22:13:05.029,1,0,0,0,0
22:13:05.380,1,0,0,0,0
22:13:05.380,0,0,0,0,0
22:13:05.900,0,0,0,0,0
22:13:05.900,0,1,0,0,0
22:13:06.763,0,1,0,0,0
22:13:06.763,0,0,0,0,0
22:13:07.461,0,0,0,0,0
22:13:07.461,1,0,0,0,0
22:13:07.633,1,0,0,0,0
22:13:07.633,1,1,0,0,0
22:13:08.503,1,1,0,0,0
22:13:08.503,1,0,0,0,0
22:13:09.401,1,0,0,0,0
22:13:09.401,1,1,0,0,0
22:13:09.495,1,1,0,0,0
22:13:09.495,0,1,0,0,0
22:13:10.354,0,1,0,0,0
22:13:10.354,0,0,0,0,0
22:13:11.228,0,0,0,0,0
22:13:11.228,0,1,0,0,0
22:13:11.529,0,1,0,0,0
22:13:11.529,1,1,0,0,0
22:13:12.098,1,1,0,0,0
22:13:12.098,1,0,0,0,0
22:13:12.967,1,0,0,0,0
22:13:12.967,1,1,0,0,0
22:13:13.553,1,1,0,0,0
22:13:13.553,0,1,0,0,0
22:13:13.837,0,1,0,0,0
22:13:13.837,0,0,0,0,0
22:13:14.724,0,0,0,0,0
22:13:14.724,0,1,0,0,0
22:13:15.631,0,1,0,0,0
22:13:15.631,1,1,0,0,0
22:13:15.631,1,1,0,0,0
22:13:15.631,1,0,0,0,0
22:13:16.496,1,0,0,0,0
22:13:16.496,1,1,0,0,0
22:13:17.367,1,1,0,0,0
22:13:17.367,1,0,0,0,0
22:13:17.684,1,0,0,0,0
22:13:17.684,0,0,0,0,0
22:13:18.238,0,0,0,0,0
22:13:18.238,0,1,0,0,0
22:13:19.110,0,1,0,0,0
22:13:19.110,0,0,0,0,0
22:13:19.712,0,0,0,0,0
22:13:19.712,1,0,0,0,0
22:13:19.971,1,0,0,0,0
22:13:19.971,1,1,0,0,0
22:13:20.837,1,1,0,0,0
22:13:20.837,1,0,0,0,0
22:13:21.768,1,0,0,0,0
22:13:21.768,1,1,0,0,0
22:13:21.768,1,1,0,0,0
22:13:21.768,0,1,0,0,0
22:13:22.649,0,1,0,0,0
22:13:22.649,0,0,0,0,0
22:13:23.515,0,0,0,0,0
22:13:23.515,0,1,0,0,0
22:13:23.808,0,1,0,0,0
22:13:23.808,1,1,0,0,0
22:13:24.387,1,1,0,0,0
22:13:24.387,1,0,0,0,0
22:13:25.257,1,0,0,0,0
22:13:25.257,1,1,0,0,0
22:13:25.841,1,1,0,0,0
22:13:25.841,0,1,0,0,0
22:13:26.136,0,1,0,0,0
22:13:26.136,0,0,0,0,0
22:13:27.030,0,0,0,0,0
22:13:27.030,0,1,0,0,0
22:13:27.917,0,1,0,0,0
22:13:27.917,1,1,0,0,0
22:13:27.917,1,1,0,0,0
22:13:27.917,1,0,0,0,0
22:13:28.787,1,0,0,0,0
22:13:28.787,1,1,0,0,0
22:13:29.653,1,1,0,0,0
22:13:29.653,1,0,0,0,0
22:13:29.917,1,0,0,0,0
22:13:29.917,0,0,0,0,0
22:13:30.516,0,0,0,0,0
22:13:30.516,0,1,0,0,0
22:13:31.388,0,1,0,0,0
22:13:31.388,0,0,0,0,0
22:13:31.940,0,0,0,0,0
22:13:31.940,1,0,0,0,0
22:13:32.320,1,0,0,0,0
22:13:32.320,1,1,0,0,0
22:13:33.181,1,1,0,0,0
22:13:33.181,1,0,0,0,0
22:13:33.941,1,0,0,0,0
22:13:33.941,0,0,0,0,0
22:13:34.047,0,0,0,0,0
22:13:34.047,0,1,0,0,0
22:13:34.914,0,1,0,0,0
22:13:34.914,0,0,0,0,0
22:13:35.780,0,0,0,0,0
22:13:35.780,0,1,0,0,0
22:13:35.970,0,1,0,0,0
22:13:35.970,1,1,0,0,0
22:13:36.641,1,1,0,0,0
22:13:36.641,1,0,0,0,0
22:13:37.513,1,0,0,0,0
22:13:37.513,1,1,0,0,0
22:13:38.024,1,1,0,0,0
22:13:38.024,0,1,0,0,0
22:13:38.451,0,1,0,0,0
22:13:38.451,0,0,0,0,0
22:13:39.359,0,0,0,0,0
22:13:39.359,0,1,0,0,0
22:13:40.133,0,1,0,0,0
22:13:40.133,1,1,0,0,0
22:13:40.224,1,1,0,0,0
22:13:40.224,1,0,0,0,0
22:13:41.089,1,0,0,0,0
22:13:41.089,1,1,0,0,0
22:13:41.958,1,1,0,0,0
22:13:41.958,1,0,0,0,0
22:13:42.203,1,0,0,0,0
22:13:42.203,0,0,0,0,0
22:13:42.822,0,0,0,0,0
22:13:42.822,0,1,0,0,0
22:13:43.677,0,1,0,0,0
22:13:43.677,0,0,0,0,0
22:13:44.228,0,0,0,0,0
22:13:44.228,1,0,0,0,0
22:13:44.651,1,0,0,0,0
22:13:44.651,1,1,0,0,0
22:13:45.527,1,1,0,0,0
22:13:45.527,1,0,0,0,0
22:13:46.252,1,0,0,0,0
22:13:46.252,0,0,0,0,0
22:13:46.392,0,0,0,0,0
22:13:46.392,0,1,0,0,0
22:13:47.254,0,1,0,0,0
22:13:47.254,0,0,0,0,0
22:13:48.146,0,0,0,0,0
22:13:48.146,0,1,0,0,0
22:13:48.257,0,1,0,0,0
22:13:48.257,1,1,0,0,0
22:13:49.056,1,1,0,0,0
22:13:49.056,1,0,0,0,0
22:13:49.927,1,0,0,0,0
22:13:49.927,1,1,0,0,0
22:13:50.279,1,1,0,0,0
22:13:50.279,0,1,0,0,0
22:13:50.795,0,1,0,0,0
22:13:50.795,0,0,0,0,0
22:13:51.661,0,0,0,0,0
22:13:51.661,0,1,0,0,0
22:13:52.313,0,1,0,0,0
22:13:52.313,1,1,0,0,0
22:13:52.534,1,1,0,0,0
22:13:52.534,1,0,0,0,0
22:13:53.398,1,0,0,0,0
22:13:53.398,1,1,0,0,0
22:13:54.341,1,1,0,0,0
22:13:54.341,1,0,0,0,0
22:13:54.341,1,0,0,0,0
22:13:54.341,0,0,0,0,0
22:13:55.212,0,0,0,0,0
22:13:55.212,0,1,0,0,0
22:13:56.077,0,1,0,0,0
22:13:56.077,0,0,0,0,0
22:13:56.380,0,0,0,0,0
22:13:56.380,1,0,0,0,0
22:13:56.944,1,0,0,0,0
22:13:56.944,1,1,0,0,0
22:13:57.812,1,1,0,0,0
22:13:57.812,1,0,0,0,0
22:13:58.416,1,0,0,0,0
22:13:58.416,0,0,0,0,0
22:13:58.675,0,0,0,0,0
22:13:58.675,0,1,0,0,0
22:13:59.540,0,1,0,0,0
22:13:59.540,0,0,0,0,0
22:14:00.433,0,0,0,0,0
22:14:00.433,0,1,0,0,0
22:14:00.433,0,1,0,0,0
22:14:00.433,1,1,0,0,0
22:14:01.303,1,1,0,0,0
22:14:01.303,1,0,0,0,0
22:14:02.171,1,0,0,0,0
22:14:02.171,1,1,0,0,0
22:14:02.519,1,1,0,0,0
22:14:02.519,0,1,0,0,0
22:14:03.032,0,1,0,0,0
22:14:03.032,0,0,0,0,0
22:14:03.908,0,0,0,0,0
22:14:03.908,0,1,0,0,0
22:14:04.523,0,1,0,0,0
22:14:04.523,1,1,0,0,0
22:14:04.775,1,1,0,0,0
22:14:04.775,1,0,0,0,0
22:14:05.777,1,0,0,0,0
22:14:05.777,1,1,0,0,0
22:14:06.556,1,1,0,0,0
22:14:06.556,0,1,0,0,0
22:14:06.643,0,1,0,0,0
22:14:06.643,0,0,0,0,0
22:14:07.517,0,0,0,0,0
22:14:07.517,0,1,0,0,0
22:14:08.379,0,1,0,0,0
22:14:08.379,0,0,0,0,0
22:14:08.612,0,0,0,0,0
22:14:08.612,1,0,0,0,0
22:14:09.242,1,0,0,0,0
22:14:09.242,1,1,0,0,0
22:14:10.105,1,1,0,0,0
22:14:10.105,1,0,0,0,0
22:14:10.618,1,0,0,0,0
22:14:10.618,0,0,0,0,0
22:14:11.002,0,0,0,0,0
22:14:11.002,0,1,0,0,0
22:14:11.901,0,1,0,0,0
22:14:11.901,0,0,0,0,0
22:14:12.677,0,0,0,0,0
22:14:12.677,1,0,0,0,0
22:14:12.768,1,0,0,0,0
22:14:12.768,1,1,0,0,0
22:14:13.633,1,1,0,0,0
22:14:13.633,1,0,0,0,0
22:14:14.493,1,0,0,0,0
22:14:14.493,1,1,0,0,0
22:14:14.691,1,1,0,0,0
22:14:14.691,0,1,0,0,0
22:14:15.357,0,1,0,0,0
22:14:15.357,0,0,0,0,0
22:14:16.284,0,0,0,0,0
22:14:16.284,0,1,0,0,0
22:14:16.721,0,1,0,0,0
22:14:16.721,1,1,0,0,0
22:14:17.147,1,1,0,0,0
22:14:17.147,1,0,0,0,0
22:14:18.009,1,0,0,0,0
22:14:18.009,1,1,0,0,0
22:14:18.816,1,1,0,0,0
22:14:18.816,0,1,0,0,0
22:14:18.871,0,1,0,0,0
22:14:18.871,0,0,0,0,0
22:14:19.732,0,0,0,0,0
22:14:19.732,0,1,0,0,0
22:14:20.598,0,1,0,0,0
22:14:20.598,0,0,0,0,0
22:14:20.823,0,0,0,0,0
22:14:20.823,1,0,0,0,0
22:14:21.471,1,0,0,0,0
22:14:21.471,1,1,0,0,0
22:14:22.450,1,1,0,0,0
22:14:22.450,1,0,0,0,0
22:14:22.865,1,0,0,0,0
22:14:22.865,0,0,0,0,0
22:14:23.324,0,0,0,0,0
22:14:23.324,0,1,0,0,0
22:14:24.192,0,1,0,0,0
22:14:24.192,0,0,0,0,0
22:14:24.917,0,0,0,0,0
22:14:24.917,1,0,0,0,0
22:14:25.067,1,0,0,0,0
22:14:25.067,1,1,0,0,0
22:14:25.954,1,1,0,0,0
22:14:25.954,1,0,0,0,0
22:14:26.940,1,0,0,0,0
22:14:26.940,1,1,0,0,0
22:14:26.940,1,1,0,0,0
22:14:26.940,0,1,0,0,0
22:14:27.806,0,1,0,0,0
22:14:27.806,0,0,0,0,0
22:14:28.667,0,0,0,0,0
22:14:28.667,0,1,0,0,0
22:14:28.957,0,1,0,0,0
22:14:28.957,1,1,0,0,0
22:14:29.539,1,1,0,0,0
22:14:29.539,1,0,0,0,0
22:14:30.414,1,0,0,0,0
22:14:30.414,1,1,0,0,0
22:14:30.976,1,1,0,0,0
22:14:30.976,0,1,0,0,0
22:14:31.335,0,1,0,0,0
22:14:31.335,0,0,0,0,0
22:14:32.199,0,0,0,0,0
22:14:32.199,0,1,0,0,0
22:14:32.976,0,1,0,0,0
22:14:32.976,1,1,0,0,0
22:14:33.071,1,1,0,0,0
22:14:33.071,1,0,0,0,0
22:14:33.938,1,0,0,0,0
22:14:33.938,1,1,0,0,0
22:14:34.802,1,1,0,0,0
22:14:34.802,1,0,0,0,0
22:14:34.975,1,0,0,0,0
22:14:34.975,0,0,0,0,0
22:14:35.698,0,0,0,0,0
22:14:35.698,0,1,0,0,0
22:14:36.607,0,1,0,0,0
22:14:36.607,0,0,0,0,0
22:14:36.970,0,0,0,0,0
22:14:36.970,1,0,0,0,0
22:14:37.475,1,0,0,0,0
22:14:37.475,1,1,0,0,0
22:14:38.337,1,1,0,0,0
22:14:38.337,1,0,0,0,0
22:14:39.030,1,0,0,0,0
22:14:39.030,0,0,0,0,0
22:14:39.203,0,0,0,0,0
22:14:39.203,0,1,0,0,0
22:14:40.071,0,1,0,0,0
22:14:40.071,0,0,0,0,0
22:14:41.030,0,0,0,0,0
22:14:41.030,0,1,0,0,0
22:14:41.041,0,1,0,0,0
22:14:41.041,1,1,0,0,0
22:14:41.888,1,1,0,0,0
22:14:41.888,1,0,0,0,0
22:14:42.753,1,0,0,0,0
22:14:42.753,1,1,0,0,0
22:14:43.128,1,1,0,0,0
22:14:43.128,0,1,0,0,0
22:14:43.615,0,1,0,0,0
22:14:43.615,0,0,0,0,0
22:14:44.487,0,0,0,0,0
22:14:44.487,0,1,0,0,0
22:14:45.137,0,1,0,0,0
22:14:45.137,1,1,0,0,0
22:14:45.348,1,1,0,0,0
22:14:45.348,1,0,0,0,0
22:14:46.220,1,0,0,0,0
22:14:46.220,1,1,0,0,0
22:14:47.155,1,1,0,0,0
22:14:47.155,1,0,0,0,0
22:14:47.156,1,0,0,0,0
22:14:47.156,0,0,0,0,0
22:14:48.030,0,0,0,0,0
22:14:48.030,0,1,0,0,0
22:14:48.897,0,1,0,0,0
22:14:48.897,0,0,0,0,0
22:14:49.218,0,0,0,0,0
22:14:49.218,1,0,0,0,0
22:14:49.760,1,0,0,0,0
22:14:49.760,1,1,0,0,0
22:14:50.621,1,1,0,0,0
22:14:50.621,1,0,0,0,0
22:14:51.220,1,0,0,0,0
22:14:51.220,0,0,0,0,0
22:14:51.489,0,0,0,0,0
22:14:51.489,0,1,0,0,0
22:14:52.445,0,1,0,0,0
22:14:52.445,0,0,0,0,0
22:14:53.228,0,0,0,0,0
22:14:53.228,1,0,0,0,0
22:14:53.316,1,0,0,0,0
22:14:53.316,1,1,0,0,0
22:14:54.186,1,1,0,0,0
22:14:54.186,1,0,0,0,0
22:14:55.058,1,0,0,0,0
22:14:55.058,1,1,0,0,0
22:14:55.286,1,1,0,0,0
22:14:55.286,0,1,0,0,0
22:14:55.918,0,1,0,0,0
22:14:55.918,0,0,0,0,0
22:14:56.874,0,0,0,0,0
22:14:56.874,0,1,0,0,0
22:14:57.304,0,1,0,0,0
22:14:57.304,1,1,0,0,0
22:14:57.735,1,1,0,0,0
22:14:57.735,1,0,0,0,0
22:14:58.602,1,0,0,0,0
22:14:58.602,1,1,0,0,0
22:14:59.303,1,1,0,0,0
22:14:59.303,0,1,0,0,0
22:14:59.470,0,1,0,0,0
22:14:59.470,0,0,0,0,0
22:15:00.330,0,0,0,0,0
22:15:00.330,0,1,0,0,0
22:15:01.199,0,1,0,0,0
22:15:01.199,0,0,0,0,0
22:15:01.387,0,0,0,0,0
22:15:01.387,1,0,0,0,0
22:15:02.058,1,0,0,0,0
22:15:02.058,1,1,0,0,0
22:15:03.031,1,1,0,0,0
22:15:03.031,1,0,0,0,0
22:15:03.400,1,0,0,0,0
22:15:03.400,0,0,0,0,0
22:15:03.902,0,0,0,0,0
22:15:03.902,0,1,0,0,0
22:15:04.768,0,1,0,0,0
22:15:04.768,0,0,0,0,0
22:15:05.426,0,0,0,0,0
22:15:05.426,1,0,0,0,0
22:15:05.633,1,0,0,0,0
22:15:05.633,1,1,0,0,0
22:15:06.506,1,1,0,0,0
22:15:06.506,1,0,0,0,0
22:15:07.395,1,0,0,0,0
22:15:07.395,1,1,0,0,0
22:15:07.426,1,1,0,0,0
22:15:07.426,0,1,0,0,0
22:15:08.267,0,1,0,0,0
22:15:08.267,0,0,0,0,0
22:15:09.133,0,0,0,0,0
22:15:09.133,0,1,0,0,0
22:15:09.431,0,1,0,0,0
22:15:09.431,1,1,0,0,0
22:15:10.000,1,1,0,0,0
22:15:10.000,1,0,0,0,0
22:15:10.862,1,0,0,0,0
22:15:10.862,1,1,0,0,0
22:15:11.501,1,1,0,0,0
22:15:11.501,0,1,0,0,0
22:15:11.726,0,1,0,0,0
22:15:11.726,0,0,0,0,0
22:15:12.691,0,0,0,0,0
22:15:12.691,0,1,0,0,0
22:15:13.503,0,1,0,0,0
22:15:13.503,1,1,0,0,0
22:15:13.566,1,1,0,0,0
22:15:13.566,1,0,0,0,0
22:15:14.432,1,0,0,0,0
22:15:14.432,1,1,0,0,0
22:15:15.296,1,1,0,0,0
22:15:15.296,1,0,0,0,0
22:15:15.513,1,0,0,0,0
22:15:15.513,0,0,0,0,0
22:15:16.160,0,0,0,0,0
22:15:16.160,0,1,0,0,0
22:15:17.026,0,1,0,0,0
22:15:17.026,0,0,0,0,0
22:15:17.563,0,0,0,0,0
22:15:17.563,1,0,0,0,0
22:15:17.948,1,0,0,0,0
22:15:17.948,1,1,0,0,0
22:15:18.805,1,1,0,0,0
22:15:18.805,1,0,0,0,0
22:15:19.616,1,0,0,0,0
22:15:19.616,0,0,0,0,0
22:15:19.683,0,0,0,0,0
22:15:19.683,0,1,0,0,0
22:15:20.548,0,1,0,0,0
22:15:20.548,0,0,0,0,0
22:15:21.414,0,0,0,0,0
22:15:21.414,0,1,0,0,0
22:15:21.631,0,1,0,0,0
22:15:21.631,1,1,0,0,0
22:15:22.296,1,1,0,0,0
22:15:22.296,1,0,0,0,0
22:15:23.276,1,0,0,0,0
22:15:23.276,1,1,0,0,0
22:15:23.634,1,1,0,0,0
22:15:23.634,0,1,0,0,0
22:15:24.139,0,1,0,0,0
22:15:24.139,0,0,0,0,0
22:15:25.013,0,0,0,0,0
22:15:25.013,0,1,0,0,0
22:15:25.644,0,1,0,0,0
22:15:25.644,1,1,0,0,0
22:15:25.874,1,1,0,0,0
22:15:25.874,1,0,0,0,0
22:15:26.764,1,0,0,0,0
22:15:26.764,1,1,0,0,0
22:15:27.710,1,1,0,0,0
22:15:27.710,1,0,0,0,0
22:15:27.710,1,0,0,0,0
22:15:27.710,0,0,0,0,0
22:15:28.577,0,0,0,0,0
22:15:28.577,0,1,0,0,0
22:15:29.447,0,1,0,0,0
22:15:29.447,0,0,0,0,0
22:15:29.714,0,0,0,0,0
22:15:29.714,1,0,0,0,0
22:15:30.307,1,0,0,0,0
22:15:30.307,1,1,0,0,0
22:15:31.178,1,1,0,0,0
22:15:31.178,1,0,0,0,0
22:15:31.724,1,0,0,0,0
22:15:31.724,0,0,0,0,0
22:15:32.101,0,0,0,0,0
22:15:32.101,0,1,0,0,0
22:15:32.975,0,1,0,0,0
22:15:32.975,0,0,0,0,0
22:15:33.758,0,0,0,0,0
22:15:33.758,1,0,0,0,0
22:15:33.848,1,0,0,0,0
22:15:33.848,1,1,0,0,0
22:15:34.718,1,1,0,0,0
22:15:34.718,1,0,0,0,0
22:15:35.578,1,0,0,0,0
22:15:35.578,1,1,0,0,0
22:15:35.758,1,1,0,0,0
22:15:35.758,0,1,0,0,0
22:15:36.445,0,1,0,0,0
22:15:36.445,0,0,0,0,0
22:15:37.374,0,0,0,0,0
22:15:37.374,0,1,0,0,0
22:15:37.798,0,1,0,0,0
22:15:37.798,1,1,0,0,0
22:15:38.246,1,1,0,0,0
22:15:38.246,1,0,0,0,0
22:15:39.113,1,0,0,0,0
22:15:39.113,1,1,0,0,0
22:15:39.832,1,1,0,0,0
22:15:39.832,0,1,0,0,0
22:15:39.987,0,1,0,0,0
22:15:39.987,0,0,0,0,0
22:15:40.851,0,0,0,0,0
22:15:40.851,0,1,0,0,0
22:15:41.735,0,1,0,0,0
22:15:41.735,0,0,0,0,0
22:15:41.873,0,0,0,0,0
22:15:41.873,1,0,0,0,0
22:15:42.644,1,0,0,0,0
22:15:42.644,1,1,0,0,0
22:15:43.506,1,1,0,0,0
22:15:43.506,1,0,0,0,0
22:15:43.946,1,0,0,0,0
22:15:43.946,0,0,0,0,0
22:15:44.379,0,0,0,0,0
22:15:44.379,0,1,0,0,0
22:15:45.245,0,1,0,0,0
22:15:45.245,0,0,0,0,0
22:15:45.961,0,0,0,0,0
22:15:45.961,1,0,0,0,0
22:15:46.109,1,0,0,0,0
22:15:46.109,1,1,0,0,0
22:15:46.979,1,1,0,0,0
22:15:46.979,1,0,0,0,0
22:15:47.834,1,0,0,0,0
22:15:47.834,1,1,0,0,0
22:15:47.961,1,1,0,0,0
22:15:47.961,0,1,0,0,0
22:15:48.770,0,1,0,0,0
22:15:48.770,0,0,0,0,0
22:15:49.644,0,0,0,0,0
22:15:49.644,0,1,0,0,0
22:15:49.962,0,1,0,0,0
22:15:49.962,1,1,0,0,0
22:15:50.518,1,1,0,0,0
22:15:50.518,1,0,0,0,0
22:15:51.392,1,0,0,0,0
22:15:51.392,1,1,0,0,0
22:15:52.016,1,1,0,0,0
22:15:52.016,0,1,0,0,0
22:15:52.290,0,1,0,0,0
22:15:52.290,0,0,0,0,0
22:15:53.239,0,0,0,0,0
22:15:53.239,0,1,0,0,0
22:15:54.042,0,1,0,0,0
22:15:54.042,1,1,0,0,0
22:15:54.108,1,1,0,0,0
22:15:54.108,1,0,0,0,0
22:15:54.974,1,0,0,0,0
22:15:54.974,1,1,0,0,0
22:15:55.841,1,1,0,0,0
22:15:55.841,1,0,0,0,0
22:15:56.072,1,0,0,0,0
22:15:56.072,0,0,0,0,0
22:15:56.702,0,0,0,0,0
22:15:56.702,0,1,0,0,0
22:15:57.693,0,1,0,0,0
22:15:57.693,0,0,0,0,0
22:15:58.117,0,0,0,0,0
22:15:58.117,1,0,0,0,0
22:15:58.555,1,0,0,0,0
22:15:58.555,1,1,0,0,0
22:15:59.421,1,1,0,0,0
22:15:59.421,1,0,0,0,0
22:16:00.123,1,0,0,0,0
22:16:00.123,0,0,0,0,0
22:16:00.292,0,0,0,0,0
22:16:00.292,0,1,0,0,0
22:16:01.156,0,1,0,0,0
22:16:01.156,0,0,0,0,0
22:16:02.140,0,0,0,0,0
22:16:02.140,0,1,0,0,0
22:16:02.141,0,1,0,0,0
22:16:02.141,1,1,0,0,0
22:16:03.008,1,1,0,0,0
22:16:03.008,1,0,0,0,0
22:16:03.871,1,0,0,0,0
22:16:03.871,1,1,0,0,0
22:16:04.162,1,1,0,0,0
22:16:04.162,0,1,0,0,0
22:16:04.741,0,1,0,0,0
22:16:04.741,0,0,0,0,0
22:16:05.611,0,0,0,0,0
22:16:05.611,0,1,0,0,0
22:16:06.166,0,1,0,0,0
22:16:06.166,1,1,0,0,0
22:16:06.475,1,1,0,0,0
22:16:06.475,1,0,0,0,0
22:16:07.351,1,0,0,0,0
22:16:07.351,1,1,0,0,0
22:16:08.174,1,1,0,0,0
22:16:08.174,0,1,0,0,0
22:16:08.222,0,1,0,0,0
22:16:08.222,0,0,0,0,0
22:16:09.092,0,0,0,0,0
22:16:09.092,0,1,0,0,0
22:16:09.958,0,1,0,0,0
22:16:09.958,0,0,0,0,0
22:16:10.230,0,0,0,0,0
22:16:10.230,1,0,0,0,0
22:16:10.824,1,0,0,0,0
22:16:10.824,1,1,0,0,0
22:16:11.689,1,1,0,0,0
22:16:11.689,1,0,0,0,0
22:16:12.287,1,0,0,0,0
22:16:12.287,0,0,0,0,0
22:16:12.541,0,0,0,0,0
22:16:12.541,0,1,0,0,0
22:16:13.486,0,1,0,0,0
22:16:13.486,0,0,0,0,0
22:16:14.301,0,0,0,0,0
22:16:14.301,1,0,0,0,0
22:16:14.349,1,0,0,0,0
22:16:14.349,1,1,0,0,0
22:16:15.221,1,1,0,0,0
22:16:15.221,1,0,0,0,0
22:16:16.085,1,0,0,0,0
22:16:16.085,1,1,0,0,0
22:16:16.340,1,1,0,0,0
22:16:16.340,0,1,0,0,0
22:16:16.955,0,1,0,0,0
22:16:16.955,0,0,0,0,0
22:16:17.826,0,0,0,0,0
22:16:17.826,0,1,0,0,0
22:16:18.362,0,1,0,0,0
22:16:18.362,1,1,0,0,0
22:16:18.716,1,1,0,0,0
22:16:18.716,1,0,0,0,0
22:16:19.588,1,0,0,0,0
22:16:19.588,1,1,0,0,0
22:16:20.378,1,1,0,0,0
22:16:20.378,0,1,0,0,0
22:16:20.456,0,1,0,0,0
22:16:20.456,0,0,0,0,0
22:16:21.323,0,0,0,0,0
22:16:21.323,0,1,0,0,0
22:16:22.185,0,1,0,0,0
22:16:22.185,0,0,0,0,0
22:16:22.385,0,0,0,0,0
22:16:22.385,1,0,0,0,0
22:16:23.079,1,0,0,0,0
22:16:23.079,1,1,0,0,0
22:16:23.994,1,1,0,0,0
22:16:23.994,1,0,0,0,0
22:16:24.444,1,0,0,0,0
22:16:24.444,0,0,0,0,0
22:16:24.869,0,0,0,0,0
22:16:24.869,0,1,0,0,0
22:16:25.735,0,1,0,0,0
22:16:25.735,0,0,0,0,0
22:16:26.486,0,0,0,0,0
22:16:26.486,1,0,0,0,0
22:16:26.607,1,0,0,0,0
22:16:26.607,1,1,0,0,0
22:16:27.475,1,1,0,0,0
22:16:27.475,1,0,0,0,0
22:16:28.407,1,0,0,0,0
22:16:28.407,1,1,0,0,0
22:16:28.488,1,1,0,0,0
22:16:28.488,0,1,0,0,0
22:16:29.273,0,1,0,0,0
22:16:29.273,0,0,0,0,0
22:16:30.138,0,0,0,0,0
22:16:30.138,0,1,0,0,0
22:16:30.489,0,1,0,0,0
22:16:30.489,1,1,0,0,0
22:16:31.003,1,1,0,0,0
22:16:31.003,1,0,0,0,0
22:16:31.870,1,0,0,0,0
22:16:31.870,1,1,0,0,0
22:16:32.501,1,1,0,0,0
22:16:32.501,0,1,0,0,0
22:16:32.742,0,1,0,0,0
22:16:32.742,0,0,0,0,0
22:16:33.622,0,0,0,0,0
22:16:33.622,0,1,0,0,0
22:16:34.516,0,1,0,0,0
22:16:34.516,0,0,0,0,0
22:16:34.516,0,0,0,0,0
22:16:34.516,1,0,0,0,0
22:16:35.381,1,0,0,0,0
22:16:35.381,1,1,0,0,0
22:16:36.252,1,1,0,0,0
22:16:36.252,1,0,0,0,0
22:16:36.524,1,0,0,0,0
22:16:36.524,0,0,0,0,0
22:16:37.119,0,0,0,0,0
22:16:37.119,0,1,0,0,0
22:16:37.989,0,1,0,0,0
22:16:37.989,0,0,0,0,0
22:16:38.584,0,0,0,0,0
22:16:38.584,1,0,0,0,0
22:16:38.852,1,0,0,0,0
22:16:38.852,1,1,0,0,0
22:16:39.813,1,1,0,0,0
22:16:39.813,1,0,0,0,0
22:16:40.607,1,0,0,0,0
22:16:40.607,0,0,0,0,0
22:16:40.679,0,0,0,0,0
22:16:40.679,0,1,0,0,0
22:16:41.548,0,1,0,0,0
22:16:41.548,0,0,0,0,0
22:16:42.418,0,0,0,0,0
22:16:42.418,0,1,0,0,0
22:16:42.620,0,1,0,0,0
22:16:42.620,1,1,0,0,0
22:16:43.285,1,1,0,0,0
22:16:43.285,1,0,0,0,0
22:16:44.173,1,0,0,0,0
22:16:44.173,1,1,0,0,0
22:16:44.654,1,1,0,0,0
22:16:44.654,0,1,0,0,0
22:16:45.075,0,1,0,0,0
22:16:45.075,0,0,0,0,0
22:16:45.938,0,0,0,0,0
22:16:45.938,0,1,0,0,0
22:16:46.721,0,1,0,0,0
22:16:46.721,1,1,0,0,0
22:16:46.798,1,1,0,0,0
22:16:46.798,1,0,0,0,0
22:16:47.668,1,0,0,0,0
22:16:47.668,1,1,0,0,0
22:16:48.534,1,1,0,0,0
22:16:48.534,1,0,0,0,0
22:16:48.734,1,0,0,0,0
22:16:48.734,0,0,0,0,0
22:16:49.402,0,0,0,0,0
22:16:49.402,0,1,0,0,0
22:16:50.384,0,1,0,0,0
22:16:50.384,0,0,0,0,0
22:16:50.796,0,0,0,0,0
22:16:50.796,1,0,0,0,0
22:16:50.907,1,1,0,0,0
22:16:50.907,1,0,0,0,0
22:16:50.941,1,1,0,0,0
22:16:50.941,1,0,0,0,0
22:16:52.837,1,0,0,0,0
22:16:52.837,0,0,0,0,0
22:16:54.871,0,0,0,0,0
22:16:54.871,1,0,0,0,0
22:16:56.884,1,0,0,0,0
22:16:56.884,0,0,0,0,0
22:16:58.884,0,0,0,0,0
22:16:58.884,1,0,0,0,0
22:17:00.900,1,0,0,0,0
22:17:00.900,0,0,0,0,0
22:17:02.916,0,0,0,0,0
22:17:02.916,1,0,0,0,0
22:17:05.016,1,0,0,0,0
22:17:05.016,0,0,0,0,0
22:17:07.062,0,0,0,0,0
22:17:07.062,1,0,0,0,0
22:17:09.099,1,0,0,0,0
22:17:09.099,0,0,0,0,0
22:17:11.113,0,0,0,0,0
22:17:11.113,1,0,0,0,0
22:17:13.174,1,0,0,0,0
22:17:13.174,0,0,0,0,0
22:17:15.183,0,0,0,0,0
22:17:15.183,1,0,0,0,0
22:17:17.193,1,0,0,0,0
22:17:17.193,0,0,0,0,0
22:17:19.196,0,0,0,0,0
22:17:19.196,1,0,0,0,0
22:17:21.227,1,0,0,0,0
22:17:21.227,0,0,0,0,0
22:17:23.274,0,0,0,0,0
22:17:23.274,1,0,0,0,0
22:17:25.298,1,0,0,0,0
22:17:25.298,0,0,0,0,0
22:17:27.295,0,0,0,0,0
22:17:27.295,1,0,0,0,0
22:17:29.419,1,0,0,0,0
22:17:29.419,0,0,0,0,0
22:17:31.469,0,0,0,0,0
22:17:31.469,1,0,0,0,0
22:17:33.479,1,0,0,0,0
22:17:33.479,0,0,0,0,0
22:17:35.530,0,0,0,0,0
22:17:35.530,1,0,0,0,0
22:17:37.546,1,0,0,0,0
22:17:37.546,0,0,0,0,0
22:17:39.548,0,0,0,0,0
22:17:39.548,1,0,0,0,0
22:17:41.647,1,0,0,0,0
22:17:41.647,0,0,0,0,0
22:17:43.661,0,0,0,0,0
22:17:43.661,1,0,0,0,0
22:17:45.667,1,0,0,0,0
22:17:45.667,0,0,0,0,0
22:17:47.675,0,0,0,0,0
22:17:47.675,1,0,0,0,0
22:17:49.688,1,0,0,0,0
22:17:49.688,0,0,0,0,0
22:17:51.802,0,0,0,0,0
22:17:51.802,1,0,0,0,0
22:17:53.801,1,0,0,0,0
22:17:53.801,0,0,0,0,0
22:17:55.833,0,0,0,0,0
22:17:55.833,1,0,0,0,0
22:17:57.859,1,0,0,0,0
22:17:57.859,0,0,0,0,0
22:17:59.907,0,0,0,0,0
22:17:59.907,1,0,0,0,0
