Time,WM1,WM2,WM3,WM4,WM5
03:06:56.854,1,0,0,0,0
03:06:56.854,1,0,0,1,0
03:06:56.858,1,0,0,1,0
03:06:56.858,1,0,0,1,1
03:06:56.858,1,0,0,1,1
03:06:56.858,0,0,0,1,1
03:06:57.473,0,0,0,1,1
03:06:57.473,0,0,0,0,1
03:06:57.473,0,0,0,0,1
03:06:57.473,0,0,0,0,0
03:06:58.088,0,0,0,0,0
03:06:58.088,0,0,0,1,0
03:06:58.088,0,0,0,1,0
03:06:58.088,0,0,0,1,1
03:06:58.676,0,0,0,1,1
03:06:58.676,1,0,0,1,1
03:06:58.708,1,0,0,1,1
03:06:58.708,1,0,0,0,1
03:06:58.708,1,0,0,0,1
03:06:58.708,1,0,0,0,0
03:06:59.321,1,0,0,0,0
03:06:59.321,1,0,0,1,0
03:06:59.573,1,0,0,1,0
03:06:59.573,1,0,0,1,1
03:07:00.184,1,0,0,1,1
03:07:00.184,1,0,0,0,1
03:07:00.185,1,0,0,0,1
03:07:00.185,1,0,0,0,0
03:07:00.490,1,0,0,0,0
03:07:00.490,0,0,0,0,0
03:07:00.786,0,0,0,0,0
03:07:00.786,0,0,0,1,0
03:07:00.786,0,0,0,1,0
03:07:00.786,0,0,0,1,1
03:07:01.434,0,0,0,1,1
03:07:01.434,0,0,0,0,1
03:07:01.435,0,0,0,0,1
03:07:01.435,0,0,0,0,0
03:07:02.043,0,0,0,0,0
03:07:02.043,0,0,0,1,0
03:07:02.043,0,0,0,1,0
03:07:02.043,0,0,0,1,1
03:07:02.295,0,0,0,1,1
03:07:02.295,1,0,0,1,1
03:07:02.657,1,0,0,1,1
03:07:02.657,1,0,0,0,1
03:07:02.658,1,0,0,0,1
03:07:02.658,1,0,0,0,0
03:07:03.266,1,0,0,0,0
03:07:03.266,1,0,0,1,0
03:07:03.266,1,0,0,1,0
03:07:03.266,1,0,0,1,1
03:07:03.919,1,0,0,1,1
03:07:03.919,1,0,0,0,1
03:07:03.919,1,0,0,0,1
03:07:03.919,1,0,0,0,0
03:07:04.108,1,0,0,0,0
03:07:04.108,0,0,0,0,0
03:07:04.520,0,0,0,0,0
03:07:04.520,0,0,0,1,0
03:07:04.520,0,0,0,1,0
03:07:04.520,0,0,0,1,1
03:07:05.162,0,0,0,1,1
03:07:05.162,0,0,0,0,1
03:07:05.162,0,0,0,0,1
03:07:05.162,0,0,0,0,0
03:07:05.767,0,0,0,0,0
03:07:05.767,0,0,0,1,0
03:07:05.767,0,0,0,1,0
03:07:05.767,0,0,0,1,1
03:07:05.910,0,0,0,1,1
03:07:05.910,1,0,0,1,1
03:07:06.351,1,0,0,1,1
03:07:06.351,1,0,0,0,1
03:07:06.367,1,0,0,0,1
03:07:06.367,1,0,0,0,0
03:07:06.966,1,0,0,0,0
03:07:06.966,1,0,0,1,0
03:07:06.966,1,0,0,1,0
03:07:06.966,1,0,0,1,1
03:07:07.646,1,0,0,1,1
03:07:07.646,1,0,0,0,1
03:07:07.646,1,0,0,0,1
03:07:07.646,1,0,0,0,0
03:07:07.708,1,0,0,0,0
03:07:07.708,0,0,0,0,0
03:07:08.261,0,0,0,0,0
03:07:08.261,0,0,0,1,0
03:07:08.261,0,0,0,1,0
03:07:08.261,0,0,0,1,1
03:07:08.864,0,0,0,1,1
03:07:08.864,0,0,0,0,1
03:07:08.864,0,0,0,0,1
03:07:08.864,0,0,0,0,0
03:07:09.450,0,0,0,0,0
03:07:09.450,0,0,0,1,0
03:07:09.465,0,0,0,1,0
03:07:09.465,0,0,0,1,1
03:07:09.525,0,0,0,1,1
03:07:09.525,1,0,0,1,1
03:07:10.079,1,0,0,1,1
03:07:10.079,1,0,0,0,1
03:07:10.079,1,0,0,0,1
03:07:10.079,1,0,0,0,0
03:07:10.728,1,0,0,0,0
03:07:10.728,1,0,0,1,0
03:07:10.728,1,0,0,1,0
03:07:10.728,1,0,0,1,1
03:07:11.755,1,0,0,1,1
03:07:11.755,0,0,0,1,1
03:07:11.755,0,0,0,1,1
03:07:11.755,0,0,0,0,1
03:07:11.755,0,0,0,0,1
03:07:11.755,0,0,0,0,0
03:07:12.364,0,0,0,0,0
03:07:12.364,0,0,0,1,0
03:07:12.364,0,0,0,1,0
03:07:12.364,0,0,0,1,1
03:07:12.977,0,0,0,1,1
03:07:12.977,0,0,0,0,1
03:07:12.977,0,0,0,0,1
03:07:12.977,0,0,0,0,0
03:07:13.553,0,0,0,0,0
03:07:13.553,1,0,0,0,0
03:07:13.575,1,0,0,0,0
03:07:13.575,1,0,0,1,0
03:07:13.575,1,0,0,1,0
03:07:13.575,1,0,0,1,1
03:07:14.190,1,0,0,1,1
03:07:14.190,1,0,0,0,1
03:07:14.190,1,0,0,0,1
03:07:14.190,1,0,0,0,0
03:07:14.869,1,0,0,0,0
03:07:14.869,1,0,0,1,0
03:07:14.869,1,0,0,1,0
03:07:14.869,1,0,0,1,1
03:07:15.358,1,0,0,1,1
03:07:15.358,0,0,0,1,1
03:07:15.627,0,0,0,1,1
03:07:15.627,0,0,0,0,1
03:07:15.627,0,0,0,0,1
03:07:15.627,0,0,0,0,0
03:07:16.230,0,0,0,0,0
03:07:16.230,0,0,0,1,0
03:07:16.230,0,0,0,1,0
03:07:16.230,0,0,0,1,1
03:07:16.975,0,0,0,1,1
03:07:16.975,0,0,0,0,1
03:07:16.975,0,0,0,0,1
03:07:16.975,0,0,0,0,0
03:07:17.243,0,0,0,0,0
03:07:17.243,1,0,0,0,0
03:07:17.630,1,0,0,0,0
03:07:17.630,1,0,0,1,0
03:07:17.630,1,0,0,1,0
03:07:17.630,1,0,0,1,1
03:07:18.562,1,0,0,1,1
03:07:18.562,1,0,0,0,1
03:07:18.562,1,0,0,0,1
03:07:18.562,1,0,0,0,0
03:07:19.579,1,0,0,0,0
03:07:19.579,0,0,0,0,0
03:07:19.579,0,0,0,0,0
03:07:19.579,0,0,0,1,0
03:07:19.579,0,0,0,1,0
03:07:19.579,0,0,0,1,1
03:07:20.267,0,0,0,1,1
03:07:20.267,0,0,0,0,1
03:07:20.267,0,0,0,0,1
03:07:20.267,0,0,0,0,0
03:07:20.880,0,0,0,0,0
03:07:20.880,0,0,0,1,0
03:07:20.880,0,0,0,1,0
03:07:20.880,0,0,0,1,1
03:07:21.449,0,0,0,1,1
03:07:21.449,1,0,0,1,1
03:07:21.592,1,0,0,1,1
03:07:21.592,1,0,0,0,1
03:07:21.592,1,0,0,0,1
03:07:21.592,1,0,0,0,0
03:07:22.238,1,0,0,0,0
03:07:22.238,1,0,0,1,0
03:07:22.238,1,0,0,1,0
03:07:22.238,1,0,0,1,1
03:07:22.920,1,0,0,1,1
03:07:22.920,1,0,0,0,1
03:07:22.920,1,0,0,0,1
03:07:22.920,1,0,0,0,0
03:07:23.425,1,0,0,0,0
03:07:23.425,0,0,0,0,0
03:07:23.555,0,0,0,0,0
03:07:23.555,0,0,0,1,0
03:07:23.555,0,0,0,1,0
03:07:23.555,0,0,0,1,1
03:07:24.216,0,0,0,1,1
03:07:24.216,0,0,0,0,1
03:07:24.216,0,0,0,0,1
03:07:24.216,0,0,0,0,0
03:07:24.972,0,0,0,0,0
03:07:24.972,0,0,0,1,0
03:07:24.972,0,0,0,1,0
03:07:24.972,0,0,0,1,1
03:07:25.461,0,0,0,1,1
03:07:25.461,1,0,0,1,1
03:07:25.624,1,0,0,1,1
03:07:25.624,1,0,0,0,1
03:07:25.624,1,0,0,0,1
03:07:25.624,1,0,0,0,0
03:07:26.236,1,0,0,0,0
03:07:26.236,1,0,0,1,0
03:07:26.236,1,0,0,1,0
03:07:26.236,1,0,0,1,1
03:07:26.839,1,0,0,1,1
03:07:26.839,1,0,0,0,1
03:07:26.839,1,0,0,0,1
03:07:26.839,1,0,0,0,0
03:07:27.297,1,0,0,0,0
03:07:27.297,0,0,0,0,0
03:07:27.968,0,0,0,0,0
03:07:27.968,0,0,0,1,0
03:07:27.968,0,0,0,1,0
03:07:27.968,0,0,0,1,1
03:07:28.644,0,0,0,1,1
03:07:28.644,0,0,0,0,1
03:07:28.644,0,0,0,0,1
03:07:28.644,0,0,0,0,0
03:07:29.161,0,0,0,0,0
03:07:29.161,1,0,0,0,0
03:07:29.358,1,0,0,0,0
03:07:29.358,1,0,0,1,0
03:07:29.358,1,0,0,1,0
03:07:29.358,1,0,0,1,1
03:07:30.604,1,0,0,1,1
03:07:30.604,1,0,0,0,1
03:07:30.604,1,0,0,0,1
03:07:30.604,1,0,0,0,0
03:07:31.062,1,0,0,0,0
03:07:31.062,0,0,0,0,0
03:07:31.216,0,0,0,0,0
03:07:31.216,0,0,0,1,0
03:07:31.216,0,0,0,1,0
03:07:31.216,0,0,0,1,1
03:07:32.035,0,0,0,1,1
03:07:32.035,0,0,0,0,1
03:07:32.035,0,0,0,0,1
03:07:32.035,0,0,0,0,0
03:07:32.682,0,0,0,0,0
03:07:32.682,0,0,0,1,0
03:07:32.685,0,0,0,1,0
03:07:32.685,0,0,0,1,1
03:07:32.878,0,0,0,1,1
03:07:32.878,1,0,0,1,1
03:07:33.322,1,0,0,1,1
03:07:33.322,1,0,0,0,1
03:07:33.322,1,0,0,0,1
03:07:33.322,1,0,0,0,0
03:07:34.366,1,0,0,0,0
03:07:34.366,1,0,0,1,0
03:07:34.369,1,0,0,1,0
03:07:34.369,1,0,0,1,1
03:07:34.786,1,0,0,1,1
03:07:34.786,0,0,0,1,1
03:07:35.108,0,0,0,1,1
03:07:35.108,0,0,0,0,1
03:07:35.108,0,0,0,0,1
03:07:35.108,0,0,0,0,0
03:07:35.962,0,0,0,0,0
03:07:35.962,0,0,0,1,0
03:07:35.962,0,0,0,1,0
03:07:35.962,0,0,0,1,1
03:07:36.694,0,0,0,1,1
03:07:36.694,0,0,0,0,1
03:07:36.695,0,0,0,0,1
03:07:36.695,0,0,0,0,0
03:07:36.695,0,0,0,0,0
03:07:36.695,1,0,0,0,0
03:07:37.600,1,0,0,0,0
03:07:37.600,1,0,0,1,0
03:07:37.600,1,0,0,1,0
03:07:37.600,1,0,0,1,1
03:07:38.444,1,0,0,1,1
03:07:38.444,1,0,0,0,1
03:07:38.444,1,0,0,0,1
03:07:38.444,1,0,0,0,0
03:07:38.634,1,0,0,0,0
03:07:38.634,0,0,0,0,0
03:07:39.068,0,0,0,0,0
03:07:39.068,0,0,0,1,0
03:07:39.068,0,0,0,1,0
03:07:39.068,0,0,0,1,1
03:07:39.678,0,0,0,1,1
03:07:39.678,0,0,0,0,1
03:07:39.678,0,0,0,0,1
03:07:39.678,0,0,0,0,0
03:07:40.292,0,0,0,0,0
03:07:40.292,0,0,0,1,0
03:07:40.292,0,0,0,1,0
03:07:40.292,0,0,0,1,1
03:07:40.444,0,0,0,1,1
03:07:40.444,1,0,0,1,1
03:07:41.027,1,0,0,1,1
03:07:41.027,1,0,0,0,1
03:07:41.027,1,0,0,0,1
03:07:41.027,1,0,0,0,0
03:07:41.685,1,0,0,0,0
03:07:41.685,1,0,0,1,0
03:07:41.685,1,0,0,1,0
03:07:41.685,1,0,0,1,1
03:07:42.248,1,0,0,1,1
03:07:42.248,0,0,0,1,1
03:07:42.382,0,0,0,1,1
03:07:42.382,0,0,0,0,1
03:07:42.382,0,0,0,0,1
03:07:42.382,0,0,0,0,0
03:07:43.619,0,0,0,0,0
03:07:43.619,0,0,0,1,0
03:07:43.619,0,0,0,1,0
03:07:43.619,0,0,0,1,1
03:07:44.160,0,0,0,1,1
03:07:44.160,1,0,0,1,1
03:07:44.344,1,0,0,1,1
03:07:44.344,1,0,0,0,1
03:07:44.344,1,0,0,0,1
03:07:44.344,1,0,0,0,0
03:07:45.155,1,0,0,0,0
03:07:45.155,1,0,0,1,0
03:07:45.155,1,0,0,1,0
03:07:45.155,1,0,0,1,1
03:07:45.781,1,0,0,1,1
03:07:45.781,1,0,0,0,1
03:07:45.781,1,0,0,0,1
03:07:45.781,1,0,0,0,0
03:07:46.161,1,0,0,0,0
03:07:46.161,0,0,0,0,0
03:07:46.584,0,0,0,0,0
03:07:46.584,0,0,0,1,0
03:07:46.588,0,0,0,1,0
03:07:46.588,0,0,0,1,1
03:07:47.431,0,0,0,1,1
03:07:47.431,0,0,0,0,1
03:07:47.431,0,0,0,0,1
03:07:47.431,0,0,0,0,0
03:07:47.962,0,0,0,0,0
03:07:47.962,1,0,0,0,0
03:07:48.046,1,0,0,0,0
03:07:48.046,1,0,0,1,0
03:07:48.046,1,0,0,1,0
03:07:48.046,1,0,0,1,1
03:07:48.677,1,0,0,1,1
03:07:48.677,1,0,0,0,1
03:07:48.677,1,0,0,0,1
03:07:48.677,1,0,0,0,0
03:07:49.515,1,0,0,0,0
03:07:49.515,1,0,0,1,0
03:07:49.515,1,0,0,1,0
03:07:49.515,1,0,0,1,1
03:07:49.794,1,0,0,1,1
03:07:49.794,0,0,0,1,1
03:07:50.132,0,0,0,1,1
03:07:50.132,0,0,0,0,1
03:07:50.134,0,0,0,0,1
03:07:50.134,0,0,0,0,0
03:07:50.761,0,0,0,0,0
03:07:50.761,0,0,0,1,0
03:07:50.761,0,0,0,1,0
03:07:50.761,0,0,0,1,1
03:07:51.457,0,0,0,1,1
03:07:51.457,0,0,0,0,1
03:07:51.457,0,0,0,0,1
03:07:51.457,0,0,0,0,0
03:07:51.601,0,0,0,0,0
03:07:51.601,1,0,0,0,0
03:07:52.114,1,0,0,0,0
03:07:52.114,1,0,0,1,0
03:07:52.114,1,0,0,1,0
03:07:52.114,1,0,0,1,1
03:07:52.876,1,0,0,1,1
03:07:52.876,1,0,0,0,1
03:07:52.876,1,0,0,0,1
03:07:52.876,1,0,0,0,0
03:07:53.442,1,0,0,0,0
03:07:53.442,0,0,0,0,0
03:07:53.581,0,0,0,0,0
03:07:53.581,0,0,0,1,0
03:07:53.581,0,0,0,1,0
03:07:53.581,0,0,0,1,1
03:07:54.335,0,0,0,1,1
03:07:54.335,0,0,0,0,1
03:07:54.337,0,0,0,0,1
03:07:54.337,0,0,0,0,0
03:07:54.979,0,0,0,0,0
03:07:54.979,0,0,0,1,0
03:07:54.979,0,0,0,1,0
03:07:54.979,0,0,0,1,1
03:07:55.330,0,0,0,1,1
03:07:55.330,1,0,0,1,1
03:07:55.627,1,0,0,1,1
03:07:55.627,1,0,0,0,1
03:07:55.634,1,0,0,0,1
03:07:55.634,1,0,0,0,0
03:07:56.245,1,0,0,0,0
03:07:56.245,1,0,0,1,0
03:07:56.245,1,0,0,1,0
03:07:56.245,1,0,0,1,1
03:07:56.878,1,0,0,1,1
03:07:56.878,1,0,0,0,1
03:07:56.878,1,0,0,0,1
03:07:56.878,1,0,0,0,0
03:07:57.208,1,0,0,0,0
03:07:57.208,0,0,0,0,0
03:07:57.524,0,0,0,0,0
03:07:57.524,0,0,0,1,0
03:07:57.524,0,0,0,1,0
03:07:57.524,0,0,0,1,1
03:07:58.189,0,0,0,1,1
03:07:58.189,0,0,0,0,1
03:07:58.189,0,0,0,0,1
03:07:58.189,0,0,0,0,0
03:07:58.816,0,0,0,0,0
03:07:58.816,0,0,0,1,0
03:07:58.817,0,0,0,1,0
03:07:58.817,0,0,0,1,1
03:07:59.610,0,0,0,1,1
03:07:59.610,1,0,0,1,1
03:07:59.610,1,0,0,1,1
03:07:59.610,1,0,0,0,1
03:07:59.610,1,0,0,0,1
03:07:59.610,1,0,0,0,0
03:08:00.231,1,0,0,0,0
03:08:00.231,1,0,0,1,0
03:08:00.231,1,0,0,1,0
03:08:00.231,1,0,0,1,1
03:08:00.899,1,0,0,1,1
03:08:00.899,1,0,0,0,1
03:08:00.899,1,0,0,0,1
03:08:00.899,1,0,0,0,0
03:08:01.429,1,0,0,0,0
03:08:01.429,0,0,0,0,0
03:08:01.683,0,0,0,0,0
03:08:01.683,0,0,0,1,0
03:08:01.683,0,0,0,1,0
03:08:01.683,0,0,0,1,1
03:08:02.538,0,0,0,1,1
03:08:02.538,0,0,0,0,1
03:08:02.538,0,0,0,0,1
03:08:02.538,0,0,0,0,0
03:08:03.288,0,0,0,0,0
03:08:03.288,0,0,0,1,0
03:08:03.288,0,0,0,1,0
03:08:03.288,0,0,0,1,1
03:08:03.288,0,0,0,1,1
03:08:03.288,1,0,0,1,1
03:08:03.891,1,0,0,1,1
03:08:03.891,1,0,0,0,1
03:08:03.891,1,0,0,0,1
03:08:03.891,1,0,0,0,0
03:08:04.577,1,0,0,0,0
03:08:04.577,1,0,0,1,0
03:08:04.577,1,0,0,1,0
03:08:04.577,1,0,0,1,1
03:08:05.090,1,0,0,1,1
03:08:05.090,0,0,0,1,1
03:08:05.347,0,0,0,1,1
03:08:05.347,0,0,0,0,1
03:08:05.347,0,0,0,0,1
03:08:05.347,0,0,0,0,0
03:08:06.093,0,0,0,0,0
03:08:06.093,0,0,0,1,0
03:08:06.093,0,0,0,1,0
03:08:06.093,0,0,0,1,1
03:08:06.692,0,0,0,1,1
03:08:06.692,0,0,0,0,1
03:08:06.692,0,0,0,0,1
03:08:06.692,0,0,0,0,0
03:08:07.000,0,0,0,0,0
03:08:07.000,1,0,0,0,0
03:08:07.286,1,0,0,0,0
03:08:07.286,1,0,0,1,0
03:08:07.286,1,0,0,1,0
03:08:07.286,1,0,0,1,1
03:08:07.901,1,0,0,1,1
03:08:07.901,1,0,0,0,1
03:08:07.901,1,0,0,0,1
03:08:07.901,1,0,0,0,0
03:08:08.724,1,0,0,0,0
03:08:08.724,1,0,0,1,0
03:08:08.724,1,0,0,1,0
03:08:08.724,1,0,0,1,1
03:08:08.924,1,0,0,1,1
03:08:08.924,0,0,0,1,1
03:08:09.328,0,0,0,1,1
03:08:09.328,0,0,0,0,1
03:08:09.328,0,0,0,0,1
03:08:09.328,0,0,0,0,0
03:08:10.022,0,0,0,0,0
03:08:10.022,0,0,0,1,0
03:08:10.022,0,0,0,1,0
03:08:10.022,0,0,0,1,1
03:08:10.632,0,0,0,1,1
03:08:10.632,0,0,0,0,1
03:08:10.633,0,0,0,0,1
03:08:10.633,0,0,0,0,0
03:08:10.777,0,0,0,0,0
03:08:10.777,1,0,0,0,0
03:08:11.304,1,0,0,0,0
03:08:11.304,1,0,0,1,0
03:08:11.304,1,0,0,1,0
03:08:11.304,1,0,0,1,1
03:08:11.913,1,0,0,1,1
03:08:11.913,1,0,0,0,1
03:08:11.915,1,0,0,0,1
03:08:11.915,1,0,0,0,0
03:08:12.574,1,0,0,0,0
03:08:12.574,1,0,0,1,0
03:08:12.574,1,0,0,1,0
03:08:12.574,1,0,0,1,1
03:08:12.719,1,0,0,1,1
03:08:12.719,0,0,0,1,1
03:08:13.180,0,0,0,1,1
03:08:13.180,0,0,0,0,1
03:08:13.180,0,0,0,0,1
03:08:13.180,0,0,0,0,0
03:08:13.915,0,0,0,0,0
03:08:13.915,0,0,0,1,0
03:08:13.915,0,0,0,1,0
03:08:13.915,0,0,0,1,1
03:08:14.677,0,0,0,1,1
03:08:14.677,0,0,0,0,1
03:08:14.677,0,0,0,0,1
03:08:14.677,0,0,0,0,0
03:08:14.677,0,0,0,0,0
03:08:14.677,1,0,0,0,0
03:08:15.278,1,0,0,0,0
03:08:15.278,1,0,0,1,0
03:08:15.278,1,0,0,1,0
03:08:15.278,1,0,0,1,1
03:08:15.893,1,0,0,1,1
03:08:15.893,1,0,0,0,1
03:08:15.893,1,0,0,0,1
03:08:15.893,1,0,0,0,0
03:08:16.478,1,0,0,0,0
03:08:16.478,0,0,0,0,0
03:08:16.516,0,0,0,0,0
03:08:16.516,0,0,0,1,0
03:08:16.516,0,0,0,1,0
03:08:16.516,0,0,0,1,1
03:08:17.157,0,0,0,1,1
03:08:17.157,0,0,0,0,1
03:08:17.157,0,0,0,0,1
03:08:17.157,0,0,0,0,0
03:08:17.771,0,0,0,0,0
03:08:17.771,0,0,0,1,0
03:08:17.771,0,0,0,1,0
03:08:17.771,0,0,0,1,1
03:08:18.305,0,0,0,1,1
03:08:18.305,1,0,0,1,1
03:08:18.466,1,0,0,1,1
03:08:18.466,1,0,0,0,1
03:08:18.466,1,0,0,0,1
03:08:18.466,1,0,0,0,0
03:08:19.081,1,0,0,0,0
03:08:19.081,1,0,0,1,0
03:08:19.081,1,0,0,1,0
03:08:19.081,1,0,0,1,1
03:08:19.685,1,0,0,1,1
03:08:19.685,1,0,0,0,1
03:08:19.685,1,0,0,0,1
03:08:19.685,1,0,0,0,0
03:08:20.112,1,0,0,0,0
03:08:20.112,0,0,0,0,0
03:08:20.301,0,0,0,0,0
03:08:20.301,0,0,0,1,0
03:08:20.301,0,0,0,1,0
03:08:20.301,0,0,0,1,1
03:08:20.918,0,0,0,1,1
03:08:20.918,0,0,0,0,1
03:08:20.918,0,0,0,0,1
03:08:20.918,0,0,0,0,0
03:08:21.518,0,0,0,0,0
03:08:21.518,0,0,0,1,0
03:08:21.518,0,0,0,1,0
03:08:21.518,0,0,0,1,1
03:08:21.916,0,0,0,1,1
03:08:21.916,1,0,0,1,1
03:08:22.154,1,0,0,1,1
03:08:22.154,1,0,0,0,1
03:08:22.154,1,0,0,0,1
03:08:22.154,1,0,0,0,0
03:08:22.755,1,0,0,0,0
03:08:22.755,1,0,0,1,0
03:08:22.755,1,0,0,1,0
03:08:22.755,1,0,0,1,1
03:08:23.355,1,0,0,1,1
03:08:23.355,1,0,0,0,1
03:08:23.355,1,0,0,0,1
03:08:23.355,1,0,0,0,0
03:08:23.719,1,0,0,0,0
03:08:23.719,0,0,0,0,0
03:08:24.036,0,0,0,0,0
03:08:24.036,0,0,0,1,0
03:08:24.036,0,0,0,1,0
03:08:24.036,0,0,0,1,1
09:15:28.316,0,0,0,1,1
09:15:28.316,0,0,0,0,1
09:15:28.316,0,0,0,0,1
09:15:28.316,0,0,0,0,0
09:15:28.316,0,0,0,0,0
09:15:28.316,1,0,0,0,0
09:15:28.919,1,0,0,0,0
09:15:28.919,1,0,0,1,0
09:15:28.919,1,0,0,1,0
09:15:28.919,1,0,0,1,1
09:15:29.520,1,0,0,1,1
09:15:29.520,1,0,0,0,1
09:15:29.520,1,0,0,0,1
09:15:29.520,1,0,0,0,0
09:15:30.436,1,0,0,0,0
09:15:30.436,0,0,0,0,0
09:15:30.436,0,0,0,0,0
09:15:30.436,0,0,0,1,0
09:15:30.436,0,0,0,1,0
09:15:30.436,0,0,0,1,1
09:15:31.052,0,0,0,1,1
09:15:31.052,0,0,0,0,1
09:15:31.052,0,0,0,0,1
09:15:31.052,0,0,0,0,0
09:15:31.655,0,0,0,0,0
09:15:31.655,0,0,0,1,0
09:15:31.655,0,0,0,1,0
09:15:31.655,0,0,0,1,1
09:15:32.242,0,0,0,1,1
09:15:32.242,1,0,0,1,1
09:15:32.271,1,0,0,1,1
09:15:32.271,1,0,0,0,1
09:15:32.272,1,0,0,0,1
09:15:32.272,1,0,0,0,0
09:15:32.874,1,0,0,0,0
09:15:32.874,1,0,0,1,0
09:15:32.874,1,0,0,1,0
09:15:32.874,1,0,0,1,1
09:15:33.474,1,0,0,1,1
09:15:33.474,1,0,0,0,1
09:15:33.474,1,0,0,0,1
09:15:33.474,1,0,0,0,0
09:15:34.090,1,0,0,0,0
09:15:34.090,0,0,0,0,0
09:15:34.090,0,0,0,0,0
09:15:34.090,0,0,0,1,0
09:15:34.090,0,0,0,1,0
09:15:34.090,0,0,0,1,1
09:15:34.708,0,0,0,1,1
09:15:34.708,0,0,0,0,1
09:15:34.708,0,0,0,0,1
09:15:34.708,0,0,0,0,0
09:15:35.327,0,0,0,0,0
09:15:35.327,0,0,0,1,0
09:15:35.327,0,0,0,1,0
09:15:35.327,0,0,0,1,1
09:15:35.892,0,0,0,1,1
09:15:35.892,1,0,0,1,1
09:15:36.022,1,0,0,1,1
09:15:36.022,1,0,0,0,1
09:15:36.022,1,0,0,0,1
09:15:36.022,1,0,0,0,0
09:15:36.634,1,0,0,0,0
09:15:36.634,1,0,0,1,0
09:15:36.634,1,0,0,1,0
09:15:36.634,1,0,0,1,1
09:15:37.247,1,0,0,1,1
09:15:37.247,1,0,0,0,1
09:15:37.247,1,0,0,0,1
09:15:37.247,1,0,0,0,0
09:15:37.753,1,0,0,0,0
09:15:37.753,0,0,0,0,0
09:15:37.864,0,0,0,0,0
09:15:37.864,0,0,0,1,0
09:15:37.864,0,0,0,1,0
09:15:37.864,0,0,0,1,1
09:15:38.467,0,0,0,1,1
09:15:38.467,0,0,0,0,1
09:15:38.467,0,0,0,0,1
09:15:38.467,0,0,0,0,0
09:15:39.069,0,0,0,0,0
09:15:39.069,0,0,0,1,0
09:15:39.069,0,0,0,1,0
09:15:39.069,0,0,0,1,1
09:15:39.555,0,0,0,1,1
09:15:39.555,1,0,0,1,1
09:15:39.677,1,0,0,1,1
09:15:39.677,1,0,0,0,1
09:15:39.677,1,0,0,0,1
09:15:39.677,1,0,0,0,0
09:15:40.282,1,0,0,0,0
09:15:40.282,1,0,0,1,0
09:15:40.282,1,0,0,1,0
09:15:40.282,1,0,0,1,1
09:15:40.884,1,0,0,1,1
09:15:40.884,1,0,0,0,1
09:15:40.884,1,0,0,0,1
09:15:40.884,1,0,0,0,0
09:15:41.359,1,0,0,0,0
09:15:41.359,0,0,0,0,0
09:15:41.486,0,0,0,0,0
09:15:41.486,0,0,0,1,0
09:15:41.486,0,0,0,1,0
09:15:41.486,0,0,0,1,1
09:15:42.090,0,0,0,1,1
09:15:42.090,0,0,0,0,1
09:15:42.090,0,0,0,0,1
09:15:42.090,0,0,0,0,0
09:15:42.695,0,0,0,0,0
09:15:42.695,0,0,0,1,0
09:15:42.695,0,0,0,1,0
09:15:42.695,0,0,0,1,1
09:15:43.170,0,0,0,1,1
09:15:43.170,1,0,0,1,1
09:15:43.294,1,0,0,1,1
09:15:43.294,1,0,0,0,1
09:15:43.294,1,0,0,0,1
09:15:43.294,1,0,0,0,0
09:15:43.897,1,0,0,0,0
09:15:43.897,1,0,0,1,0
09:15:43.897,1,0,0,1,0
09:15:43.897,1,0,0,1,1
09:15:44.503,1,0,0,1,1
09:15:44.503,1,0,0,0,1
09:15:44.503,1,0,0,0,1
09:15:44.503,1,0,0,0,0
09:15:44.976,1,0,0,0,0
09:15:44.976,0,0,0,0,0
09:15:45.112,0,0,0,0,0
09:15:45.112,0,0,0,1,0
09:15:45.112,0,0,0,1,0
09:15:45.112,0,0,0,1,1
09:15:45.715,0,0,0,1,1
09:15:45.715,0,0,0,0,1
09:15:45.715,0,0,0,0,1
09:15:45.715,0,0,0,0,0
09:15:46.315,0,0,0,0,0
09:15:46.315,0,0,0,1,0
09:15:46.315,0,0,0,1,0
09:15:46.315,0,0,0,1,1
09:15:46.777,0,0,0,1,1
09:15:46.777,1,0,0,1,1
09:15:46.922,1,0,0,1,1
09:15:46.922,1,0,0,0,1
09:15:46.922,1,0,0,0,1
09:15:46.922,1,0,0,0,0
09:15:47.537,1,0,0,0,0
09:15:47.537,1,0,0,1,0
09:15:47.537,1,0,0,1,0
09:15:47.537,1,0,0,1,1
09:15:48.136,1,0,0,1,1
09:15:48.136,1,0,0,0,1
09:15:48.136,1,0,0,0,1
09:15:48.136,1,0,0,0,0
09:15:48.671,1,0,0,0,0
09:15:48.671,0,0,0,0,0
09:15:48.776,0,0,0,0,0
09:15:48.776,0,0,0,1,0
09:15:48.776,0,0,0,1,0
09:15:48.776,0,0,0,1,1
09:15:49.407,0,0,0,1,1
09:15:49.407,0,0,0,0,1
09:15:49.407,0,0,0,0,1
09:15:49.407,0,0,0,0,0
09:15:50.238,0,0,0,0,0
09:15:50.238,0,0,0,1,0
09:15:50.238,0,0,0,1,0
09:15:50.238,0,0,0,1,1
09:15:50.551,0,0,0,1,1
09:15:50.551,1,0,0,1,1
09:15:51.026,1,0,0,1,1
09:15:51.026,1,0,0,0,1
09:15:51.026,1,0,0,0,1
09:15:51.026,1,0,0,0,0
09:15:51.659,1,0,0,0,0
09:15:51.659,1,0,0,1,0
09:15:51.660,1,0,0,1,0
09:15:51.660,1,0,0,1,1
09:15:52.395,1,0,0,1,1
09:15:52.395,1,0,0,0,1
09:15:52.396,1,0,0,0,1
09:15:52.396,1,0,0,0,0
09:15:52.397,1,0,0,0,0
09:15:52.397,0,0,0,0,0
09:15:53.013,0,0,0,0,0
09:15:53.013,0,0,0,1,0
09:15:53.018,0,0,0,1,0
09:15:53.018,0,0,0,1,1
09:15:53.701,0,0,0,1,1
09:15:53.701,0,0,0,0,1
09:15:53.701,0,0,0,0,1
09:15:53.701,0,0,0,0,0
09:15:54.282,0,0,0,0,0
09:15:54.282,1,0,0,0,0
09:15:54.372,1,0,0,0,0
09:15:54.372,1,0,0,1,0
09:15:54.372,1,0,0,1,0
09:15:54.372,1,0,0,1,1
09:15:55.275,1,0,0,1,1
09:15:55.275,1,0,0,0,1
09:15:55.275,1,0,0,0,1
09:15:55.275,1,0,0,0,0
09:15:55.956,1,0,0,0,0
09:15:55.956,1,0,0,1,0
09:15:55.956,1,0,0,1,0
09:15:55.956,1,0,0,1,1
09:15:56.126,1,0,0,1,1
09:15:56.126,0,0,0,1,1
09:15:56.586,0,0,0,1,1
09:15:56.586,0,0,0,0,1
09:15:56.586,0,0,0,0,1
09:15:56.586,0,0,0,0,0
09:15:57.409,0,0,0,0,0
09:15:57.409,0,0,0,1,0
09:15:57.409,0,0,0,1,0
09:15:57.409,0,0,0,1,1
09:15:58.224,0,0,0,1,1
09:15:58.224,1,0,0,1,1
09:15:58.224,1,0,0,1,1
09:15:58.224,1,0,0,0,1
09:15:58.224,1,0,0,0,1
09:15:58.224,1,0,0,0,0
09:15:59.076,1,0,0,0,0
09:15:59.076,1,0,0,1,0
09:15:59.078,1,0,0,1,0
09:15:59.078,1,0,0,1,1
09:15:59.700,1,0,0,1,1
09:15:59.700,1,0,0,0,1
09:15:59.700,1,0,0,0,1
09:15:59.700,1,0,0,0,0
09:16:00.034,1,0,0,0,0
09:16:00.034,0,0,0,0,0
09:16:00.317,0,0,0,0,0
09:16:00.317,0,0,0,1,0
09:16:00.317,0,0,0,1,0
09:16:00.317,0,0,0,1,1
09:16:00.943,0,0,0,1,1
09:16:00.943,0,0,0,0,1
09:16:00.943,0,0,0,0,1
09:16:00.943,0,0,0,0,0
09:16:01.646,0,0,0,0,0
09:16:01.646,0,0,0,1,0
09:16:01.646,0,0,0,1,0
09:16:01.646,0,0,0,1,1
09:16:01.868,0,0,0,1,1
09:16:01.868,1,0,0,1,1
09:16:02.251,1,0,0,1,1
09:16:02.251,1,0,0,0,1
09:16:02.251,1,0,0,0,1
09:16:02.251,1,0,0,0,0
09:16:02.900,1,0,0,0,0
09:16:02.900,1,0,0,1,0
09:16:02.900,1,0,0,1,0
09:16:02.900,1,0,0,1,1
09:16:03.719,1,0,0,1,1
09:16:03.719,1,0,0,0,1
09:16:03.719,1,0,0,0,1
09:16:03.719,1,0,0,0,0
09:16:03.719,1,0,0,0,0
09:16:03.719,0,0,0,0,0
09:16:04.374,0,0,0,0,0
09:16:04.374,0,0,0,1,0
09:16:04.374,0,0,0,1,0
09:16:04.374,0,0,0,1,1
09:16:05.006,0,0,0,1,1
09:16:05.006,0,0,0,0,1
09:16:05.006,0,0,0,0,1
09:16:05.006,0,0,0,0,0
09:16:05.541,0,0,0,0,0
09:16:05.541,1,0,0,0,0
09:16:05.757,1,0,0,0,0
09:16:05.757,1,0,0,1,0
09:16:05.759,1,0,0,1,0
09:16:05.759,1,0,0,1,1
09:16:06.395,1,0,0,1,1
09:16:06.395,1,0,0,0,1
09:16:06.397,1,0,0,0,1
09:16:06.397,1,0,0,0,0
09:16:07.020,1,0,0,0,0
09:16:07.020,1,0,0,1,0
09:16:07.020,1,0,0,1,0
09:16:07.020,1,0,0,1,1
09:16:07.362,1,0,0,1,1
09:16:07.362,0,0,0,1,1
09:16:07.877,0,0,0,1,1
09:16:07.877,0,0,0,0,1
09:16:07.881,0,0,0,0,1
09:16:07.881,0,0,0,0,0
09:16:08.571,0,0,0,0,0
09:16:08.571,0,0,0,1,0
09:16:08.571,0,0,0,1,0
09:16:08.571,0,0,0,1,1
09:16:09.250,0,0,0,1,1
09:16:09.250,1,0,0,1,1
09:16:09.250,1,0,0,1,1
09:16:09.250,1,0,0,0,1
09:16:09.250,1,0,0,0,1
09:16:09.250,1,0,0,0,0
09:16:09.950,1,0,0,0,0
09:16:09.950,1,0,0,1,0
09:16:09.952,1,0,0,1,0
09:16:09.952,1,0,0,1,1
09:16:10.660,1,0,0,1,1
09:16:10.660,1,0,0,0,1
09:16:10.660,1,0,0,0,1
09:16:10.660,1,0,0,0,0
09:16:11.376,1,0,0,0,0
09:16:11.376,0,0,0,0,0
09:16:11.377,0,0,0,0,0
09:16:11.377,0,0,0,1,0
09:16:11.377,0,0,0,1,0
09:16:11.377,0,0,0,1,1
09:16:12.046,0,0,0,1,1
09:16:12.046,0,0,0,0,1
09:16:12.046,0,0,0,0,1
09:16:12.046,0,0,0,0,0
09:16:12.722,0,0,0,0,0
09:16:12.722,0,0,0,1,0
09:16:12.722,0,0,0,1,0
09:16:12.722,0,0,0,1,1
09:16:13.231,0,0,0,1,1
09:16:13.231,1,0,0,1,1
09:16:14.048,1,0,0,1,1
09:16:14.048,1,0,0,0,1
09:16:14.048,1,0,0,0,1
09:16:14.048,1,0,0,0,0
09:16:14.881,1,0,0,0,0
09:16:14.881,1,0,0,1,0
09:16:14.881,1,0,0,1,0
09:16:14.881,1,0,0,1,1
09:16:15.042,1,0,0,1,1
09:16:15.042,0,0,0,1,1
09:16:15.509,0,0,0,1,1
09:16:15.509,0,0,0,0,1
09:16:15.509,0,0,0,0,1
09:16:15.509,0,0,0,0,0
09:16:16.317,0,0,0,0,0
09:16:16.317,0,0,0,1,0
09:16:16.318,0,0,0,1,0
09:16:16.318,0,0,0,1,1
09:16:16.857,0,0,0,1,1
09:16:16.857,1,0,0,1,1
09:16:16.925,1,0,0,1,1
09:16:16.925,1,0,0,0,1
09:16:16.925,1,0,0,0,1
09:16:16.925,1,0,0,0,0
09:16:18.229,1,0,0,0,0
09:16:18.229,1,0,0,1,0
09:16:18.229,1,0,0,1,0
09:16:18.229,1,0,0,1,1
09:16:19.005,1,0,0,1,1
09:16:19.005,0,0,0,1,1
09:16:19.005,0,0,0,1,1
09:16:19.005,0,0,0,0,1
09:16:19.005,0,0,0,0,1
09:16:19.005,0,0,0,0,0
09:16:19.959,0,0,0,0,0
09:16:19.959,0,0,0,1,0
09:16:19.960,0,0,0,1,0
09:16:19.960,0,0,0,1,1
09:16:20.914,0,0,0,1,1
09:16:20.914,0,0,0,0,1
09:16:20.914,0,0,0,0,1
09:16:20.914,0,0,0,0,0
09:16:20.914,0,0,0,0,0
09:16:20.914,1,0,0,0,0
09:16:21.521,1,0,0,0,0
09:16:21.521,1,0,0,1,0
09:16:21.526,1,0,0,1,0
09:16:21.526,1,0,0,1,1
09:16:22.209,1,0,0,1,1
09:16:22.209,1,0,0,0,1
09:16:22.210,1,0,0,0,1
09:16:22.210,1,0,0,0,0
09:16:22.820,1,0,0,0,0
09:16:22.820,0,0,0,0,0
09:16:22.820,0,0,0,0,0
09:16:22.820,0,0,0,1,0
09:16:22.823,0,0,0,1,0
09:16:22.823,0,0,0,1,1
09:16:23.755,0,0,0,1,1
09:16:23.755,0,0,0,0,1
09:16:23.755,0,0,0,0,1
09:16:23.755,0,0,0,0,0
09:16:24.406,0,0,0,0,0
09:16:24.406,0,0,0,1,0
09:16:24.406,0,0,0,1,0
09:16:24.406,0,0,0,1,1
09:16:24.738,0,0,0,1,1
09:16:24.738,1,0,0,1,1
09:16:25.270,1,0,0,1,1
09:16:25.270,1,0,0,0,1
09:16:25.272,1,0,0,0,1
09:16:25.272,1,0,0,0,0
09:16:25.914,1,0,0,0,0
09:16:25.914,1,0,0,1,0
09:16:25.914,1,0,0,1,0
09:16:25.914,1,0,0,1,1
09:16:26.604,1,0,0,1,1
09:16:26.604,1,0,0,0,1
09:16:26.604,1,0,0,0,1
09:16:26.604,1,0,0,0,0
09:16:26.604,1,0,0,0,0
09:16:26.604,0,0,0,0,0
09:16:27.531,0,0,0,0,0
09:16:27.531,0,0,0,1,0
09:16:27.533,0,0,0,1,0
09:16:27.533,0,0,0,1,1
09:16:28.154,0,0,0,1,1
09:16:28.154,0,0,0,0,1
09:16:28.154,0,0,0,0,1
09:16:28.154,0,0,0,0,0
09:16:28.458,0,0,0,0,0
09:16:28.458,1,0,0,0,0
09:16:29.000,1,0,0,0,0
09:16:29.000,1,0,0,1,0
09:16:29.000,1,0,0,1,0
09:16:29.000,1,0,0,1,1
09:16:29.688,1,0,0,1,1
09:16:29.688,1,0,0,0,1
09:16:29.688,1,0,0,0,1
09:16:29.688,1,0,0,0,0
09:16:30.287,1,0,0,0,0
09:16:30.287,0,0,0,0,0
09:16:30.469,0,0,0,0,0
09:16:30.469,0,0,0,1,0
09:16:30.469,0,0,0,1,0
09:16:30.469,0,0,0,1,1
09:16:31.078,0,0,0,1,1
09:16:31.078,0,0,0,0,1
09:16:31.078,0,0,0,0,1
09:16:31.078,0,0,0,0,0
09:16:31.689,0,0,0,0,0
09:16:31.689,0,0,0,1,0
09:16:31.689,0,0,0,1,0
09:16:31.689,0,0,0,1,1
09:16:32.238,0,0,0,1,1
09:16:32.238,1,0,0,1,1
09:16:32.456,1,0,0,1,1
09:16:32.456,1,0,0,0,1
09:16:32.456,1,0,0,0,1
09:16:32.456,1,0,0,0,0
09:16:33.133,1,0,0,0,0
09:16:33.133,1,0,0,1,0
09:16:33.133,1,0,0,1,0
09:16:33.133,1,0,0,1,1
09:16:33.807,1,0,0,1,1
09:16:33.807,1,0,0,0,1
09:16:33.807,1,0,0,0,1
09:16:33.807,1,0,0,0,0
09:16:34.155,1,0,0,0,0
09:16:34.155,0,0,0,0,0
09:16:34.651,0,0,0,0,0
09:16:34.651,0,0,0,1,0
09:16:34.653,0,0,0,1,0
09:16:34.653,0,0,0,1,1
09:16:35.292,0,0,0,1,1
09:16:35.292,0,0,0,0,1
09:16:35.292,0,0,0,0,1
09:16:35.292,0,0,0,0,0
09:16:35.906,0,0,0,0,0
09:16:35.906,0,0,0,1,0
09:16:35.906,0,0,0,1,0
09:16:35.906,0,0,0,1,1
09:16:36.099,0,0,0,1,1
09:16:36.099,1,0,0,1,1
09:16:36.624,1,0,0,1,1
09:16:36.624,1,0,0,0,1
09:16:36.630,1,0,0,0,1
09:16:36.630,1,0,0,0,0
09:16:37.275,1,0,0,0,0
09:16:37.275,1,0,0,1,0
09:16:37.275,1,0,0,1,0
09:16:37.275,1,0,0,1,1
09:16:37.914,1,0,0,1,1
09:16:37.914,1,0,0,0,1
09:16:37.914,1,0,0,0,1
09:16:37.914,1,0,0,0,0
09:16:37.919,1,0,0,0,0
09:16:37.919,0,0,0,0,0
09:16:38.765,0,0,0,0,0
09:16:38.765,0,0,0,1,0
09:16:38.765,0,0,0,1,0
09:16:38.765,0,0,0,1,1
09:16:39.399,0,0,0,1,1
09:16:39.399,0,0,0,0,1
09:16:39.399,0,0,0,0,1
09:16:39.399,0,0,0,0,0
09:16:39.910,0,0,0,0,0
09:16:39.910,1,0,0,0,0
09:16:40.159,1,0,0,0,0
09:16:40.159,1,0,0,1,0
09:16:40.159,1,0,0,1,0
09:16:40.159,1,0,0,1,1
09:16:40.827,1,0,0,1,1
09:16:40.827,1,0,0,0,1
09:16:40.827,1,0,0,0,1
09:16:40.827,1,0,0,0,0
09:16:41.463,1,0,0,0,0
09:16:41.463,1,0,0,1,0
09:16:41.463,1,0,0,1,0
09:16:41.463,1,0,0,1,1
09:16:41.974,1,0,0,1,1
09:16:41.974,0,0,0,1,1
09:16:42.177,0,0,0,1,1
09:16:42.177,0,0,0,0,1
09:16:42.177,0,0,0,0,1
09:16:42.177,0,0,0,0,0
09:16:42.972,0,0,0,0,0
09:16:42.972,0,0,0,1,0
09:16:42.972,0,0,0,1,0
09:16:42.972,0,0,0,1,1
09:16:43.609,0,0,0,1,1
09:16:43.609,0,0,0,0,1
09:16:43.609,0,0,0,0,1
09:16:43.609,0,0,0,0,0
09:16:44.004,0,0,0,0,0
09:16:44.004,1,0,0,0,0
09:16:44.457,1,0,0,0,0
09:16:44.457,1,0,0,1,0
09:16:44.457,1,0,0,1,0
09:16:44.457,1,0,0,1,1
09:16:45.186,1,0,0,1,1
09:16:45.186,1,0,0,0,1
09:16:45.186,1,0,0,0,1
09:16:45.186,1,0,0,0,0
09:16:45.812,1,0,0,0,0
09:16:45.812,1,0,0,1,0
09:16:45.814,1,0,0,1,0
09:16:45.814,1,0,0,1,1
09:16:45.816,1,0,0,1,1
09:16:45.816,0,0,0,1,1
09:16:46.603,0,0,0,1,1
09:16:46.603,0,0,0,0,1
09:16:46.604,0,0,0,0,1
09:16:46.604,0,0,0,0,0
09:16:47.239,0,0,0,0,0
09:16:47.239,0,0,0,1,0
09:16:47.241,0,0,0,1,0
09:16:47.241,0,0,0,1,1
09:16:47.665,0,0,0,1,1
09:16:47.665,1,0,0,1,1
09:16:48.002,1,0,0,1,1
09:16:48.002,1,0,0,0,1
09:16:48.002,1,0,0,0,1
09:16:48.002,1,0,0,0,0
09:16:48.708,1,0,0,0,0
09:16:48.708,1,0,0,1,0
09:16:48.708,1,0,0,1,0
09:16:48.708,1,0,0,1,1
09:16:49.498,1,0,0,1,1
09:16:49.498,1,0,0,0,1
09:16:49.498,1,0,0,0,1
09:16:49.498,1,0,0,0,0
09:16:49.498,1,0,0,0,0
09:16:49.498,0,0,0,0,0
09:16:50.113,0,0,0,0,0
09:16:50.113,0,0,0,1,0
09:16:50.113,0,0,0,1,0
09:16:50.113,0,0,0,1,1
09:16:50.729,0,0,0,1,1
09:16:50.729,0,0,0,0,1
09:16:50.729,0,0,0,0,1
09:16:50.729,0,0,0,0,0
09:16:51.536,0,0,0,0,0
09:16:51.536,1,0,0,0,0
09:16:51.536,1,0,0,0,0
09:16:51.536,1,0,0,1,0
09:16:51.536,1,0,0,1,0
09:16:51.536,1,0,0,1,1
09:16:52.200,1,0,0,1,1
09:16:52.200,1,0,0,0,1
09:16:52.200,1,0,0,0,1
09:16:52.200,1,0,0,0,0
09:16:52.858,1,0,0,0,0
09:16:52.858,1,0,0,1,0
09:16:52.858,1,0,0,1,0
09:16:52.858,1,0,0,1,1
09:16:53.397,1,0,0,1,1
09:16:53.397,0,0,0,1,1
09:16:53.474,0,0,0,1,1
09:16:53.474,0,0,0,0,1
09:16:53.474,0,0,0,0,1
09:16:53.474,0,0,0,0,0
09:16:54.193,0,0,0,0,0
09:16:54.193,0,0,0,1,0
09:16:54.193,0,0,0,1,0
09:16:54.193,0,0,0,1,1
09:16:54.876,0,0,0,1,1
09:16:54.876,0,0,0,0,1
09:16:54.876,0,0,0,0,1
09:16:54.876,0,0,0,0,0
09:16:55.332,0,0,0,0,0
09:16:55.332,1,0,0,0,0
09:16:55.498,1,0,0,0,0
09:16:55.498,1,0,0,1,0
09:16:55.498,1,0,0,1,0
09:16:55.498,1,0,0,1,1
09:16:56.380,1,0,0,1,1
09:16:56.380,1,0,0,0,1
09:16:56.382,1,0,0,0,1
09:16:56.382,1,0,0,0,0
09:16:57.060,1,0,0,0,0
09:16:57.060,1,0,0,1,0
09:16:57.060,1,0,0,1,0
09:16:57.060,1,0,0,1,1
09:16:57.223,1,0,0,1,1
09:16:57.223,0,0,0,1,1
09:16:57.922,0,0,0,1,1
09:16:57.922,0,0,0,0,1
09:16:57.922,0,0,0,0,1
09:16:57.922,0,0,0,0,0
09:16:58.834,0,0,0,0,0
09:16:58.834,0,0,0,1,0
09:16:58.834,0,0,0,1,0
09:16:58.834,0,0,0,1,1
09:16:59.066,0,0,0,1,1
09:16:59.066,1,0,0,1,1
09:16:59.468,1,0,0,1,1
09:16:59.468,1,0,0,0,1
09:16:59.468,1,0,0,0,1
09:16:59.468,1,0,0,0,0
09:17:00.179,1,0,0,0,0
09:17:00.179,1,0,0,1,0
09:17:00.179,1,0,0,1,0
09:17:00.179,1,0,0,1,1
09:17:00.799,1,0,0,1,1
09:17:00.799,1,0,0,0,1
09:17:00.799,1,0,0,0,1
09:17:00.799,1,0,0,0,0
09:17:00.987,1,0,0,0,0
09:17:00.987,0,0,0,0,0
09:17:01.422,0,0,0,0,0
09:17:01.422,0,0,0,1,0
09:17:01.422,0,0,0,1,0
09:17:01.422,0,0,0,1,1
09:17:02.216,0,0,0,1,1
09:17:02.216,0,0,0,0,1
09:17:02.216,0,0,0,0,1
09:17:02.216,0,0,0,0,0
09:17:02.792,0,0,0,0,0
09:17:02.792,1,0,0,0,0
09:17:02.930,1,0,0,0,0
09:17:02.930,1,0,0,1,0
09:17:02.933,1,0,0,1,0
09:17:02.933,1,0,0,1,1
09:17:03.534,1,0,0,1,1
09:17:03.534,1,0,0,0,1
09:17:03.534,1,0,0,0,1
09:17:03.534,1,0,0,0,0
09:17:04.169,1,0,0,0,0
09:17:04.169,1,0,0,1,0
09:17:04.170,1,0,0,1,0
09:17:04.170,1,0,0,1,1
09:17:04.595,1,0,0,1,1
09:17:04.595,0,0,0,1,1
09:17:04.864,0,0,0,1,1
09:17:04.864,0,0,0,0,1
09:17:04.868,0,0,0,0,1
09:17:04.868,0,0,0,0,0
09:17:05.587,0,0,0,0,0
09:17:05.587,0,0,0,1,0
09:17:05.589,0,0,0,1,0
09:17:05.589,0,0,0,1,1
09:17:06.216,0,0,0,1,1
09:17:06.216,0,0,0,0,1
09:17:06.225,0,0,0,0,1
09:17:06.225,0,0,0,0,0
09:17:06.427,0,0,0,0,0
09:17:06.427,1,0,0,0,0
09:17:07.007,1,0,0,0,0
09:17:07.007,1,0,0,1,0
09:17:07.007,1,0,0,1,0
09:17:07.007,1,0,0,1,1
09:17:07.621,1,0,0,1,1
09:17:07.621,1,0,0,0,1
09:17:07.621,1,0,0,0,1
09:17:07.621,1,0,0,0,0
09:17:08.633,1,0,0,0,0
09:17:08.633,1,0,0,1,0
09:17:08.633,1,0,0,1,0
09:17:08.633,1,0,0,1,1
09:17:08.633,1,0,0,1,1
09:17:08.633,0,0,0,1,1
09:17:09.242,0,0,0,1,1
09:17:09.242,0,0,0,0,1
09:17:09.242,0,0,0,0,1
09:17:09.242,0,0,0,0,0
09:17:09.921,0,0,0,0,0
09:17:09.921,0,0,0,1,0
09:17:09.921,0,0,0,1,0
09:17:09.921,0,0,0,1,1
09:17:10.437,0,0,0,1,1
09:17:10.437,1,0,0,1,1
09:17:10.557,1,0,0,1,1
09:17:10.557,1,0,0,0,1
09:17:10.564,1,0,0,0,1
09:17:10.564,1,0,0,0,0
09:17:11.163,1,0,0,0,0
09:17:11.163,1,0,0,1,0
09:17:11.164,1,0,0,1,0
09:17:11.164,1,0,0,1,1
09:17:11.765,1,0,0,1,1
09:17:11.765,1,0,0,0,1
09:17:11.765,1,0,0,0,1
09:17:11.765,1,0,0,0,0
09:17:12.240,1,0,0,0,0
09:17:12.240,0,0,0,0,0
09:17:12.495,0,0,0,0,0
09:17:12.495,0,0,0,1,0
09:17:12.495,0,0,0,1,0
09:17:12.495,0,0,0,1,1
09:17:13.223,0,0,0,1,1
09:17:13.223,0,0,0,0,1
09:17:13.223,0,0,0,0,1
09:17:13.223,0,0,0,0,0
09:17:13.836,0,0,0,0,0
09:17:13.836,0,0,0,1,0
09:17:13.836,0,0,0,1,0
09:17:13.836,0,0,0,1,1
09:17:14.191,0,0,0,1,1
09:17:14.191,1,0,0,1,1
09:17:14.500,1,0,0,1,1
09:17:14.500,1,0,0,0,1
09:17:14.500,1,0,0,0,1
09:17:14.500,1,0,0,0,0
09:17:15.294,1,0,0,0,0
09:17:15.294,1,0,0,1,0
09:17:15.296,1,0,0,1,0
09:17:15.296,1,0,0,1,1
09:17:15.901,1,0,0,1,1
09:17:15.901,1,0,0,0,1
09:17:15.901,1,0,0,0,1
09:17:15.901,1,0,0,0,0
09:17:16.011,1,0,0,0,0
09:17:16.011,0,0,0,0,0
09:17:16.673,0,0,0,0,0
09:17:16.673,0,0,0,1,0
09:17:16.673,0,0,0,1,0
09:17:16.673,0,0,0,1,1
09:17:17.298,0,0,0,1,1
09:17:17.298,0,0,0,0,1
09:17:17.298,0,0,0,0,1
09:17:17.298,0,0,0,0,0
09:17:17.917,0,0,0,0,0
09:17:17.917,1,0,0,0,0
09:17:17.917,1,0,0,0,0
09:17:17.917,1,0,0,1,0
09:17:17.917,1,0,0,1,0
09:17:17.917,1,0,0,1,1
09:17:18.519,1,0,0,1,1
09:17:18.519,1,0,0,0,1
09:17:18.519,1,0,0,0,1
09:17:18.519,1,0,0,0,0
09:17:19.124,1,0,0,0,0
09:17:19.124,1,0,0,1,0
09:17:19.126,1,0,0,1,0
09:17:19.126,1,0,0,1,1
09:17:19.765,1,0,0,1,1
09:17:19.765,0,0,0,1,1
09:17:19.765,0,0,0,1,1
09:17:19.765,0,0,0,0,1
09:17:19.768,0,0,0,0,1
09:17:19.768,0,0,0,0,0
09:17:20.419,0,0,0,0,0
09:17:20.419,0,0,0,1,0
09:17:20.419,0,0,0,1,0
09:17:20.419,0,0,0,1,1
09:17:21.019,0,0,0,1,1
09:17:21.019,0,0,0,0,1
09:17:21.021,0,0,0,0,1
09:17:21.021,0,0,0,0,0
09:17:21.637,0,0,0,0,0
09:17:21.637,1,0,0,0,0
09:17:21.639,1,0,0,0,0
09:17:21.639,1,0,0,1,0
09:17:21.639,1,0,0,1,0
09:17:21.639,1,0,0,1,1
09:17:22.304,1,0,0,1,1
09:17:22.304,1,0,0,0,1
09:17:22.304,1,0,0,0,1
09:17:22.304,1,0,0,0,0
09:17:22.917,1,0,0,0,0
09:17:22.917,1,0,0,1,0
09:17:22.917,1,0,0,1,0
09:17:22.917,1,0,0,1,1
09:17:23.438,1,0,0,1,1
09:17:23.438,0,0,0,1,1
09:17:23.651,0,0,0,1,1
09:17:23.651,0,0,0,0,1
09:17:23.651,0,0,0,0,1
09:17:23.651,0,0,0,0,0
09:17:24.384,0,0,0,0,0
09:17:24.384,0,0,0,1,0
09:17:24.385,0,0,0,1,0
09:17:24.385,0,0,0,1,1
09:17:25.227,0,0,0,1,1
09:17:25.227,0,0,0,0,1
09:17:25.227,0,0,0,0,1
09:17:25.227,0,0,0,0,0
09:17:25.489,0,0,0,0,0
09:17:25.489,1,0,0,0,0
09:17:25.879,1,0,0,0,0
09:17:25.879,1,0,0,1,0
09:17:25.879,1,0,0,1,0
09:17:25.879,1,0,0,1,1
09:17:26.490,1,0,0,1,1
09:17:26.490,1,0,0,0,1
09:17:26.490,1,0,0,0,1
09:17:26.490,1,0,0,0,0
09:17:27.263,1,0,0,0,0
09:17:27.263,1,0,0,1,0
09:17:27.265,1,0,0,1,0
09:17:27.265,1,0,0,1,1
09:17:27.477,1,0,0,1,1
09:17:27.477,0,0,0,1,1
09:17:28.057,0,0,0,1,1
09:17:28.057,0,0,0,0,1
09:17:28.057,0,0,0,0,1
09:17:28.057,0,0,0,0,0
09:17:28.695,0,0,0,0,0
09:17:28.695,0,0,0,1,0
09:17:28.697,0,0,0,1,0
09:17:28.697,0,0,0,1,1
09:17:29.514,0,0,0,1,1
09:17:29.514,1,0,0,1,1
09:17:29.518,1,0,0,1,1
09:17:29.518,1,0,0,0,1
09:17:29.518,1,0,0,0,1
09:17:29.518,1,0,0,0,0
09:17:30.255,1,0,0,0,0
09:17:30.255,1,0,0,1,0
09:17:30.255,1,0,0,1,0
09:17:30.255,1,0,0,1,1
09:17:30.869,1,0,0,1,1
09:17:30.869,1,0,0,0,1
09:17:30.869,1,0,0,0,1
09:17:30.869,1,0,0,0,0
09:17:31.439,1,0,0,0,0
09:17:31.439,0,0,0,0,0
09:17:31.489,0,0,0,0,0
09:17:31.489,0,0,0,1,0
09:17:31.489,0,0,0,1,0
09:17:31.489,0,0,0,1,1
09:17:32.097,0,0,0,1,1
09:17:32.097,0,0,0,0,1
09:17:32.097,0,0,0,0,1
09:17:32.097,0,0,0,0,0
09:17:32.700,0,0,0,0,0
09:17:32.700,0,0,0,1,0
09:17:32.700,0,0,0,1,0
09:17:32.700,0,0,0,1,1
09:17:33.378,0,0,0,1,1
09:17:33.378,1,0,0,1,1
09:17:33.378,1,0,0,1,1
09:17:33.378,1,0,0,0,1
09:17:33.378,1,0,0,0,1
09:17:33.378,1,0,0,0,0
09:17:34.060,1,0,0,0,0
09:17:34.060,1,0,0,1,0
09:17:34.060,1,0,0,1,0
09:17:34.060,1,0,0,1,1
09:17:34.672,1,0,0,1,1
09:17:34.672,1,0,0,0,1
09:17:34.672,1,0,0,0,1
09:17:34.672,1,0,0,0,0
09:17:35.196,1,0,0,0,0
09:17:35.196,0,0,0,0,0
09:17:35.300,0,0,0,0,0
09:17:35.300,0,0,0,1,0
09:17:35.300,0,0,0,1,0
09:17:35.300,0,0,0,1,1
09:17:35.920,0,0,0,1,1
09:17:35.920,0,0,0,0,1
09:17:35.920,0,0,0,0,1
09:17:35.920,0,0,0,0,0
09:17:36.644,0,0,0,0,0
09:17:36.644,0,0,0,1,0
09:17:36.644,0,0,0,1,0
09:17:36.644,0,0,0,1,1
09:17:37.009,0,0,0,1,1
09:17:37.009,1,0,0,1,1
09:17:37.244,1,0,0,1,1
09:17:37.244,1,0,0,0,1
09:17:37.244,1,0,0,0,1
09:17:37.244,1,0,0,0,0
09:17:37.860,1,0,0,0,0
09:17:37.860,1,0,0,1,0
09:17:37.860,1,0,0,1,0
09:17:37.860,1,0,0,1,1
09:17:38.543,1,0,0,1,1
09:17:38.543,1,0,0,0,1
09:17:38.546,1,0,0,0,1
09:17:38.546,1,0,0,0,0
09:17:38.822,1,0,0,0,0
09:17:38.822,0,0,0,0,0
09:17:39.158,0,0,0,0,0
09:17:39.158,0,0,0,1,0
09:17:39.158,0,0,0,1,0
09:17:39.158,0,0,0,1,1
09:17:39.928,0,0,0,1,1
09:17:39.928,0,0,0,0,1
09:17:39.928,0,0,0,0,1
09:17:39.928,0,0,0,0,0
09:17:40.535,0,0,0,0,0
09:17:40.535,0,0,0,1,0
09:17:40.535,0,0,0,1,0
09:17:40.535,0,0,0,1,1
09:17:40.648,0,0,0,1,1
09:17:40.648,1,0,0,1,1
09:17:41.248,1,0,0,1,1
09:17:41.248,1,0,0,0,1
09:17:41.248,1,0,0,0,1
09:17:41.248,1,0,0,0,0
09:17:41.864,1,0,0,0,0
09:17:41.864,1,0,0,1,0
09:17:41.864,1,0,0,1,0
09:17:41.864,1,0,0,1,1
09:17:42.451,1,0,0,1,1
09:17:42.451,0,0,0,1,1
09:17:42.483,0,0,0,1,1
09:17:42.483,0,0,0,0,1
09:17:42.483,0,0,0,0,1
09:17:42.483,0,0,0,0,0
09:17:43.100,0,0,0,0,0
09:17:43.100,0,0,0,1,0
09:17:43.101,0,0,0,1,0
09:17:43.101,0,0,0,1,1
09:17:43.733,0,0,0,1,1
09:17:43.733,0,0,0,0,1
09:17:43.733,0,0,0,0,1
09:17:43.733,0,0,0,0,0
09:17:44.272,0,0,0,0,0
09:17:44.272,1,0,0,0,0
09:17:44.415,1,0,0,0,0
09:17:44.415,1,0,0,1,0
09:17:44.415,1,0,0,1,0
09:17:44.415,1,0,0,1,1
09:17:45.032,1,0,0,1,1
09:17:45.032,1,0,0,0,1
09:17:45.032,1,0,0,0,1
09:17:45.032,1,0,0,0,0
09:17:45.634,1,0,0,0,0
09:17:45.634,1,0,0,1,0
09:17:45.634,1,0,0,1,0
09:17:45.634,1,0,0,1,1
09:17:46.076,1,0,0,1,1
09:17:46.076,0,0,0,1,1
09:17:46.234,0,0,0,1,1
09:17:46.234,0,0,0,0,1
09:17:46.234,0,0,0,0,1
09:17:46.234,0,0,0,0,0
09:17:46.870,0,0,0,0,0
09:17:46.870,0,0,0,1,0
09:17:46.870,0,0,0,1,0
09:17:46.870,0,0,0,1,1
09:17:47.483,0,0,0,1,1
09:17:47.483,0,0,0,0,1
09:17:47.483,0,0,0,0,1
09:17:47.483,0,0,0,0,0
09:17:47.881,0,0,0,0,0
09:17:47.881,1,0,0,0,0
09:17:48.087,1,0,0,0,0
09:17:48.087,1,0,0,1,0
09:17:48.087,1,0,0,1,0
09:17:48.087,1,0,0,1,1
09:17:48.705,1,0,0,1,1
09:17:48.705,1,0,0,0,1
09:17:48.705,1,0,0,0,1
09:17:48.705,1,0,0,0,0
09:17:49.322,1,0,0,0,0
09:17:49.322,1,0,0,1,0
09:17:49.322,1,0,0,1,0
09:17:49.322,1,0,0,1,1
09:17:49.687,1,0,0,1,1
09:17:49.687,0,0,0,1,1
09:17:49.929,0,0,0,1,1
09:17:49.929,0,0,0,0,1
09:17:49.929,0,0,0,0,1
09:17:49.929,0,0,0,0,0
09:17:50.544,0,0,0,0,0
09:17:50.544,0,0,0,1,0
09:17:50.544,0,0,0,1,0
09:17:50.544,0,0,0,1,1
09:17:51.159,0,0,0,1,1
09:17:51.159,0,0,0,0,1
09:17:51.159,0,0,0,0,1
09:17:51.159,0,0,0,0,0
09:17:51.586,0,0,0,0,0
09:17:51.586,1,0,0,0,0
09:17:51.775,1,0,0,0,0
09:17:51.775,1,0,0,1,0
09:17:51.775,1,0,0,1,0
09:17:51.775,1,0,0,1,1
09:17:52.377,1,0,0,1,1
09:17:52.377,1,0,0,0,1
09:17:52.377,1,0,0,0,1
09:17:52.377,1,0,0,0,0
09:17:52.979,1,0,0,0,0
09:17:52.979,1,0,0,1,0
09:17:52.979,1,0,0,1,0
09:17:52.979,1,0,0,1,1
09:17:53.390,1,0,0,1,1
09:17:53.390,0,0,0,1,1
09:17:53.580,0,0,0,1,1
09:17:53.580,0,0,0,0,1
09:17:53.580,0,0,0,0,1
09:17:53.580,0,0,0,0,0
09:17:54.188,0,0,0,0,0
09:17:54.188,0,0,0,1,0
09:17:54.188,0,0,0,1,0
09:17:54.188,0,0,0,1,1
09:17:54.798,0,0,0,1,1
09:17:54.798,0,0,0,0,1
09:17:54.798,0,0,0,0,1
09:17:54.798,0,0,0,0,0
09:17:55.194,0,0,0,0,0
09:17:55.194,1,0,0,0,0
09:17:55.667,1,0,0,0,0
09:17:55.667,1,0,0,1,0
09:17:55.667,1,0,0,1,0
09:17:55.667,1,0,0,1,1
09:17:56.282,1,0,0,1,1
09:17:56.282,1,0,0,0,1
09:17:56.282,1,0,0,0,1
09:17:56.282,1,0,0,0,0
09:17:56.883,1,0,0,0,0
09:17:56.883,1,0,0,1,0
09:17:56.883,1,0,0,1,0
09:17:56.883,1,0,0,1,1
09:17:57.043,1,0,0,1,1
09:17:57.043,0,0,0,1,1
09:17:57.482,0,0,0,1,1
09:17:57.482,0,0,0,0,1
09:17:57.482,0,0,0,0,1
09:17:57.482,0,0,0,0,0
09:17:58.086,0,0,0,0,0
09:17:58.086,0,0,0,1,0
09:17:58.086,0,0,0,1,0
09:17:58.086,0,0,0,1,1
09:17:58.688,0,0,0,1,1
09:17:58.688,0,0,0,0,1
09:17:58.688,0,0,0,0,1
09:17:58.688,0,0,0,0,0
09:17:58.846,0,0,0,0,0
09:17:58.846,1,0,0,0,0
09:17:59.292,1,0,0,0,0
09:17:59.292,1,0,0,1,0
09:17:59.292,1,0,0,1,0
09:17:59.292,1,0,0,1,1
09:17:59.925,1,0,0,1,1
09:17:59.925,1,0,0,0,1
09:17:59.939,1,0,0,0,1
09:17:59.939,1,0,0,0,0
09:18:00.544,1,0,0,0,0
09:18:00.544,1,0,0,1,0
09:18:00.544,1,0,0,1,0
09:18:00.544,1,0,0,1,1
09:18:00.655,1,0,0,1,1
09:18:00.655,0,0,0,1,1
09:18:01.145,0,0,0,1,1
09:18:01.145,0,0,0,0,1
09:18:01.145,0,0,0,0,1
09:18:01.145,0,0,0,0,0
09:18:01.763,0,0,0,0,0
09:18:01.763,0,0,0,1,0
09:18:01.763,0,0,0,1,0
09:18:01.763,0,0,0,1,1
09:18:02.365,0,0,0,1,1
09:18:02.365,0,0,0,0,1
09:18:02.365,0,0,0,0,1
09:18:02.365,0,0,0,0,0
09:18:02.523,0,0,0,0,0
09:18:02.523,1,0,0,0,0
09:18:02.982,1,0,0,0,0
09:18:02.982,1,0,0,1,0
09:18:02.982,1,0,0,1,0
09:18:02.982,1,0,0,1,1
09:18:03.615,1,0,0,1,1
09:18:03.615,1,0,0,0,1
09:18:03.615,1,0,0,0,1
09:18:03.615,1,0,0,0,0
09:18:04.233,1,0,0,0,0
09:18:04.233,1,0,0,1,0
09:18:04.233,1,0,0,1,0
09:18:04.233,1,0,0,1,1
09:18:04.399,1,0,0,1,1
09:18:04.399,0,0,0,1,1
09:18:04.833,0,0,0,1,1
09:18:04.833,0,0,0,0,1
09:18:04.835,0,0,0,0,1
09:18:04.835,0,0,0,0,0
09:18:05.444,0,0,0,0,0
09:18:05.444,0,0,0,1,0
09:18:05.444,0,0,0,1,0
09:18:05.444,0,0,0,1,1
13:15:28.540,0,0,0,1,1
13:15:28.540,0,0,0,0,1
13:15:28.542,0,0,0,0,1
13:15:28.542,0,0,0,0,0
13:15:28.542,0,0,0,0,0
13:15:28.542,1,0,0,0,0
13:15:29.149,1,0,0,0,0
13:15:29.149,1,0,0,1,0
13:15:29.149,1,0,0,1,0
13:15:29.149,1,0,0,1,1
13:15:29.749,1,0,0,1,1
13:15:29.749,1,0,0,0,1
13:15:29.749,1,0,0,0,1
13:15:29.749,1,0,0,0,0
13:15:30.338,1,0,0,0,0
13:15:30.338,0,0,0,0,0
13:15:30.350,0,0,0,0,0
13:15:30.350,0,0,0,1,0
13:15:30.350,0,0,0,1,0
13:15:30.350,0,0,0,1,1
13:15:30.967,0,0,0,1,1
13:15:30.967,0,0,0,0,1
13:15:30.967,0,0,0,0,1
13:15:30.967,0,0,0,0,0
13:15:31.598,0,0,0,0,0
13:15:31.598,0,0,0,1,0
13:15:31.598,0,0,0,1,0
13:15:31.598,0,0,0,1,1
13:15:32.150,0,0,0,1,1
13:15:32.150,1,0,0,1,1
13:15:32.243,1,0,0,1,1
13:15:32.243,1,0,0,0,1
13:15:32.243,1,0,0,0,1
13:15:32.243,1,0,0,0,0
13:15:32.844,1,0,0,0,0
13:15:32.844,1,0,0,1,0
13:15:32.844,1,0,0,1,0
13:15:32.844,1,0,0,1,1
13:15:33.456,1,0,0,1,1
13:15:33.456,1,0,0,0,1
13:15:33.456,1,0,0,0,1
13:15:33.456,1,0,0,0,0
13:15:33.961,1,0,0,0,0
13:15:33.961,0,0,0,0,0
13:15:34.094,0,0,0,0,0
13:15:34.094,0,0,0,1,0
13:15:34.094,0,0,0,1,0
13:15:34.094,0,0,0,1,1
13:15:34.700,0,0,0,1,1
13:15:34.700,0,0,0,0,1
13:15:34.700,0,0,0,0,1
13:15:34.700,0,0,0,0,0
13:15:35.301,0,0,0,0,0
13:15:35.301,0,0,0,1,0
13:15:35.301,0,0,0,1,0
13:15:35.301,0,0,0,1,1
13:15:35.775,0,0,0,1,1
13:15:35.775,1,0,0,1,1
13:15:35.916,1,0,0,1,1
13:15:35.916,1,0,0,0,1
13:15:35.916,1,0,0,0,1
13:15:35.916,1,0,0,0,0
13:15:36.556,1,0,0,0,0
13:15:36.556,1,0,0,1,0
13:15:36.556,1,0,0,1,0
13:15:36.556,1,0,0,1,1
13:15:37.161,1,0,0,1,1
13:15:37.161,1,0,0,0,1
13:15:37.161,1,0,0,0,1
13:15:37.161,1,0,0,0,0
13:15:37.589,1,0,0,0,0
13:15:37.589,0,0,0,0,0
13:15:37.807,0,0,0,0,0
13:15:37.807,0,0,0,1,0
13:15:37.807,0,0,0,1,0
13:15:37.807,0,0,0,1,1
13:15:38.407,0,0,0,1,1
13:15:38.407,0,0,0,0,1
13:15:38.407,0,0,0,0,1
13:15:38.407,0,0,0,0,0
13:15:39.020,0,0,0,0,0
13:15:39.020,0,0,0,1,0
13:15:39.020,0,0,0,1,0
13:15:39.020,0,0,0,1,1
13:15:39.401,0,0,0,1,1
13:15:39.401,1,0,0,1,1
13:15:39.628,1,0,0,1,1
13:15:39.628,1,0,0,0,1
13:15:39.628,1,0,0,0,1
13:15:39.628,1,0,0,0,0
13:15:40.238,1,0,0,0,0
13:15:40.238,1,0,0,1,0
13:15:40.238,1,0,0,1,0
13:15:40.238,1,0,0,1,1
13:15:40.922,1,0,0,1,1
13:15:40.922,1,0,0,0,1
13:15:40.922,1,0,0,0,1
13:15:40.922,1,0,0,0,0
13:15:41.222,1,0,0,0,0
13:15:41.222,0,0,0,0,0
13:15:41.532,0,0,0,0,0
13:15:41.532,0,0,0,1,0
13:15:41.532,0,0,0,1,0
13:15:41.532,0,0,0,1,1
13:15:42.141,0,0,0,1,1
13:15:42.141,0,0,0,0,1
13:15:42.141,0,0,0,0,1
13:15:42.141,0,0,0,0,0
13:15:42.760,0,0,0,0,0
13:15:42.760,0,0,0,1,0
13:15:42.760,0,0,0,1,0
13:15:42.760,0,0,0,1,1
13:15:43.081,0,0,0,1,1
13:15:43.081,1,0,0,1,1
13:15:43.370,1,0,0,1,1
13:15:43.370,1,0,0,0,1
13:15:43.370,1,0,0,0,1
13:15:43.370,1,0,0,0,0
13:15:43.988,1,0,0,0,0
13:15:43.988,1,0,0,1,0
13:15:43.988,1,0,0,1,0
13:15:43.988,1,0,0,1,1
13:15:44.588,1,0,0,1,1
13:15:44.588,1,0,0,0,1
13:15:44.589,1,0,0,0,1
13:15:44.589,1,0,0,0,0
13:15:45.038,1,0,0,0,0
13:15:45.038,0,0,0,0,0
13:15:45.311,0,0,0,0,0
13:15:45.311,0,0,0,1,0
13:15:45.311,0,0,0,1,0
13:15:45.311,0,0,0,1,1
13:15:46.127,0,0,0,1,1
13:15:46.127,0,0,0,0,1
13:15:46.127,0,0,0,0,1
13:15:46.127,0,0,0,0,0
13:15:46.803,0,0,0,0,0
13:15:46.803,0,0,0,1,0
13:15:46.803,0,0,0,1,0
13:15:46.803,0,0,0,1,1
13:15:47.012,0,0,0,1,1
13:15:47.012,1,0,0,1,1
13:15:47.618,1,0,0,1,1
13:15:47.618,1,0,0,0,1
13:15:47.618,1,0,0,0,1
13:15:47.618,1,0,0,0,0
13:15:48.241,1,0,0,0,0
13:15:48.241,1,0,0,1,0
13:15:48.241,1,0,0,1,0
13:15:48.241,1,0,0,1,1
13:15:48.853,1,0,0,1,1
13:15:48.853,0,0,0,1,1
13:15:48.853,0,0,0,1,1
13:15:48.853,0,0,0,0,1
13:15:48.853,0,0,0,0,1
13:15:48.853,0,0,0,0,0
13:15:49.462,0,0,0,0,0
13:15:49.462,0,0,0,1,0
13:15:49.462,0,0,0,1,0
13:15:49.462,0,0,0,1,1
13:15:50.237,0,0,0,1,1
13:15:50.237,0,0,0,0,1
13:15:50.237,0,0,0,0,1
13:15:50.237,0,0,0,0,0
13:15:50.679,0,0,0,0,0
13:15:50.679,1,0,0,0,0
13:15:51.062,1,0,0,0,0
13:15:51.062,1,0,0,1,0
13:15:51.062,1,0,0,1,0
13:15:51.062,1,0,0,1,1
13:15:51.683,1,0,0,1,1
13:15:51.683,1,0,0,0,1
13:15:51.683,1,0,0,0,1
13:15:51.683,1,0,0,0,0
13:15:52.309,1,0,0,0,0
13:15:52.309,1,0,0,1,0
13:15:52.309,1,0,0,1,0
13:15:52.309,1,0,0,1,1
13:15:52.525,1,0,0,1,1
13:15:52.525,0,0,0,1,1
13:15:52.923,0,0,0,1,1
13:15:52.923,0,0,0,0,1
13:15:52.923,0,0,0,0,1
13:15:52.923,0,0,0,0,0
13:15:53.629,0,0,0,0,0
13:15:53.629,0,0,0,1,0
13:15:53.629,0,0,0,1,0
13:15:53.629,0,0,0,1,1
13:15:54.247,0,0,0,1,1
13:15:54.247,0,0,0,0,1
13:15:54.247,0,0,0,0,1
13:15:54.247,0,0,0,0,0
13:15:54.375,0,0,0,0,0
13:15:54.375,1,0,0,0,0
13:15:55.218,1,0,0,0,0
13:15:55.218,1,0,0,1,0
13:15:55.218,1,0,0,1,0
13:15:55.218,1,0,0,1,1
13:15:55.993,1,0,0,1,1
13:15:55.993,1,0,0,0,1
13:15:55.993,1,0,0,0,1
13:15:55.993,1,0,0,0,0
13:15:56.233,1,0,0,0,0
13:15:56.233,0,0,0,0,0
13:15:56.617,0,0,0,0,0
13:15:56.617,0,0,0,1,0
13:15:56.617,0,0,0,1,0
13:15:56.617,0,0,0,1,1
13:15:57.319,0,0,0,1,1
13:15:57.319,0,0,0,0,1
13:15:57.319,0,0,0,0,1
13:15:57.319,0,0,0,0,0
13:15:58.308,0,0,0,0,0
13:15:58.308,0,0,0,1,0
13:15:58.309,0,0,0,1,0
13:15:58.309,0,0,0,1,1
13:15:58.310,0,0,0,1,1
13:15:58.310,1,0,0,1,1
13:15:58.911,1,0,0,1,1
13:15:58.911,1,0,0,0,1
13:15:58.911,1,0,0,0,1
13:15:58.911,1,0,0,0,0
13:15:59.815,1,0,0,0,0
13:15:59.815,1,0,0,1,0
13:15:59.815,1,0,0,1,0
13:15:59.815,1,0,0,1,1
13:16:00.272,1,0,0,1,1
13:16:00.272,0,0,0,1,1
13:16:00.430,0,0,0,1,1
13:16:00.430,0,0,0,0,1
13:16:00.430,0,0,0,0,1
13:16:00.430,0,0,0,0,0
13:16:01.125,0,0,0,0,0
13:16:01.125,0,0,0,1,0
13:16:01.125,0,0,0,1,0
13:16:01.125,0,0,0,1,1
13:16:01.921,0,0,0,1,1
13:16:01.921,0,0,0,0,1
13:16:01.921,0,0,0,0,1
13:16:01.921,0,0,0,0,0
13:16:02.155,0,0,0,0,0
13:16:02.155,1,0,0,0,0
13:16:02.574,1,0,0,0,0
13:16:02.574,1,0,0,1,0
13:16:02.574,1,0,0,1,0
13:16:02.574,1,0,0,1,1
13:16:03.341,1,0,0,1,1
13:16:03.341,1,0,0,0,1
13:16:03.343,1,0,0,0,1
13:16:03.343,1,0,0,0,0
13:16:03.953,1,0,0,0,0
13:16:03.953,1,0,0,1,0
13:16:03.953,1,0,0,1,0
13:16:03.953,1,0,0,1,1
13:16:04.243,1,0,0,1,1
13:16:04.243,0,0,0,1,1
13:16:04.723,0,0,0,1,1
13:16:04.723,0,0,0,0,1
13:16:04.723,0,0,0,0,1
13:16:04.723,0,0,0,0,0
13:16:05.352,0,0,0,0,0
13:16:05.352,0,0,0,1,0
13:16:05.352,0,0,0,1,0
13:16:05.352,0,0,0,1,1
13:16:06.202,0,0,0,1,1
13:16:06.202,0,0,0,0,1
13:16:06.203,0,0,0,0,1
13:16:06.203,0,0,0,0,0
13:16:06.203,0,0,0,0,0
13:16:06.203,1,0,0,0,0
13:16:06.831,1,0,0,0,0
13:16:06.831,1,0,0,1,0
13:16:06.831,1,0,0,1,0
13:16:06.831,1,0,0,1,1
13:16:07.467,1,0,0,1,1
13:16:07.467,1,0,0,0,1
13:16:07.467,1,0,0,0,1
13:16:07.467,1,0,0,0,0
13:16:08.202,1,0,0,0,0
13:16:08.202,0,0,0,0,0
13:16:08.202,0,0,0,0,0
13:16:08.202,0,0,0,1,0
13:16:08.202,0,0,0,1,0
13:16:08.202,0,0,0,1,1
13:16:08.854,0,0,0,1,1
13:16:08.854,0,0,0,0,1
13:16:08.854,0,0,0,0,1
13:16:08.854,0,0,0,0,0
13:16:09.512,0,0,0,0,0
13:16:09.512,0,0,0,1,0
13:16:09.512,0,0,0,1,0
13:16:09.512,0,0,0,1,1
13:16:10.009,0,0,0,1,1
13:16:10.009,1,0,0,1,1
13:16:10.165,1,0,0,1,1
13:16:10.165,1,0,0,0,1
13:16:10.170,1,0,0,0,1
13:16:10.170,1,0,0,0,0
13:16:10.961,1,0,0,0,0
13:16:10.961,1,0,0,1,0
13:16:10.961,1,0,0,1,0
13:16:10.961,1,0,0,1,1
13:16:11.606,1,0,0,1,1
13:16:11.606,1,0,0,0,1
13:16:11.606,1,0,0,0,1
13:16:11.606,1,0,0,0,0
13:16:12.026,1,0,0,0,0
13:16:12.026,0,0,0,0,0
13:16:12.450,0,0,0,0,0
13:16:12.450,0,0,0,1,0
13:16:12.450,0,0,0,1,0
13:16:12.450,0,0,0,1,1
13:16:13.295,0,0,0,1,1
13:16:13.295,0,0,0,0,1
13:16:13.295,0,0,0,0,1
13:16:13.295,0,0,0,0,0
13:16:13.835,0,0,0,0,0
13:16:13.835,1,0,0,0,0
13:16:13.917,1,0,0,0,0
13:16:13.917,1,0,0,1,0
13:16:13.917,1,0,0,1,0
13:16:13.917,1,0,0,1,1
13:16:14.666,1,0,0,1,1
13:16:14.666,1,0,0,0,1
13:16:14.666,1,0,0,0,1
13:16:14.666,1,0,0,0,0
13:16:15.311,1,0,0,0,0
13:16:15.311,1,0,0,1,0
13:16:15.311,1,0,0,1,0
13:16:15.311,1,0,0,1,1
13:16:15.705,1,0,0,1,1
13:16:15.705,0,0,0,1,1
13:16:16.080,0,0,0,1,1
13:16:16.080,0,0,0,0,1
13:16:16.080,0,0,0,0,1
13:16:16.080,0,0,0,0,0
13:16:16.968,0,0,0,0,0
13:16:16.968,0,0,0,1,0
13:16:16.968,0,0,0,1,0
13:16:16.968,0,0,0,1,1
13:16:17.984,0,0,0,1,1
13:16:17.984,1,0,0,1,1
13:16:17.984,1,0,0,1,1
13:16:17.984,1,0,0,0,1
13:16:17.984,1,0,0,0,1
13:16:17.984,1,0,0,0,0
13:16:18.752,1,0,0,0,0
13:16:18.752,1,0,0,1,0
13:16:18.752,1,0,0,1,0
13:16:18.752,1,0,0,1,1
13:16:19.552,1,0,0,1,1
13:16:19.552,1,0,0,0,1
13:16:19.554,1,0,0,0,1
13:16:19.554,1,0,0,0,0
13:16:19.946,1,0,0,0,0
13:16:19.946,0,0,0,0,0
13:16:20.504,0,0,0,0,0
13:16:20.504,0,0,0,1,0
13:16:20.504,0,0,0,1,0
13:16:20.504,0,0,0,1,1
13:16:21.160,0,0,0,1,1
13:16:21.160,0,0,0,0,1
13:16:21.160,0,0,0,0,1
13:16:21.160,0,0,0,0,0
13:16:22.023,0,0,0,0,0
13:16:22.023,1,0,0,0,0
13:16:22.023,1,0,0,0,0
13:16:22.023,1,0,0,1,0
13:16:22.023,1,0,0,1,0
13:16:22.023,1,0,0,1,1
13:16:22.873,1,0,0,1,1
13:16:22.873,1,0,0,0,1
13:16:22.875,1,0,0,0,1
13:16:22.875,1,0,0,0,0
13:16:23.524,1,0,0,0,0
13:16:23.524,1,0,0,1,0
13:16:23.524,1,0,0,1,0
13:16:23.524,1,0,0,1,1
13:16:23.846,1,0,0,1,1
13:16:23.846,0,0,0,1,1
13:16:24.130,0,0,0,1,1
13:16:24.130,0,0,0,0,1
13:16:24.130,0,0,0,0,1
13:16:24.130,0,0,0,0,0
13:16:24.733,0,0,0,0,0
13:16:24.733,0,0,0,1,0
13:16:24.733,0,0,0,1,0
13:16:24.733,0,0,0,1,1
13:16:25.436,0,0,0,1,1
13:16:25.436,0,0,0,0,1
13:16:25.436,0,0,0,0,1
13:16:25.436,0,0,0,0,0
13:16:25.702,0,0,0,0,0
13:16:25.702,1,0,0,0,0
13:16:26.041,1,0,0,0,0
13:16:26.041,1,0,0,1,0
13:16:26.041,1,0,0,1,0
13:16:26.041,1,0,0,1,1
13:16:26.671,1,0,0,1,1
13:16:26.671,1,0,0,0,1
13:16:26.675,1,0,0,0,1
13:16:26.675,1,0,0,0,0
13:16:27.276,1,0,0,0,0
13:16:27.276,1,0,0,1,0
13:16:27.276,1,0,0,1,0
13:16:27.276,1,0,0,1,1
13:16:27.565,1,0,0,1,1
13:16:27.565,0,0,0,1,1
13:16:28.011,0,0,0,1,1
13:16:28.011,0,0,0,0,1
13:16:28.013,0,0,0,0,1
13:16:28.013,0,0,0,0,0
13:16:28.621,0,0,0,0,0
13:16:28.621,0,0,0,1,0
13:16:28.621,0,0,0,1,0
13:16:28.621,0,0,0,1,1
13:16:29.326,0,0,0,1,1
13:16:29.326,0,0,0,0,1
13:16:29.326,0,0,0,0,1
13:16:29.326,0,0,0,0,0
13:16:29.438,0,0,0,0,0
13:16:29.438,1,0,0,0,0
13:16:29.933,1,0,0,0,0
13:16:29.933,1,0,0,1,0
13:16:29.933,1,0,0,1,0
13:16:29.933,1,0,0,1,1
13:16:30.566,1,0,0,1,1
13:16:30.566,1,0,0,0,1
13:16:30.566,1,0,0,0,1
13:16:30.566,1,0,0,0,0
13:16:31.170,1,0,0,0,0
13:16:31.170,1,0,0,1,0
13:16:31.170,1,0,0,1,0
13:16:31.170,1,0,0,1,1
13:16:31.246,1,0,0,1,1
13:16:31.246,0,0,0,1,1
13:16:31.771,0,0,0,1,1
13:16:31.771,0,0,0,0,1
13:16:31.771,0,0,0,0,1
13:16:31.771,0,0,0,0,0
13:16:32.405,0,0,0,0,0
13:16:32.405,0,0,0,1,0
13:16:32.406,0,0,0,1,0
13:16:32.406,0,0,0,1,1
13:16:33.017,0,0,0,1,1
13:16:33.017,0,0,0,0,1
13:16:33.017,0,0,0,0,1
13:16:33.017,0,0,0,0,0
13:16:33.129,0,0,0,0,0
13:16:33.129,1,0,0,0,0
13:16:33.649,1,0,0,0,0
13:16:33.649,1,0,0,1,0
13:16:33.649,1,0,0,1,0
13:16:33.649,1,0,0,1,1
13:16:34.264,1,0,0,1,1
13:16:34.264,1,0,0,0,1
13:16:34.264,1,0,0,0,1
13:16:34.264,1,0,0,0,0
13:16:34.865,1,0,0,0,0
13:16:34.865,1,0,0,1,0
13:16:34.865,1,0,0,1,0
13:16:34.865,1,0,0,1,1
13:16:34.963,1,0,0,1,1
13:16:34.963,0,0,0,1,1
13:16:35.578,0,0,0,1,1
13:16:35.578,0,0,0,0,1
13:16:35.578,0,0,0,0,1
13:16:35.578,0,0,0,0,0
13:16:36.178,0,0,0,0,0
13:16:36.178,0,0,0,1,0
13:16:36.178,0,0,0,1,0
13:16:36.178,0,0,0,1,1
13:16:36.787,0,0,0,1,1
13:16:36.787,1,0,0,1,1
13:16:36.787,1,0,0,1,1
13:16:36.787,1,0,0,0,1
13:16:36.789,1,0,0,0,1
13:16:36.789,1,0,0,0,0
13:16:37.397,1,0,0,0,0
13:16:37.397,1,0,0,1,0
13:16:37.397,1,0,0,1,0
13:16:37.397,1,0,0,1,1
13:16:37.998,1,0,0,1,1
13:16:37.998,1,0,0,0,1
13:16:37.998,1,0,0,0,1
13:16:37.998,1,0,0,0,0
13:16:38.587,1,0,0,0,0
13:16:38.587,0,0,0,0,0
13:16:38.615,0,0,0,0,0
13:16:38.615,0,0,0,1,0
13:16:38.615,0,0,0,1,0
13:16:38.615,0,0,0,1,1
13:16:39.231,0,0,0,1,1
13:16:39.231,0,0,0,0,1
13:16:39.231,0,0,0,0,1
13:16:39.231,0,0,0,0,0
13:16:39.832,0,0,0,0,0
13:16:39.832,0,0,0,1,0
13:16:39.834,0,0,0,1,0
13:16:39.834,0,0,0,1,1
13:16:40.401,0,0,0,1,1
13:16:40.401,1,0,0,1,1
13:16:40.512,1,0,0,1,1
13:16:40.512,1,0,0,0,1
13:16:40.512,1,0,0,0,1
13:16:40.512,1,0,0,0,0
13:16:41.118,1,0,0,0,0
13:16:41.118,1,0,0,1,0
13:16:41.118,1,0,0,1,0
13:16:41.118,1,0,0,1,1
13:16:41.727,1,0,0,1,1
13:16:41.727,1,0,0,0,1
13:16:41.727,1,0,0,0,1
13:16:41.727,1,0,0,0,0
13:16:42.201,1,0,0,0,0
13:16:42.201,0,0,0,0,0
13:16:42.346,0,0,0,0,0
13:16:42.346,0,0,0,1,0
13:16:42.346,0,0,0,1,0
13:16:42.346,0,0,0,1,1
13:16:42.960,0,0,0,1,1
13:16:42.960,0,0,0,0,1
13:16:42.960,0,0,0,0,1
13:16:42.960,0,0,0,0,0
13:16:43.646,0,0,0,0,0
13:16:43.646,0,0,0,1,0
13:16:43.646,0,0,0,1,0
13:16:43.646,0,0,0,1,1
13:16:44.037,0,0,0,1,1
13:16:44.037,1,0,0,1,1
13:16:44.259,1,0,0,1,1
13:16:44.259,1,0,0,0,1
13:16:44.259,1,0,0,0,1
13:16:44.259,1,0,0,0,0
13:16:44.892,1,0,0,0,0
13:16:44.892,1,0,0,1,0
13:16:44.892,1,0,0,1,0
13:16:44.892,1,0,0,1,1
13:16:45.510,1,0,0,1,1
13:16:45.510,1,0,0,0,1
13:16:45.510,1,0,0,0,1
13:16:45.510,1,0,0,0,0
13:16:45.844,1,0,0,0,0
13:16:45.844,0,0,0,0,0
13:16:46.114,0,0,0,0,0
13:16:46.114,0,0,0,1,0
13:16:46.114,0,0,0,1,0
13:16:46.114,0,0,0,1,1
13:16:46.728,0,0,0,1,1
13:16:46.728,0,0,0,0,1
13:16:46.728,0,0,0,0,1
13:16:46.728,0,0,0,0,0
13:16:47.329,0,0,0,0,0
13:16:47.329,0,0,0,1,0
13:16:47.329,0,0,0,1,0
13:16:47.329,0,0,0,1,1
13:16:47.644,0,0,0,1,1
13:16:47.644,1,0,0,1,1
13:16:47.950,1,0,0,1,1
13:16:47.950,1,0,0,0,1
13:16:47.950,1,0,0,0,1
13:16:47.950,1,0,0,0,0
13:16:48.610,1,0,0,0,0
13:16:48.610,1,0,0,1,0
13:16:48.610,1,0,0,1,0
13:16:48.610,1,0,0,1,1
13:16:49.247,1,0,0,1,1
13:16:49.247,1,0,0,0,1
13:16:49.249,1,0,0,0,1
13:16:49.249,1,0,0,0,0
13:16:49.585,1,0,0,0,0
13:16:49.585,0,0,0,0,0
13:16:49.854,0,0,0,0,0
13:16:49.854,0,0,0,1,0
13:16:49.854,0,0,0,1,0
13:16:49.854,0,0,0,1,1
13:16:50.584,0,0,0,1,1
13:16:50.584,0,0,0,0,1
13:16:50.584,0,0,0,0,1
13:16:50.584,0,0,0,0,0
13:16:51.200,0,0,0,0,0
13:16:51.200,0,0,0,1,0
13:16:51.200,0,0,0,1,0
13:16:51.200,0,0,0,1,1
13:16:51.740,0,0,0,1,1
13:16:51.740,1,0,0,1,1
13:16:51.814,1,0,0,1,1
13:16:51.814,1,0,0,0,1
13:16:51.814,1,0,0,0,1
13:16:51.814,1,0,0,0,0
13:16:52.431,1,0,0,0,0
13:16:52.431,1,0,0,1,0
13:16:52.431,1,0,0,1,0
13:16:52.431,1,0,0,1,1
13:16:53.036,1,0,0,1,1
13:16:53.036,1,0,0,0,1
13:16:53.036,1,0,0,0,1
13:16:53.036,1,0,0,0,0
13:16:53.556,1,0,0,0,0
13:16:53.556,0,0,0,0,0
13:16:53.651,0,0,0,0,0
13:16:53.651,0,0,0,1,0
13:16:53.651,0,0,0,1,0
13:16:53.651,0,0,0,1,1
13:16:54.300,0,0,0,1,1
13:16:54.300,0,0,0,0,1
13:16:54.300,0,0,0,0,1
13:16:54.300,0,0,0,0,0
13:16:54.916,0,0,0,0,0
13:16:54.916,0,0,0,1,0
13:16:54.916,0,0,0,1,0
13:16:54.916,0,0,0,1,1
13:16:55.358,0,0,0,1,1
13:16:55.358,1,0,0,1,1
13:16:55.541,1,0,0,1,1
13:16:55.541,1,0,0,0,1
13:16:55.543,1,0,0,0,1
13:16:55.543,1,0,0,0,0
13:16:56.145,1,0,0,0,0
13:16:56.145,1,0,0,1,0
13:16:56.145,1,0,0,1,0
13:16:56.145,1,0,0,1,1
13:16:56.759,1,0,0,1,1
13:16:56.759,1,0,0,0,1
13:16:56.759,1,0,0,0,1
13:16:56.759,1,0,0,0,0
13:16:57.170,1,0,0,0,0
13:16:57.170,0,0,0,0,0
13:16:57.366,0,0,0,0,0
13:16:57.366,0,0,0,1,0
13:16:57.368,0,0,0,1,0
13:16:57.368,0,0,0,1,1
13:16:57.974,0,0,0,1,1
13:16:57.974,0,0,0,0,1
13:16:57.975,0,0,0,0,1
13:16:57.975,0,0,0,0,0
13:16:58.575,0,0,0,0,0
13:16:58.575,0,0,0,1,0
13:16:58.575,0,0,0,1,0
13:16:58.575,0,0,0,1,1
13:16:58.970,0,0,0,1,1
13:16:58.970,1,0,0,1,1
13:16:59.188,1,0,0,1,1
13:16:59.188,1,0,0,0,1
13:16:59.188,1,0,0,0,1
13:16:59.188,1,0,0,0,0
13:16:59.792,1,0,0,0,0
13:16:59.792,1,0,0,1,0
13:16:59.792,1,0,0,1,0
13:16:59.792,1,0,0,1,1
13:17:00.421,1,0,0,1,1
13:17:00.421,1,0,0,0,1
13:17:00.421,1,0,0,0,1
13:17:00.421,1,0,0,0,0
13:17:00.784,1,0,0,0,0
13:17:00.784,0,0,0,0,0
13:17:01.021,0,0,0,0,0
13:17:01.021,0,0,0,1,0
13:17:01.021,0,0,0,1,0
13:17:01.021,0,0,0,1,1
13:17:01.661,0,0,0,1,1
13:17:01.661,0,0,0,0,1
13:17:01.662,0,0,0,0,1
13:17:01.662,0,0,0,0,0
13:17:02.268,0,0,0,0,0
13:17:02.268,0,0,0,1,0
13:17:02.268,0,0,0,1,0
13:17:02.268,0,0,0,1,1
13:17:02.741,0,0,0,1,1
13:17:02.741,1,0,0,1,1
13:17:02.931,1,0,0,1,1
13:17:02.931,1,0,0,0,1
13:17:02.931,1,0,0,0,1
13:17:02.931,1,0,0,0,0
13:17:03.547,1,0,0,0,0
13:17:03.547,1,0,0,1,0
13:17:03.547,1,0,0,1,0
13:17:03.547,1,0,0,1,1
13:17:04.196,1,0,0,1,1
13:17:04.196,1,0,0,0,1
13:17:04.196,1,0,0,0,1
13:17:04.196,1,0,0,0,0
13:17:04.544,1,0,0,0,0
13:17:04.544,0,0,0,0,0
13:17:04.796,0,0,0,0,0
13:17:04.796,0,0,0,1,0
13:17:04.796,0,0,0,1,0
13:17:04.796,0,0,0,1,1
13:17:05.637,0,0,0,1,1
13:17:05.637,0,0,0,0,1
13:17:05.637,0,0,0,0,1
13:17:05.637,0,0,0,0,0
13:17:06.252,0,0,0,0,0
13:17:06.252,0,0,0,1,0
13:17:06.252,0,0,0,1,0
13:17:06.252,0,0,0,1,1
13:17:06.440,0,0,0,1,1
13:17:06.440,1,0,0,1,1
13:17:06.853,1,0,0,1,1
13:17:06.853,1,0,0,0,1
13:17:06.853,1,0,0,0,1
13:17:06.853,1,0,0,0,0
13:17:07.485,1,0,0,0,0
13:17:07.485,1,0,0,1,0
13:17:07.485,1,0,0,1,0
13:17:07.485,1,0,0,1,1
13:17:08.085,1,0,0,1,1
13:17:08.085,1,0,0,0,1
13:17:08.086,1,0,0,0,1
13:17:08.086,1,0,0,0,0
13:17:08.318,1,0,0,0,0
13:17:08.318,0,0,0,0,0
13:17:08.786,0,0,0,0,0
13:17:08.786,0,0,0,1,0
13:17:08.786,0,0,0,1,0
13:17:08.786,0,0,0,1,1
13:17:09.400,0,0,0,1,1
13:17:09.400,0,0,0,0,1
13:17:09.400,0,0,0,0,1
13:17:09.400,0,0,0,0,0
13:17:10.000,0,0,0,0,0
13:17:10.000,0,0,0,1,0
13:17:10.015,0,0,0,1,0
13:17:10.015,0,0,0,1,1
13:17:10.127,0,0,0,1,1
13:17:10.127,1,0,0,1,1
13:17:10.601,1,0,0,1,1
13:17:10.601,1,0,0,0,1
13:17:10.617,1,0,0,0,1
13:17:10.617,1,0,0,0,0
13:17:11.202,1,0,0,0,0
13:17:11.202,1,0,0,1,0
13:17:11.309,1,0,0,1,0
13:17:11.309,1,0,0,1,1
13:17:11.804,1,0,0,1,1
13:17:11.804,1,0,0,0,1
13:17:11.916,1,0,0,0,1
13:17:11.916,1,0,0,0,0
13:17:11.947,1,0,0,0,0
13:17:11.947,0,0,0,0,0
13:17:12.474,0,0,0,0,0
13:17:12.474,0,0,0,1,0
13:17:12.654,0,0,0,1,0
13:17:12.654,0,0,0,1,1
13:17:13.074,0,0,0,1,1
13:17:13.074,0,0,0,0,1
13:17:13.261,0,0,0,0,1
13:17:13.261,0,0,0,0,0
13:17:13.690,0,0,0,0,0
13:17:13.690,0,0,0,1,0
13:17:13.800,0,0,0,1,0
13:17:13.800,1,0,0,1,0
13:17:13.912,1,0,0,1,0
13:17:13.912,1,0,0,1,1
13:17:14.290,1,0,0,1,1
13:17:14.290,1,0,0,0,1
13:17:14.592,1,0,0,0,1
13:17:14.592,1,0,0,0,0
13:17:14.911,1,0,0,0,0
13:17:14.911,1,0,0,1,0
13:17:15.207,1,0,0,1,0
13:17:15.207,1,0,0,1,1
13:17:15.523,1,0,0,1,1
13:17:15.523,1,0,0,0,1
13:17:15.634,1,0,0,0,1
13:17:15.634,0,0,0,0,1
13:17:15.809,0,0,0,0,1
13:17:15.809,0,0,0,0,0
13:17:16.134,0,0,0,0,0
13:17:16.134,0,0,0,1,0
13:17:16.419,0,0,0,1,0
13:17:16.419,0,0,0,1,1
13:17:16.735,0,0,0,1,1
13:17:16.735,0,0,0,0,1
13:17:17.028,0,0,0,0,1
13:17:17.028,0,0,0,0,0
13:17:17.352,0,0,0,0,0
13:17:17.352,0,0,0,1,0
13:17:17.463,0,0,0,1,0
13:17:17.463,1,0,0,1,0
13:17:18.127,1,0,0,1,0
13:17:18.127,1,0,0,1,1
13:17:18.128,1,0,0,1,1
13:17:18.128,1,0,0,0,1
13:17:18.741,1,0,0,0,1
13:17:18.741,1,0,0,0,0
13:17:18.741,1,0,0,0,0
13:17:18.741,1,0,0,1,0
13:17:19.276,1,0,0,1,0
13:17:19.276,0,0,0,1,0
13:17:19.473,0,0,0,1,0
13:17:19.473,0,0,0,1,1
13:17:19.475,0,0,0,1,1
13:17:19.475,0,0,0,0,1
13:17:20.082,0,0,0,0,1
13:17:20.082,0,0,0,0,0
13:17:20.082,0,0,0,0,0
13:17:20.082,0,0,0,1,0
13:17:20.681,0,0,0,1,0
13:17:20.681,0,0,0,1,1
13:17:20.712,0,0,0,1,1
13:17:20.712,0,0,0,0,1
13:17:21.076,0,0,0,0,1
13:17:21.076,1,0,0,0,1
13:17:21.392,1,0,0,0,1
13:17:21.392,1,0,0,0,0
13:17:21.392,1,0,0,0,0
13:17:21.392,1,0,0,1,0
13:17:22.008,1,0,0,1,0
13:17:22.008,1,0,0,1,1
13:17:22.008,1,0,0,1,1
13:17:22.008,1,0,0,0,1
13:17:22.609,1,0,0,0,1
13:17:22.609,1,0,0,0,0
13:17:22.609,1,0,0,0,0
13:17:22.609,1,0,0,1,0
13:17:22.878,1,0,0,1,0
13:17:22.878,0,0,0,1,0
13:17:23.275,0,0,0,1,0
13:17:23.275,0,0,0,1,1
13:17:23.278,0,0,0,1,1
13:17:23.278,0,0,0,0,1
13:17:23.892,0,0,0,0,1
13:17:23.892,0,0,0,0,0
13:17:23.892,0,0,0,0,0
13:17:23.892,0,0,0,1,0
13:17:24.557,0,0,0,1,0
13:17:24.557,0,0,0,1,1
13:17:24.557,0,0,0,1,1
13:17:24.557,0,0,0,0,1
13:17:24.754,0,0,0,0,1
13:17:24.754,1,0,0,0,1
13:17:25.172,1,0,0,0,1
13:17:25.172,1,0,0,0,0
13:17:25.172,1,0,0,0,0
13:17:25.172,1,0,0,1,0
13:17:25.773,1,0,0,1,0
13:17:25.773,1,0,0,1,1
13:17:25.773,1,0,0,1,1
13:17:25.773,1,0,0,0,1
13:17:26.374,1,0,0,0,1
13:17:26.374,1,0,0,0,0
13:17:26.374,1,0,0,0,0
13:17:26.374,1,0,0,1,0
13:17:26.650,1,0,0,1,0
13:17:26.650,0,0,0,1,0
13:17:27.038,0,0,0,1,0
13:17:27.038,0,0,0,1,1
13:17:27.040,0,0,0,1,1
13:17:27.040,0,0,0,0,1
13:17:27.654,0,0,0,0,1
13:17:27.654,0,0,0,0,0
13:17:27.654,0,0,0,0,0
13:17:27.654,0,0,0,1,0
13:17:28.334,0,0,0,1,0
13:17:28.334,0,0,0,1,1
13:17:28.334,0,0,0,1,1
13:17:28.334,0,0,0,0,1
13:17:28.490,0,0,0,0,1
13:17:28.490,1,0,0,0,1
13:17:28.936,1,0,0,0,1
13:17:28.936,1,0,0,0,0
13:17:28.936,1,0,0,0,0
13:17:28.936,1,0,0,1,0
13:17:29.632,1,0,0,1,0
13:17:29.632,1,0,0,1,1
13:17:29.632,1,0,0,1,1
13:17:29.632,1,0,0,0,1
13:17:30.248,1,0,0,0,1
13:17:30.248,1,0,0,0,0
13:17:30.248,1,0,0,0,0
13:17:30.248,1,0,0,1,0
13:17:30.312,1,0,0,1,0
13:17:30.312,0,0,0,1,0
13:17:30.881,0,0,0,1,0
13:17:30.881,0,0,0,1,1
13:17:30.881,0,0,0,1,1
13:17:30.881,0,0,0,0,1
13:17:31.497,0,0,0,0,1
13:17:31.497,0,0,0,0,0
13:17:31.497,0,0,0,0,0
13:17:31.497,0,0,0,1,0
13:17:32.183,0,0,0,1,0
13:17:32.183,0,0,0,1,1
13:17:32.183,0,0,0,1,1
13:17:32.183,0,0,0,0,1
13:17:32.183,0,0,0,0,1
13:17:32.183,1,0,0,0,1
13:17:32.793,1,0,0,0,1
13:17:32.793,1,0,0,0,0
13:17:32.794,1,0,0,0,0
13:17:32.794,1,0,0,1,0
13:17:33.395,1,0,0,1,0
13:17:33.395,1,0,0,1,1
13:17:33.395,1,0,0,1,1
13:17:33.395,1,0,0,0,1
13:17:33.997,1,0,0,0,1
13:17:33.997,0,0,0,0,1
13:17:33.997,0,0,0,0,1
13:17:33.997,0,0,0,0,0
13:17:33.997,0,0,0,0,0
13:17:33.997,0,0,0,1,0
13:17:34.614,0,0,0,1,0
13:17:34.614,0,0,0,1,1
13:17:34.614,0,0,0,1,1
13:17:34.614,0,0,0,0,1
13:17:35.310,0,0,0,0,1
13:17:35.310,0,0,0,0,0
13:17:35.310,0,0,0,0,0
13:17:35.310,0,0,0,1,0
13:17:35.839,0,0,0,1,0
13:17:35.839,1,0,0,1,0
13:17:35.960,1,0,0,1,0
13:17:35.960,1,0,0,1,1
13:17:35.976,1,0,0,1,1
13:17:35.976,1,0,0,0,1
13:17:36.564,1,0,0,0,1
13:17:36.564,1,0,0,0,0
13:17:36.564,1,0,0,0,0
13:17:36.564,1,0,0,1,0
13:17:37.181,1,0,0,1,0
13:17:37.181,1,0,0,1,1
13:17:37.181,1,0,0,1,1
13:17:37.181,1,0,0,0,1
13:17:37.640,1,0,0,0,1
13:17:37.640,0,0,0,0,1
13:17:37.795,0,0,0,0,1
13:17:37.795,0,0,0,0,0
13:17:37.795,0,0,0,0,0
13:17:37.795,0,0,0,1,0
13:17:38.399,0,0,0,1,0
13:17:38.399,0,0,0,1,1
13:17:38.399,0,0,0,1,1
13:17:38.399,0,0,0,0,1
13:17:39.002,0,0,0,0,1
13:17:39.002,0,0,0,0,0
13:17:39.002,0,0,0,0,0
13:17:39.002,0,0,0,1,0
13:17:39.503,0,0,0,1,0
13:17:39.503,1,0,0,1,0
13:17:39.602,1,0,0,1,0
13:17:39.602,1,0,0,1,1
13:17:39.602,1,0,0,1,1
13:17:39.602,1,0,0,0,1
13:17:40.206,1,0,0,0,1
13:17:40.206,1,0,0,0,0
13:17:40.206,1,0,0,0,0
13:17:40.206,1,0,0,1,0
13:17:40.806,1,0,0,1,0
13:17:40.806,1,0,0,1,1
13:17:40.822,1,0,0,1,1
13:17:40.822,1,0,0,0,1
13:17:41.312,1,0,0,0,1
13:17:41.312,0,0,0,0,1
13:17:41.422,0,0,0,0,1
13:17:41.422,0,0,0,0,0
13:17:41.438,0,0,0,0,0
13:17:41.438,0,0,0,1,0
13:17:42.023,0,0,0,1,0
13:17:42.023,0,0,0,1,1
13:17:42.110,0,0,0,1,1
13:17:42.110,0,0,0,0,1
13:17:42.623,0,0,0,0,1
13:17:42.623,0,0,0,0,0
13:17:42.733,0,0,0,0,0
13:17:42.733,0,0,0,1,0
13:17:43.114,0,0,0,1,0
13:17:43.114,1,0,0,1,0
13:17:43.256,1,0,0,1,0
13:17:43.256,1,0,0,1,1
13:17:43.367,1,0,0,1,1
13:17:43.367,1,0,0,0,1
13:17:43.859,1,0,0,0,1
13:17:43.859,1,0,0,0,0
13:17:44.017,1,0,0,0,0
13:17:44.017,1,0,0,1,0
13:17:44.460,1,0,0,1,0
13:17:44.460,1,0,0,1,1
13:17:44.633,1,0,0,1,1
13:17:44.633,1,0,0,0,1
13:17:44.918,1,0,0,0,1
13:17:44.918,0,0,0,0,1
13:17:45.061,0,0,0,0,1
13:17:45.061,0,0,0,0,0
13:17:45.251,0,0,0,0,0
13:17:45.251,0,0,0,1,0
13:17:45.663,0,0,0,1,0
13:17:45.663,0,0,0,1,1
13:17:45.870,0,0,0,1,1
13:17:45.870,0,0,0,0,1
13:17:46.266,0,0,0,0,1
13:17:46.266,0,0,0,0,0
13:17:46.472,0,0,0,0,0
13:17:46.472,0,0,0,1,0
13:17:46.724,0,0,0,1,0
13:17:46.724,1,0,0,1,0
13:17:46.930,1,0,0,1,0
13:17:46.930,1,0,0,1,1
13:17:47.088,1,0,0,1,1
13:17:47.088,1,0,0,0,1
13:17:47.546,1,0,0,0,1
13:17:47.546,1,0,0,0,0
13:17:47.735,1,0,0,0,0
13:17:47.735,1,0,0,1,0
13:17:48.145,1,0,0,1,0
13:17:48.145,1,0,0,1,1
13:17:48.351,1,0,0,1,1
13:17:48.351,1,0,0,0,1
13:17:48.526,1,0,0,0,1
13:17:48.526,0,0,0,0,1
13:17:48.747,0,0,0,0,1
13:17:48.747,0,0,0,0,0
13:17:48.953,0,0,0,0,0
13:17:48.953,0,0,0,1,0
13:17:49.366,0,0,0,1,0
13:17:49.366,0,0,0,1,1
13:17:49.572,0,0,0,1,1
13:17:49.572,0,0,0,0,1
13:17:49.968,0,0,0,0,1
13:17:49.968,0,0,0,0,0
13:17:50.397,0,0,0,0,0
13:17:50.397,0,0,0,1,0
13:17:50.397,0,0,0,1,0
13:17:50.397,1,0,0,1,0
13:17:50.570,1,0,0,1,0
13:17:50.570,1,0,0,1,1
13:17:50.997,1,0,0,1,1
13:17:50.997,1,0,0,0,1
13:17:51.171,1,0,0,0,1
13:17:51.171,1,0,0,0,0
13:17:51.599,1,0,0,0,0
13:17:51.599,1,0,0,1,0
13:17:51.773,1,0,0,1,0
13:17:51.773,1,0,0,1,1
13:17:52.202,1,0,0,1,1
13:17:52.202,0,0,0,1,1
13:17:52.202,0,0,0,1,1
13:17:52.202,0,0,0,0,1
13:17:52.392,0,0,0,0,1
13:17:52.392,0,0,0,0,0
13:17:52.803,0,0,0,0,0
13:17:52.803,0,0,0,1,0
13:17:52.992,0,0,0,1,0
13:17:52.992,0,0,0,1,1
13:17:53.404,0,0,0,1,1
13:17:53.404,0,0,0,0,1
13:17:53.593,0,0,0,0,1
13:17:53.593,0,0,0,0,0
13:17:54.006,0,0,0,0,0
13:17:54.006,1,0,0,0,0
13:17:54.006,1,0,0,0,0
13:17:54.006,1,0,0,1,0
13:17:54.227,1,0,0,1,0
13:17:54.227,1,0,0,1,1
13:17:54.605,1,0,0,1,1
13:17:54.605,1,0,0,0,1
13:17:54.843,1,0,0,0,1
13:17:54.843,1,0,0,0,0
13:17:55.206,1,0,0,0,0
13:17:55.206,1,0,0,1,0
13:17:55.444,1,0,0,1,0
13:17:55.444,1,0,0,1,1
13:17:55.855,1,0,0,1,1
13:17:55.855,0,0,0,1,1
13:17:55.855,0,0,0,1,1
13:17:55.855,0,0,0,0,1
13:17:56.045,0,0,0,0,1
13:17:56.045,0,0,0,0,0
13:17:56.676,0,0,0,0,0
13:17:56.676,0,0,0,1,0
13:17:56.676,0,0,0,1,0
13:17:56.676,0,0,0,1,1
13:17:57.278,0,0,0,1,1
13:17:57.278,0,0,0,0,1
13:17:57.278,0,0,0,0,1
13:17:57.278,0,0,0,0,0
13:17:57.674,0,0,0,0,0
13:17:57.674,1,0,0,0,0
13:17:57.880,1,0,0,0,0
13:17:57.880,1,0,0,1,0
13:17:57.880,1,0,0,1,0
13:17:57.880,1,0,0,1,1
13:17:58.499,1,0,0,1,1
13:17:58.499,1,0,0,0,1
13:17:58.501,1,0,0,0,1
13:17:58.501,1,0,0,0,0
13:17:59.100,1,0,0,0,0
13:17:59.100,1,0,0,1,0
13:17:59.131,1,0,0,1,0
13:17:59.131,1,0,0,1,1
13:17:59.482,1,0,0,1,1
13:17:59.482,0,0,0,1,1
13:17:59.816,0,0,0,1,1
13:17:59.816,0,0,0,0,1
13:17:59.816,0,0,0,0,1
13:17:59.816,0,0,0,0,0
13:18:00.418,0,0,0,0,0
13:18:00.418,0,0,0,1,0
13:18:00.418,0,0,0,1,0
13:18:00.418,0,0,0,1,1
13:18:01.022,0,0,0,1,1
13:18:01.022,0,0,0,0,1
13:18:01.022,0,0,0,0,1
13:18:01.022,0,0,0,0,0
13:18:01.292,0,0,0,0,0
13:18:01.292,1,0,0,0,0
13:18:01.625,1,0,0,0,0
13:18:01.625,1,0,0,1,0
13:18:01.625,1,0,0,1,0
13:18:01.625,1,0,0,1,1
13:18:02.228,1,0,0,1,1
13:18:02.228,1,0,0,0,1
13:18:02.228,1,0,0,0,1
13:18:02.228,1,0,0,0,0
13:18:02.831,1,0,0,0,0
13:18:02.831,1,0,0,1,0
13:18:02.831,1,0,0,1,0
13:18:02.831,1,0,0,1,1
13:18:03.102,1,0,0,1,1
13:18:03.102,0,0,0,1,1
13:18:03.435,0,0,0,1,1
13:18:03.435,0,0,0,0,1
13:18:03.435,0,0,0,0,1
13:18:03.435,0,0,0,0,0
13:18:04.054,0,0,0,0,0
13:18:04.054,0,0,0,1,0
13:18:04.054,0,0,0,1,0
13:18:04.054,0,0,0,1,1
13:18:04.657,0,0,0,1,1
13:18:04.657,0,0,0,0,1
13:18:04.657,0,0,0,0,1
13:18:04.657,0,0,0,0,0
13:18:04.909,0,0,0,0,0
13:18:04.909,1,0,0,0,0
13:18:05.258,1,0,0,0,0
13:18:05.258,1,0,0,1,0
13:18:05.258,1,0,0,1,0
13:18:05.258,1,0,0,1,1
13:18:05.892,1,0,0,1,1
13:18:05.892,1,0,0,0,1
13:18:05.892,1,0,0,0,1
13:18:05.892,1,0,0,0,0
13:18:06.512,1,0,0,0,0
13:18:06.512,1,0,0,1,0
13:18:06.512,1,0,0,1,0
13:18:06.512,1,0,0,1,1
13:18:06.718,1,0,0,1,1
13:18:06.718,0,0,0,1,1
13:18:07.146,0,0,0,1,1
13:18:07.146,0,0,0,0,1
13:18:07.146,0,0,0,0,1
13:18:07.146,0,0,0,0,0
13:18:07.764,0,0,0,0,0
13:18:07.764,0,0,0,1,0
13:18:07.764,0,0,0,1,0
13:18:07.764,0,0,0,1,1
13:18:08.366,0,0,0,1,1
13:18:08.366,0,0,0,0,1
13:18:08.366,0,0,0,0,1
13:18:08.366,0,0,0,0,0
13:18:08.541,0,0,0,0,0
13:18:08.541,1,0,0,0,0
13:18:08.968,1,0,0,0,0
13:18:08.968,1,0,0,1,0
13:18:08.968,1,0,0,1,0
13:18:08.968,1,0,0,1,1
13:18:09.650,1,0,0,1,1
13:18:09.650,1,0,0,0,1
13:18:09.650,1,0,0,0,1
13:18:09.650,1,0,0,0,0
13:18:10.254,1,0,0,0,0
13:18:10.254,1,0,0,1,0
13:18:10.254,1,0,0,1,0
13:18:10.254,1,0,0,1,1
13:18:10.349,1,0,0,1,1
13:18:10.349,0,0,0,1,1
13:18:10.871,0,0,0,1,1
13:18:10.871,0,0,0,0,1
13:18:10.871,0,0,0,0,1
13:18:10.871,0,0,0,0,0
13:18:11.490,0,0,0,0,0
13:18:11.490,0,0,0,1,0
13:18:11.490,0,0,0,1,0
13:18:11.490,0,0,0,1,1
13:18:12.092,0,0,0,1,1
13:18:12.092,0,0,0,0,1
13:18:12.092,0,0,0,0,1
13:18:12.092,0,0,0,0,0
13:18:12.188,0,0,0,0,0
13:18:12.188,1,0,0,0,0
13:18:12.697,1,0,0,0,0
13:18:12.697,1,0,0,1,0
13:18:12.697,1,0,0,1,0
13:18:12.697,1,0,0,1,1
13:18:13.345,1,0,0,1,1
13:18:13.345,1,0,0,0,1
13:18:13.345,1,0,0,0,1
13:18:13.345,1,0,0,0,0
13:18:13.960,1,0,0,0,0
13:18:13.960,1,0,0,1,0
13:18:13.960,1,0,0,1,0
13:18:13.960,1,0,0,1,1
13:18:14.012,1,0,0,1,1
13:18:14.012,0,0,0,1,1
13:18:14.558,0,0,0,1,1
13:18:14.558,0,0,0,0,1
13:18:14.558,0,0,0,0,1
13:18:14.558,0,0,0,0,0
13:18:15.187,0,0,0,0,0
13:18:15.187,0,0,0,1,0
13:18:15.187,0,0,0,1,0
13:18:15.187,0,0,0,1,1
13:18:15.789,0,0,0,1,1
13:18:15.789,0,0,0,0,1
13:18:15.789,0,0,0,0,1
13:18:15.789,0,0,0,0,0
13:18:15.855,0,0,0,0,0
13:18:15.855,1,0,0,0,0
13:18:16.401,1,0,0,0,0
13:18:16.401,1,0,0,1,0
13:18:16.402,1,0,0,1,0
13:18:16.402,1,0,0,1,1
13:18:17.003,1,0,0,1,1
13:18:17.003,1,0,0,0,1
13:18:17.003,1,0,0,0,1
13:18:17.003,1,0,0,0,0
13:18:17.605,1,0,0,0,0
13:18:17.605,1,0,0,1,0
13:18:17.605,1,0,0,1,0
13:18:17.605,1,0,0,1,1
13:18:17.732,1,0,0,1,1
13:18:17.732,0,0,0,1,1
13:18:18.219,0,0,0,1,1
13:18:18.219,0,0,0,0,1
13:18:18.219,0,0,0,0,1
13:18:18.219,0,0,0,0,0
13:18:18.834,0,0,0,0,0
13:18:18.834,0,0,0,1,0
13:18:18.834,0,0,0,1,0
13:18:18.834,0,0,0,1,1
13:18:19.436,0,0,0,1,1
13:18:19.436,0,0,0,0,1
13:18:19.436,0,0,0,0,1
13:18:19.436,0,0,0,0,0
13:18:19.579,0,0,0,0,0
13:18:19.579,1,0,0,0,0
13:18:20.038,1,0,0,0,0
13:18:20.038,1,0,0,1,0
13:18:20.038,1,0,0,1,0
13:18:20.038,1,0,0,1,1
13:18:20.638,1,0,0,1,1
13:18:20.638,1,0,0,0,1
13:18:20.638,1,0,0,0,1
13:18:20.638,1,0,0,0,0
13:18:21.241,1,0,0,0,0
13:18:21.241,1,0,0,1,0
13:18:21.241,1,0,0,1,0
13:18:21.241,1,0,0,1,1
13:18:21.436,1,0,0,1,1
13:18:21.436,0,0,0,1,1
13:18:21.856,0,0,0,1,1
13:18:21.856,0,0,0,0,1
13:18:21.856,0,0,0,0,1
13:18:21.856,0,0,0,0,0
13:18:22.459,0,0,0,0,0
13:18:22.459,0,0,0,1,0
13:18:22.459,0,0,0,1,0
13:18:22.459,0,0,0,1,1
13:18:23.073,0,0,0,1,1
13:18:23.073,0,0,0,0,1
13:18:23.073,0,0,0,0,1
13:18:23.073,0,0,0,0,0
13:18:23.242,0,0,0,0,0
13:18:23.242,1,0,0,0,0
13:18:23.690,1,0,0,0,0
13:18:23.690,1,0,0,1,0
13:18:23.690,1,0,0,1,0
13:18:23.690,1,0,0,1,1
13:18:24.309,1,0,0,1,1
13:18:24.309,1,0,0,0,1
13:18:24.309,1,0,0,0,1
13:18:24.309,1,0,0,0,0
13:18:24.916,1,0,0,0,0
13:18:24.916,1,0,0,1,0
13:18:24.916,1,0,0,1,0
13:18:24.916,1,0,0,1,1
13:18:25.054,1,0,0,1,1
13:18:25.054,0,0,0,1,1
13:18:25.530,0,0,0,1,1
13:18:25.530,0,0,0,0,1
13:18:25.530,0,0,0,0,1
13:18:25.530,0,0,0,0,0
13:18:26.145,0,0,0,0,0
13:18:26.145,0,0,0,1,0
13:18:26.145,0,0,0,1,0
13:18:26.145,0,0,0,1,1
13:18:26.746,0,0,0,1,1
13:18:26.746,0,0,0,0,1
13:18:26.787,0,0,0,0,1
13:18:26.787,0,0,0,0,0
13:18:26.947,0,0,0,0,0
13:18:26.947,1,0,0,0,0
13:18:27.347,1,0,0,0,0
13:18:27.347,1,0,0,1,0
13:18:27.430,1,0,0,1,0
13:18:27.430,1,0,0,1,1
13:18:27.952,1,0,0,1,1
13:18:27.952,1,0,0,0,1
13:18:28.110,1,0,0,0,1
13:18:28.110,1,0,0,0,0
13:18:28.561,1,0,0,0,0
13:18:28.561,1,0,0,1,0
13:18:28.713,1,0,0,1,0
13:18:28.713,1,0,0,1,1
13:18:28.819,1,0,0,1,1
13:18:28.819,0,0,0,1,1
13:18:29.260,0,0,0,1,1
13:18:29.260,0,0,0,0,1
13:18:29.393,0,0,0,0,1
13:18:29.393,0,0,0,0,0
13:18:29.864,0,0,0,0,0
13:18:29.864,0,0,0,1,0
13:18:30.022,0,0,0,1,0
13:18:30.022,0,0,0,1,1
13:18:30.476,0,0,0,1,1
13:18:30.476,0,0,0,0,1
13:18:30.636,0,0,0,0,1
13:18:30.636,0,0,0,0,0
13:18:30.636,0,0,0,0,0
13:18:30.636,1,0,0,0,0
13:18:31.081,1,0,0,0,0
13:18:31.081,1,0,0,1,0
13:18:31.239,1,0,0,1,0
13:18:31.239,1,0,0,1,1
13:18:31.701,1,0,0,1,1
13:18:31.701,1,0,0,0,1
13:18:31.859,1,0,0,0,1
13:18:31.859,1,0,0,0,0
13:18:32.318,1,0,0,0,0
13:18:32.318,1,0,0,1,0
13:18:32.445,1,0,0,1,0
13:18:32.445,0,0,0,1,0
13:18:32.463,0,0,0,1,0
13:18:32.463,0,0,0,1,1
13:18:32.982,0,0,0,1,1
13:18:32.982,0,0,0,0,1
13:18:33.092,0,0,0,0,1
13:18:33.092,0,0,0,0,0
13:18:33.599,0,0,0,0,0
13:18:33.599,0,0,0,1,0
13:18:33.706,0,0,0,1,0
13:18:33.706,0,0,0,1,1
13:18:34.210,0,0,0,1,1
13:18:34.210,0,0,0,0,1
13:18:34.314,0,0,0,0,1
13:18:34.314,1,0,0,0,1
13:18:34.314,1,0,0,0,1
13:18:34.314,1,0,0,0,0
13:18:34.822,1,0,0,0,0
13:18:34.822,1,0,0,1,0
13:18:34.917,1,0,0,1,0
13:18:34.917,1,0,0,1,1
13:18:35.426,1,0,0,1,1
13:18:35.426,1,0,0,0,1
13:18:35.536,1,0,0,0,1
13:18:35.536,1,0,0,0,0
13:18:36.028,1,0,0,0,0
13:18:36.028,1,0,0,1,0
13:18:36.108,1,0,0,1,0
13:18:36.108,0,0,0,1,0
13:18:36.139,0,0,0,1,0
13:18:36.139,0,0,0,1,1
13:18:36.694,0,0,0,1,1
13:18:36.694,0,0,0,0,1
13:18:36.789,0,0,0,0,1
13:18:36.789,0,0,0,0,0
13:18:37.296,0,0,0,0,0
13:18:37.296,0,0,0,1,0
13:18:37.407,0,0,0,1,0
13:18:37.407,0,0,0,1,1
13:18:37.910,0,0,0,1,1
13:18:37.910,0,0,0,0,1
13:18:37.935,0,0,0,0,1
13:18:37.935,1,0,0,0,1
13:18:38.009,1,0,0,0,1
13:18:38.009,1,0,0,0,0
13:18:38.515,1,0,0,0,0
13:18:38.515,1,0,0,1,0
13:18:38.624,1,0,0,1,0
13:18:38.624,1,0,0,1,1
13:18:39.163,1,0,0,1,1
13:18:39.163,1,0,0,0,1
13:18:39.266,1,0,0,0,1
13:18:39.266,1,0,0,0,0
13:18:39.735,1,0,0,0,0
13:18:39.735,0,0,0,0,0
13:18:39.811,0,0,0,0,0
13:18:39.811,0,0,0,1,0
13:18:39.916,0,0,0,1,0
13:18:39.916,0,0,0,1,1
13:18:40.417,0,0,0,1,1
13:18:40.417,0,0,0,0,1
13:18:40.529,0,0,0,0,1
13:18:40.529,0,0,0,0,0
13:18:41.022,0,0,0,0,0
13:18:41.022,0,0,0,1,0
13:18:41.132,0,0,0,1,0
13:18:41.132,0,0,0,1,1
13:18:41.542,0,0,0,1,1
13:18:41.542,1,0,0,1,1
13:18:41.672,1,0,0,1,1
13:18:41.672,1,0,0,0,1
13:18:41.768,1,0,0,0,1
13:18:41.768,1,0,0,0,0
13:18:42.287,1,0,0,0,0
13:18:42.287,1,0,0,1,0
13:18:42.366,1,0,0,1,0
13:18:42.366,1,0,0,1,1
13:18:42.888,1,0,0,1,1
13:18:42.888,1,0,0,0,1
13:18:43.015,1,0,0,0,1
13:18:43.015,1,0,0,0,0
13:18:43.345,1,0,0,0,0
13:18:43.345,0,0,0,0,0
13:18:43.504,0,0,0,0,0
13:18:43.504,0,0,0,1,0
13:18:43.630,0,0,0,1,0
13:18:43.630,0,0,0,1,1
13:18:44.107,0,0,0,1,1
13:18:44.107,0,0,0,0,1
13:18:44.233,0,0,0,0,1
13:18:44.233,0,0,0,0,0
13:18:44.709,0,0,0,0,0
13:18:44.709,0,0,0,1,0
13:18:44.850,0,0,0,1,0
13:18:44.850,0,0,0,1,1
13:18:45.166,0,0,0,1,1
13:18:45.166,1,0,0,1,1
13:18:45.371,1,0,0,1,1
13:18:45.371,1,0,0,0,1
13:18:45.465,1,0,0,0,1
13:18:45.465,1,0,0,0,0
13:18:45.986,1,0,0,0,0
13:18:45.986,1,0,0,1,0
13:18:46.081,1,0,0,1,0
13:18:46.081,1,0,0,1,1
13:18:46.587,1,0,0,1,1
13:18:46.587,1,0,0,0,1
13:18:46.682,1,0,0,0,1
13:18:46.682,1,0,0,0,0
13:18:46.994,1,0,0,0,0
13:18:46.994,0,0,0,0,0
13:18:47.188,0,0,0,0,0
13:18:47.188,0,0,0,1,0
13:18:47.282,0,0,0,1,0
13:18:47.282,0,0,0,1,1
13:18:47.803,0,0,0,1,1
13:18:47.803,0,0,0,0,1
13:18:47.898,0,0,0,0,1
13:18:47.898,0,0,0,0,0
13:18:48.420,0,0,0,0,0
13:18:48.420,0,0,0,1,0
13:18:48.515,0,0,0,1,0
13:18:48.515,0,0,0,1,1
13:18:48.800,0,0,0,1,1
13:18:48.800,1,0,0,1,1
13:18:49.021,1,0,0,1,1
13:18:49.021,1,0,0,0,1
13:18:49.116,1,0,0,0,1
13:18:49.116,1,0,0,0,0
13:18:49.622,1,0,0,0,0
13:18:49.622,1,0,0,1,0
13:18:49.732,1,0,0,1,0
13:18:49.732,1,0,0,1,1
13:18:50.223,1,0,0,1,1
13:18:50.223,1,0,0,0,1
13:18:50.368,1,0,0,0,1
13:18:50.368,1,0,0,0,0
13:18:50.602,1,0,0,0,0
13:18:50.602,0,0,0,0,0
13:18:50.938,0,0,0,0,0
13:18:50.938,0,0,0,1,0
13:18:50.982,0,0,0,1,0
13:18:50.982,0,0,0,1,1
13:18:51.550,0,0,0,1,1
13:18:51.550,0,0,0,0,1
13:18:51.602,0,0,0,0,1
13:18:51.602,0,0,0,0,0
13:18:52.195,0,0,0,0,0
13:18:52.195,0,0,0,1,0
13:18:52.195,0,0,0,1,0
13:18:52.195,0,0,0,1,1
13:18:52.467,0,0,0,1,1
13:18:52.467,1,0,0,1,1
13:18:52.811,1,0,0,1,1
13:18:52.811,1,0,0,0,1
13:18:52.811,1,0,0,0,1
13:18:52.811,1,0,0,0,0
13:18:53.444,1,0,0,0,0
13:18:53.444,1,0,0,1,0
13:18:53.444,1,0,0,1,0
13:18:53.444,1,0,0,1,1
13:18:54.048,1,0,0,1,1
13:18:54.048,1,0,0,0,1
13:18:54.048,1,0,0,0,1
13:18:54.048,1,0,0,0,0
13:18:54.300,1,0,0,0,0
13:18:54.300,0,0,0,0,0
13:18:54.670,0,0,0,0,0
13:18:54.670,0,0,0,1,0
13:18:54.670,0,0,0,1,0
13:18:54.670,0,0,0,1,1
13:18:55.284,0,0,0,1,1
13:18:55.284,0,0,0,0,1
13:18:55.284,0,0,0,0,1
13:18:55.284,0,0,0,0,0
13:18:55.884,0,0,0,0,0
13:18:55.884,0,0,0,1,0
13:18:55.884,0,0,0,1,0
13:18:55.884,0,0,0,1,1
13:18:56.121,0,0,0,1,1
13:18:56.121,1,0,0,1,1
13:18:56.516,1,0,0,1,1
13:18:56.516,1,0,0,0,1
13:18:56.516,1,0,0,0,1
13:18:56.516,1,0,0,0,0
13:18:57.134,1,0,0,0,0
13:18:57.134,1,0,0,1,0
13:18:57.134,1,0,0,1,0
13:18:57.134,1,0,0,1,1
13:18:57.773,1,0,0,1,1
13:18:57.773,1,0,0,0,1
13:18:57.773,1,0,0,0,1
13:18:57.773,1,0,0,0,0
13:18:57.942,1,0,0,0,0
13:18:57.942,0,0,0,0,0
13:18:58.385,0,0,0,0,0
13:18:58.385,0,0,0,1,0
13:18:58.385,0,0,0,1,0
13:18:58.385,0,0,0,1,1
13:18:59.053,0,0,0,1,1
13:18:59.053,0,0,0,0,1
13:18:59.053,0,0,0,0,1
13:18:59.053,0,0,0,0,0
13:18:59.670,0,0,0,0,0
13:18:59.670,0,0,0,1,0
13:18:59.670,0,0,0,1,0
13:18:59.670,0,0,0,1,1
13:18:59.813,0,0,0,1,1
13:18:59.813,1,0,0,1,1
13:19:00.306,1,0,0,1,1
13:19:00.306,1,0,0,0,1
13:19:00.306,1,0,0,0,1
13:19:00.306,1,0,0,0,0
13:19:00.908,1,0,0,0,0
13:19:00.908,1,0,0,1,0
13:19:00.908,1,0,0,1,0
13:19:00.908,1,0,0,1,1
13:19:01.525,1,0,0,1,1
13:19:01.525,1,0,0,0,1
13:19:01.525,1,0,0,0,1
13:19:01.525,1,0,0,0,0
13:19:01.604,1,0,0,0,0
13:19:01.604,0,0,0,0,0
13:19:02.141,0,0,0,0,0
13:19:02.141,0,0,0,1,0
13:19:02.141,0,0,0,1,0
13:19:02.141,0,0,0,1,1
13:19:02.788,0,0,0,1,1
13:19:02.788,0,0,0,0,1
13:19:02.788,0,0,0,0,1
13:19:02.788,0,0,0,0,0
13:19:03.403,0,0,0,0,0
13:19:03.403,0,0,0,1,0
13:19:03.403,0,0,0,1,0
13:19:03.403,0,0,0,1,1
13:19:03.434,0,0,0,1,1
13:19:03.434,1,0,0,1,1
13:19:04.004,1,0,0,1,1
13:19:04.004,1,0,0,0,1
13:19:04.020,1,0,0,0,1
13:19:04.020,1,0,0,0,0
13:19:04.605,1,0,0,0,0
13:19:04.605,1,0,0,1,0
13:19:04.668,1,0,0,1,0
13:19:04.668,1,0,0,1,1
13:19:05.269,1,0,0,1,1
13:19:05.269,1,0,0,0,1
13:19:05.269,1,0,0,0,1
13:19:05.269,0,0,0,0,1
13:19:05.300,0,0,0,0,1
13:19:05.300,0,0,0,0,0
13:19:05.885,0,0,0,0,0
13:19:05.885,0,0,0,1,0
13:19:05.905,0,0,0,1,0
13:19:05.905,0,0,0,1,1
13:19:06.552,0,0,0,1,1
13:19:06.552,0,0,0,0,1
13:19:06.552,0,0,0,0,1
13:19:06.552,0,0,0,0,0
13:19:07.088,0,0,0,0,0
13:19:07.088,1,0,0,0,0
13:19:07.216,1,0,0,0,0
13:19:07.216,1,0,0,1,0
13:19:07.216,1,0,0,1,0
13:19:07.216,1,0,0,1,1
13:19:07.833,1,0,0,1,1
13:19:07.833,1,0,0,0,1
13:19:07.833,1,0,0,0,1
13:19:07.833,1,0,0,0,0
13:19:08.435,1,0,0,0,0
13:19:08.435,1,0,0,1,0
13:19:08.435,1,0,0,1,0
13:19:08.435,1,0,0,1,1
13:19:08.894,1,0,0,1,1
13:19:08.894,0,0,0,1,1
13:19:09.022,0,0,0,1,1
13:19:09.022,0,0,0,0,1
13:19:09.022,0,0,0,0,1
13:19:09.022,0,0,0,0,0
13:19:09.639,0,0,0,0,0
13:19:09.639,0,0,0,1,0
13:19:09.639,0,0,0,1,0
13:19:09.639,0,0,0,1,1
13:19:10.254,0,0,0,1,1
13:19:10.254,0,0,0,0,1
13:19:10.254,0,0,0,0,1
13:19:10.254,0,0,0,0,0
13:19:10.744,0,0,0,0,0
13:19:10.744,1,0,0,0,0
13:19:10.871,1,0,0,0,0
13:19:10.871,1,0,0,1,0
13:19:10.871,1,0,0,1,0
13:19:10.871,1,0,0,1,1
13:19:11.471,1,0,0,1,1
13:19:11.471,1,0,0,0,1
13:19:11.487,1,0,0,0,1
13:19:11.487,1,0,0,0,0
13:19:12.074,1,0,0,0,0
13:19:12.074,1,0,0,1,0
13:19:12.090,1,0,0,1,0
13:19:12.090,1,0,0,1,1
13:19:12.549,1,0,0,1,1
13:19:12.549,0,0,0,1,1
13:19:12.675,0,0,0,1,1
13:19:12.675,0,0,0,0,1
13:19:12.691,0,0,0,0,1
13:19:12.691,0,0,0,0,0
13:19:13.278,0,0,0,0,0
13:19:13.278,0,0,0,1,0
13:19:13.357,0,0,0,1,0
13:19:13.357,0,0,0,1,1
13:19:13.881,0,0,0,1,1
13:19:13.881,0,0,0,0,1
13:19:13.976,0,0,0,0,1
13:19:13.976,0,0,0,0,0
13:19:14.356,0,0,0,0,0
13:19:14.356,1,0,0,0,0
13:19:14.514,1,0,0,0,0
13:19:14.514,1,0,0,1,0
13:19:14.595,1,0,0,1,0
13:19:14.595,1,0,0,1,1
13:19:15.117,1,0,0,1,1
13:19:15.117,1,0,0,0,1
13:19:15.197,1,0,0,0,1
13:19:15.197,1,0,0,0,0
13:19:15.719,1,0,0,0,0
13:19:15.719,1,0,0,1,0
13:19:15.814,1,0,0,1,0
13:19:15.814,1,0,0,1,1
13:19:16.209,1,0,0,1,1
13:19:16.209,0,0,0,1,1
13:19:16.320,0,0,0,1,1
13:19:16.320,0,0,0,0,1
13:19:16.432,0,0,0,0,1
13:19:16.432,0,0,0,0,0
13:19:16.922,0,0,0,0,0
13:19:16.922,0,0,0,1,0
13:19:17.034,0,0,0,1,0
13:19:17.034,0,0,0,1,1
13:19:17.525,0,0,0,1,1
13:19:17.525,0,0,0,0,1
13:19:17.636,0,0,0,0,1
13:19:17.636,0,0,0,0,0
13:19:18.017,0,0,0,0,0
13:19:18.017,1,0,0,0,0
13:19:18.129,1,0,0,0,0
13:19:18.129,1,0,0,1,0
13:19:18.240,1,0,0,1,0
13:19:18.240,1,0,0,1,1
13:19:18.734,1,0,0,1,1
13:19:18.734,1,0,0,0,1
13:19:18.845,1,0,0,0,1
13:19:18.845,1,0,0,0,0
13:19:19.336,1,0,0,0,0
13:19:19.336,1,0,0,1,0
13:19:19.446,1,0,0,1,0
13:19:19.446,1,0,0,1,1
13:19:19.828,1,0,0,1,1
13:19:19.828,0,0,0,1,1
13:19:19.939,0,0,0,1,1
13:19:19.939,0,0,0,0,1
13:19:20.050,0,0,0,0,1
13:19:20.050,0,0,0,0,0
13:19:20.541,0,0,0,0,0
13:19:20.541,0,0,0,1,0
13:19:20.652,0,0,0,1,0
13:19:20.652,0,0,0,1,1
13:19:21.141,0,0,0,1,1
13:19:21.141,0,0,0,0,1
13:19:21.254,0,0,0,0,1
13:19:21.254,0,0,0,0,0
13:19:21.632,0,0,0,0,0
13:19:21.632,1,0,0,0,0
13:19:21.742,1,0,0,0,0
13:19:21.742,1,0,0,1,0
13:19:21.870,1,0,0,1,0
13:19:21.870,1,0,0,1,1
13:19:22.359,1,0,0,1,1
13:19:22.359,1,0,0,0,1
13:19:22.486,1,0,0,0,1
13:19:22.486,1,0,0,0,0
13:19:22.960,1,0,0,0,0
13:19:22.960,1,0,0,1,0
13:19:23.151,1,0,0,1,0
13:19:23.151,1,0,0,1,1
13:19:23.436,1,0,0,1,1
13:19:23.436,0,0,0,1,1
13:19:23.589,0,0,0,1,1
13:19:23.589,0,0,0,0,1
13:19:23.768,0,0,0,0,1
13:19:23.768,0,0,0,0,0
13:19:24.196,0,0,0,0,0
13:19:24.196,0,0,0,1,0
13:19:24.432,0,0,0,1,0
13:19:24.432,0,0,0,1,1
13:19:24.850,0,0,0,1,1
13:19:24.850,0,0,0,0,1
13:19:25.048,0,0,0,0,1
13:19:25.048,0,0,0,0,0
13:19:25.614,0,0,0,0,0
13:19:25.614,1,0,0,0,0
13:19:25.614,1,0,0,0,0
13:19:25.614,1,0,0,1,0
13:19:25.712,1,0,0,1,0
13:19:25.712,1,0,0,1,1
13:19:26.236,1,0,0,1,1
13:19:26.236,1,0,0,0,1
13:19:26.428,1,0,0,0,1
13:19:26.428,1,0,0,0,0
13:19:26.858,1,0,0,0,0
13:19:26.858,1,0,0,1,0
13:19:27.039,1,0,0,1,0
13:19:27.039,1,0,0,1,1
13:19:27.418,1,0,0,1,1
13:19:27.418,0,0,0,1,1
13:19:27.564,0,0,0,1,1
13:19:27.564,0,0,0,0,1
13:19:27.733,0,0,0,0,1
13:19:27.733,0,0,0,0,0
13:19:28.176,0,0,0,0,0
13:19:28.176,0,0,0,1,0
13:19:28.360,0,0,0,1,0
13:19:28.360,0,0,0,1,1
13:19:28.793,0,0,0,1,1
13:19:28.793,0,0,0,0,1
13:19:28.967,0,0,0,0,1
13:19:28.967,0,0,0,0,0
13:19:29.631,0,0,0,0,0
13:19:29.631,1,0,0,0,0
13:19:29.631,1,0,0,0,0
13:19:29.631,1,0,0,1,0
13:19:29.631,1,0,0,1,0
13:19:29.631,1,0,0,1,1
13:19:30.676,1,0,0,1,1
13:19:30.676,1,0,0,0,1
13:19:30.676,1,0,0,0,1
13:19:30.676,1,0,0,0,0
13:19:31.276,1,0,0,0,0
13:19:31.276,1,0,0,1,0
13:19:31.276,1,0,0,1,0
13:19:31.276,1,0,0,1,1
13:19:31.457,1,0,0,1,1
13:19:31.457,0,0,0,1,1
13:19:31.878,0,0,0,1,1
13:19:31.878,0,0,0,0,1
13:19:31.878,0,0,0,0,1
13:19:31.878,0,0,0,0,0
13:19:32.535,0,0,0,0,0
13:19:32.535,0,0,0,1,0
13:19:32.535,0,0,0,1,0
13:19:32.535,0,0,0,1,1
13:19:33.142,0,0,0,1,1
13:19:33.142,0,0,0,0,1
13:19:33.142,0,0,0,0,1
13:19:33.142,0,0,0,0,0
13:19:33.295,0,0,0,0,0
13:19:33.295,1,0,0,0,0
13:19:33.833,1,0,0,0,0
13:19:33.833,1,0,0,1,0
13:19:33.833,1,0,0,1,0
13:19:33.833,1,0,0,1,1
13:19:34.438,1,0,0,1,1
13:19:34.438,1,0,0,0,1
13:19:34.438,1,0,0,0,1
13:19:34.438,1,0,0,0,0
13:19:35.136,1,0,0,0,0
13:19:35.136,1,0,0,1,0
13:19:35.136,1,0,0,1,0
13:19:35.136,1,0,0,1,1
13:19:35.136,1,0,0,1,1
13:19:35.136,0,0,0,1,1
13:19:35.749,0,0,0,1,1
13:19:35.749,0,0,0,0,1
13:19:35.749,0,0,0,0,1
13:19:35.749,0,0,0,0,0
13:19:36.494,0,0,0,0,0
13:19:36.494,0,0,0,1,0
13:19:36.494,0,0,0,1,0
13:19:36.494,0,0,0,1,1
13:19:36.957,0,0,0,1,1
13:19:36.957,1,0,0,1,1
13:19:37.097,1,0,0,1,1
13:19:37.097,1,0,0,0,1
13:19:37.097,1,0,0,0,1
13:19:37.097,1,0,0,0,0
13:19:37.697,1,0,0,0,0
13:19:37.697,1,0,0,1,0
13:19:37.697,1,0,0,1,0
13:19:37.697,1,0,0,1,1
13:19:38.299,1,0,0,1,1
13:19:38.299,1,0,0,0,1
13:19:38.299,1,0,0,0,1
13:19:38.299,1,0,0,0,0
13:19:38.759,1,0,0,0,0
13:19:38.759,0,0,0,0,0
13:19:38.901,0,0,0,0,0
13:19:38.901,0,0,0,1,0
13:19:38.901,0,0,0,1,0
13:19:38.901,0,0,0,1,1
13:19:39.536,0,0,0,1,1
13:19:39.536,0,0,0,0,1
13:19:39.536,0,0,0,0,1
13:19:39.536,0,0,0,0,0
13:19:40.152,0,0,0,0,0
13:19:40.152,0,0,0,1,0
13:19:40.152,0,0,0,1,0
13:19:40.152,0,0,0,1,1
13:19:40.564,0,0,0,1,1
13:19:40.564,1,0,0,1,1
13:19:40.771,1,0,0,1,1
13:19:40.771,1,0,0,0,1
13:19:40.771,1,0,0,0,1
13:19:40.771,1,0,0,0,0
13:19:41.372,1,0,0,0,0
13:19:41.372,1,0,0,1,0
13:19:41.372,1,0,0,1,0
13:19:41.372,1,0,0,1,1
13:19:42.042,1,0,0,1,1
13:19:42.042,1,0,0,0,1
13:19:42.042,1,0,0,0,1
13:19:42.042,1,0,0,0,0
13:19:42.435,1,0,0,0,0
13:19:42.435,0,0,0,0,0
13:19:42.657,0,0,0,0,0
13:19:42.657,0,0,0,1,0
13:19:42.659,0,0,0,1,0
13:19:42.659,0,0,0,1,1
13:19:43.324,0,0,0,1,1
13:19:43.324,0,0,0,0,1
13:19:43.324,0,0,0,0,1
13:19:43.324,0,0,0,0,0
13:19:43.941,0,0,0,0,0
13:19:43.941,0,0,0,1,0
13:19:43.941,0,0,0,1,0
13:19:43.941,0,0,0,1,1
13:19:44.242,0,0,0,1,1
13:19:44.242,1,0,0,1,1
13:19:44.605,1,0,0,1,1
13:19:44.605,1,0,0,0,1
13:19:44.605,1,0,0,0,1
13:19:44.605,1,0,0,0,0
13:19:45.221,1,0,0,0,0
13:19:45.221,1,0,0,1,0
13:19:45.221,1,0,0,1,0
13:19:45.221,1,0,0,1,1
13:19:45.859,1,0,0,1,1
13:19:45.859,1,0,0,0,1
13:19:45.859,1,0,0,0,1
13:19:45.859,1,0,0,0,0
13:19:46.044,1,0,0,0,0
13:19:46.044,0,0,0,0,0
13:19:46.470,0,0,0,0,0
13:19:46.470,0,0,0,1,0
13:19:46.470,0,0,0,1,0
13:19:46.470,0,0,0,1,1
13:19:47.071,0,0,0,1,1
13:19:47.071,0,0,0,0,1
13:19:47.071,0,0,0,0,1
13:19:47.071,0,0,0,0,0
13:19:47.672,0,0,0,0,0
13:19:47.672,0,0,0,1,0
13:19:47.672,0,0,0,1,0
13:19:47.672,0,0,0,1,1
13:19:47.846,0,0,0,1,1
13:19:47.846,1,0,0,1,1
13:19:48.338,1,0,0,1,1
13:19:48.338,1,0,0,0,1
13:19:48.338,1,0,0,0,1
13:19:48.338,1,0,0,0,0
13:19:48.952,1,0,0,0,0
13:19:48.952,1,0,0,1,0
13:19:48.952,1,0,0,1,0
13:19:48.952,1,0,0,1,1
13:19:49.618,1,0,0,1,1
13:19:49.618,1,0,0,0,1
13:19:49.618,1,0,0,0,1
13:19:49.618,1,0,0,0,0
13:19:49.663,1,0,0,0,0
13:19:49.663,0,0,0,0,0
13:19:50.218,0,0,0,0,0
13:19:50.218,0,0,0,1,0
13:19:50.218,0,0,0,1,0
13:19:50.218,0,0,0,1,1
13:19:50.883,0,0,0,1,1
13:19:50.883,0,0,0,0,1
13:19:50.883,0,0,0,0,1
13:19:50.883,0,0,0,0,0
13:19:51.484,0,0,0,0,0
13:19:51.484,1,0,0,0,0
13:19:51.500,1,0,0,0,0
13:19:51.500,1,0,0,1,0
13:19:51.500,1,0,0,1,0
13:19:51.500,1,0,0,1,1
13:19:52.117,1,0,0,1,1
13:19:52.117,1,0,0,0,1
13:19:52.117,1,0,0,0,1
13:19:52.117,1,0,0,0,0
13:19:52.718,1,0,0,0,0
13:19:52.718,1,0,0,1,0
13:19:52.718,1,0,0,1,0
13:19:52.718,1,0,0,1,1
13:19:53.287,1,0,0,1,1
13:19:53.287,0,0,0,1,1
13:19:53.395,0,0,0,1,1
13:19:53.395,0,0,0,0,1
13:19:53.398,0,0,0,0,1
13:19:53.398,0,0,0,0,0
13:19:53.998,0,0,0,0,0
13:19:53.998,0,0,0,1,0
13:19:53.998,0,0,0,1,0
13:19:53.998,0,0,0,1,1
13:19:54.600,0,0,0,1,1
13:19:54.600,0,0,0,0,1
13:19:54.600,0,0,0,0,1
13:19:54.600,0,0,0,0,0
13:19:55.091,0,0,0,0,0
13:19:55.091,1,0,0,0,0
13:19:55.202,1,0,0,0,0
13:19:55.202,1,0,0,1,0
13:19:55.225,1,0,0,1,0
13:19:55.225,1,0,0,1,1
13:19:55.826,1,0,0,1,1
13:19:55.826,1,0,0,0,1
13:19:55.826,1,0,0,0,1
13:19:55.826,1,0,0,0,0
13:19:56.436,1,0,0,0,0
13:19:56.436,1,0,0,1,0
13:19:56.436,1,0,0,1,0
13:19:56.436,1,0,0,1,1
13:19:56.895,1,0,0,1,1
13:19:56.895,0,0,0,1,1
13:19:57.037,0,0,0,1,1
13:19:57.037,0,0,0,0,1
13:19:57.037,0,0,0,0,1
13:19:57.037,0,0,0,0,0
13:19:57.655,0,0,0,0,0
13:19:57.655,0,0,0,1,0
13:19:57.655,0,0,0,1,0
13:19:57.655,0,0,0,1,1
13:19:58.272,0,0,0,1,1
13:19:58.272,0,0,0,0,1
13:19:58.272,0,0,0,0,1
13:19:58.272,0,0,0,0,0
13:19:58.700,0,0,0,0,0
13:19:58.700,1,0,0,0,0
13:19:58.889,1,0,0,0,0
13:19:58.889,1,0,0,1,0
13:19:58.889,1,0,0,1,0
13:19:58.889,1,0,0,1,1
13:19:59.491,1,0,0,1,1
13:19:59.491,1,0,0,0,1
13:19:59.491,1,0,0,0,1
13:19:59.491,1,0,0,0,0
13:20:00.093,1,0,0,0,0
13:20:00.093,1,0,0,1,0
13:20:00.093,1,0,0,1,0
13:20:00.093,1,0,0,1,1
13:20:00.501,1,0,0,1,1
13:20:00.501,0,0,0,1,1
13:20:00.708,0,0,0,1,1
13:20:00.708,0,0,0,0,1
13:20:00.708,0,0,0,0,1
13:20:00.708,0,0,0,0,0
13:20:01.310,0,0,0,0,0
13:20:01.310,0,0,0,1,0
13:20:01.310,0,0,0,1,0
13:20:01.310,0,0,0,1,1
13:20:01.911,0,0,0,1,1
13:20:01.911,0,0,0,0,1
13:20:01.911,0,0,0,0,1
13:20:01.911,0,0,0,0,0
13:20:02.311,0,0,0,0,0
13:20:02.311,1,0,0,0,0
13:20:02.514,1,0,0,0,0
13:20:02.514,1,0,0,1,0
13:20:02.514,1,0,0,1,0
13:20:02.514,1,0,0,1,1
13:20:03.118,1,0,0,1,1
13:20:03.118,1,0,0,0,1
13:20:03.118,1,0,0,0,1
13:20:03.118,1,0,0,0,0
13:20:03.791,1,0,0,0,0
13:20:03.791,1,0,0,1,0
13:20:03.791,1,0,0,1,0
13:20:03.791,1,0,0,1,1
13:20:04.186,1,0,0,1,1
13:20:04.186,0,0,0,1,1
13:20:04.398,0,0,0,1,1
13:20:04.398,0,0,0,0,1
13:20:04.398,0,0,0,0,1
13:20:04.398,0,0,0,0,0
13:20:05.071,0,0,0,0,0
13:20:05.071,0,0,0,1,0
13:20:05.071,0,0,0,1,0
13:20:05.071,0,0,0,1,1
13:20:05.679,0,0,0,1,1
13:20:05.679,0,0,0,0,1
13:20:05.679,0,0,0,0,1
13:20:05.679,0,0,0,0,0
13:20:05.995,0,0,0,0,0
13:20:05.995,1,0,0,0,0
13:20:06.296,1,0,0,0,0
13:20:06.296,1,0,0,1,0
13:20:06.296,1,0,0,1,0
13:20:06.296,1,0,0,1,1
13:20:06.912,1,0,0,1,1
13:20:06.912,1,0,0,0,1
13:20:06.912,1,0,0,0,1
13:20:06.912,1,0,0,0,0
13:20:07.514,1,0,0,0,0
13:20:07.514,1,0,0,1,0
13:20:07.514,1,0,0,1,0
13:20:07.514,1,0,0,1,1
13:20:07.798,1,0,0,1,1
13:20:07.798,0,0,0,1,1
13:20:08.130,0,0,0,1,1
13:20:08.130,0,0,0,0,1
13:20:08.130,0,0,0,0,1
13:20:08.130,0,0,0,0,0
13:20:08.733,0,0,0,0,0
13:20:08.733,0,0,0,1,0
13:20:08.733,0,0,0,1,0
13:20:08.733,0,0,0,1,1
13:20:09.334,0,0,0,1,1
13:20:09.334,0,0,0,0,1
13:20:09.334,0,0,0,0,1
13:20:09.334,0,0,0,0,0
13:20:09.604,0,0,0,0,0
13:20:09.604,1,0,0,0,0
13:20:09.937,1,0,0,0,0
13:20:09.937,1,0,0,1,0
13:20:09.938,1,0,0,1,0
13:20:09.938,1,0,0,1,1
13:20:10.617,1,0,0,1,1
13:20:10.617,1,0,0,0,1
13:20:10.617,1,0,0,0,1
13:20:10.617,1,0,0,0,0
13:20:11.233,1,0,0,0,0
13:20:11.233,1,0,0,1,0
13:20:11.233,1,0,0,1,0
13:20:11.233,1,0,0,1,1
13:20:11.408,1,0,0,1,1
13:20:11.408,0,0,0,1,1
13:20:11.838,0,0,0,1,1
13:20:11.838,0,0,0,0,1
13:20:11.838,0,0,0,0,1
13:20:11.838,0,0,0,0,0
13:20:12.453,0,0,0,0,0
13:20:12.453,0,0,0,1,0
13:20:12.453,0,0,0,1,0
13:20:12.453,0,0,0,1,1
13:20:13.119,0,0,0,1,1
13:20:13.119,0,0,0,0,1
13:20:13.119,0,0,0,0,1
13:20:13.119,0,0,0,0,0
13:20:13.220,0,0,0,0,0
13:20:13.220,1,0,0,0,0
13:20:13.732,1,0,0,0,0
13:20:13.732,1,0,0,1,0
13:20:13.739,1,0,0,1,0
13:20:13.739,1,0,0,1,1
13:20:14.357,1,0,0,1,1
13:20:14.357,1,0,0,0,1
13:20:14.357,1,0,0,0,1
13:20:14.357,1,0,0,0,0
13:20:14.965,1,0,0,0,0
13:20:14.965,1,0,0,1,0
13:20:14.965,1,0,0,1,0
13:20:14.965,1,0,0,1,1
13:20:15.060,1,0,0,1,1
13:20:15.060,0,0,0,1,1
13:20:15.582,0,0,0,1,1
13:20:15.582,0,0,0,0,1
13:20:15.582,0,0,0,0,1
13:20:15.582,0,0,0,0,0
13:20:16.201,0,0,0,0,0
13:20:16.201,0,0,0,1,0
13:20:16.201,0,0,0,1,0
13:20:16.201,0,0,0,1,1
13:20:16.868,0,0,0,1,1
13:20:16.868,0,0,0,0,1
13:20:16.868,0,0,0,0,1
13:20:16.868,0,0,0,0,0
13:20:16.868,0,0,0,0,0
13:20:16.868,1,0,0,0,0
13:20:17.481,1,0,0,0,0
13:20:17.481,1,0,0,1,0
13:20:17.481,1,0,0,1,0
13:20:17.481,1,0,0,1,1
13:20:18.128,1,0,0,1,1
13:20:18.128,1,0,0,0,1
13:20:18.128,1,0,0,0,1
13:20:18.128,1,0,0,0,0
13:20:18.683,1,0,0,0,0
13:20:18.683,0,0,0,0,0
13:20:18.809,0,0,0,0,0
13:20:18.809,0,0,0,1,0
13:20:18.809,0,0,0,1,0
13:20:18.809,0,0,0,1,1
13:20:19.427,0,0,0,1,1
13:20:19.427,0,0,0,0,1
13:20:19.427,0,0,0,0,1
13:20:19.427,0,0,0,0,0
13:20:20.028,0,0,0,0,0
13:20:20.028,0,0,0,1,0
13:20:20.028,0,0,0,1,0
13:20:20.028,0,0,0,1,1
13:20:20.488,0,0,0,1,1
13:20:20.488,1,0,0,1,1
13:20:20.657,1,0,0,1,1
13:20:20.657,1,0,0,0,1
13:20:20.657,1,0,0,0,1
13:20:20.657,1,0,0,0,0
13:20:21.264,1,0,0,0,0
13:20:21.264,1,0,0,1,0
13:20:21.264,1,0,0,1,0
13:20:21.264,1,0,0,1,1
13:20:21.866,1,0,0,1,1
13:20:21.866,1,0,0,0,1
13:20:21.866,1,0,0,0,1
13:20:21.866,1,0,0,0,0
13:20:22.278,1,0,0,0,0
13:20:22.278,0,0,0,0,0
13:20:22.484,0,0,0,0,0
13:20:22.484,0,0,0,1,0
13:20:22.484,0,0,0,1,0
13:20:22.484,0,0,0,1,1
13:20:23.085,0,0,0,1,1
13:20:23.085,0,0,0,0,1
13:20:23.101,0,0,0,0,1
13:20:23.101,0,0,0,0,0
13:20:23.687,0,0,0,0,0
13:20:23.687,0,0,0,1,0
13:20:23.719,0,0,0,1,0
13:20:23.719,0,0,0,1,1
13:20:24.101,0,0,0,1,1
13:20:24.101,1,0,0,1,1
13:20:24.292,1,0,0,1,1
13:20:24.292,1,0,0,0,1
13:20:24.321,1,0,0,0,1
13:20:24.321,1,0,0,0,0
13:20:24.895,1,0,0,0,0
13:20:24.895,1,0,0,1,0
13:20:24.927,1,0,0,1,0
13:20:24.927,1,0,0,1,1
13:20:25.498,1,0,0,1,1
13:20:25.498,1,0,0,0,1
13:20:25.593,1,0,0,0,1
13:20:25.593,1,0,0,0,0
13:20:26.058,1,0,0,0,0
13:20:26.058,0,0,0,0,0
13:20:26.107,0,0,0,0,0
13:20:26.107,0,0,0,1,0
13:20:26.222,0,0,0,1,0
13:20:26.222,0,0,0,1,1
13:20:26.715,0,0,0,1,1
13:20:26.715,0,0,0,0,1
13:20:26.840,0,0,0,0,1
13:20:26.840,0,0,0,0,0
13:20:27.319,0,0,0,0,0
13:20:27.319,0,0,0,1,0
13:20:27.446,0,0,0,1,0
13:20:27.446,0,0,0,1,1
13:20:27.872,0,0,0,1,1
13:20:27.872,1,0,0,1,1
13:20:28.015,1,0,0,1,1
13:20:28.015,1,0,0,0,1
13:20:28.141,1,0,0,0,1
13:20:28.141,1,0,0,0,0
13:20:28.645,1,0,0,0,0
13:20:28.645,1,0,0,1,0
13:20:28.759,1,0,0,1,0
13:20:28.759,1,0,0,1,1
13:20:29.251,1,0,0,1,1
13:20:29.251,1,0,0,0,1
13:20:29.363,1,0,0,0,1
13:20:29.363,1,0,0,0,0
13:20:29.679,1,0,0,0,0
13:20:29.679,0,0,0,0,0
13:20:29.879,0,0,0,0,0
13:20:29.879,0,0,0,1,0
13:20:29.988,0,0,0,1,0
13:20:29.988,0,0,0,1,1
13:20:30.488,0,0,0,1,1
13:20:30.488,0,0,0,0,1
13:20:30.648,0,0,0,0,1
13:20:30.648,0,0,0,0,0
13:20:31.088,0,0,0,0,0
13:20:31.088,0,0,0,1,0
13:20:31.281,0,0,0,1,0
13:20:31.281,0,0,0,1,1
13:20:31.674,0,0,0,1,1
13:20:31.674,1,0,0,1,1
13:20:31.733,1,0,0,1,1
13:20:31.733,1,0,0,0,1
13:20:31.895,1,0,0,0,1
13:20:31.895,1,0,0,0,0
13:20:32.339,1,0,0,0,0
13:20:32.339,1,0,0,1,0
13:20:32.498,1,0,0,1,0
13:20:32.498,1,0,0,1,1
13:20:32.929,1,0,0,1,1
13:20:32.929,1,0,0,0,1
13:20:33.195,1,0,0,0,1
13:20:33.195,1,0,0,0,0
13:20:33.480,1,0,0,0,0
13:20:33.480,0,0,0,0,0
13:20:33.606,0,0,0,0,0
13:20:33.606,0,0,0,1,0
13:20:33.885,0,0,0,1,0
13:20:33.885,0,0,0,1,1
13:20:34.288,0,0,0,1,1
13:20:34.288,0,0,0,0,1
13:20:34.716,0,0,0,0,1
13:20:34.716,0,0,0,0,0
13:20:34.907,0,0,0,0,0
13:20:34.907,0,0,0,1,0
13:20:35.286,0,0,0,1,0
13:20:35.286,1,0,0,1,0
13:20:35.397,1,0,0,1,0
13:20:35.397,1,0,0,1,1
13:20:35.524,1,0,0,1,1
13:20:35.524,1,0,0,0,1
13:20:36.029,1,0,0,0,1
13:20:36.029,1,0,0,0,0
13:20:36.133,1,0,0,0,0
13:20:36.133,1,0,0,1,0
13:20:36.634,1,0,0,1,0
13:20:36.634,1,0,0,1,1
13:20:36.728,1,0,0,1,1
13:20:36.728,1,0,0,0,1
13:20:37.280,1,0,0,0,1
13:20:37.280,0,0,0,0,1
13:20:37.280,0,0,0,0,1
13:20:37.280,0,0,0,0,0
13:20:37.361,0,0,0,0,0
13:20:37.361,0,0,0,1,0
13:20:37.884,0,0,0,1,0
13:20:37.884,0,0,0,1,1
13:20:37.979,0,0,0,1,1
13:20:37.979,0,0,0,0,1
13:20:38.802,0,0,0,0,1
13:20:38.802,0,0,0,0,0
13:20:38.802,0,0,0,0,0
13:20:38.802,0,0,0,1,0
13:20:39.088,0,0,0,1,0
13:20:39.088,1,0,0,1,0
13:20:39.816,1,0,0,1,0
13:20:39.816,1,0,0,1,1
13:20:39.816,1,0,0,1,1
13:20:39.816,1,0,0,0,1
13:20:40.432,1,0,0,0,1
13:20:40.432,1,0,0,0,0
13:20:40.432,1,0,0,0,0
13:20:40.432,1,0,0,1,0
13:20:40.891,1,0,0,1,0
13:20:40.891,0,0,0,1,0
13:20:41.050,0,0,0,1,0
13:20:41.050,0,0,0,1,1
13:20:41.050,0,0,0,1,1
13:20:41.050,0,0,0,0,1
13:20:41.666,0,0,0,0,1
13:20:41.666,0,0,0,0,0
13:20:41.666,0,0,0,0,0
13:20:41.666,0,0,0,1,0
13:20:42.267,0,0,0,1,0
13:20:42.267,0,0,0,1,1
13:20:42.267,0,0,0,1,1
13:20:42.267,0,0,0,0,1
13:20:42.694,0,0,0,0,1
13:20:42.694,1,0,0,0,1
13:20:42.988,1,0,0,0,1
13:20:42.988,1,0,0,0,0
13:20:42.988,1,0,0,0,0
13:20:42.988,1,0,0,1,0
13:20:43.593,1,0,0,1,0
13:20:43.593,1,0,0,1,1
13:20:43.593,1,0,0,1,1
13:20:43.593,1,0,0,0,1
13:20:44.433,1,0,0,0,1
13:20:44.433,1,0,0,0,0
13:20:44.433,1,0,0,0,0
13:20:44.433,1,0,0,1,0
13:20:44.497,1,0,0,1,0
13:20:44.497,0,0,0,1,0
13:20:45.050,0,0,0,1,0
13:20:45.050,0,0,0,1,1
13:20:45.050,0,0,0,1,1
13:20:45.050,0,0,0,0,1
13:20:45.952,0,0,0,0,1
13:20:45.952,0,0,0,0,0
13:20:45.952,0,0,0,0,0
13:20:45.952,0,0,0,1,0
13:20:46.317,0,0,0,1,0
13:20:46.317,1,0,0,1,0
13:20:47.093,1,0,0,1,0
13:20:47.093,1,0,0,1,1
13:20:47.093,1,0,0,1,1
13:20:47.093,1,0,0,0,1
13:20:47.713,1,0,0,0,1
13:20:47.713,1,0,0,0,0
13:20:47.713,1,0,0,0,0
13:20:47.713,1,0,0,1,0
13:20:48.125,1,0,0,1,0
13:20:48.125,0,0,0,1,0
13:20:48.505,0,0,0,1,0
13:20:48.505,0,0,0,1,1
13:20:48.505,0,0,0,1,1
13:20:48.505,0,0,0,0,1
13:20:49.108,0,0,0,0,1
13:20:49.108,0,0,0,0,0
13:20:49.108,0,0,0,0,0
13:20:49.108,0,0,0,1,0
13:20:49.710,0,0,0,1,0
13:20:49.710,0,0,0,1,1
13:20:49.710,0,0,0,1,1
13:20:49.710,0,0,0,0,1
13:20:49.933,0,0,0,0,1
13:20:49.933,1,0,0,0,1
13:20:50.311,1,0,0,0,1
13:20:50.311,1,0,0,0,0
13:20:50.311,1,0,0,0,0
13:20:50.311,1,0,0,1,0
13:20:50.914,1,0,0,1,0
13:20:50.914,1,0,0,1,1
13:20:50.914,1,0,0,1,1
13:20:50.914,1,0,0,0,1
13:20:51.530,1,0,0,0,1
13:20:51.530,1,0,0,0,0
13:20:51.530,1,0,0,0,0
13:20:51.530,1,0,0,1,0
13:20:51.736,1,0,0,1,0
13:20:51.736,0,0,0,1,0
13:20:52.147,0,0,0,1,0
13:20:52.147,0,0,0,1,1
13:20:52.147,0,0,0,1,1
13:20:52.147,0,0,0,0,1
13:20:52.750,0,0,0,0,1
13:20:52.750,0,0,0,0,0
13:20:52.750,0,0,0,0,0
13:20:52.750,0,0,0,1,0
13:20:53.384,0,0,0,1,0
13:20:53.384,0,0,0,1,1
13:20:53.384,0,0,0,1,1
13:20:53.384,0,0,0,0,1
13:20:53.591,0,0,0,0,1
13:20:53.591,1,0,0,0,1
13:20:54.003,1,0,0,0,1
13:20:54.003,1,0,0,0,0
13:20:54.003,1,0,0,0,0
13:20:54.003,1,0,0,1,0
13:20:54.717,1,0,0,1,0
13:20:54.717,1,0,0,1,1
13:20:54.717,1,0,0,1,1
13:20:54.717,1,0,0,0,1
13:20:55.333,1,0,0,0,1
13:20:55.333,1,0,0,0,0
13:20:55.333,1,0,0,0,0
13:20:55.333,1,0,0,1,0
13:20:55.397,1,0,0,1,0
13:20:55.397,0,0,0,1,0
13:20:55.965,0,0,0,1,0
13:20:55.965,0,0,0,1,1
13:20:55.965,0,0,0,1,1
13:20:55.965,0,0,0,0,1
13:20:56.581,0,0,0,0,1
13:20:56.581,0,0,0,0,0
13:20:56.581,0,0,0,0,0
13:20:56.581,0,0,0,1,0
13:20:57.198,0,0,0,1,0
13:20:57.198,0,0,0,1,1
13:20:57.198,0,0,0,1,1
13:20:57.198,0,0,0,0,1
13:20:57.214,0,0,0,0,1
13:20:57.214,1,0,0,0,1
13:20:57.798,1,0,0,0,1
13:20:57.798,1,0,0,0,0
13:20:57.798,1,0,0,0,0
13:20:57.798,1,0,0,1,0
13:20:58.415,1,0,0,1,0
13:20:58.415,1,0,0,1,1
13:20:58.415,1,0,0,1,1
13:20:58.415,1,0,0,0,1
13:20:59.017,1,0,0,0,1
13:20:59.017,1,0,0,0,0
13:20:59.017,1,0,0,0,0
13:20:59.017,1,0,0,1,0
13:20:59.017,1,0,0,1,0
13:20:59.017,0,0,0,1,0
13:20:59.635,0,0,0,1,0
13:20:59.635,0,0,0,1,1
13:20:59.635,0,0,0,1,1
13:20:59.635,0,0,0,0,1
13:21:00.254,0,0,0,0,1
13:21:00.254,0,0,0,0,0
13:21:00.254,0,0,0,0,0
13:21:00.254,0,0,0,1,0
13:21:00.840,0,0,0,1,0
13:21:00.840,1,0,0,1,0
13:21:00.868,1,0,0,1,0
13:21:00.868,1,0,0,1,1
13:21:00.868,1,0,0,1,1
13:21:00.868,1,0,0,0,1
13:21:01.474,1,0,0,0,1
13:21:01.474,1,0,0,0,0
13:21:01.474,1,0,0,0,0
13:21:01.474,1,0,0,1,0
13:21:02.076,1,0,0,1,0
13:21:02.076,1,0,0,1,1
13:21:02.076,1,0,0,1,1
13:21:02.076,1,0,0,0,1
13:21:02.645,1,0,0,0,1
13:21:02.645,0,0,0,0,1
13:21:02.677,0,0,0,0,1
13:21:02.677,0,0,0,0,0
13:21:02.677,0,0,0,0,0
13:21:02.677,0,0,0,1,0
13:21:03.283,0,0,0,1,0
13:21:03.283,0,0,0,1,1
13:21:03.283,0,0,0,1,1
13:21:03.283,0,0,0,0,1
13:21:03.941,0,0,0,0,1
13:21:03.941,0,0,0,0,0
13:21:03.941,0,0,0,0,0
13:21:03.941,0,0,0,1,0
13:21:04.484,0,0,0,1,0
13:21:04.484,1,0,0,1,0
13:21:04.624,1,0,0,1,0
13:21:04.624,1,0,0,1,1
13:21:04.624,1,0,0,1,1
13:21:04.624,1,0,0,0,1
13:21:05.245,1,0,0,0,1
13:21:05.245,1,0,0,0,0
13:21:05.245,1,0,0,0,0
13:21:05.245,1,0,0,1,0
13:21:05.856,1,0,0,1,0
13:21:05.856,1,0,0,1,1
13:21:05.856,1,0,0,1,1
13:21:05.856,1,0,0,0,1
13:21:06.319,1,0,0,0,1
13:21:06.319,0,0,0,0,1
13:21:06.558,0,0,0,0,1
13:21:06.558,0,0,0,0,0
13:21:06.560,0,0,0,0,0
13:21:06.560,0,0,0,1,0
13:21:07.227,0,0,0,1,0
13:21:07.227,0,0,0,1,1
13:21:07.227,0,0,0,1,1
13:21:07.227,0,0,0,0,1
13:21:07.829,0,0,0,0,1
13:21:07.829,0,0,0,0,0
13:21:07.829,0,0,0,0,0
13:21:07.829,0,0,0,1,0
13:21:08.127,0,0,0,1,0
13:21:08.127,1,0,0,1,0
13:21:08.444,1,0,0,1,0
13:21:08.444,1,0,0,1,1
13:21:08.444,1,0,0,1,1
13:21:08.444,1,0,0,0,1
13:21:09.047,1,0,0,0,1
13:21:09.047,1,0,0,0,0
13:21:09.047,1,0,0,0,0
13:21:09.047,1,0,0,1,0
13:21:09.664,1,0,0,1,0
13:21:09.664,1,0,0,1,1
13:21:09.664,1,0,0,1,1
13:21:09.664,1,0,0,0,1
13:21:09.931,1,0,0,0,1
13:21:09.931,0,0,0,0,1
13:21:10.279,0,0,0,0,1
13:21:10.279,0,0,0,0,0
13:21:10.279,0,0,0,0,0
13:21:10.279,0,0,0,1,0
13:21:10.890,0,0,0,1,0
13:21:10.890,0,0,0,1,1
13:21:10.890,0,0,0,1,1
13:21:10.890,0,0,0,0,1
13:21:11.496,0,0,0,0,1
13:21:11.496,0,0,0,0,0
13:21:11.496,0,0,0,0,0
13:21:11.496,0,0,0,1,0
13:21:11.734,0,0,0,1,0
13:21:11.734,1,0,0,1,0
13:21:12.164,1,0,0,1,0
13:21:12.164,1,0,0,1,1
13:21:12.166,1,0,0,1,1
13:21:12.166,1,0,0,0,1
13:21:12.765,1,0,0,0,1
13:21:12.765,1,0,0,0,0
13:21:12.765,1,0,0,0,0
13:21:12.765,1,0,0,1,0
13:21:13.412,1,0,0,1,0
13:21:13.412,1,0,0,1,1
13:21:13.412,1,0,0,1,1
13:21:13.412,1,0,0,0,1
13:21:13.619,1,0,0,0,1
13:21:13.619,0,0,0,0,1
13:21:14.014,0,0,0,0,1
13:21:14.014,0,0,0,0,0
13:21:14.014,0,0,0,0,0
13:21:14.014,0,0,0,1,0
13:21:14.632,0,0,0,1,0
13:21:14.632,0,0,0,1,1
13:21:14.632,0,0,0,1,1
13:21:14.632,0,0,0,0,1
13:21:15.251,0,0,0,0,1
13:21:15.251,0,0,0,0,0
13:21:15.251,0,0,0,0,0
13:21:15.251,0,0,0,1,0
13:21:15.425,0,0,0,1,0
13:21:15.425,1,0,0,1,0
13:21:15.854,1,0,0,1,0
13:21:15.854,1,0,0,1,1
13:21:15.854,1,0,0,1,1
13:21:15.854,1,0,0,0,1
13:21:16.458,1,0,0,0,1
13:21:16.458,1,0,0,0,0
13:21:16.458,1,0,0,0,0
13:21:16.458,1,0,0,1,0
13:21:17.059,1,0,0,1,0
13:21:17.059,1,0,0,1,1
13:21:17.059,1,0,0,1,1
13:21:17.059,1,0,0,0,1
13:21:17.218,1,0,0,0,1
13:21:17.218,0,0,0,0,1
13:21:17.678,0,0,0,0,1
13:21:17.678,0,0,0,0,0
13:21:17.678,0,0,0,0,0
13:21:17.678,0,0,0,1,0
13:21:18.281,0,0,0,1,0
13:21:18.281,0,0,0,1,1
13:21:18.281,0,0,0,1,1
13:21:18.281,0,0,0,0,1
13:21:18.947,0,0,0,0,1
13:21:18.947,0,0,0,0,0
13:21:18.947,0,0,0,0,0
13:21:18.947,0,0,0,1,0
13:21:19.044,0,0,0,1,0
13:21:19.044,1,0,0,1,0
13:21:19.565,1,0,0,1,0
13:21:19.565,1,0,0,1,1
13:21:19.565,1,0,0,1,1
13:21:19.565,1,0,0,0,1
13:21:20.166,1,0,0,0,1
13:21:20.166,1,0,0,0,0
13:21:20.166,1,0,0,0,0
13:21:20.166,1,0,0,1,0
13:21:20.781,1,0,0,1,0
13:21:20.781,1,0,0,1,1
13:21:20.781,1,0,0,1,1
13:21:20.781,1,0,0,0,1
13:21:20.906,1,0,0,0,1
13:21:20.906,0,0,0,0,1
13:21:21.420,0,0,0,0,1
13:21:21.420,0,0,0,0,0
13:21:21.422,0,0,0,0,0
13:21:21.422,0,0,0,1,0
13:21:22.032,0,0,0,1,0
13:21:22.032,0,0,0,1,1
13:21:22.032,0,0,0,1,1
13:21:22.032,0,0,0,0,1
13:21:22.633,0,0,0,0,1
13:21:22.633,0,0,0,0,0
13:21:22.633,0,0,0,0,0
13:21:22.633,0,0,0,1,0
13:21:22.728,0,0,0,1,0
13:21:22.728,1,0,0,1,0
13:21:23.235,1,0,0,1,0
13:21:23.235,1,0,0,1,1
13:21:23.235,1,0,0,1,1
13:21:23.235,1,0,0,0,1
13:21:23.857,1,0,0,0,1
13:21:23.857,1,0,0,0,0
13:21:23.857,1,0,0,0,0
13:21:23.857,1,0,0,1,0
13:21:24.470,1,0,0,1,0
13:21:24.470,1,0,0,1,1
13:21:24.470,1,0,0,1,1
13:21:24.470,1,0,0,0,1
13:21:24.565,1,0,0,0,1
13:21:24.565,0,0,0,0,1
13:21:25.106,0,0,0,0,1
13:21:25.106,0,0,0,0,0
13:21:25.106,0,0,0,0,0
13:21:25.106,0,0,0,1,0
13:21:25.709,0,0,0,1,0
13:21:25.709,0,0,0,1,1
13:21:25.709,0,0,0,1,1
13:21:25.709,0,0,0,0,1
13:21:26.375,0,0,0,0,1
13:21:26.375,0,0,0,0,0
13:21:26.375,0,0,0,0,0
13:21:26.375,0,0,0,1,0
13:21:26.375,0,0,0,1,0
13:21:26.375,1,0,0,1,0
13:21:26.993,1,0,0,1,0
13:21:26.993,1,0,0,1,1
13:21:26.993,1,0,0,1,1
13:21:26.993,1,0,0,0,1
13:21:27.593,1,0,0,0,1
13:21:27.593,1,0,0,0,0
13:21:27.593,1,0,0,0,0
13:21:27.593,1,0,0,1,0
13:21:28.194,1,0,0,1,0
13:21:28.194,0,0,0,1,0
13:21:28.194,0,0,0,1,0
13:21:28.194,0,0,0,1,1
13:21:28.205,0,0,0,1,1
13:21:28.205,0,0,0,0,1
13:21:28.827,0,0,0,0,1
13:21:28.827,0,0,0,0,0
13:21:28.827,0,0,0,0,0
13:21:28.827,0,0,0,1,0
13:21:29.432,0,0,0,1,0
13:21:29.432,0,0,0,1,1
13:21:29.432,0,0,0,1,1
13:21:29.432,0,0,0,0,1
13:21:30.007,0,0,0,0,1
13:21:30.007,1,0,0,0,1
13:21:30.067,1,0,0,0,1
13:21:30.067,1,0,0,0,0
13:21:30.067,1,0,0,0,0
13:21:30.067,1,0,0,1,0
13:21:30.686,1,0,0,1,0
13:21:30.686,1,0,0,1,1
13:21:30.686,1,0,0,1,1
13:21:30.686,1,0,0,0,1
13:21:31.274,1,0,0,0,1
13:21:31.274,1,0,0,0,0
13:21:31.274,1,0,0,0,0
13:21:31.274,1,0,0,1,0
13:21:31.812,1,0,0,1,0
13:21:31.812,0,0,0,1,0
13:21:31.891,0,0,0,1,0
13:21:31.891,0,0,0,1,1
13:21:31.891,0,0,0,1,1
13:21:31.891,0,0,0,0,1
13:21:32.531,0,0,0,0,1
13:21:32.531,0,0,0,0,0
13:21:32.531,0,0,0,0,0
13:21:32.531,0,0,0,1,0
13:21:33.146,0,0,0,1,0
13:21:33.146,0,0,0,1,1
13:21:33.146,0,0,0,1,1
13:21:33.146,0,0,0,0,1
13:21:33.622,0,0,0,0,1
13:21:33.622,1,0,0,0,1
13:21:33.753,1,0,0,0,1
13:21:33.753,1,0,0,0,0
13:21:33.753,1,0,0,0,0
13:21:33.753,1,0,0,1,0
13:21:34.368,1,0,0,1,0
13:21:34.368,1,0,0,1,1
13:21:34.369,1,0,0,1,1
13:21:34.369,1,0,0,0,1
13:21:34.970,1,0,0,0,1
13:21:34.970,1,0,0,0,0
13:21:34.970,1,0,0,0,0
13:21:34.970,1,0,0,1,0
13:21:35.430,1,0,0,1,0
13:21:35.430,0,0,0,1,0
13:21:35.588,0,0,0,1,0
13:21:35.588,0,0,0,1,1
13:21:35.588,0,0,0,1,1
13:21:35.588,0,0,0,0,1
13:21:36.223,0,0,0,0,1
13:21:36.223,0,0,0,0,0
13:21:36.223,0,0,0,0,0
13:21:36.223,0,0,0,1,0
13:21:36.826,0,0,0,1,0
13:21:36.826,0,0,0,1,1
13:21:36.826,0,0,0,1,1
13:21:36.826,0,0,0,0,1
13:21:37.239,0,0,0,0,1
13:21:37.239,1,0,0,0,1
13:21:37.781,1,0,0,0,1
13:21:37.781,1,0,0,0,0
13:21:37.782,1,0,0,0,0
13:21:37.782,1,0,0,1,0
13:21:38.396,1,0,0,1,0
13:21:38.396,1,0,0,1,1
13:21:38.396,1,0,0,1,1
13:21:38.396,1,0,0,0,1
13:21:39.006,1,0,0,0,1
13:21:39.006,1,0,0,0,0
13:21:39.006,1,0,0,0,0
13:21:39.006,1,0,0,1,0
13:21:39.037,1,0,0,1,0
13:21:39.037,0,0,0,1,0
13:21:39.609,0,0,0,1,0
13:21:39.609,0,0,0,1,1
13:21:39.609,0,0,0,1,1
13:21:39.609,0,0,0,0,1
13:21:40.213,0,0,0,0,1
13:21:40.213,0,0,0,0,0
13:21:40.213,0,0,0,0,0
13:21:40.213,0,0,0,1,0
13:21:40.813,0,0,0,1,0
13:21:40.813,0,0,0,1,1
13:21:40.813,0,0,0,1,1
13:21:40.813,0,0,0,0,1
13:21:40.870,0,0,0,0,1
13:21:40.870,1,0,0,0,1
13:21:41.415,1,0,0,0,1
13:21:41.415,1,0,0,0,0
13:21:41.415,1,0,0,0,0
13:21:41.415,1,0,0,1,0
13:21:42.017,1,0,0,1,0
13:21:42.017,1,0,0,1,1
13:21:42.017,1,0,0,1,1
13:21:42.017,1,0,0,0,1
13:21:42.619,1,0,0,0,1
13:21:42.619,1,0,0,0,0
13:21:42.619,1,0,0,0,0
13:21:42.619,1,0,0,1,0
13:21:42.699,1,0,0,1,0
13:21:42.699,0,0,0,1,0
13:21:43.222,0,0,0,1,0
13:21:43.222,0,0,0,1,1
13:21:43.222,0,0,0,1,1
13:21:43.222,0,0,0,0,1
13:21:43.839,0,0,0,0,1
13:21:43.839,0,0,0,0,0
13:21:43.839,0,0,0,0,0
13:21:43.839,0,0,0,1,0
13:21:44.487,0,0,0,1,0
13:21:44.487,0,0,0,1,1
13:21:44.487,0,0,0,1,1
13:21:44.487,0,0,0,0,1
13:21:44.518,0,0,0,0,1
13:21:44.518,1,0,0,0,1
13:21:45.104,1,0,0,0,1
13:21:45.104,1,0,0,0,0
13:21:45.104,1,0,0,0,0
13:21:45.104,1,0,0,1,0
13:21:46.494,1,0,0,1,0
13:21:46.494,1,0,0,1,1
13:21:46.494,1,0,0,1,1
13:21:46.494,1,0,0,0,1
13:21:46.494,1,0,0,0,1
13:21:46.494,0,0,0,0,1
13:21:47.105,0,0,0,0,1
13:21:47.105,0,0,0,0,0
13:21:47.105,0,0,0,0,0
13:21:47.105,0,0,0,1,0
13:21:47.705,0,0,0,1,0
13:21:47.705,0,0,0,1,1
13:21:47.705,0,0,0,1,1
13:21:47.705,0,0,0,0,1
13:21:48.305,0,0,0,0,1
13:21:48.305,1,0,0,0,1
13:21:48.324,1,0,0,0,1
13:21:48.324,1,0,0,0,0
13:21:48.324,1,0,0,0,0
13:21:48.324,1,0,0,1,0
13:21:48.937,1,0,0,1,0
13:21:48.937,1,0,0,1,1
13:21:48.937,1,0,0,1,1
13:21:48.937,1,0,0,0,1
13:21:49.538,1,0,0,0,1
13:21:49.538,1,0,0,0,0
13:21:49.538,1,0,0,0,0
13:21:49.538,1,0,0,1,0
13:21:50.107,1,0,0,1,0
13:21:50.107,0,0,0,1,0
13:21:50.173,0,0,0,1,0
13:21:50.173,0,0,0,1,1
13:21:50.173,0,0,0,1,1
13:21:50.173,0,0,0,0,1
13:21:50.779,0,0,0,0,1
13:21:50.779,0,0,0,0,0
13:21:50.779,0,0,0,0,0
13:21:50.779,0,0,0,1,0
13:21:51.383,0,0,0,1,0
13:21:51.383,0,0,0,1,1
13:21:51.383,0,0,0,1,1
13:21:51.383,0,0,0,0,1
13:21:51.958,0,0,0,0,1
13:21:51.958,1,0,0,0,1
13:21:52.027,1,0,0,0,1
13:21:52.027,1,0,0,0,0
13:21:52.027,1,0,0,0,0
13:21:52.027,1,0,0,1,0
13:21:52.642,1,0,0,1,0
13:21:52.642,1,0,0,1,1
13:21:52.642,1,0,0,1,1
13:21:52.642,1,0,0,0,1
13:21:53.247,1,0,0,0,1
13:21:53.247,1,0,0,0,0
13:21:53.247,1,0,0,0,0
13:21:53.247,1,0,0,1,0
13:21:53.770,1,0,0,1,0
13:21:53.770,0,0,0,1,0
13:21:53.850,0,0,0,1,0
13:21:53.850,0,0,0,1,1
13:21:53.850,0,0,0,1,1
13:21:53.850,0,0,0,0,1
13:21:54.450,0,0,0,0,1
13:21:54.450,0,0,0,0,0
13:21:54.450,0,0,0,0,0
13:21:54.450,0,0,0,1,0
13:21:55.051,0,0,0,1,0
13:21:55.051,0,0,0,1,1
13:21:55.051,0,0,0,1,1
13:21:55.051,0,0,0,0,1
13:21:55.575,0,0,0,0,1
13:21:55.575,1,0,0,0,1
13:21:55.654,1,0,0,0,1
13:21:55.654,1,0,0,0,0
13:21:55.654,1,0,0,0,0
13:21:55.654,1,0,0,1,0
13:21:56.273,1,0,0,1,0
13:21:56.273,1,0,0,1,1
13:21:56.273,1,0,0,1,1
13:21:56.273,1,0,0,0,1
13:21:56.892,1,0,0,0,1
13:21:56.892,1,0,0,0,0
13:21:56.892,1,0,0,0,0
13:21:56.892,1,0,0,1,0
13:21:57.383,1,0,0,1,0
13:21:57.383,0,0,0,1,0
13:21:57.494,0,0,0,1,0
13:21:57.494,0,0,0,1,1
13:21:57.494,0,0,0,1,1
13:21:57.494,0,0,0,0,1
13:21:58.162,0,0,0,0,1
13:21:58.162,0,0,0,0,0
13:21:58.164,0,0,0,0,0
13:21:58.164,0,0,0,1,0
13:21:58.763,0,0,0,1,0
13:21:58.763,0,0,0,1,1
13:21:58.763,0,0,0,1,1
13:21:58.763,0,0,0,0,1
13:21:59.192,0,0,0,0,1
13:21:59.192,1,0,0,0,1
13:21:59.366,1,0,0,0,1
13:21:59.366,1,0,0,0,0
13:21:59.366,1,0,0,0,0
13:21:59.366,1,0,0,1,0
13:21:59.989,1,0,0,1,0
13:21:59.989,1,0,0,1,1
13:21:59.989,1,0,0,1,1
13:21:59.989,1,0,0,0,1
13:22:00.591,1,0,0,0,1
13:22:00.591,1,0,0,0,0
13:22:00.591,1,0,0,0,0
13:22:00.591,1,0,0,1,0
13:22:00.996,1,0,0,1,0
13:22:00.996,0,0,0,1,0
13:22:01.194,0,0,0,1,0
13:22:01.194,0,0,0,1,1
13:22:01.194,0,0,0,1,1
13:22:01.194,0,0,0,0,1
13:22:01.832,0,0,0,0,1
13:22:01.832,0,0,0,0,0
13:22:01.832,0,0,0,0,0
13:22:01.832,0,0,0,1,0
13:22:02.451,0,0,0,1,0
13:22:02.451,0,0,0,1,1
13:22:02.451,0,0,0,1,1
13:22:02.451,0,0,0,0,1
13:22:02.801,0,0,0,0,1
13:22:02.801,1,0,0,0,1
13:22:03.055,1,0,0,0,1
13:22:03.055,1,0,0,0,0
13:22:03.055,1,0,0,0,0
13:22:03.055,1,0,0,1,0
13:22:03.661,1,0,0,1,0
13:22:03.661,1,0,0,1,1
13:22:03.661,1,0,0,1,1
13:22:03.661,1,0,0,0,1
13:22:04.330,1,0,0,0,1
13:22:04.330,1,0,0,0,0
13:22:04.330,1,0,0,0,0
13:22:04.330,1,0,0,1,0
13:22:04.616,1,0,0,1,0
13:22:04.616,0,0,0,1,0
13:22:04.934,0,0,0,1,0
13:22:04.934,0,0,0,1,1
13:22:04.934,0,0,0,1,1
13:22:04.934,0,0,0,0,1
13:22:05.538,0,0,0,0,1
13:22:05.538,0,0,0,0,0
13:22:05.538,0,0,0,0,0
13:22:05.538,0,0,0,1,0
13:22:06.145,0,0,0,1,0
13:22:06.145,0,0,0,1,1
13:22:06.145,0,0,0,1,1
13:22:06.145,0,0,0,0,1
13:22:06.416,0,0,0,0,1
13:22:06.416,1,0,0,0,1
13:22:06.750,1,0,0,0,1
13:22:06.750,1,0,0,0,0
13:22:06.750,1,0,0,0,0
13:22:06.750,1,0,0,1,0
13:22:07.357,1,0,0,1,0
13:22:07.357,1,0,0,1,1
13:22:07.357,1,0,0,1,1
13:22:07.357,1,0,0,0,1
13:22:07.962,1,0,0,0,1
13:22:07.962,1,0,0,0,0
13:22:07.963,1,0,0,0,0
13:22:07.963,1,0,0,1,0
13:22:08.217,1,0,0,1,0
13:22:08.217,0,0,0,1,0
13:22:08.565,0,0,0,1,0
13:22:08.565,0,0,0,1,1
13:22:08.565,0,0,0,1,1
13:22:08.565,0,0,0,0,1
13:22:09.214,0,0,0,0,1
13:22:09.214,0,0,0,0,0
13:22:09.214,0,0,0,0,0
13:22:09.214,0,0,0,1,0
13:22:09.832,0,0,0,1,0
13:22:09.832,0,0,0,1,1
13:22:09.832,0,0,0,1,1
13:22:09.832,0,0,0,0,1
13:22:10.023,0,0,0,0,1
13:22:10.023,1,0,0,0,1
13:22:10.437,1,0,0,0,1
13:22:10.437,1,0,0,0,0
13:22:10.437,1,0,0,0,0
13:22:10.437,1,0,0,1,0
13:22:11.043,1,0,0,1,0
13:22:11.043,1,0,0,1,1
13:22:11.043,1,0,0,1,1
13:22:11.043,1,0,0,0,1
13:22:11.648,1,0,0,0,1
13:22:11.648,1,0,0,0,0
13:22:11.648,1,0,0,0,0
13:22:11.648,1,0,0,1,0
13:22:11.823,1,0,0,1,0
13:22:11.823,0,0,0,1,0
13:22:12.250,0,0,0,1,0
13:22:12.250,0,0,0,1,1
13:22:12.250,0,0,0,1,1
13:22:12.250,0,0,0,0,1
13:22:12.857,0,0,0,0,1
13:22:12.857,0,0,0,0,0
13:22:12.857,0,0,0,0,0
13:22:12.857,0,0,0,1,0
13:22:13.461,0,0,0,1,0
13:22:13.461,0,0,0,1,1
13:22:13.461,0,0,0,1,1
13:22:13.461,0,0,0,0,1
13:22:13.659,0,0,0,0,1
13:22:13.659,1,0,0,0,1
13:22:14.096,1,0,0,0,1
13:22:14.096,1,0,0,0,0
13:22:14.096,1,0,0,0,0
13:22:14.096,1,0,0,1,0
13:22:14.717,1,0,0,1,0
13:22:14.717,1,0,0,1,1
13:22:14.717,1,0,0,1,1
13:22:14.717,1,0,0,0,1
13:22:15.324,1,0,0,0,1
13:22:15.324,1,0,0,0,0
13:22:15.324,1,0,0,0,0
13:22:15.324,1,0,0,1,0
13:22:15.466,1,0,0,1,0
13:22:15.466,0,0,0,1,0
13:22:15.924,0,0,0,1,0
13:22:15.924,0,0,0,1,1
13:22:15.924,0,0,0,1,1
13:22:15.924,0,0,0,0,1
13:22:16.530,0,0,0,0,1
13:22:16.530,0,0,0,0,0
13:22:16.530,0,0,0,0,0
13:22:16.530,0,0,0,1,0
13:22:17.136,0,0,0,1,0
13:22:17.136,0,0,0,1,1
13:22:17.136,0,0,0,1,1
13:22:17.136,0,0,0,0,1
13:22:17.279,0,0,0,0,1
13:22:17.279,1,0,0,0,1
13:22:17.762,1,0,0,0,1
13:22:17.762,1,0,0,0,0
13:22:17.762,1,0,0,0,0
13:22:17.762,1,0,0,1,0
13:22:18.377,1,0,0,1,0
13:22:18.377,1,0,0,1,1
13:22:18.377,1,0,0,1,1
13:22:18.377,1,0,0,0,1
13:22:18.999,1,0,0,0,1
13:22:18.999,1,0,0,0,0
13:22:18.999,1,0,0,0,0
13:22:18.999,1,0,0,1,0
13:22:19.078,1,0,0,1,0
13:22:19.078,0,0,0,1,0
13:22:19.617,0,0,0,1,0
13:22:19.617,0,0,0,1,1
13:22:19.617,0,0,0,1,1
13:22:19.617,0,0,0,0,1
13:22:20.233,0,0,0,0,1
13:22:20.233,0,0,0,0,0
13:22:20.233,0,0,0,0,0
13:22:20.233,0,0,0,1,0
13:22:20.855,0,0,0,1,0
13:22:20.855,0,0,0,1,1
13:22:20.855,0,0,0,1,1
13:22:20.855,0,0,0,0,1
13:22:20.919,0,0,0,0,1
13:22:20.919,1,0,0,0,1
13:22:21.487,1,0,0,0,1
13:22:21.487,1,0,0,0,0
13:22:21.487,1,0,0,0,0
13:22:21.487,1,0,0,1,0
13:22:22.099,1,0,0,1,0
13:22:22.099,1,0,0,1,1
13:22:22.099,1,0,0,1,1
13:22:22.099,1,0,0,0,1
13:22:22.704,1,0,0,0,1
13:22:22.704,1,0,0,0,0
13:22:22.704,1,0,0,0,0
13:22:22.704,1,0,0,1,0
13:22:22.736,1,0,0,1,0
13:22:22.736,0,0,0,1,0
13:22:23.327,0,0,0,1,0
13:22:23.327,0,0,0,1,1
13:22:23.327,0,0,0,1,1
13:22:23.327,0,0,0,0,1
13:22:23.961,0,0,0,0,1
13:22:23.961,0,0,0,0,0
13:22:23.961,0,0,0,0,0
13:22:23.961,0,0,0,1,0
13:22:24.549,0,0,0,1,0
13:22:24.549,1,0,0,1,0
13:22:24.607,1,0,0,1,0
13:22:24.607,1,0,0,1,1
13:22:24.612,1,0,0,1,1
13:22:24.612,1,0,0,0,1
13:22:25.233,1,0,0,0,1
13:22:25.233,1,0,0,0,0
13:22:25.233,1,0,0,0,0
13:22:25.233,1,0,0,1,0
13:22:25.842,1,0,0,1,0
13:22:25.842,1,0,0,1,1
13:22:25.842,1,0,0,1,1
13:22:25.842,1,0,0,0,1
13:22:26.352,1,0,0,0,1
13:22:26.352,0,0,0,0,1
13:22:26.433,0,0,0,0,1
13:22:26.433,0,0,0,0,0
13:22:26.433,0,0,0,0,0
13:22:26.433,0,0,0,1,0
13:22:27.053,0,0,0,1,0
13:22:27.053,0,0,0,1,1
13:22:27.053,0,0,0,1,1
13:22:27.053,0,0,0,0,1
13:22:27.676,0,0,0,0,1
13:22:27.676,0,0,0,0,0
13:22:27.676,0,0,0,0,0
13:22:27.676,0,0,0,1,0
13:22:28.167,0,0,0,1,0
13:22:28.167,1,0,0,1,0
13:22:28.294,1,0,0,1,0
13:22:28.294,1,0,0,1,1
13:22:28.294,1,0,0,1,1
13:22:28.294,1,0,0,0,1
13:22:28.925,1,0,0,0,1
13:22:28.925,1,0,0,0,0
13:22:28.925,1,0,0,0,0
13:22:28.925,1,0,0,1,0
13:22:29.536,1,0,0,1,0
13:22:29.536,1,0,0,1,1
13:22:29.536,1,0,0,1,1
13:22:29.536,1,0,0,0,1
13:22:29.980,1,0,0,0,1
13:22:29.980,0,0,0,0,1
13:22:30.139,0,0,0,0,1
13:22:30.139,0,0,0,0,0
13:22:30.139,0,0,0,0,0
13:22:30.139,0,0,0,1,0
13:22:30.747,0,0,0,1,0
13:22:30.747,0,0,0,1,1
13:22:30.747,0,0,0,1,1
13:22:30.747,0,0,0,0,1
13:22:31.349,0,0,0,0,1
13:22:31.349,0,0,0,0,0
13:22:31.349,0,0,0,0,0
13:22:31.349,0,0,0,1,0
13:22:31.781,0,0,0,1,0
13:22:31.781,1,0,0,1,0
13:22:31.956,1,0,0,1,0
13:22:31.956,1,0,0,1,1
13:22:31.956,1,0,0,1,1
13:22:31.956,1,0,0,0,1
13:22:32.592,1,0,0,0,1
13:22:32.592,1,0,0,0,0
13:22:32.592,1,0,0,0,0
13:22:32.592,1,0,0,1,0
13:22:33.218,1,0,0,1,0
13:22:33.218,1,0,0,1,1
13:22:33.219,1,0,0,1,1
13:22:33.219,1,0,0,0,1
13:22:33.584,1,0,0,0,1
13:22:33.584,0,0,0,0,1
13:22:33.822,0,0,0,0,1
13:22:33.822,0,0,0,0,0
13:22:33.822,0,0,0,0,0
13:22:33.822,0,0,0,1,0
13:22:34.430,0,0,0,1,0
13:22:34.430,0,0,0,1,1
13:22:34.430,0,0,0,1,1
13:22:34.430,0,0,0,0,1
13:22:35.034,0,0,0,0,1
13:22:35.034,0,0,0,0,0
13:22:35.034,0,0,0,0,0
13:22:35.034,0,0,0,1,0
13:22:35.389,0,0,0,1,0
13:22:35.389,1,0,0,1,0
13:22:35.641,1,0,0,1,0
13:22:35.641,1,0,0,1,1
13:22:35.641,1,0,0,1,1
13:22:35.641,1,0,0,0,1
13:22:36.246,1,0,0,0,1
13:22:36.246,1,0,0,0,0
13:22:36.246,1,0,0,0,0
13:22:36.246,1,0,0,1,0
13:22:36.853,1,0,0,1,0
13:22:36.853,1,0,0,1,1
13:22:36.854,1,0,0,1,1
13:22:36.854,1,0,0,0,1
13:22:37.203,1,0,0,0,1
13:22:37.203,0,0,0,0,1
13:22:37.474,0,0,0,0,1
13:22:37.474,0,0,0,0,0
13:22:37.474,0,0,0,0,0
13:22:37.474,0,0,0,1,0
13:22:38.081,0,0,0,1,0
13:22:38.081,0,0,0,1,1
13:22:38.081,0,0,0,1,1
13:22:38.081,0,0,0,0,1
13:22:38.712,0,0,0,0,1
13:22:38.712,0,0,0,0,0
13:22:38.712,0,0,0,0,0
13:22:38.712,0,0,0,1,0
13:22:39.004,0,0,0,1,0
13:22:39.004,1,0,0,1,0
13:22:39.324,1,0,0,1,0
13:22:39.324,1,0,0,1,1
13:22:39.324,1,0,0,1,1
13:22:39.324,1,0,0,0,1
13:22:39.929,1,0,0,0,1
13:22:39.929,1,0,0,0,0
13:22:39.929,1,0,0,0,0
13:22:39.929,1,0,0,1,0
13:22:40.551,1,0,0,1,0
13:22:40.551,1,0,0,1,1
13:22:40.551,1,0,0,1,1
13:22:40.551,1,0,0,0,1
13:22:40.805,1,0,0,0,1
13:22:40.805,0,0,0,0,1
13:22:41.171,0,0,0,0,1
13:22:41.171,0,0,0,0,0
13:22:41.171,0,0,0,0,0
13:22:41.171,0,0,0,1,0
13:22:41.794,0,0,0,1,0
13:22:41.794,0,0,0,1,1
13:22:41.794,0,0,0,1,1
13:22:41.794,0,0,0,0,1
13:22:42.417,0,0,0,0,1
13:22:42.417,0,0,0,0,0
13:22:42.417,0,0,0,0,0
13:22:42.417,0,0,0,1,0
13:22:42.607,0,0,0,1,0
13:22:42.607,1,0,0,1,0
13:22:43.034,1,0,0,1,0
13:22:43.034,1,0,0,1,1
13:22:43.034,1,0,0,1,1
13:22:43.034,1,0,0,0,1
13:22:43.667,1,0,0,0,1
13:22:43.667,1,0,0,0,0
13:22:43.667,1,0,0,0,0
13:22:43.667,1,0,0,1,0
13:22:44.285,1,0,0,1,0
13:22:44.285,1,0,0,1,1
13:22:44.285,1,0,0,1,1
13:22:44.285,1,0,0,0,1
13:22:44.413,1,0,0,0,1
13:22:44.413,0,0,0,0,1
13:22:44.885,0,0,0,0,1
13:22:44.885,0,0,0,0,0
13:22:44.885,0,0,0,0,0
13:22:44.885,0,0,0,1,0
13:22:45.485,0,0,0,1,0
13:22:45.485,0,0,0,1,1
13:22:45.485,0,0,0,1,1
13:22:45.485,0,0,0,0,1
13:22:46.101,0,0,0,0,1
13:22:46.101,0,0,0,0,0
13:22:46.101,0,0,0,0,0
13:22:46.101,0,0,0,1,0
13:22:46.227,0,0,0,1,0
13:22:46.227,1,0,0,1,0
13:22:46.719,1,0,0,1,0
13:22:46.719,1,0,0,1,1
13:22:46.719,1,0,0,1,1
13:22:46.719,1,0,0,0,1
13:22:47.335,1,0,0,0,1
13:22:47.335,1,0,0,0,0
13:22:47.335,1,0,0,0,0
13:22:47.335,1,0,0,1,0
13:22:47.949,1,0,0,1,0
13:22:47.949,1,0,0,1,1
13:22:47.949,1,0,0,1,1
13:22:47.949,1,0,0,0,1
13:22:48.028,1,0,0,0,1
13:22:48.028,0,0,0,0,1
13:22:48.550,0,0,0,0,1
13:22:48.550,0,0,0,0,0
13:22:48.550,0,0,0,0,0
13:22:48.550,0,0,0,1,0
13:22:49.152,0,0,0,1,0
13:22:49.152,0,0,0,1,1
13:22:49.152,0,0,0,1,1
13:22:49.152,0,0,0,0,1
13:22:49.753,0,0,0,0,1
13:22:49.753,0,0,0,0,0
13:22:49.753,0,0,0,0,0
13:22:49.753,0,0,0,1,0
13:22:49.847,0,0,0,1,0
13:22:49.847,1,0,0,1,0
13:22:50.353,1,0,0,1,0
13:22:50.353,1,0,0,1,1
13:22:50.385,1,0,0,1,1
13:22:50.385,1,0,0,0,1
13:22:50.969,1,0,0,0,1
13:22:50.969,1,0,0,0,0
13:22:50.985,1,0,0,0,0
13:22:50.985,1,0,0,1,0
13:22:51.584,1,0,0,1,0
13:22:51.584,1,0,0,1,1
13:22:51.600,1,0,0,1,1
13:22:51.600,1,0,0,0,1
13:22:51.679,1,0,0,0,1
13:22:51.679,0,0,0,0,1
13:22:52.201,0,0,0,0,1
13:22:52.201,0,0,0,0,0
13:22:52.201,0,0,0,0,0
13:22:52.201,0,0,0,1,0
13:22:52.817,0,0,0,1,0
13:22:52.817,0,0,0,1,1
13:22:52.817,0,0,0,1,1
13:22:52.817,0,0,0,0,1
13:30:27.322,0,0,0,0,1
13:30:27.322,0,0,0,0,0
13:30:27.324,0,0,0,0,0
13:30:27.324,0,0,0,1,0
13:30:27.324,0,0,0,1,0
13:30:27.324,1,0,0,1,0
13:30:27.923,1,0,0,1,0
13:30:27.923,1,0,0,1,1
13:30:27.923,1,0,0,1,1
13:30:27.923,1,0,0,0,1
14:23:37.094,1,0,0,0,1
14:23:37.094,1,0,0,0,0
14:23:37.095,1,0,0,0,0
14:23:37.095,1,0,0,1,0
14:23:37.095,1,0,0,1,0
14:23:37.095,0,0,0,1,0
14:23:37.700,0,0,0,1,0
14:23:37.700,0,0,0,1,1
14:23:37.700,0,0,0,1,1
14:23:37.700,0,0,0,0,1
14:23:38.308,0,0,0,0,1
14:23:38.308,0,0,0,0,0
14:23:38.308,0,0,0,0,0
14:23:38.308,0,0,0,1,0
14:23:38.898,0,0,0,1,0
14:23:38.898,1,0,0,1,0
14:23:38.920,1,0,0,1,0
14:23:38.920,1,0,0,1,1
14:23:38.920,1,0,0,1,1
14:23:38.920,1,0,0,0,1
14:23:39.534,1,0,0,0,1
14:23:39.534,1,0,0,0,0
14:23:39.534,1,0,0,0,0
14:23:39.534,1,0,0,1,0
14:23:40.144,1,0,0,1,0
14:23:40.144,1,0,0,1,1
14:23:40.144,1,0,0,1,1
14:23:40.144,1,0,0,0,1
14:23:40.697,1,0,0,0,1
14:23:40.697,0,0,0,0,1
14:23:40.804,0,0,0,0,1
14:23:40.804,0,0,0,0,0
14:23:40.804,0,0,0,0,0
14:23:40.804,0,0,0,1,0
14:23:41.415,0,0,0,1,0
14:23:41.415,0,0,0,1,1
14:23:41.415,0,0,0,1,1
14:23:41.415,0,0,0,0,1
14:23:42.017,0,0,0,0,1
14:23:42.017,0,0,0,0,0
14:23:42.017,0,0,0,0,0
14:23:42.017,0,0,0,1,0
14:23:42.573,0,0,0,1,0
14:23:42.573,1,0,0,1,0
14:23:42.682,1,0,0,1,0
14:23:42.682,1,0,0,1,1
14:23:42.682,1,0,0,1,1
14:23:42.682,1,0,0,0,1
14:23:43.314,1,0,0,0,1
14:23:43.314,1,0,0,0,0
14:23:43.314,1,0,0,0,0
14:23:43.314,1,0,0,1,0
14:23:43.936,1,0,0,1,0
14:23:43.936,1,0,0,1,1
14:23:43.936,1,0,0,1,1
14:23:43.936,1,0,0,0,1
14:23:44.385,1,0,0,0,1
14:23:44.385,0,0,0,0,1
14:23:44.536,0,0,0,0,1
14:23:44.536,0,0,0,0,0
14:23:44.538,0,0,0,0,0
14:23:44.538,0,0,0,1,0
14:23:45.138,0,0,0,1,0
14:23:45.138,0,0,0,1,1
14:23:45.138,0,0,0,1,1
14:23:45.138,0,0,0,0,1
14:23:45.766,0,0,0,0,1
14:23:45.766,0,0,0,0,0
14:23:45.766,0,0,0,0,0
14:23:45.766,0,0,0,1,0
14:23:46.262,0,0,0,1,0
14:23:46.262,1,0,0,1,0
14:23:46.393,1,0,0,1,0
14:23:46.393,1,0,0,1,1
14:23:46.393,1,0,0,1,1
14:23:46.393,1,0,0,0,1
14:23:46.998,1,0,0,0,1
14:23:46.998,1,0,0,0,0
14:23:46.998,1,0,0,0,0
14:23:46.998,1,0,0,1,0
14:23:47.599,1,0,0,1,0
14:23:47.599,1,0,0,1,1
14:23:47.599,1,0,0,1,1
14:23:47.599,1,0,0,0,1
14:23:48.072,1,0,0,0,1
14:23:48.072,0,0,0,0,1
14:23:48.203,0,0,0,0,1
14:23:48.203,0,0,0,0,0
14:23:48.203,0,0,0,0,0
14:23:48.203,0,0,0,1,0
14:23:48.810,0,0,0,1,0
14:23:48.810,0,0,0,1,1
14:23:48.810,0,0,0,1,1
14:23:48.810,0,0,0,0,1
14:23:49.411,0,0,0,0,1
14:23:49.411,0,0,0,0,0
14:23:49.411,0,0,0,0,0
14:23:49.411,0,0,0,1,0
14:23:49.910,0,0,0,1,0
14:23:49.910,1,0,0,1,0
14:23:50.026,1,0,0,1,0
14:23:50.026,1,0,0,1,1
14:23:50.026,1,0,0,1,1
14:23:50.026,1,0,0,0,1
14:23:50.640,1,0,0,0,1
14:23:50.640,1,0,0,0,0
14:23:50.640,1,0,0,0,0
14:23:50.640,1,0,0,1,0
14:23:51.252,1,0,0,1,0
14:23:51.252,1,0,0,1,1
14:23:51.252,1,0,0,1,1
14:23:51.252,1,0,0,0,1
14:23:51.711,1,0,0,0,1
14:23:51.711,0,0,0,0,1
14:23:51.854,0,0,0,0,1
14:23:51.854,0,0,0,0,0
14:23:51.854,0,0,0,0,0
14:23:51.854,0,0,0,1,0
14:23:52.490,0,0,0,1,0
14:23:52.490,0,0,0,1,1
14:23:52.490,0,0,0,1,1
14:23:52.490,0,0,0,0,1
14:23:53.100,0,0,0,0,1
14:23:53.100,0,0,0,0,0
14:23:53.101,0,0,0,0,0
14:23:53.101,0,0,0,1,0
14:23:53.522,0,0,0,1,0
14:23:53.522,1,0,0,1,0
14:23:53.723,1,0,0,1,0
14:23:53.723,1,0,0,1,1
14:23:53.723,1,0,0,1,1
14:23:53.723,1,0,0,0,1
14:23:54.325,1,0,0,0,1
14:23:54.325,1,0,0,0,0
14:23:54.325,1,0,0,0,0
14:23:54.325,1,0,0,1,0
14:23:54.926,1,0,0,1,0
14:23:54.926,1,0,0,1,1
14:23:54.926,1,0,0,1,1
14:23:54.926,1,0,0,0,1
14:23:55.368,1,0,0,0,1
14:23:55.368,0,0,0,0,1
14:23:55.576,0,0,0,0,1
14:23:55.576,0,0,0,0,0
14:23:55.576,0,0,0,0,0
14:23:55.576,0,0,0,1,0
14:23:56.207,0,0,0,1,0
14:23:56.207,0,0,0,1,1
14:23:56.207,0,0,0,1,1
14:23:56.207,0,0,0,0,1
14:23:56.818,0,0,0,0,1
14:23:56.818,0,0,0,0,0
14:23:56.818,0,0,0,0,0
14:23:56.818,0,0,0,1,0
14:23:57.180,0,0,0,1,0
14:23:57.180,1,0,0,1,0
14:23:57.556,1,0,0,1,0
14:23:57.556,1,0,0,1,1
14:23:57.556,1,0,0,1,1
14:23:57.556,1,0,0,0,1
14:23:58.155,1,0,0,0,1
14:23:58.155,1,0,0,0,0
14:23:58.155,1,0,0,0,0
14:23:58.155,1,0,0,1,0
14:23:58.844,1,0,0,1,0
14:23:58.844,1,0,0,1,1
14:23:58.846,1,0,0,1,1
14:23:58.846,1,0,0,0,1
14:23:59.129,1,0,0,0,1
14:23:59.129,0,0,0,0,1
14:23:59.448,0,0,0,0,1
14:23:59.448,0,0,0,0,0
14:23:59.448,0,0,0,0,0
14:23:59.448,0,0,0,1,0
14:24:00.090,0,0,0,1,0
14:24:00.090,0,0,0,1,1
14:24:00.092,0,0,0,1,1
14:24:00.092,0,0,0,0,1
14:24:00.695,0,0,0,0,1
14:24:00.695,0,0,0,0,0
14:24:00.695,0,0,0,0,0
14:24:00.695,0,0,0,1,0
14:24:00.963,0,0,0,1,0
14:24:00.963,1,0,0,1,0
14:24:01.310,1,0,0,1,0
14:24:01.310,1,0,0,1,1
14:24:01.310,1,0,0,1,1
14:24:01.310,1,0,0,0,1
14:24:01.930,1,0,0,0,1
14:24:01.930,1,0,0,0,0
14:24:01.930,1,0,0,0,0
14:24:01.930,1,0,0,1,0
14:24:02.539,1,0,0,1,0
14:24:02.539,1,0,0,1,1
14:24:02.539,1,0,0,1,1
14:24:02.539,1,0,0,0,1
14:24:02.773,1,0,0,0,1
14:24:02.773,0,0,0,0,1
14:24:03.332,0,0,0,0,1
14:24:03.332,0,0,0,0,0
14:24:03.332,0,0,0,0,0
14:24:03.332,0,0,0,1,0
14:24:03.939,0,0,0,1,0
14:24:03.939,0,0,0,1,1
14:24:03.939,0,0,0,1,1
14:24:03.939,0,0,0,0,1
14:24:04.549,0,0,0,0,1
14:24:04.549,0,0,0,0,0
14:24:04.549,0,0,0,0,0
14:24:04.549,0,0,0,1,0
14:24:04.687,0,0,0,1,0
14:24:04.687,1,0,0,1,0
14:24:05.230,1,0,0,1,0
14:24:05.230,1,0,0,1,1
14:24:05.232,1,0,0,1,1
14:24:05.232,1,0,0,0,1
14:24:05.834,1,0,0,0,1
14:24:05.834,1,0,0,0,0
14:24:05.834,1,0,0,0,0
14:24:05.834,1,0,0,1,0
14:24:06.552,1,0,0,1,0
14:24:06.552,1,0,0,1,1
14:24:06.552,1,0,0,1,1
14:24:06.552,1,0,0,0,1
14:24:06.552,1,0,0,0,1
14:24:06.552,0,0,0,0,1
14:24:07.167,0,0,0,0,1
14:24:07.167,0,0,0,0,0
14:24:07.167,0,0,0,0,0
14:24:07.167,0,0,0,1,0
14:24:07.929,0,0,0,1,0
14:24:07.929,0,0,0,1,1
14:24:07.929,0,0,0,1,1
14:24:07.929,0,0,0,0,1
14:24:08.497,0,0,0,0,1
14:24:08.497,1,0,0,0,1
14:24:08.556,1,0,0,0,1
14:24:08.556,1,0,0,0,0
14:24:08.556,1,0,0,0,0
14:24:08.556,1,0,0,1,0
14:24:09.283,1,0,0,1,0
14:24:09.283,1,0,0,1,1
14:24:09.283,1,0,0,1,1
14:24:09.283,1,0,0,0,1
14:24:09.888,1,0,0,0,1
14:24:09.888,1,0,0,0,0
14:24:09.889,1,0,0,0,0
14:24:09.889,1,0,0,1,0
14:24:10.311,1,0,0,1,0
14:24:10.311,0,0,0,1,0
14:24:10.528,0,0,0,1,0
14:24:10.528,0,0,0,1,1
14:24:10.530,0,0,0,1,1
14:24:10.530,0,0,0,0,1
14:24:11.130,0,0,0,0,1
14:24:11.130,0,0,0,0,0
14:24:11.130,0,0,0,0,0
14:24:11.130,0,0,0,1,0
14:24:11.740,0,0,0,1,0
14:24:11.740,0,0,0,1,1
14:24:11.740,0,0,0,1,1
14:24:11.740,0,0,0,0,1
14:24:12.111,0,0,0,0,1
14:24:12.111,1,0,0,0,1
14:24:12.346,1,0,0,0,1
14:24:12.346,1,0,0,0,0
14:24:12.346,1,0,0,0,0
14:24:12.346,1,0,0,1,0
14:24:12.951,1,0,0,1,0
14:24:12.951,1,0,0,1,1
14:24:12.951,1,0,0,1,1
14:24:12.951,1,0,0,0,1
14:24:13.611,1,0,0,0,1
14:24:13.611,1,0,0,0,0
14:24:13.611,1,0,0,0,0
14:24:13.611,1,0,0,1,0
14:24:13.928,1,0,0,1,0
14:24:13.928,0,0,0,1,0
14:24:14.222,0,0,0,1,0
14:24:14.222,0,0,0,1,1
14:24:14.224,0,0,0,1,1
14:24:14.224,0,0,0,0,1
14:24:14.828,0,0,0,0,1
14:24:14.828,0,0,0,0,0
14:24:14.828,0,0,0,0,0
14:24:14.828,0,0,0,1,0
14:24:15.582,0,0,0,1,0
14:24:15.582,0,0,0,1,1
14:24:15.582,0,0,0,1,1
14:24:15.582,0,0,0,0,1
14:24:15.865,0,0,0,0,1
14:24:15.865,1,0,0,0,1
14:24:16.198,1,0,0,0,1
14:24:16.198,1,0,0,0,0
14:24:16.198,1,0,0,0,0
14:24:16.198,1,0,0,1,0
14:24:16.849,1,0,0,1,0
14:24:16.849,1,0,0,1,1
14:24:16.850,1,0,0,1,1
14:24:16.850,1,0,0,0,1
14:24:17.455,1,0,0,0,1
14:24:17.455,1,0,0,0,0
14:24:17.455,1,0,0,0,0
14:24:17.455,1,0,0,1,0
14:24:17.747,1,0,0,1,0
14:24:17.747,0,0,0,1,0
14:24:18.129,0,0,0,1,0
14:24:18.129,0,0,0,1,1
14:24:18.129,0,0,0,1,1
14:24:18.129,0,0,0,0,1
14:24:18.733,0,0,0,0,1
14:24:18.733,0,0,0,0,0
14:24:18.733,0,0,0,0,0
14:24:18.733,0,0,0,1,0
14:24:19.379,0,0,0,1,0
14:24:19.379,0,0,0,1,1
14:24:19.379,0,0,0,1,1
14:24:19.379,0,0,0,0,1
14:24:19.591,0,0,0,0,1
14:24:19.591,1,0,0,0,1
14:24:19.981,1,0,0,0,1
14:24:19.981,1,0,0,0,0
14:24:19.981,1,0,0,0,0
14:24:19.981,1,0,0,1,0
14:24:20.595,1,0,0,1,0
14:24:20.595,1,0,0,1,1
14:24:20.595,1,0,0,1,1
14:24:20.595,1,0,0,0,1
14:24:21.248,1,0,0,0,1
14:24:21.248,1,0,0,0,0
14:24:21.248,1,0,0,0,0
14:24:21.248,1,0,0,1,0
14:24:21.394,1,0,0,1,0
14:24:21.394,0,0,0,1,0
14:24:21.877,0,0,0,1,0
14:24:21.877,0,0,0,1,1
14:24:21.880,0,0,0,1,1
14:24:21.880,0,0,0,0,1
14:24:22.479,0,0,0,0,1
14:24:22.479,0,0,0,0,0
14:24:22.480,0,0,0,0,0
14:24:22.480,0,0,0,1,0
14:24:23.080,0,0,0,1,0
14:24:23.080,0,0,0,1,1
14:24:23.080,0,0,0,1,1
14:24:23.080,0,0,0,0,1
14:24:23.365,0,0,0,0,1
14:24:23.365,1,0,0,0,1
14:24:23.683,1,0,0,0,1
14:24:23.683,1,0,0,0,0
14:24:23.683,1,0,0,0,0
14:24:23.683,1,0,0,1,0
14:24:24.355,1,0,0,1,0
14:24:24.355,1,0,0,1,1
14:24:24.355,1,0,0,1,1
14:24:24.355,1,0,0,0,1
14:24:24.963,1,0,0,0,1
14:24:24.963,1,0,0,0,0
14:24:24.963,1,0,0,0,0
14:24:24.963,1,0,0,1,0
14:24:25.192,1,0,0,1,0
14:24:25.192,0,0,0,1,0
14:24:25.638,0,0,0,1,0
14:24:25.638,0,0,0,1,1
14:24:25.638,0,0,0,1,1
14:24:25.638,0,0,0,0,1
14:24:26.241,0,0,0,0,1
14:24:26.241,0,0,0,0,0
14:24:26.241,0,0,0,0,0
14:24:26.241,0,0,0,1,0
14:24:26.914,0,0,0,1,0
14:24:26.914,0,0,0,1,1
14:24:26.914,0,0,0,1,1
14:24:26.914,0,0,0,0,1
14:24:27.102,0,0,0,0,1
14:24:27.102,1,0,0,0,1
14:24:27.519,1,0,0,0,1
14:24:27.519,1,0,0,0,0
14:24:27.519,1,0,0,0,0
14:24:27.519,1,0,0,1,0
14:24:28.121,1,0,0,1,0
14:24:28.121,1,0,0,1,1
14:24:28.121,1,0,0,1,1
14:24:28.121,1,0,0,0,1
14:24:28.720,1,0,0,0,1
14:24:28.720,1,0,0,0,0
14:24:28.720,1,0,0,0,0
14:24:28.720,1,0,0,1,0
14:24:28.911,1,0,0,1,0
14:24:28.911,0,0,0,1,0
14:24:29.322,0,0,0,1,0
14:24:29.322,0,0,0,1,1
14:24:29.323,0,0,0,1,1
14:24:29.323,0,0,0,0,1
14:24:29.938,0,0,0,0,1
14:24:29.938,0,0,0,0,0
14:24:29.938,0,0,0,0,0
14:24:29.938,0,0,0,1,0
14:24:30.540,0,0,0,1,0
14:24:30.540,0,0,0,1,1
14:24:30.540,0,0,0,1,1
14:24:30.540,0,0,0,0,1
14:24:30.705,0,0,0,0,1
14:24:30.705,1,0,0,0,1
14:24:31.142,1,0,0,0,1
14:24:31.142,1,0,0,0,0
14:24:31.142,1,0,0,0,0
14:24:31.142,1,0,0,1,0
14:24:31.744,1,0,0,1,0
14:24:31.744,1,0,0,1,1
14:24:31.744,1,0,0,1,1
14:24:31.744,1,0,0,0,1
14:24:32.362,1,0,0,0,1
14:24:32.362,1,0,0,0,0
14:24:32.362,1,0,0,0,0
14:24:32.362,1,0,0,1,0
14:24:32.521,1,0,0,1,0
14:24:32.521,0,0,0,1,0
14:24:32.965,0,0,0,1,0
14:24:32.965,0,0,0,1,1
14:24:32.965,0,0,0,1,1
14:24:32.965,0,0,0,0,1
14:24:33.567,0,0,0,0,1
14:24:33.567,0,0,0,0,0
14:24:33.567,0,0,0,0,0
14:24:33.567,0,0,0,1,0
14:24:34.170,0,0,0,1,0
14:24:34.170,0,0,0,1,1
14:24:34.170,0,0,0,1,1
14:24:34.170,0,0,0,0,1
14:24:34.329,0,0,0,0,1
14:24:34.329,1,0,0,0,1
14:24:34.820,1,0,0,0,1
14:24:34.820,1,0,0,0,0
14:24:34.820,1,0,0,0,0
14:24:34.820,1,0,0,1,0
14:24:35.422,1,0,0,1,0
14:24:35.422,1,0,0,1,1
14:24:35.422,1,0,0,1,1
14:24:35.422,1,0,0,0,1
14:24:36.080,1,0,0,0,1
14:24:36.080,1,0,0,0,0
14:24:36.080,1,0,0,0,0
14:24:36.080,1,0,0,1,0
14:24:36.133,1,0,0,1,0
14:24:36.133,0,0,0,1,0
14:24:36.689,0,0,0,1,0
14:24:36.689,0,0,0,1,1
14:24:36.689,0,0,0,1,1
14:24:36.689,0,0,0,0,1
14:24:37.288,0,0,0,0,1
14:24:37.288,0,0,0,0,0
14:24:37.288,0,0,0,0,0
14:24:37.288,0,0,0,1,0
14:24:37.906,0,0,0,1,0
14:24:37.906,0,0,0,1,1
14:24:37.906,0,0,0,1,1
14:24:37.906,0,0,0,0,1
14:24:37.953,0,0,0,0,1
14:24:37.953,1,0,0,0,1
14:24:38.583,1,0,0,0,1
14:24:38.583,1,0,0,0,0
14:24:38.583,1,0,0,0,0
14:24:38.583,1,0,0,1,0
14:24:39.192,1,0,0,1,0
14:24:39.192,1,0,0,1,1
14:24:39.192,1,0,0,1,1
14:24:39.192,1,0,0,0,1
14:24:39.780,1,0,0,0,1
14:24:39.780,0,0,0,0,1
14:24:39.797,0,0,0,0,1
14:24:39.797,0,0,0,0,0
14:24:39.797,0,0,0,0,0
14:24:39.797,0,0,0,1,0
14:24:40.399,0,0,0,1,0
14:24:40.399,0,0,0,1,1
14:24:40.399,0,0,0,1,1
14:24:40.399,0,0,0,0,1
14:24:41.002,0,0,0,0,1
14:24:41.002,0,0,0,0,0
14:24:41.002,0,0,0,0,0
14:24:41.002,0,0,0,1,0
14:24:41.593,0,0,0,1,0
14:24:41.593,1,0,0,1,0
14:24:41.616,1,0,0,1,0
14:24:41.616,1,0,0,1,1
14:24:41.616,1,0,0,1,1
14:24:41.616,1,0,0,0,1
14:24:42.230,1,0,0,0,1
14:24:42.230,1,0,0,0,0
14:24:42.230,1,0,0,0,0
14:24:42.230,1,0,0,1,0
14:24:42.853,1,0,0,1,0
14:24:42.853,1,0,0,1,1
14:24:42.853,1,0,0,1,1
14:24:42.853,1,0,0,0,1
14:24:43.404,1,0,0,0,1
14:24:43.404,0,0,0,0,1
14:24:43.468,0,0,0,0,1
14:24:43.468,0,0,0,0,0
14:24:43.468,0,0,0,0,0
14:24:43.468,0,0,0,1,0
14:24:44.101,0,0,0,1,0
14:24:44.101,0,0,0,1,1
14:24:44.101,0,0,0,1,1
14:24:44.101,0,0,0,0,1
14:24:44.722,0,0,0,0,1
14:24:44.722,0,0,0,0,0
14:24:44.723,0,0,0,0,0
14:24:44.723,0,0,0,1,0
14:24:45.217,0,0,0,1,0
14:24:45.217,1,0,0,1,0
14:24:45.344,1,0,0,1,0
14:24:45.344,1,0,0,1,1
14:24:45.344,1,0,0,1,1
14:24:45.344,1,0,0,0,1
14:24:45.949,1,0,0,0,1
14:24:45.949,1,0,0,0,0
14:24:45.949,1,0,0,0,0
14:24:45.949,1,0,0,1,0
14:24:46.584,1,0,0,1,0
14:24:46.584,1,0,0,1,1
14:24:46.600,1,0,0,1,1
14:24:46.600,1,0,0,0,1
14:24:47.027,1,0,0,0,1
14:24:47.027,0,0,0,0,1
14:24:47.202,0,0,0,0,1
14:24:47.202,0,0,0,0,0
14:24:47.202,0,0,0,0,0
14:24:47.202,0,0,0,1,0
14:24:47.842,0,0,0,1,0
14:24:47.842,0,0,0,1,1
14:24:47.842,0,0,0,1,1
14:24:47.842,0,0,0,0,1
14:24:48.457,0,0,0,0,1
14:24:48.457,0,0,0,0,0
14:24:48.457,0,0,0,0,0
14:24:48.457,0,0,0,1,0
14:24:48.838,0,0,0,1,0
14:24:48.838,1,0,0,1,0
14:24:49.061,1,0,0,1,0
14:24:49.061,1,0,0,1,1
14:24:49.061,1,0,0,1,1
14:24:49.061,1,0,0,0,1
14:24:49.661,1,0,0,0,1
14:24:49.661,1,0,0,0,0
14:24:49.661,1,0,0,0,0
14:24:49.661,1,0,0,1,0
14:24:50.278,1,0,0,1,0
14:24:50.278,1,0,0,1,1
14:24:50.278,1,0,0,1,1
14:24:50.278,1,0,0,0,1
14:24:50.644,1,0,0,0,1
14:24:50.644,0,0,0,0,1
14:24:50.879,0,0,0,0,1
14:24:50.879,0,0,0,0,0
14:24:50.879,0,0,0,0,0
14:24:50.879,0,0,0,1,0
14:24:51.514,0,0,0,1,0
14:24:51.514,0,0,0,1,1
14:24:51.514,0,0,0,1,1
14:24:51.514,0,0,0,0,1
14:24:52.116,0,0,0,0,1
14:24:52.116,0,0,0,0,0
14:24:52.116,0,0,0,0,0
14:24:52.116,0,0,0,1,0
14:24:52.450,0,0,0,1,0
14:24:52.450,1,0,0,1,0
14:24:52.753,1,0,0,1,0
14:24:52.753,1,0,0,1,1
14:24:52.753,1,0,0,1,1
14:24:52.753,1,0,0,0,1
14:24:53.354,1,0,0,0,1
14:24:53.354,1,0,0,0,0
14:24:53.354,1,0,0,0,0
14:24:53.354,1,0,0,1,0
14:24:54.006,1,0,0,1,0
14:24:54.006,1,0,0,1,1
14:24:54.006,1,0,0,1,1
14:24:54.006,1,0,0,0,1
14:24:54.259,1,0,0,0,1
14:24:54.259,0,0,0,0,1
14:24:54.623,0,0,0,0,1
14:24:54.623,0,0,0,0,0
14:24:54.623,0,0,0,0,0
14:24:54.623,0,0,0,1,0
14:24:55.271,0,0,0,1,0
14:24:55.271,0,0,0,1,1
14:24:55.271,0,0,0,1,1
14:24:55.271,0,0,0,0,1
14:24:55.874,0,0,0,0,1
14:24:55.874,0,0,0,0,0
14:24:55.874,0,0,0,0,0
14:24:55.874,0,0,0,1,0
14:24:56.111,0,0,0,1,0
14:24:56.111,1,0,0,1,0
14:24:56.521,1,0,0,1,0
14:24:56.521,1,0,0,1,1
14:24:56.521,1,0,0,1,1
14:24:56.521,1,0,0,0,1
14:24:57.138,1,0,0,0,1
14:24:57.138,1,0,0,0,0
14:24:57.138,1,0,0,0,0
14:24:57.138,1,0,0,1,0
14:24:57.755,1,0,0,1,0
14:24:57.755,1,0,0,1,1
14:24:57.755,1,0,0,1,1
14:24:57.755,1,0,0,0,1
14:24:58.228,1,0,0,0,1
14:24:58.228,0,0,0,0,1
14:24:58.385,0,0,0,0,1
14:24:58.385,0,0,0,0,0
14:24:58.385,0,0,0,0,0
14:24:58.385,0,0,0,1,0
14:24:59.002,0,0,0,1,0
14:24:59.002,0,0,0,1,1
14:24:59.002,0,0,0,1,1
14:24:59.002,0,0,0,0,1
14:24:59.618,0,0,0,0,1
14:24:59.618,0,0,0,0,0
14:24:59.618,0,0,0,0,0
14:24:59.618,0,0,0,1,0
14:25:00.044,0,0,0,1,0
14:25:00.044,1,0,0,1,0
14:25:00.234,1,0,0,1,0
14:25:00.234,1,0,0,1,1
14:25:00.234,1,0,0,1,1
14:25:00.234,1,0,0,0,1
14:25:00.849,1,0,0,0,1
14:25:00.849,1,0,0,0,0
14:25:00.849,1,0,0,0,0
14:25:00.849,1,0,0,1,0
14:25:01.466,1,0,0,1,0
14:25:01.466,1,0,0,1,1
14:25:01.466,1,0,0,1,1
14:25:01.466,1,0,0,0,1
14:25:01.844,1,0,0,0,1
14:25:01.844,0,0,0,0,1
14:25:02.066,0,0,0,0,1
14:25:02.066,0,0,0,0,0
14:25:02.066,0,0,0,0,0
14:25:02.066,0,0,0,1,0
14:25:02.683,0,0,0,1,0
14:25:02.683,0,0,0,1,1
14:25:02.683,0,0,0,1,1
14:25:02.683,0,0,0,0,1
14:25:03.363,0,0,0,0,1
14:25:03.363,0,0,0,0,0
14:25:03.363,0,0,0,0,0
14:25:03.363,0,0,0,1,0
14:25:03.649,0,0,0,1,0
14:25:03.649,1,0,0,1,0
14:25:03.966,1,0,0,1,0
14:25:03.966,1,0,0,1,1
14:25:03.966,1,0,0,1,1
14:25:03.966,1,0,0,0,1
14:25:04.572,1,0,0,0,1
14:25:04.572,1,0,0,0,0
14:25:04.572,1,0,0,0,0
14:25:04.572,1,0,0,1,0
14:25:05.177,1,0,0,1,0
14:25:05.177,1,0,0,1,1
14:25:05.177,1,0,0,1,1
14:25:05.177,1,0,0,0,1
14:25:05.463,1,0,0,0,1
14:25:05.463,0,0,0,0,1
14:25:05.781,0,0,0,0,1
14:25:05.781,0,0,0,0,0
14:25:05.781,0,0,0,0,0
14:25:05.781,0,0,0,1,0
14:25:06.399,0,0,0,1,0
14:25:06.399,0,0,0,1,1
14:25:06.399,0,0,0,1,1
14:25:06.399,0,0,0,0,1
14:25:07.039,0,0,0,0,1
14:25:07.039,0,0,0,0,0
14:25:07.039,0,0,0,0,0
14:25:07.039,0,0,0,1,0
14:25:07.271,0,0,0,1,0
14:25:07.271,1,0,0,1,0
14:25:07.653,1,0,0,1,0
14:25:07.653,1,0,0,1,1
14:25:07.653,1,0,0,1,1
14:25:07.653,1,0,0,0,1
14:25:08.269,1,0,0,0,1
14:25:08.269,1,0,0,0,0
14:25:08.269,1,0,0,0,0
14:25:08.269,1,0,0,1,0
14:25:08.872,1,0,0,1,0
14:25:08.872,1,0,0,1,1
14:25:08.872,1,0,0,1,1
14:25:08.872,1,0,0,0,1
14:25:09.094,1,0,0,0,1
14:25:09.094,0,0,0,0,1
14:25:09.539,0,0,0,0,1
14:25:09.539,0,0,0,0,0
14:25:09.541,0,0,0,0,0
14:25:09.541,0,0,0,1,0
14:25:10.155,0,0,0,1,0
14:25:10.155,0,0,0,1,1
14:25:10.155,0,0,0,1,1
14:25:10.155,0,0,0,0,1
14:25:10.761,0,0,0,0,1
14:25:10.761,0,0,0,0,0
14:25:10.761,0,0,0,0,0
14:25:10.761,0,0,0,1,0
14:25:10.904,0,0,0,1,0
14:25:10.904,1,0,0,1,0
14:25:11.363,1,0,0,1,0
14:25:11.363,1,0,0,1,1
14:25:11.363,1,0,0,1,1
14:25:11.363,1,0,0,0,1
14:25:11.954,1,0,0,0,1
14:25:11.954,1,0,0,0,0
14:25:11.954,1,0,0,0,0
14:25:11.954,1,0,0,1,0
14:25:12.571,1,0,0,1,0
14:25:12.571,1,0,0,1,1
14:25:12.571,1,0,0,1,1
14:25:12.571,1,0,0,0,1
14:25:12.713,1,0,0,0,1
14:25:12.713,0,0,0,0,1
14:25:13.219,0,0,0,0,1
14:25:13.219,0,0,0,0,0
14:25:13.219,0,0,0,0,0
14:25:13.219,0,0,0,1,0
14:25:13.836,0,0,0,1,0
14:25:13.836,0,0,0,1,1
14:25:13.836,0,0,0,1,1
14:25:13.836,0,0,0,0,1
14:25:14.438,0,0,0,0,1
14:25:14.438,0,0,0,0,0
14:25:14.438,0,0,0,0,0
14:25:14.438,0,0,0,1,0
14:25:14.552,0,0,0,1,0
14:25:14.552,1,0,0,1,0
14:25:15.057,1,0,0,1,0
14:25:15.057,1,0,0,1,1
14:25:15.057,1,0,0,1,1
14:25:15.057,1,0,0,0,1
14:25:15.676,1,0,0,0,1
14:25:15.676,1,0,0,0,0
14:25:15.676,1,0,0,0,0
14:25:15.676,1,0,0,1,0
14:25:16.293,1,0,0,1,0
14:25:16.293,1,0,0,1,1
14:25:16.293,1,0,0,1,1
14:25:16.293,1,0,0,0,1
14:25:16.435,1,0,0,0,1
14:25:16.435,0,0,0,0,1
14:25:16.911,0,0,0,0,1
14:25:16.911,0,0,0,0,0
14:25:16.911,0,0,0,0,0
14:25:16.911,0,0,0,1,0
14:25:17.528,0,0,0,1,0
14:25:17.528,0,0,0,1,1
14:25:17.528,0,0,0,1,1
14:25:17.528,0,0,0,0,1
14:25:18.181,0,0,0,0,1
14:25:18.181,0,0,0,0,0
14:25:18.181,0,0,0,0,0
14:25:18.181,0,0,0,1,0
14:25:18.276,0,0,0,1,0
14:25:18.276,1,0,0,1,0
14:25:18.799,1,0,0,1,0
14:25:18.799,1,0,0,1,1
14:25:18.799,1,0,0,1,1
14:25:18.799,1,0,0,0,1
14:25:19.400,1,0,0,0,1
14:25:19.400,1,0,0,0,0
14:25:19.400,1,0,0,0,0
14:25:19.400,1,0,0,1,0
14:25:20.000,1,0,0,1,0
14:25:20.000,1,0,0,1,1
14:25:20.000,1,0,0,1,1
14:25:20.000,1,0,0,0,1
14:25:20.126,1,0,0,0,1
14:25:20.126,0,0,0,0,1
14:25:20.665,0,0,0,0,1
14:25:20.665,0,0,0,0,0
14:25:20.665,0,0,0,0,0
14:25:20.665,0,0,0,1,0
14:25:21.282,0,0,0,1,0
14:25:21.282,0,0,0,1,1
14:25:21.282,0,0,0,1,1
14:25:21.282,0,0,0,0,1
14:25:21.882,0,0,0,0,1
14:25:21.882,0,0,0,0,0
14:25:21.882,0,0,0,0,0
14:25:21.882,0,0,0,1,0
14:25:21.914,0,0,0,1,0
14:25:21.914,1,0,0,1,0
14:25:22.483,1,0,0,1,0
14:25:22.483,1,0,0,1,1
14:25:22.483,1,0,0,1,1
14:25:22.483,1,0,0,0,1
14:25:23.114,1,0,0,0,1
14:25:23.114,1,0,0,0,0
14:25:23.114,1,0,0,0,0
14:25:23.114,1,0,0,1,0
14:25:23.721,1,0,0,1,0
14:25:23.721,1,0,0,1,1
14:25:23.721,1,0,0,1,1
14:25:23.721,1,0,0,0,1
14:25:23.756,1,0,0,0,1
14:25:23.756,0,0,0,0,1
14:25:24.374,0,0,0,0,1
14:25:24.374,0,0,0,0,0
14:25:24.374,0,0,0,0,0
14:25:24.374,0,0,0,1,0
14:25:24.987,0,0,0,1,0
14:25:24.987,0,0,0,1,1
14:25:24.987,0,0,0,1,1
14:25:24.987,0,0,0,0,1
14:25:25.604,0,0,0,0,1
14:25:25.604,1,0,0,0,1
14:25:25.604,1,0,0,0,1
14:25:25.604,1,0,0,0,0
14:25:25.604,1,0,0,0,0
14:25:25.604,1,0,0,1,0
14:25:26.222,1,0,0,1,0
14:25:26.222,1,0,0,1,1
14:25:26.222,1,0,0,1,1
14:25:26.222,1,0,0,0,1
14:25:26.851,1,0,0,0,1
14:25:26.851,1,0,0,0,0
14:25:26.851,1,0,0,0,0
14:25:26.851,1,0,0,1,0
14:25:27.412,1,0,0,1,0
14:25:27.412,0,0,0,1,0
14:25:27.490,0,0,0,1,0
14:25:27.490,0,0,0,1,1
14:25:27.490,0,0,0,1,1
14:25:27.490,0,0,0,0,1
14:25:28.202,0,0,0,0,1
14:25:28.202,0,0,0,0,0
14:25:28.202,0,0,0,0,0
14:25:28.202,0,0,0,1,0
14:25:28.818,0,0,0,1,0
14:25:28.818,0,0,0,1,1
14:25:28.818,0,0,0,1,1
14:25:28.818,0,0,0,0,1
14:25:29.213,0,0,0,0,1
14:25:29.213,1,0,0,0,1
14:25:29.437,1,0,0,0,1
14:25:29.437,1,0,0,0,0
14:25:29.437,1,0,0,0,0
14:25:29.437,1,0,0,1,0
14:25:30.052,1,0,0,1,0
14:25:30.052,1,0,0,1,1
14:25:30.052,1,0,0,1,1
14:25:30.052,1,0,0,0,1
14:25:30.671,1,0,0,0,1
14:25:30.671,1,0,0,0,0
14:25:30.671,1,0,0,0,0
14:25:30.671,1,0,0,1,0
14:25:31.069,1,0,0,1,0
14:25:31.069,0,0,0,1,0
14:25:31.289,0,0,0,1,0
14:25:31.289,0,0,0,1,1
14:25:31.289,0,0,0,1,1
14:25:31.289,0,0,0,0,1
14:25:31.892,0,0,0,0,1
14:25:31.892,0,0,0,0,0
14:25:31.892,0,0,0,0,0
14:25:31.892,0,0,0,1,0
14:25:32.492,0,0,0,1,0
14:25:32.492,0,0,0,1,1
14:25:32.492,0,0,0,1,1
14:25:32.492,0,0,0,0,1
14:25:32.872,0,0,0,0,1
14:25:32.872,1,0,0,0,1
14:25:33.157,1,0,0,0,1
14:25:33.157,1,0,0,0,0
14:25:33.157,1,0,0,0,0
14:25:33.157,1,0,0,1,0
14:25:33.758,1,0,0,1,0
14:25:33.758,1,0,0,1,1
14:25:33.758,1,0,0,1,1
14:25:33.758,1,0,0,0,1
14:25:34.397,1,0,0,0,1
14:25:34.397,1,0,0,0,0
14:25:34.397,1,0,0,0,0
14:25:34.397,1,0,0,1,0
14:25:34.675,1,0,0,1,0
14:25:34.675,0,0,0,1,0
14:25:35.007,0,0,0,1,0
14:25:35.007,0,0,0,1,1
14:25:35.007,0,0,0,1,1
14:25:35.007,0,0,0,0,1
14:25:35.610,0,0,0,0,1
14:25:35.610,0,0,0,0,0
14:25:35.610,0,0,0,0,0
14:25:35.610,0,0,0,1,0
14:25:36.214,0,0,0,1,0
14:25:36.214,0,0,0,1,1
14:25:36.214,0,0,0,1,1
14:25:36.214,0,0,0,0,1
14:25:36.483,0,0,0,0,1
14:25:36.483,1,0,0,0,1
14:25:36.816,1,0,0,0,1
14:25:36.816,1,0,0,0,0
14:25:36.816,1,0,0,0,0
14:25:36.816,1,0,0,1,0
14:25:37.419,1,0,0,1,0
14:25:37.419,1,0,0,1,1
14:25:37.419,1,0,0,1,1
14:25:37.419,1,0,0,0,1
14:25:38.073,1,0,0,0,1
14:25:38.073,1,0,0,0,0
14:25:38.073,1,0,0,0,0
14:25:38.073,1,0,0,1,0
14:25:38.291,1,0,0,1,0
14:25:38.291,0,0,0,1,0
14:25:38.687,0,0,0,1,0
14:25:38.687,0,0,0,1,1
14:25:38.687,0,0,0,1,1
14:25:38.687,0,0,0,0,1
14:25:39.289,0,0,0,0,1
14:25:39.289,0,0,0,0,0
14:25:39.289,0,0,0,0,0
14:25:39.289,0,0,0,1,0
14:25:39.906,0,0,0,1,0
14:25:39.906,0,0,0,1,1
14:25:39.906,0,0,0,1,1
14:25:39.906,0,0,0,0,1
14:25:40.143,0,0,0,0,1
14:25:40.143,1,0,0,0,1
14:25:40.509,1,0,0,0,1
14:25:40.509,1,0,0,0,0
14:25:40.509,1,0,0,0,0
14:25:40.509,1,0,0,1,0
14:25:41.111,1,0,0,1,0
14:25:41.111,1,0,0,1,1
14:25:41.111,1,0,0,1,1
14:25:41.111,1,0,0,0,1
14:25:41.711,1,0,0,0,1
14:25:41.711,1,0,0,0,0
14:25:41.711,1,0,0,0,0
14:25:41.711,1,0,0,1,0
14:25:41.948,1,0,0,1,0
14:25:41.948,0,0,0,1,0
14:25:42.312,0,0,0,1,0
14:25:42.312,0,0,0,1,1
14:25:42.312,0,0,0,1,1
14:25:42.312,0,0,0,0,1
14:25:42.915,0,0,0,0,1
14:25:42.915,0,0,0,0,0
14:25:42.915,0,0,0,0,0
14:25:42.915,0,0,0,1,0
14:25:43.520,0,0,0,1,0
14:25:43.520,0,0,0,1,1
14:25:43.520,0,0,0,1,1
14:25:43.520,0,0,0,0,1
14:25:43.760,0,0,0,0,1
14:25:43.760,1,0,0,0,1
14:25:44.140,1,0,0,0,1
14:25:44.140,1,0,0,0,0
14:25:44.141,1,0,0,0,0
14:25:44.141,1,0,0,1,0
14:25:44.778,1,0,0,1,0
14:25:44.778,1,0,0,1,1
14:25:44.778,1,0,0,1,1
14:25:44.778,1,0,0,0,1
14:25:45.382,1,0,0,0,1
14:25:45.382,1,0,0,0,0
14:25:45.382,1,0,0,0,0
14:25:45.382,1,0,0,1,0
14:25:45.590,1,0,0,1,0
14:25:45.590,0,0,0,1,0
14:25:45.990,0,0,0,1,0
14:25:45.990,0,0,0,1,1
14:25:45.990,0,0,0,1,1
14:25:45.990,0,0,0,0,1
14:25:46.612,0,0,0,0,1
14:25:46.612,0,0,0,0,0
14:25:46.612,0,0,0,0,0
14:25:46.612,0,0,0,1,0
14:25:47.232,0,0,0,1,0
14:25:47.232,0,0,0,1,1
14:25:47.232,0,0,0,1,1
14:25:47.232,0,0,0,0,1
14:25:47.407,0,0,0,0,1
14:25:47.407,1,0,0,0,1
14:25:47.836,1,0,0,0,1
14:25:47.836,1,0,0,0,0
14:25:47.836,1,0,0,0,0
14:25:47.836,1,0,0,1,0
14:25:48.463,1,0,0,1,0
14:25:48.463,1,0,0,1,1
14:25:48.463,1,0,0,1,1
14:25:48.463,1,0,0,0,1
14:25:49.079,1,0,0,0,1
14:25:49.079,1,0,0,0,0
14:25:49.079,1,0,0,0,0
14:25:49.079,1,0,0,1,0
14:25:49.223,1,0,0,1,0
14:25:49.223,0,0,0,1,0
14:25:49.699,0,0,0,1,0
14:25:49.699,0,0,0,1,1
14:25:49.699,0,0,0,1,1
14:25:49.699,0,0,0,0,1
14:25:50.306,0,0,0,0,1
14:25:50.306,0,0,0,0,0
14:25:50.306,0,0,0,0,0
14:25:50.306,0,0,0,1,0
14:25:50.940,0,0,0,1,0
14:25:50.940,0,0,0,1,1
14:25:50.940,0,0,0,1,1
14:25:50.940,0,0,0,0,1
14:25:51.035,0,0,0,0,1
14:25:51.035,1,0,0,0,1
14:25:51.561,1,0,0,0,1
14:25:51.561,1,0,0,0,0
14:25:51.561,1,0,0,0,0
14:25:51.561,1,0,0,1,0
14:25:52.161,1,0,0,1,0
14:25:52.161,1,0,0,1,1
14:25:52.161,1,0,0,1,1
14:25:52.161,1,0,0,0,1
14:25:52.765,1,0,0,0,1
14:25:52.765,1,0,0,0,0
14:25:52.765,1,0,0,0,0
14:25:52.765,1,0,0,1,0
14:25:52.860,1,0,0,1,0
14:25:52.860,0,0,0,1,0
14:25:53.386,0,0,0,1,0
14:25:53.386,0,0,0,1,1
14:25:53.386,0,0,0,1,1
14:25:53.386,0,0,0,0,1
14:25:53.990,0,0,0,0,1
14:25:53.990,0,0,0,0,0
14:25:53.990,0,0,0,0,0
14:25:53.990,0,0,0,1,0
14:25:54.679,0,0,0,1,0
14:25:54.679,0,0,0,1,1
14:25:54.679,0,0,0,1,1
14:25:54.679,0,0,0,0,1
14:25:54.679,0,0,0,0,1
14:25:54.679,1,0,0,0,1
14:25:55.287,1,0,0,0,1
14:25:55.287,1,0,0,0,0
14:25:55.287,1,0,0,0,0
14:25:55.287,1,0,0,1,0
14:25:55.888,1,0,0,1,0
14:25:55.888,1,0,0,1,1
14:25:55.888,1,0,0,1,1
14:25:55.888,1,0,0,0,1
14:25:56.493,1,0,0,0,1
14:25:56.493,0,0,0,0,1
14:25:56.493,0,0,0,0,1
14:25:56.493,0,0,0,0,0
14:25:56.493,0,0,0,0,0
14:25:56.493,0,0,0,1,0
14:25:57.129,0,0,0,1,0
14:25:57.129,0,0,0,1,1
14:25:57.129,0,0,0,1,1
14:25:57.129,0,0,0,0,1
14:25:57.737,0,0,0,0,1
14:25:57.737,0,0,0,0,0
14:25:57.737,0,0,0,0,0
14:25:57.737,0,0,0,1,0
14:25:58.295,0,0,0,1,0
14:25:58.295,1,0,0,1,0
14:25:58.346,1,0,0,1,0
14:25:58.346,1,0,0,1,1
14:25:58.346,1,0,0,1,1
14:25:58.346,1,0,0,0,1
14:25:58.965,1,0,0,0,1
14:25:58.965,1,0,0,0,0
14:25:58.965,1,0,0,0,0
14:25:58.965,1,0,0,1,0
14:25:59.565,1,0,0,1,0
14:25:59.565,1,0,0,1,1
14:25:59.565,1,0,0,1,1
14:25:59.565,1,0,0,0,1
14:26:00.111,1,0,0,0,1
14:26:00.111,0,0,0,0,1
14:26:00.159,0,0,0,0,1
14:26:00.159,0,0,0,0,0
14:26:00.159,0,0,0,0,0
14:26:00.159,0,0,0,1,0
14:26:00.780,0,0,0,1,0
14:26:00.780,0,0,0,1,1
14:26:00.780,0,0,0,1,1
14:26:00.780,0,0,0,0,1
14:26:01.403,0,0,0,0,1
14:26:01.403,0,0,0,0,0
14:26:01.403,0,0,0,0,0
14:26:01.403,0,0,0,1,0
14:26:01.926,0,0,0,1,0
14:26:01.926,1,0,0,1,0
14:26:02.041,1,0,0,1,0
14:26:02.041,1,0,0,1,1
14:26:02.041,1,0,0,1,1
14:26:02.041,1,0,0,0,1
14:26:02.642,1,0,0,0,1
14:26:02.642,1,0,0,0,0
14:26:02.642,1,0,0,0,0
14:26:02.642,1,0,0,1,0
14:26:03.269,1,0,0,1,0
14:26:03.269,1,0,0,1,1
14:26:03.269,1,0,0,1,1
14:26:03.269,1,0,0,0,1
14:26:03.734,1,0,0,0,1
14:26:03.734,0,0,0,0,1
14:26:03.876,0,0,0,0,1
14:26:03.876,0,0,0,0,0
14:26:03.876,0,0,0,0,0
14:26:03.876,0,0,0,1,0
14:26:04.514,0,0,0,1,0
14:26:04.514,0,0,0,1,1
14:26:04.514,0,0,0,1,1
14:26:04.514,0,0,0,0,1
14:26:05.246,0,0,0,0,1
14:26:05.246,0,0,0,0,0
14:26:05.248,0,0,0,0,0
14:26:05.248,0,0,0,1,0
14:26:05.549,0,0,0,1,0
14:26:05.549,1,0,0,1,0
14:26:05.853,1,0,0,1,0
14:26:05.853,1,0,0,1,1
14:26:05.853,1,0,0,1,1
14:26:05.853,1,0,0,0,1
14:26:06.458,1,0,0,0,1
14:26:06.458,1,0,0,0,0
14:26:06.458,1,0,0,0,0
14:26:06.458,1,0,0,1,0
14:26:07.064,1,0,0,1,0
14:26:07.064,1,0,0,1,1
14:26:07.064,1,0,0,1,1
14:26:07.064,1,0,0,0,1
14:26:07.350,1,0,0,0,1
14:26:07.350,0,0,0,0,1
14:26:07.668,0,0,0,0,1
14:26:07.668,0,0,0,0,0
14:26:07.668,0,0,0,0,0
14:26:07.668,0,0,0,1,0
14:26:08.270,0,0,0,1,0
14:26:08.270,0,0,0,1,1
14:26:08.270,0,0,0,1,1
14:26:08.270,0,0,0,0,1
14:26:08.877,0,0,0,0,1
14:26:08.877,0,0,0,0,0
14:26:08.877,0,0,0,0,0
14:26:08.877,0,0,0,1,0
14:26:09.160,0,0,0,1,0
14:26:09.160,1,0,0,1,0
14:26:09.495,1,0,0,1,0
14:26:09.495,1,0,0,1,1
14:26:09.495,1,0,0,1,1
14:26:09.495,1,0,0,0,1
14:26:10.115,1,0,0,0,1
14:26:10.115,1,0,0,0,0
14:26:10.115,1,0,0,0,0
14:26:10.115,1,0,0,1,0
14:26:10.728,1,0,0,1,0
14:26:10.728,1,0,0,1,1
14:26:10.728,1,0,0,1,1
14:26:10.728,1,0,0,0,1
14:26:10.974,1,0,0,0,1
14:26:10.974,0,0,0,0,1
14:26:11.339,0,0,0,0,1
14:26:11.339,0,0,0,0,0
14:26:11.339,0,0,0,0,0
14:26:11.339,0,0,0,1,0
14:26:11.961,0,0,0,1,0
14:26:11.961,0,0,0,1,1
14:26:11.961,0,0,0,1,1
14:26:11.961,0,0,0,0,1
14:26:12.582,0,0,0,0,1
14:26:12.582,0,0,0,0,0
14:26:12.582,0,0,0,0,0
14:26:12.582,0,0,0,1,0
14:26:12.797,0,0,0,1,0
14:26:12.797,1,0,0,1,0
14:26:13.199,1,0,0,1,0
14:26:13.199,1,0,0,1,1
14:26:13.199,1,0,0,1,1
14:26:13.199,1,0,0,0,1
14:26:13.813,1,0,0,0,1
14:26:13.813,1,0,0,0,0
14:26:13.813,1,0,0,0,0
14:26:13.813,1,0,0,1,0
14:26:14.428,1,0,0,1,0
14:26:14.428,1,0,0,1,1
14:26:14.428,1,0,0,1,1
14:26:14.428,1,0,0,0,1
14:26:14.603,1,0,0,0,1
14:26:14.603,0,0,0,0,1
14:26:15.030,0,0,0,0,1
14:26:15.030,0,0,0,0,0
14:26:15.030,0,0,0,0,0
14:26:15.030,0,0,0,1,0
14:26:15.664,0,0,0,1,0
14:26:15.664,0,0,0,1,1
14:26:15.664,0,0,0,1,1
14:26:15.664,0,0,0,0,1
14:26:16.272,0,0,0,0,1
14:26:16.272,0,0,0,0,0
14:26:16.272,0,0,0,0,0
14:26:16.272,0,0,0,1,0
14:26:16.429,0,0,0,1,0
14:26:16.429,1,0,0,1,0
14:26:16.873,1,0,0,1,0
14:26:16.873,1,0,0,1,1
14:26:16.873,1,0,0,1,1
14:26:16.873,1,0,0,0,1
14:26:17.479,1,0,0,0,1
14:26:17.479,1,0,0,0,0
14:26:17.479,1,0,0,0,0
14:26:17.479,1,0,0,1,0
14:26:18.114,1,0,0,1,0
14:26:18.114,1,0,0,1,1
14:26:18.114,1,0,0,1,1
14:26:18.114,1,0,0,0,1
14:26:18.242,1,0,0,0,1
14:26:18.242,0,0,0,0,1
14:26:18.854,0,0,0,0,1
14:26:18.854,0,0,0,0,0
14:26:18.854,0,0,0,0,0
14:26:18.854,0,0,0,1,0
14:26:19.454,0,0,0,1,0
14:26:19.454,0,0,0,1,1
14:26:19.454,0,0,0,1,1
14:26:19.454,0,0,0,0,1
14:26:20.044,0,0,0,0,1
14:26:20.044,1,0,0,0,1
14:26:20.062,1,0,0,0,1
14:26:20.062,1,0,0,0,0
14:26:20.062,1,0,0,0,0
14:26:20.062,1,0,0,1,0
14:26:20.666,1,0,0,1,0
14:26:20.666,1,0,0,1,1
14:26:20.666,1,0,0,1,1
14:26:20.666,1,0,0,0,1
14:26:21.270,1,0,0,0,1
14:26:21.270,1,0,0,0,0
14:26:21.270,1,0,0,0,0
14:26:21.270,1,0,0,1,0
14:26:21.858,1,0,0,1,0
14:26:21.858,0,0,0,1,0
14:26:21.874,0,0,0,1,0
14:26:21.874,0,0,0,1,1
14:26:21.874,0,0,0,1,1
14:26:21.874,0,0,0,0,1
14:26:22.495,0,0,0,0,1
14:26:22.495,0,0,0,0,0
14:26:22.495,0,0,0,0,0
14:26:22.495,0,0,0,1,0
14:26:23.084,0,0,0,1,0
14:26:23.084,0,0,0,1,1
14:26:23.100,0,0,0,1,1
14:26:23.100,0,0,0,0,1
14:26:23.671,0,0,0,0,1
14:26:23.671,1,0,0,0,1
14:26:23.701,1,0,0,0,1
14:26:23.701,1,0,0,0,0
14:26:23.719,1,0,0,0,0
14:26:23.719,1,0,0,1,0
14:26:24.377,1,0,0,1,0
14:26:24.377,1,0,0,1,1
14:26:24.377,1,0,0,1,1
14:26:24.377,1,0,0,0,1
14:26:24.990,1,0,0,0,1
14:26:24.990,1,0,0,0,0
14:26:24.990,1,0,0,0,0
14:26:24.990,1,0,0,1,0
14:26:25.482,1,0,0,1,0
14:26:25.482,0,0,0,1,0
14:26:25.592,0,0,0,1,0
14:26:25.592,0,0,0,1,1
14:26:25.592,0,0,0,1,1
14:26:25.592,0,0,0,0,1
14:26:26.196,0,0,0,0,1
14:26:26.196,0,0,0,0,0
14:26:26.196,0,0,0,0,0
14:26:26.196,0,0,0,1,0
14:26:26.800,0,0,0,1,0
14:26:26.800,0,0,0,1,1
14:26:26.800,0,0,0,1,1
14:26:26.800,0,0,0,0,1
14:26:27.291,0,0,0,0,1
14:26:27.291,1,0,0,0,1
14:26:27.403,1,0,0,0,1
14:26:27.403,1,0,0,0,0
14:26:27.403,1,0,0,0,0
14:26:27.403,1,0,0,1,0
14:26:28.011,1,0,0,1,0
14:26:28.011,1,0,0,1,1
14:26:28.011,1,0,0,1,1
14:26:28.011,1,0,0,0,1
14:26:28.628,1,0,0,0,1
14:26:28.628,1,0,0,0,0
14:26:28.628,1,0,0,0,0
14:26:28.628,1,0,0,1,0
14:26:29.092,1,0,0,1,0
14:26:29.092,0,0,0,1,0
14:26:29.219,0,0,0,1,0
14:26:29.219,0,0,0,1,1
14:26:29.219,0,0,0,1,1
14:26:29.219,0,0,0,0,1
14:26:29.838,0,0,0,0,1
14:26:29.838,0,0,0,0,0
14:26:29.838,0,0,0,0,0
14:26:29.838,0,0,0,1,0
14:26:30.474,0,0,0,1,0
14:26:30.474,0,0,0,1,1
14:26:30.474,0,0,0,1,1
14:26:30.474,0,0,0,0,1
14:26:30.899,0,0,0,0,1
14:26:30.899,1,0,0,0,1
14:26:31.091,1,0,0,0,1
14:26:31.091,1,0,0,0,0
14:26:31.091,1,0,0,0,0
14:26:31.091,1,0,0,1,0
14:26:31.681,1,0,0,1,0
14:26:31.681,1,0,0,1,1
14:26:31.681,1,0,0,1,1
14:26:31.681,1,0,0,0,1
14:26:32.297,1,0,0,0,1
14:26:32.297,1,0,0,0,0
14:26:32.297,1,0,0,0,0
14:26:32.297,1,0,0,1,0
14:26:32.712,1,0,0,1,0
14:26:32.712,0,0,0,1,0
14:26:33.017,0,0,0,1,0
14:26:33.017,0,0,0,1,1
14:26:33.017,0,0,0,1,1
14:26:33.017,0,0,0,0,1
14:26:33.620,0,0,0,0,1
14:26:33.620,0,0,0,0,0
14:26:33.620,0,0,0,0,0
14:26:33.620,0,0,0,1,0
14:26:34.227,0,0,0,1,0
14:26:34.227,0,0,0,1,1
14:26:34.227,0,0,0,1,1
14:26:34.227,0,0,0,0,1
14:26:34.512,0,0,0,0,1
14:26:34.512,1,0,0,0,1
14:26:34.833,1,0,0,0,1
14:26:34.833,1,0,0,0,0
14:26:34.833,1,0,0,0,0
14:26:34.833,1,0,0,1,0
14:26:35.441,1,0,0,1,0
14:26:35.441,1,0,0,1,1
14:26:35.441,1,0,0,1,1
14:26:35.441,1,0,0,0,1
14:26:36.045,1,0,0,0,1
14:26:36.045,1,0,0,0,0
14:26:36.045,1,0,0,0,0
14:26:36.045,1,0,0,1,0
14:26:36.321,1,0,0,1,0
14:26:36.321,0,0,0,1,0
14:26:36.648,0,0,0,1,0
14:26:36.648,0,0,0,1,1
14:26:36.648,0,0,0,1,1
14:26:36.648,0,0,0,0,1
14:26:37.255,0,0,0,0,1
14:26:37.255,0,0,0,0,0
14:26:37.255,0,0,0,0,0
14:26:37.255,0,0,0,1,0
14:26:37.861,0,0,0,1,0
14:26:37.861,0,0,0,1,1
14:26:37.861,0,0,0,1,1
14:26:37.861,0,0,0,0,1
14:26:38.130,0,0,0,0,1
14:26:38.130,1,0,0,0,1
14:26:38.464,1,0,0,0,1
14:26:38.464,1,0,0,0,0
14:26:38.464,1,0,0,0,0
14:26:38.464,1,0,0,1,0
14:26:39.069,1,0,0,1,0
14:26:39.069,1,0,0,1,1
14:26:39.069,1,0,0,1,1
14:26:39.069,1,0,0,0,1
14:26:39.674,1,0,0,0,1
14:26:39.674,1,0,0,0,0
14:26:39.674,1,0,0,0,0
14:26:39.674,1,0,0,1,0
14:26:39.945,1,0,0,1,0
14:26:39.945,0,0,0,1,0
14:26:40.278,0,0,0,1,0
14:26:40.278,0,0,0,1,1
14:26:40.278,0,0,0,1,1
14:26:40.278,0,0,0,0,1
14:26:40.917,0,0,0,0,1
14:26:40.917,0,0,0,0,0
14:26:40.917,0,0,0,0,0
14:26:40.917,0,0,0,1,0
14:26:41.530,0,0,0,1,0
14:26:41.530,0,0,0,1,1
14:26:41.530,0,0,0,1,1
14:26:41.530,0,0,0,0,1
14:26:41.752,0,0,0,0,1
14:26:41.752,1,0,0,0,1
14:26:42.149,1,0,0,0,1
14:26:42.149,1,0,0,0,0
14:26:42.149,1,0,0,0,0
14:26:42.149,1,0,0,1,0
14:26:42.770,1,0,0,1,0
14:26:42.770,1,0,0,1,1
14:26:42.770,1,0,0,1,1
14:26:42.770,1,0,0,0,1
14:26:43.374,1,0,0,0,1
14:26:43.374,1,0,0,0,0
14:26:43.374,1,0,0,0,0
14:26:43.374,1,0,0,1,0
14:26:43.565,1,0,0,1,0
14:26:43.565,0,0,0,1,0
14:26:43.978,0,0,0,1,0
14:26:43.978,0,0,0,1,1
14:26:43.978,0,0,0,1,1
14:26:43.978,0,0,0,0,1
14:26:44.587,0,0,0,0,1
14:26:44.587,0,0,0,0,0
14:26:44.587,0,0,0,0,0
14:26:44.587,0,0,0,1,0
14:26:45.201,0,0,0,1,0
14:26:45.201,0,0,0,1,1
14:26:45.201,0,0,0,1,1
14:26:45.201,0,0,0,0,1
14:26:45.371,0,0,0,0,1
14:26:45.371,1,0,0,0,1
14:26:45.839,1,0,0,0,1
14:26:45.839,1,0,0,0,0
14:26:45.839,1,0,0,0,0
14:26:45.839,1,0,0,1,0
14:26:46.456,1,0,0,1,0
14:26:46.456,1,0,0,1,1
14:26:46.456,1,0,0,1,1
14:26:46.456,1,0,0,0,1
14:26:47.062,1,0,0,0,1
14:26:47.062,1,0,0,0,0
14:26:47.062,1,0,0,0,0
14:26:47.062,1,0,0,1,0
14:26:47.174,1,0,0,1,0
14:26:47.174,0,0,0,1,0
14:26:47.668,0,0,0,1,0
14:26:47.668,0,0,0,1,1
14:26:47.668,0,0,0,1,1
14:26:47.668,0,0,0,0,1
14:26:48.259,0,0,0,0,1
14:26:48.259,0,0,0,0,0
14:26:48.259,0,0,0,0,0
14:26:48.259,0,0,0,1,0
14:26:48.878,0,0,0,1,0
14:26:48.878,0,0,0,1,1
14:26:48.878,0,0,0,1,1
14:26:48.878,0,0,0,0,1
14:26:48.973,0,0,0,0,1
14:26:48.973,1,0,0,0,1
14:26:49.499,1,0,0,0,1
14:26:49.499,1,0,0,0,0
14:26:49.499,1,0,0,0,0
14:26:49.499,1,0,0,1,0
14:26:50.102,1,0,0,1,0
14:26:50.102,1,0,0,1,1
14:26:50.102,1,0,0,1,1
14:26:50.102,1,0,0,0,1
14:26:50.751,1,0,0,0,1
14:26:50.751,1,0,0,0,0
14:26:50.751,1,0,0,0,0
14:26:50.751,1,0,0,1,0
14:26:50.798,1,0,0,1,0
14:26:50.798,0,0,0,1,0
14:26:51.369,0,0,0,1,0
14:26:51.369,0,0,0,1,1
14:26:51.369,0,0,0,1,1
14:26:51.369,0,0,0,0,1
14:26:51.972,0,0,0,0,1
14:26:51.972,0,0,0,0,0
14:26:51.972,0,0,0,0,0
14:26:51.972,0,0,0,1,0
14:26:52.573,0,0,0,1,0
14:26:52.573,0,0,0,1,1
14:26:52.573,0,0,0,1,1
14:26:52.573,0,0,0,0,1
14:26:52.603,0,0,0,0,1
14:26:52.603,1,0,0,0,1
14:26:53.187,1,0,0,0,1
14:26:53.187,1,0,0,0,0
14:26:53.187,1,0,0,0,0
14:26:53.187,1,0,0,1,0
14:26:53.793,1,0,0,1,0
14:26:53.793,1,0,0,1,1
14:26:53.793,1,0,0,1,1
14:26:53.793,1,0,0,0,1
14:26:54.426,1,0,0,0,1
14:26:54.426,1,0,0,0,0
14:26:54.426,1,0,0,0,0
14:26:54.426,1,0,0,1,0
14:26:54.426,1,0,0,1,0
14:26:54.426,0,0,0,1,0
14:26:55.043,0,0,0,1,0
14:26:55.043,0,0,0,1,1
14:26:55.043,0,0,0,1,1
14:26:55.043,0,0,0,0,1
14:26:55.697,0,0,0,0,1
14:26:55.697,0,0,0,0,0
14:26:55.697,0,0,0,0,0
14:26:55.697,0,0,0,1,0
14:26:56.245,0,0,0,1,0
14:26:56.245,1,0,0,1,0
14:26:56.324,1,0,0,1,0
14:26:56.324,1,0,0,1,1
14:26:56.324,1,0,0,1,1
14:26:56.324,1,0,0,0,1
14:26:56.953,1,0,0,0,1
14:26:56.953,1,0,0,0,0
14:26:56.953,1,0,0,0,0
14:26:56.953,1,0,0,1,0
14:26:57.562,1,0,0,1,0
14:26:57.562,1,0,0,1,1
14:26:57.562,1,0,0,1,1
14:26:57.562,1,0,0,0,1
14:26:58.054,1,0,0,0,1
14:26:58.054,0,0,0,0,1
14:26:58.216,0,0,0,0,1
14:26:58.216,0,0,0,0,0
14:26:58.216,0,0,0,0,0
14:26:58.216,0,0,0,1,0
14:26:58.829,0,0,0,1,0
14:26:58.829,0,0,0,1,1
14:26:58.829,0,0,0,1,1
14:26:58.829,0,0,0,0,1
14:26:59.445,0,0,0,0,1
14:26:59.445,0,0,0,0,0
14:26:59.445,0,0,0,0,0
14:26:59.445,0,0,0,1,0
14:26:59.857,0,0,0,1,0
14:26:59.857,1,0,0,1,0
14:27:00.062,1,0,0,1,0
14:27:00.062,1,0,0,1,1
14:27:00.062,1,0,0,1,1
14:27:00.062,1,0,0,0,1
14:27:00.710,1,0,0,0,1
14:27:00.710,1,0,0,0,0
14:27:00.710,1,0,0,0,0
14:27:00.710,1,0,0,1,0
14:27:01.313,1,0,0,1,0
14:27:01.313,1,0,0,1,1
14:27:01.313,1,0,0,1,1
14:27:01.313,1,0,0,0,1
14:27:01.663,1,0,0,0,1
14:27:01.663,0,0,0,0,1
14:27:01.917,0,0,0,0,1
14:27:01.917,0,0,0,0,0
14:27:01.917,0,0,0,0,0
14:27:01.917,0,0,0,1,0
14:27:02.519,0,0,0,1,0
14:27:02.519,0,0,0,1,1
14:27:02.519,0,0,0,1,1
14:27:02.519,0,0,0,0,1
14:27:03.122,0,0,0,0,1
14:27:03.122,0,0,0,0,0
14:27:03.122,0,0,0,0,0
14:27:03.122,0,0,0,1,0
14:27:03.472,0,0,0,1,0
14:27:03.472,1,0,0,1,0
14:27:03.725,1,0,0,1,0
14:27:03.725,1,0,0,1,1
14:27:03.725,1,0,0,1,1
14:27:03.725,1,0,0,0,1
14:27:04.326,1,0,0,0,1
14:27:04.326,1,0,0,0,0
14:27:04.326,1,0,0,0,0
14:27:04.326,1,0,0,1,0
14:27:04.928,1,0,0,1,0
14:27:04.928,1,0,0,1,1
14:27:04.928,1,0,0,1,1
14:27:04.928,1,0,0,0,1
14:27:05.278,1,0,0,0,1
14:27:05.278,0,0,0,0,1
14:27:05.532,0,0,0,0,1
14:27:05.532,0,0,0,0,0
14:27:05.532,0,0,0,0,0
14:27:05.532,0,0,0,1,0
14:27:06.168,0,0,0,1,0
14:27:06.168,0,0,0,1,1
14:27:06.168,0,0,0,1,1
14:27:06.168,0,0,0,0,1
14:27:06.947,0,0,0,0,1
14:27:06.947,0,0,0,0,0
14:27:06.947,0,0,0,0,0
14:27:06.947,0,0,0,1,0
14:27:07.089,0,0,0,1,0
14:27:07.089,1,0,0,1,0
14:27:07.549,1,0,0,1,0
14:27:07.549,1,0,0,1,1
14:27:07.549,1,0,0,1,1
14:27:07.549,1,0,0,0,1
14:27:08.153,1,0,0,0,1
14:27:08.153,1,0,0,0,0
14:27:08.153,1,0,0,0,0
14:27:08.153,1,0,0,1,0
14:27:08.758,1,0,0,1,0
14:27:08.758,1,0,0,1,1
14:27:08.758,1,0,0,1,1
14:27:08.758,1,0,0,0,1
14:27:08.998,1,0,0,0,1
14:27:08.998,0,0,0,0,1
14:27:09.363,0,0,0,0,1
14:27:09.363,0,0,0,0,0
14:27:09.363,0,0,0,0,0
14:27:09.363,0,0,0,1,0
14:27:09.965,0,0,0,1,0
14:27:09.965,0,0,0,1,1
14:27:09.965,0,0,0,1,1
14:27:09.965,0,0,0,0,1
14:27:10.569,0,0,0,0,1
14:27:10.569,0,0,0,0,0
14:27:10.569,0,0,0,0,0
14:27:10.569,0,0,0,1,0
14:27:10.807,0,0,0,1,0
14:27:10.807,1,0,0,1,0
14:27:11.171,1,0,0,1,0
14:27:11.171,1,0,0,1,1
14:27:11.171,1,0,0,1,1
14:27:11.171,1,0,0,0,1
14:27:11.772,1,0,0,0,1
14:27:11.772,1,0,0,0,0
14:27:11.772,1,0,0,0,0
14:27:11.772,1,0,0,1,0
14:27:12.360,1,0,0,1,0
14:27:12.360,1,0,0,1,1
14:27:12.360,1,0,0,1,1
14:27:12.360,1,0,0,0,1
14:27:12.614,1,0,0,0,1
14:27:12.614,0,0,0,0,1
14:27:12.981,0,0,0,0,1
14:27:12.981,0,0,0,0,0
14:27:12.981,0,0,0,0,0
14:27:12.981,0,0,0,1,0
14:27:13.643,0,0,0,1,0
14:27:13.643,0,0,0,1,1
14:27:13.643,0,0,0,1,1
14:27:13.643,0,0,0,0,1
14:27:14.247,0,0,0,0,1
14:27:14.247,0,0,0,0,0
14:27:14.247,0,0,0,0,0
14:27:14.247,0,0,0,1,0
14:27:14.422,0,0,0,1,0
14:27:14.422,1,0,0,1,0
14:27:14.852,1,0,0,1,0
14:27:14.852,1,0,0,1,1
14:27:14.852,1,0,0,1,1
14:27:14.852,1,0,0,0,1
14:27:15.453,1,0,0,0,1
14:27:15.453,1,0,0,0,0
14:27:15.453,1,0,0,0,0
14:27:15.453,1,0,0,1,0
14:27:16.055,1,0,0,1,0
14:27:16.055,1,0,0,1,1
14:27:16.055,1,0,0,1,1
14:27:16.055,1,0,0,0,1
14:27:16.229,1,0,0,0,1
14:27:16.229,0,0,0,0,1
14:27:16.656,0,0,0,0,1
14:27:16.656,0,0,0,0,0
14:27:16.656,0,0,0,0,0
14:27:16.656,0,0,0,1,0
14:27:17.259,0,0,0,1,0
14:27:17.259,0,0,0,1,1
14:27:17.259,0,0,0,1,1
14:27:17.259,0,0,0,0,1
14:27:17.863,0,0,0,0,1
14:27:17.863,0,0,0,0,0
14:27:17.863,0,0,0,0,0
14:27:17.863,0,0,0,1,0
14:27:18.038,0,0,0,1,0
14:27:18.038,1,0,0,1,0
14:27:18.467,1,0,0,1,0
14:27:18.467,1,0,0,1,1
14:27:18.467,1,0,0,1,1
14:27:18.467,1,0,0,0,1
14:27:19.070,1,0,0,0,1
14:27:19.070,1,0,0,0,0
14:27:19.070,1,0,0,0,0
14:27:19.070,1,0,0,1,0
14:27:19.671,1,0,0,1,0
14:27:19.671,1,0,0,1,1
14:27:19.671,1,0,0,1,1
14:27:19.671,1,0,0,0,1
14:27:19.842,1,0,0,0,1
14:27:19.842,0,0,0,0,1
14:27:20.351,0,0,0,0,1
14:27:20.351,0,0,0,0,0
14:27:20.351,0,0,0,0,0
14:27:20.351,0,0,0,1,0
14:27:20.954,0,0,0,1,0
14:27:20.954,0,0,0,1,1
14:27:20.954,0,0,0,1,1
14:27:20.954,0,0,0,0,1
14:27:21.556,0,0,0,0,1
14:27:21.556,0,0,0,0,0
14:27:21.556,0,0,0,0,0
14:27:21.556,0,0,0,1,0
14:27:21.652,0,0,0,1,0
14:27:21.652,1,0,0,1,0
14:27:22.159,1,0,0,1,0
14:27:22.159,1,0,0,1,1
14:27:22.159,1,0,0,1,1
14:27:22.159,1,0,0,0,1
14:27:22.803,1,0,0,0,1
14:27:22.803,1,0,0,0,0
14:27:22.803,1,0,0,0,0
14:27:22.803,1,0,0,1,0
14:27:23.413,1,0,0,1,0
14:27:23.413,1,0,0,1,1
14:27:23.413,1,0,0,1,1
14:27:23.413,1,0,0,0,1
14:27:23.493,1,0,0,0,1
14:27:23.493,0,0,0,0,1
14:27:24.054,0,0,0,0,1
14:27:24.054,0,0,0,0,0
14:27:24.054,0,0,0,0,0
14:27:24.054,0,0,0,1,0
14:27:24.655,0,0,0,1,0
14:27:24.655,0,0,0,1,1
14:27:24.655,0,0,0,1,1
14:27:24.655,0,0,0,0,1
14:27:25.259,0,0,0,0,1
14:27:25.259,0,0,0,0,0
14:27:25.259,0,0,0,0,0
14:27:25.259,0,0,0,1,0
14:27:25.291,0,0,0,1,0
14:27:25.291,1,0,0,1,0
14:27:25.880,1,0,0,1,0
14:27:25.880,1,0,0,1,1
14:27:25.880,1,0,0,1,1
14:27:25.880,1,0,0,0,1
14:27:26.486,1,0,0,0,1
14:27:26.486,1,0,0,0,0
14:27:26.486,1,0,0,0,0
14:27:26.486,1,0,0,1,0
14:27:27.105,1,0,0,1,0
14:27:27.105,1,0,0,1,1
14:27:27.105,1,0,0,1,1
14:27:27.105,1,0,0,0,1
14:27:27.105,1,0,0,0,1
14:27:27.105,0,0,0,0,1
14:27:27.710,0,0,0,0,1
14:27:27.710,0,0,0,0,0
14:27:27.710,0,0,0,0,0
14:27:27.710,0,0,0,1,0
14:27:28.331,0,0,0,1,0
14:27:28.331,0,0,0,1,1
14:27:28.331,0,0,0,1,1
14:27:28.331,0,0,0,0,1
14:27:28.939,0,0,0,0,1
14:27:28.939,1,0,0,0,1
14:27:28.939,1,0,0,0,1
14:27:28.939,1,0,0,0,0
14:27:28.939,1,0,0,0,0
14:27:28.939,1,0,0,1,0
14:27:29.557,1,0,0,1,0
14:27:29.557,1,0,0,1,1
14:27:29.558,1,0,0,1,1
14:27:29.558,1,0,0,0,1
14:27:30.185,1,0,0,0,1
14:27:30.185,1,0,0,0,0
14:27:30.185,1,0,0,0,0
14:27:30.185,1,0,0,1,0
14:27:30.752,1,0,0,1,0
14:27:30.752,0,0,0,1,0
14:27:30.800,0,0,0,1,0
14:27:30.800,0,0,0,1,1
14:27:30.800,0,0,0,1,1
14:27:30.800,0,0,0,0,1
14:27:31.423,0,0,0,0,1
14:27:31.423,0,0,0,0,0
14:27:31.423,0,0,0,0,0
14:27:31.423,0,0,0,1,0
14:27:32.030,0,0,0,1,0
14:27:32.030,0,0,0,1,1
14:27:32.030,0,0,0,1,1
14:27:32.030,0,0,0,0,1
14:27:32.559,0,0,0,0,1
14:27:32.559,1,0,0,0,1
14:27:32.632,1,0,0,0,1
14:27:32.632,1,0,0,0,0
14:27:32.632,1,0,0,0,0
14:27:32.632,1,0,0,1,0
14:27:33.241,1,0,0,1,0
14:27:33.241,1,0,0,1,1
14:27:33.241,1,0,0,1,1
14:27:33.241,1,0,0,0,1
14:27:33.848,1,0,0,0,1
14:27:33.848,1,0,0,0,0
14:27:33.848,1,0,0,0,0
14:27:33.848,1,0,0,1,0
14:27:34.629,1,0,0,1,0
14:27:34.629,0,0,0,1,0
14:27:34.629,0,0,0,1,0
14:27:34.629,0,0,0,1,1
14:27:34.633,0,0,0,1,1
14:27:34.633,0,0,0,0,1
14:27:35.237,0,0,0,0,1
14:27:35.237,0,0,0,0,0
14:27:35.237,0,0,0,0,0
14:27:35.237,0,0,0,1,0
14:27:35.840,0,0,0,1,0
14:27:35.840,0,0,0,1,1
14:27:35.840,0,0,0,1,1
14:27:35.840,0,0,0,0,1
14:27:36.447,0,0,0,0,1
14:27:36.447,1,0,0,0,1
14:27:36.447,1,0,0,0,1
14:27:36.447,1,0,0,0,0
14:27:36.447,1,0,0,0,0
14:27:36.447,1,0,0,1,0
14:27:37.051,1,0,0,1,0
14:27:37.051,1,0,0,1,1
14:27:37.051,1,0,0,1,1
14:27:37.051,1,0,0,0,1
14:27:37.657,1,0,0,0,1
14:27:37.657,1,0,0,0,0
14:27:37.657,1,0,0,0,0
14:27:37.657,1,0,0,1,0
14:27:38.261,1,0,0,1,0
14:27:38.261,0,0,0,1,0
14:27:38.261,0,0,0,1,0
14:27:38.261,0,0,0,1,1
14:27:38.261,0,0,0,1,1
14:27:38.261,0,0,0,0,1
14:27:38.866,0,0,0,0,1
14:27:38.866,0,0,0,0,0
14:27:38.866,0,0,0,0,0
14:27:38.866,0,0,0,1,0
14:27:39.470,0,0,0,1,0
14:27:39.470,0,0,0,1,1
14:27:39.470,0,0,0,1,1
14:27:39.470,0,0,0,0,1
14:27:40.059,0,0,0,0,1
14:27:40.059,1,0,0,0,1
14:27:40.059,1,0,0,0,1
14:27:40.059,1,0,0,0,0
14:27:40.059,1,0,0,0,0
14:27:40.059,1,0,0,1,0
14:27:40.675,1,0,0,1,0
14:27:40.675,1,0,0,1,1
14:27:40.675,1,0,0,1,1
14:27:40.675,1,0,0,0,1
14:27:41.296,1,0,0,0,1
14:27:41.296,1,0,0,0,0
14:27:41.296,1,0,0,0,0
14:27:41.296,1,0,0,1,0
14:27:41.885,1,0,0,1,0
14:27:41.885,0,0,0,1,0
14:27:41.964,0,0,0,1,0
14:27:41.964,0,0,0,1,1
14:27:41.964,0,0,0,1,1
14:27:41.964,0,0,0,0,1
14:27:42.568,0,0,0,0,1
14:27:42.568,0,0,0,0,0
14:27:42.568,0,0,0,0,0
14:27:42.568,0,0,0,1,0
14:27:43.172,0,0,0,1,0
14:27:43.172,0,0,0,1,1
14:27:43.172,0,0,0,1,1
14:27:43.172,0,0,0,0,1
14:27:43.696,0,0,0,0,1
14:27:43.696,1,0,0,0,1
14:27:43.774,1,0,0,0,1
14:27:43.774,1,0,0,0,0
14:27:43.774,1,0,0,0,0
14:27:43.774,1,0,0,1,0
14:27:44.375,1,0,0,1,0
14:27:44.375,1,0,0,1,1
14:27:44.375,1,0,0,1,1
14:27:44.375,1,0,0,0,1
14:27:45.000,1,0,0,0,1
14:27:45.000,1,0,0,0,0
14:27:45.000,1,0,0,0,0
14:27:45.000,1,0,0,1,0
14:27:45.507,1,0,0,1,0
14:27:45.507,0,0,0,1,0
14:27:45.602,0,0,0,1,0
14:27:45.602,0,0,0,1,1
14:27:45.603,0,0,0,1,1
14:27:45.603,0,0,0,0,1
14:27:46.224,0,0,0,0,1
14:27:46.224,0,0,0,0,0
14:27:46.224,0,0,0,0,0
14:27:46.224,0,0,0,1,0
14:27:46.848,0,0,0,1,0
14:27:46.848,0,0,0,1,1
14:27:46.848,0,0,0,1,1
14:27:46.848,0,0,0,0,1
14:27:47.308,0,0,0,0,1
14:27:47.308,1,0,0,0,1
14:27:47.482,1,0,0,0,1
14:27:47.482,1,0,0,0,0
14:27:47.482,1,0,0,0,0
14:27:47.482,1,0,0,1,0
14:27:48.089,1,0,0,1,0
14:27:48.089,1,0,0,1,1
14:27:48.089,1,0,0,1,1
14:27:48.089,1,0,0,0,1
14:27:48.713,1,0,0,0,1
14:27:48.713,1,0,0,0,0
14:27:48.713,1,0,0,0,0
14:27:48.713,1,0,0,1,0
14:27:49.128,1,0,0,1,0
14:27:49.128,0,0,0,1,0
14:27:49.335,0,0,0,1,0
14:27:49.335,0,0,0,1,1
14:27:49.335,0,0,0,1,1
14:27:49.335,0,0,0,0,1
14:27:49.971,0,0,0,0,1
14:27:49.971,0,0,0,0,0
14:27:49.971,0,0,0,0,0
14:27:49.971,0,0,0,1,0
14:27:50.587,0,0,0,1,0
14:27:50.587,0,0,0,1,1
14:27:50.587,0,0,0,1,1
14:27:50.587,0,0,0,0,1
14:27:50.955,0,0,0,0,1
14:27:50.955,1,0,0,0,1
14:27:51.210,1,0,0,0,1
14:27:51.210,1,0,0,0,0
14:27:51.211,1,0,0,0,0
14:27:51.211,1,0,0,1,0
14:27:51.811,1,0,0,1,0
14:27:51.811,1,0,0,1,1
14:27:51.811,1,0,0,1,1
14:27:51.811,1,0,0,0,1
14:27:52.420,1,0,0,0,1
14:27:52.420,1,0,0,0,0
14:27:52.420,1,0,0,0,0
14:27:52.420,1,0,0,1,0
14:27:52.770,1,0,0,1,0
14:27:52.770,0,0,0,1,0
14:27:53.026,0,0,0,1,0
14:27:53.026,0,0,0,1,1
14:27:53.027,0,0,0,1,1
14:27:53.027,0,0,0,0,1
14:27:53.779,0,0,0,0,1
14:27:53.779,0,0,0,0,0
14:27:53.779,0,0,0,0,0
14:27:53.779,0,0,0,1,0
14:27:54.382,0,0,0,1,0
14:27:54.382,0,0,0,1,1
14:27:54.382,0,0,0,1,1
14:27:54.382,0,0,0,0,1
14:27:54.574,0,0,0,0,1
14:27:54.574,1,0,0,0,1
14:27:54.987,1,0,0,0,1
14:27:54.987,1,0,0,0,0
14:27:54.987,1,0,0,0,0
14:27:54.987,1,0,0,1,0
14:27:55.590,1,0,0,1,0
14:27:55.590,1,0,0,1,1
14:27:55.590,1,0,0,1,1
14:27:55.590,1,0,0,0,1
14:27:56.208,1,0,0,0,1
14:27:56.208,1,0,0,0,0
14:27:56.208,1,0,0,0,0
14:27:56.208,1,0,0,1,0
14:27:56.382,1,0,0,1,0
14:27:56.382,0,0,0,1,0
14:27:56.829,0,0,0,1,0
14:27:56.829,0,0,0,1,1
14:27:56.829,0,0,0,1,1
14:27:56.829,0,0,0,0,1
14:27:57.496,0,0,0,0,1
14:27:57.496,0,0,0,0,0
14:27:57.496,0,0,0,0,0
14:27:57.496,0,0,0,1,0
14:27:58.101,0,0,0,1,0
14:27:58.101,0,0,0,1,1
14:27:58.101,0,0,0,1,1
14:27:58.101,0,0,0,0,1
14:27:58.180,0,0,0,0,1
14:27:58.180,1,0,0,0,1
14:27:58.721,1,0,0,0,1
14:27:58.721,1,0,0,0,0
14:27:58.721,1,0,0,0,0
14:27:58.721,1,0,0,1,0
14:27:59.325,1,0,0,1,0
14:27:59.325,1,0,0,1,1
14:27:59.325,1,0,0,1,1
14:27:59.325,1,0,0,0,1
14:27:59.952,1,0,0,0,1
14:27:59.952,1,0,0,0,0
14:27:59.952,1,0,0,0,0
14:27:59.952,1,0,0,1,0
14:28:00.038,1,0,0,1,0
14:28:00.038,0,0,0,1,0
14:28:00.563,0,0,0,1,0
14:28:00.563,0,0,0,1,1
14:28:00.563,0,0,0,1,1
14:28:00.563,0,0,0,0,1
14:28:01.167,0,0,0,0,1
14:28:01.167,0,0,0,0,0
14:28:01.167,0,0,0,0,0
14:28:01.167,0,0,0,1,0
14:28:01.774,0,0,0,1,0
14:28:01.774,0,0,0,1,1
14:28:01.774,0,0,0,1,1
14:28:01.774,0,0,0,0,1
14:28:01.837,0,0,0,0,1
14:28:01.837,1,0,0,0,1
14:28:02.374,1,0,0,0,1
14:28:02.374,1,0,0,0,0
14:28:02.374,1,0,0,0,0
14:28:02.374,1,0,0,1,0
14:28:03.012,1,0,0,1,0
14:28:03.012,1,0,0,1,1
14:28:03.012,1,0,0,1,1
14:28:03.012,1,0,0,0,1
14:28:03.628,1,0,0,0,1
14:28:03.628,1,0,0,0,0
14:28:03.628,1,0,0,0,0
14:28:03.628,1,0,0,1,0
14:28:03.660,1,0,0,1,0
14:28:03.660,0,0,0,1,0
14:28:04.231,0,0,0,1,0
14:28:04.231,0,0,0,1,1
14:28:04.231,0,0,0,1,1
14:28:04.231,0,0,0,0,1
14:28:04.837,0,0,0,0,1
14:28:04.837,0,0,0,0,0
14:28:04.837,0,0,0,0,0
14:28:04.837,0,0,0,1,0
14:28:05.460,0,0,0,1,0
14:28:05.460,0,0,0,1,1
14:28:05.460,0,0,0,1,1
14:28:05.460,0,0,0,0,1
14:28:05.496,0,0,0,0,1
14:28:05.496,1,0,0,0,1
14:28:06.105,1,0,0,0,1
14:28:06.105,1,0,0,0,0
14:28:06.107,1,0,0,0,0
14:28:06.107,1,0,0,1,0
14:28:06.714,1,0,0,1,0
14:28:06.714,1,0,0,1,1
14:28:06.714,1,0,0,1,1
14:28:06.714,1,0,0,0,1
14:28:07.330,1,0,0,0,1
14:28:07.330,0,0,0,0,1
14:28:07.330,0,0,0,0,1
14:28:07.330,0,0,0,0,0
14:28:07.330,0,0,0,0,0
14:28:07.330,0,0,0,1,0
14:28:08.086,0,0,0,1,0
14:28:08.086,0,0,0,1,1
14:28:08.086,0,0,0,1,1
14:28:08.086,0,0,0,0,1
14:28:08.688,0,0,0,0,1
14:28:08.688,0,0,0,0,0
14:28:08.688,0,0,0,0,0
14:28:08.688,0,0,0,1,0
14:28:09.132,0,0,0,1,0
14:28:09.132,1,0,0,1,0
14:28:09.290,1,0,0,1,0
14:28:09.290,1,0,0,1,1
14:28:09.290,1,0,0,1,1
14:28:09.290,1,0,0,0,1
14:28:09.893,1,0,0,0,1
14:28:09.893,1,0,0,0,0
14:28:09.893,1,0,0,0,0
14:28:09.893,1,0,0,1,0
14:28:10.498,1,0,0,1,0
14:28:10.498,1,0,0,1,1
14:28:10.498,1,0,0,1,1
14:28:10.498,1,0,0,0,1
14:28:10.941,1,0,0,0,1
14:28:10.941,0,0,0,0,1
14:28:11.179,0,0,0,0,1
14:28:11.179,0,0,0,0,0
14:28:11.179,0,0,0,0,0
14:28:11.179,0,0,0,1,0
14:28:11.783,0,0,0,1,0
14:28:11.783,0,0,0,1,1
14:28:11.783,0,0,0,1,1
14:28:11.783,0,0,0,0,1
14:28:12.389,0,0,0,0,1
14:28:12.389,0,0,0,0,0
14:28:12.389,0,0,0,0,0
14:28:12.389,0,0,0,1,0
14:28:12.754,0,0,0,1,0
14:28:12.754,1,0,0,1,0
14:28:12.994,1,0,0,1,0
14:28:12.994,1,0,0,1,1
14:28:12.994,1,0,0,1,1
14:28:12.994,1,0,0,0,1
14:28:13.597,1,0,0,0,1
14:28:13.597,1,0,0,0,0
14:28:13.597,1,0,0,0,0
14:28:13.597,1,0,0,1,0
14:28:14.206,1,0,0,1,0
14:28:14.206,1,0,0,1,1
14:28:14.206,1,0,0,1,1
14:28:14.206,1,0,0,0,1
14:28:14.769,1,0,0,0,1
14:28:14.769,0,0,0,0,1
14:28:14.844,0,0,0,0,1
14:28:14.844,0,0,0,0,0
14:28:14.844,0,0,0,0,0
14:28:14.844,0,0,0,1,0
14:28:15.464,0,0,0,1,0
14:28:15.464,0,0,0,1,1
14:28:15.465,0,0,0,1,1
14:28:15.465,0,0,0,0,1
14:28:16.069,0,0,0,0,1
14:28:16.069,0,0,0,0,0
14:28:16.069,0,0,0,0,0
14:28:16.069,0,0,0,1,0
14:28:16.577,0,0,0,1,0
14:28:16.577,1,0,0,1,0
14:28:16.673,1,0,0,1,0
14:28:16.673,1,0,0,1,1
14:28:16.673,1,0,0,1,1
14:28:16.673,1,0,0,0,1
14:28:17.274,1,0,0,0,1
14:28:17.274,1,0,0,0,0
14:28:17.274,1,0,0,0,0
14:28:17.274,1,0,0,1,0
14:28:17.883,1,0,0,1,0
14:28:17.883,1,0,0,1,1
14:28:17.883,1,0,0,1,1
14:28:17.883,1,0,0,0,1
14:28:18.390,1,0,0,0,1
14:28:18.390,0,0,0,0,1
14:28:18.485,0,0,0,0,1
14:28:18.485,0,0,0,0,0
14:28:18.485,0,0,0,0,0
14:28:18.485,0,0,0,1,0
14:28:19.086,0,0,0,1,0
14:28:19.086,0,0,0,1,1
14:28:19.086,0,0,0,1,1
14:28:19.086,0,0,0,0,1
14:28:19.690,0,0,0,0,1
14:28:19.690,0,0,0,0,0
14:28:19.690,0,0,0,0,0
14:28:19.690,0,0,0,1,0
14:28:20.200,0,0,0,1,0
14:28:20.200,1,0,0,1,0
14:28:20.323,1,0,0,1,0
14:28:20.323,1,0,0,1,1
14:28:20.323,1,0,0,1,1
14:28:20.323,1,0,0,0,1
14:28:20.933,1,0,0,0,1
14:28:20.933,1,0,0,0,0
14:28:20.933,1,0,0,0,0
14:28:20.933,1,0,0,1,0
14:28:21.538,1,0,0,1,0
14:28:21.538,1,0,0,1,1
14:28:21.539,1,0,0,1,1
14:28:21.539,1,0,0,0,1
14:28:22.000,1,0,0,0,1
14:28:22.000,0,0,0,0,1
14:28:22.143,0,0,0,0,1
14:28:22.143,0,0,0,0,0
14:28:22.143,0,0,0,0,0
14:28:22.143,0,0,0,1,0
14:28:22.876,0,0,0,1,0
14:28:22.876,0,0,0,1,1
14:28:22.876,0,0,0,1,1
14:28:22.876,0,0,0,0,1
14:28:23.482,0,0,0,0,1
14:28:23.482,0,0,0,0,0
14:28:23.482,0,0,0,0,0
14:28:23.482,0,0,0,1,0
14:28:23.802,0,0,0,1,0
14:28:23.802,1,0,0,1,0
14:28:24.089,1,0,0,1,0
14:28:24.089,1,0,0,1,1
14:28:24.089,1,0,0,1,1
14:28:24.089,1,0,0,0,1
14:28:24.934,1,0,0,0,1
14:28:24.934,1,0,0,0,0
14:28:24.938,1,0,0,0,0
14:28:24.938,1,0,0,1,0
14:28:25.553,1,0,0,1,0
14:28:25.553,1,0,0,1,1
14:28:25.553,1,0,0,1,1
14:28:25.553,1,0,0,0,1
14:28:25.648,1,0,0,0,1
14:28:25.648,0,0,0,0,1
14:28:26.157,0,0,0,0,1
14:28:26.157,0,0,0,0,0
14:28:26.157,0,0,0,0,0
14:28:26.157,0,0,0,1,0
14:28:26.761,0,0,0,1,0
14:28:26.761,0,0,0,1,1
14:28:26.761,0,0,0,1,1
14:28:26.761,0,0,0,0,1
14:28:27.369,0,0,0,0,1
14:28:27.369,0,0,0,0,0
14:28:27.369,0,0,0,0,0
14:28:27.369,0,0,0,1,0
14:28:27.464,0,0,0,1,0
14:28:27.464,1,0,0,1,0
14:28:27.973,1,0,0,1,0
14:28:27.973,1,0,0,1,1
14:28:27.973,1,0,0,1,1
14:28:27.973,1,0,0,0,1
14:28:28.581,1,0,0,0,1
14:28:28.581,1,0,0,0,0
14:28:28.581,1,0,0,0,0
14:28:28.581,1,0,0,1,0
14:28:29.188,1,0,0,1,0
14:28:29.188,1,0,0,1,1
14:28:29.188,1,0,0,1,1
14:28:29.188,1,0,0,0,1
14:28:29.267,1,0,0,0,1
14:28:29.267,0,0,0,0,1
14:28:29.793,0,0,0,0,1
14:28:29.793,0,0,0,0,0
14:28:29.793,0,0,0,0,0
14:28:29.793,0,0,0,1,0
14:28:30.398,0,0,0,1,0
14:28:30.398,0,0,0,1,1
14:28:30.398,0,0,0,1,1
14:28:30.398,0,0,0,0,1
14:28:31.004,0,0,0,0,1
14:28:31.004,0,0,0,0,0
14:28:31.004,0,0,0,0,0
14:28:31.004,0,0,0,1,0
14:28:31.068,0,0,0,1,0
14:28:31.068,1,0,0,1,0
14:28:31.612,1,0,0,1,0
14:28:31.612,1,0,0,1,1
14:28:31.612,1,0,0,1,1
14:28:31.612,1,0,0,0,1
14:28:32.219,1,0,0,0,1
14:28:32.219,1,0,0,0,0
14:28:32.219,1,0,0,0,0
14:28:32.219,1,0,0,1,0
14:28:32.827,1,0,0,1,0
14:28:32.827,1,0,0,1,1
14:28:32.827,1,0,0,1,1
14:28:32.827,1,0,0,0,1
14:28:32.899,1,0,0,0,1
14:28:32.899,0,0,0,0,1
14:28:33.426,0,0,0,0,1
14:28:33.426,0,0,0,0,0
14:28:33.428,0,0,0,0,0
14:28:33.428,0,0,0,1,0
14:28:34.038,0,0,0,1,0
14:28:34.038,0,0,0,1,1
14:28:34.038,0,0,0,1,1
14:28:34.038,0,0,0,0,1
14:28:34.643,0,0,0,0,1
14:28:34.643,0,0,0,0,0
14:28:34.643,0,0,0,0,0
14:28:34.643,0,0,0,1,0
14:28:34.723,0,0,0,1,0
14:28:34.723,1,0,0,1,0
14:28:35.264,1,0,0,1,0
14:28:35.264,1,0,0,1,1
14:28:35.264,1,0,0,1,1
14:28:35.264,1,0,0,0,1
14:28:35.879,1,0,0,0,1
14:28:35.879,1,0,0,0,0
14:28:35.879,1,0,0,0,0
14:28:35.879,1,0,0,1,0
14:28:36.490,1,0,0,1,0
14:28:36.490,1,0,0,1,1
14:28:36.490,1,0,0,1,1
14:28:36.490,1,0,0,0,1
14:28:36.524,1,0,0,0,1
14:28:36.524,0,0,0,0,1
14:28:37.113,0,0,0,0,1
14:28:37.113,0,0,0,0,0
14:28:37.113,0,0,0,0,0
14:28:37.113,0,0,0,1,0
14:28:37.734,0,0,0,1,0
14:28:37.734,0,0,0,1,1
14:28:37.734,0,0,0,1,1
14:28:37.734,0,0,0,0,1
14:28:38.323,0,0,0,0,1
14:28:38.323,1,0,0,0,1
14:28:38.344,1,0,0,0,1
14:28:38.344,1,0,0,0,0
14:28:38.344,1,0,0,0,0
14:28:38.344,1,0,0,1,0
14:28:38.960,1,0,0,1,0
14:28:38.960,1,0,0,1,1
14:28:38.960,1,0,0,1,1
14:28:38.960,1,0,0,0,1
14:28:39.579,1,0,0,0,1
14:28:39.579,1,0,0,0,0
14:28:39.579,1,0,0,0,0
14:28:39.579,1,0,0,1,0
14:28:40.136,1,0,0,1,0
14:28:40.136,0,0,0,1,0
14:28:40.215,0,0,0,1,0
14:28:40.215,0,0,0,1,1
14:28:40.215,0,0,0,1,1
14:28:40.215,0,0,0,0,1
14:28:40.818,0,0,0,0,1
14:28:40.818,0,0,0,0,0
14:28:40.818,0,0,0,0,0
14:28:40.818,0,0,0,1,0
14:28:41.423,0,0,0,1,0
14:28:41.423,0,0,0,1,1
14:28:41.423,0,0,0,1,1
14:28:41.423,0,0,0,0,1
14:28:41.948,0,0,0,0,1
14:28:41.948,1,0,0,0,1
14:28:42.058,1,0,0,0,1
14:28:42.058,1,0,0,0,0
14:28:42.058,1,0,0,0,0
14:28:42.058,1,0,0,1,0
14:28:42.663,1,0,0,1,0
14:28:42.663,1,0,0,1,1
14:28:42.663,1,0,0,1,1
14:28:42.663,1,0,0,0,1
14:28:43.280,1,0,0,0,1
14:28:43.280,1,0,0,0,0
14:28:43.280,1,0,0,0,0
14:28:43.280,1,0,0,1,0
14:28:43.758,1,0,0,1,0
14:28:43.758,0,0,0,1,0
14:28:43.901,0,0,0,1,0
14:28:43.901,0,0,0,1,1
14:28:43.901,0,0,0,1,1
14:28:43.901,0,0,0,0,1
14:28:44.537,0,0,0,0,1
14:28:44.537,0,0,0,0,0
14:28:44.537,0,0,0,0,0
14:28:44.537,0,0,0,1,0
14:28:45.143,0,0,0,1,0
14:28:45.143,0,0,0,1,1
14:28:45.143,0,0,0,1,1
14:28:45.143,0,0,0,0,1
14:28:45.573,0,0,0,0,1
14:28:45.573,1,0,0,0,1
14:28:45.748,1,0,0,0,1
14:28:45.748,1,0,0,0,0
14:28:45.748,1,0,0,0,0
14:28:45.748,1,0,0,1,0
14:28:46.366,1,0,0,1,0
14:28:46.366,1,0,0,1,1
14:28:46.366,1,0,0,1,1
14:28:46.366,1,0,0,0,1
14:28:46.999,1,0,0,0,1
14:28:46.999,1,0,0,0,0
14:28:46.999,1,0,0,0,0
14:28:46.999,1,0,0,1,0
14:28:47.402,1,0,0,1,0
14:28:47.402,0,0,0,1,0
14:28:47.610,0,0,0,1,0
14:28:47.610,0,0,0,1,1
14:28:47.610,0,0,0,1,1
14:28:47.610,0,0,0,0,1
14:28:48.217,0,0,0,0,1
14:28:48.217,0,0,0,0,0
14:28:48.217,0,0,0,0,0
14:28:48.217,0,0,0,1,0
14:28:48.835,0,0,0,1,0
14:28:48.835,0,0,0,1,1
14:28:48.835,0,0,0,1,1
14:28:48.835,0,0,0,0,1
14:28:49.314,0,0,0,0,1
14:28:49.314,1,0,0,0,1
14:28:49.441,1,0,0,0,1
14:28:49.441,1,0,0,0,0
14:28:49.441,1,0,0,0,0
14:28:49.441,1,0,0,1,0
14:28:50.048,1,0,0,1,0
14:28:50.048,1,0,0,1,1
14:28:50.048,1,0,0,1,1
14:28:50.048,1,0,0,0,1
14:28:50.651,1,0,0,0,1
14:28:50.651,1,0,0,0,0
14:28:50.651,1,0,0,0,0
14:28:50.651,1,0,0,1,0
14:28:51.126,1,0,0,1,0
14:28:51.126,0,0,0,1,0
14:28:51.414,0,0,0,1,0
14:28:51.414,0,0,0,1,1
14:28:51.414,0,0,0,1,1
14:28:51.414,0,0,0,0,1
14:28:52.020,0,0,0,0,1
14:28:52.020,0,0,0,0,0
14:28:52.020,0,0,0,0,0
14:28:52.020,0,0,0,1,0
14:28:52.626,0,0,0,1,0
14:28:52.626,0,0,0,1,1
14:28:52.626,0,0,0,1,1
14:28:52.626,0,0,0,0,1
14:28:52.929,0,0,0,0,1
14:28:52.929,1,0,0,0,1
14:28:53.232,1,0,0,0,1
14:28:53.232,1,0,0,0,0
14:28:53.232,1,0,0,0,0
14:28:53.232,1,0,0,1,0
14:28:53.837,1,0,0,1,0
14:28:53.837,1,0,0,1,1
14:28:53.837,1,0,0,1,1
14:28:53.837,1,0,0,0,1
14:28:54.440,1,0,0,0,1
14:28:54.440,1,0,0,0,0
14:28:54.440,1,0,0,0,0
14:28:54.440,1,0,0,1,0
14:28:54.754,1,0,0,1,0
14:28:54.754,0,0,0,1,0
14:28:55.046,0,0,0,1,0
14:28:55.046,0,0,0,1,1
14:28:55.047,0,0,0,1,1
14:28:55.047,0,0,0,0,1
14:28:55.649,0,0,0,0,1
14:28:55.649,0,0,0,0,0
14:28:55.649,0,0,0,0,0
14:28:55.649,0,0,0,1,0
14:28:56.253,0,0,0,1,0
14:28:56.253,0,0,0,1,1
14:28:56.254,0,0,0,1,1
14:28:56.254,0,0,0,0,1
14:28:56.554,0,0,0,0,1
14:28:56.554,1,0,0,0,1
14:28:56.857,1,0,0,0,1
14:28:56.857,1,0,0,0,0
14:28:56.857,1,0,0,0,0
14:28:56.857,1,0,0,1,0
14:28:57.463,1,0,0,1,0
14:28:57.463,1,0,0,1,1
14:28:57.463,1,0,0,1,1
14:28:57.463,1,0,0,0,1
14:28:58.069,1,0,0,0,1
14:28:58.069,1,0,0,0,0
14:28:58.069,1,0,0,0,0
14:28:58.069,1,0,0,1,0
14:28:58.356,1,0,0,1,0
14:28:58.356,0,0,0,1,0
14:28:58.673,0,0,0,1,0
14:28:58.673,0,0,0,1,1
14:28:58.673,0,0,0,1,1
14:28:58.673,0,0,0,0,1
14:28:59.309,0,0,0,0,1
14:28:59.309,0,0,0,0,0
14:28:59.309,0,0,0,0,0
14:28:59.309,0,0,0,1,0
14:28:59.914,0,0,0,1,0
14:28:59.914,0,0,0,1,1
14:28:59.914,0,0,0,1,1
14:28:59.914,0,0,0,0,1
14:29:00.168,0,0,0,0,1
14:29:00.168,1,0,0,0,1
14:29:00.540,1,0,0,0,1
14:29:00.540,1,0,0,0,0
14:29:00.540,1,0,0,0,0
14:29:00.540,1,0,0,1,0
14:29:01.155,1,0,0,1,0
14:29:01.155,1,0,0,1,1
14:29:01.155,1,0,0,1,1
14:29:01.155,1,0,0,0,1
14:29:01.812,1,0,0,0,1
14:29:01.812,1,0,0,0,0
14:29:01.812,1,0,0,0,0
14:29:01.812,1,0,0,1,0
14:29:01.968,1,0,0,1,0
14:29:01.968,0,0,0,1,0
14:29:02.416,0,0,0,1,0
14:29:02.416,0,0,0,1,1
14:29:02.416,0,0,0,1,1
14:29:02.416,0,0,0,0,1
14:29:03.022,0,0,0,0,1
14:29:03.022,0,0,0,0,0
14:29:03.022,0,0,0,0,0
14:29:03.022,0,0,0,1,0
14:29:03.631,0,0,0,1,0
14:29:03.631,0,0,0,1,1
14:29:03.631,0,0,0,1,1
14:29:03.631,0,0,0,0,1
14:29:03.790,0,0,0,0,1
14:29:03.790,1,0,0,0,1
14:29:04.237,1,0,0,0,1
14:29:04.237,1,0,0,0,0
14:29:04.237,1,0,0,0,0
14:29:04.237,1,0,0,1,0
14:29:04.844,1,0,0,1,0
14:29:04.844,1,0,0,1,1
14:29:04.844,1,0,0,1,1
14:29:04.844,1,0,0,0,1
14:29:05.449,1,0,0,0,1
14:29:05.449,1,0,0,0,0
14:29:05.449,1,0,0,0,0
14:29:05.449,1,0,0,1,0
14:29:05.608,1,0,0,1,0
14:29:05.608,0,0,0,1,0
14:29:06.053,0,0,0,1,0
14:29:06.053,0,0,0,1,1
14:29:06.055,0,0,0,1,1
14:29:06.055,0,0,0,0,1
14:29:06.659,0,0,0,0,1
14:29:06.659,0,0,0,0,0
14:29:06.659,0,0,0,0,0
14:29:06.659,0,0,0,1,0
14:29:07.265,0,0,0,1,0
14:29:07.265,0,0,0,1,1
14:29:07.265,0,0,0,1,1
14:29:07.265,0,0,0,0,1
14:29:07.409,0,0,0,0,1
14:29:07.409,1,0,0,0,1
14:29:08.125,1,0,0,0,1
14:29:08.125,1,0,0,0,0
14:29:08.125,1,0,0,0,0
14:29:08.125,1,0,0,1,0
14:29:08.732,1,0,0,1,0
14:29:08.732,1,0,0,1,1
14:29:08.732,1,0,0,1,1
14:29:08.732,1,0,0,0,1
14:29:09.224,1,0,0,0,1
14:29:09.224,0,0,0,0,1
14:29:09.335,0,0,0,0,1
14:29:09.335,0,0,0,0,0
14:29:09.335,0,0,0,0,0
14:29:09.335,0,0,0,1,0
14:29:09.943,0,0,0,1,0
14:29:09.943,0,0,0,1,1
14:29:09.943,0,0,0,1,1
14:29:09.943,0,0,0,0,1
14:29:10.545,0,0,0,0,1
14:29:10.545,0,0,0,0,0
14:29:10.545,0,0,0,0,0
14:29:10.545,0,0,0,1,0
14:29:11.024,0,0,0,1,0
14:29:11.024,1,0,0,1,0
14:29:11.150,1,0,0,1,0
14:29:11.150,1,0,0,1,1
14:29:11.150,1,0,0,1,1
14:29:11.150,1,0,0,0,1
14:29:11.757,1,0,0,0,1
14:29:11.757,1,0,0,0,0
14:29:11.757,1,0,0,0,0
14:29:11.757,1,0,0,1,0
14:29:12.365,1,0,0,1,0
14:29:12.365,1,0,0,1,1
14:29:12.365,1,0,0,1,1
14:29:12.365,1,0,0,0,1
14:29:12.828,1,0,0,0,1
14:29:12.828,0,0,0,0,1
14:29:13.230,0,0,0,0,1
14:29:13.230,0,0,0,0,0
14:29:13.230,0,0,0,0,0
14:29:13.230,0,0,0,1,0
14:29:13.834,0,0,0,1,0
14:29:13.834,0,0,0,1,1
14:29:13.834,0,0,0,1,1
14:29:13.834,0,0,0,0,1
14:29:14.437,0,0,0,0,1
14:29:14.437,0,0,0,0,0
14:29:14.437,0,0,0,0,0
14:29:14.437,0,0,0,1,0
14:29:14.642,0,0,0,1,0
14:29:14.642,1,0,0,1,0
14:29:15.039,1,0,0,1,0
14:29:15.039,1,0,0,1,1
14:29:15.039,1,0,0,1,1
14:29:15.039,1,0,0,0,1
14:29:15.642,1,0,0,0,1
14:29:15.642,1,0,0,0,0
14:29:15.642,1,0,0,0,0
14:29:15.642,1,0,0,1,0
14:29:16.244,1,0,0,1,0
14:29:16.244,1,0,0,1,1
14:29:16.244,1,0,0,1,1
14:29:16.244,1,0,0,0,1
14:29:16.451,1,0,0,0,1
14:29:16.451,0,0,0,0,1
14:29:16.897,0,0,0,0,1
14:29:16.897,0,0,0,0,0
14:29:16.897,0,0,0,0,0
14:29:16.897,0,0,0,1,0
14:29:17.500,0,0,0,1,0
14:29:17.500,0,0,0,1,1
14:29:17.500,0,0,0,1,1
14:29:17.500,0,0,0,0,1
14:29:18.104,0,0,0,0,1
14:29:18.104,0,0,0,0,0
14:29:18.104,0,0,0,0,0
14:29:18.104,0,0,0,1,0
14:29:18.391,0,0,0,1,0
14:29:18.391,1,0,0,1,0
14:29:18.710,1,0,0,1,0
14:29:18.710,1,0,0,1,1
14:29:18.710,1,0,0,1,1
14:29:18.710,1,0,0,0,1
14:29:19.314,1,0,0,0,1
14:29:19.314,1,0,0,0,0
14:29:19.314,1,0,0,0,0
14:29:19.314,1,0,0,1,0
14:29:19.914,1,0,0,1,0
14:29:19.914,1,0,0,1,1
14:29:19.914,1,0,0,1,1
14:29:19.914,1,0,0,0,1
14:29:20.389,1,0,0,0,1
14:29:20.389,0,0,0,0,1
14:29:20.516,0,0,0,0,1
14:29:20.516,0,0,0,0,0
14:29:20.516,0,0,0,0,0
14:29:20.516,0,0,0,1,0
14:29:21.116,0,0,0,1,0
14:29:21.116,0,0,0,1,1
14:29:21.116,0,0,0,1,1
14:29:21.116,0,0,0,0,1
14:29:21.720,0,0,0,0,1
14:29:21.720,0,0,0,0,0
14:29:21.720,0,0,0,0,0
14:29:21.720,0,0,0,1,0
14:29:22.436,0,0,0,1,0
14:29:22.436,1,0,0,1,0
14:29:22.436,1,0,0,1,0
14:29:22.436,1,0,0,1,1
14:29:22.436,1,0,0,1,1
14:29:22.436,1,0,0,0,1
14:29:23.041,1,0,0,0,1
14:29:23.041,1,0,0,0,0
14:29:23.041,1,0,0,0,0
14:29:23.041,1,0,0,1,0
14:29:23.646,1,0,0,1,0
14:29:23.646,1,0,0,1,1
14:29:23.646,1,0,0,1,1
14:29:23.646,1,0,0,0,1
14:29:24.251,1,0,0,0,1
14:29:24.251,0,0,0,0,1
14:29:24.251,0,0,0,0,1
14:29:24.251,0,0,0,0,0
14:29:24.251,0,0,0,0,0
14:29:24.251,0,0,0,1,0
14:29:24.853,0,0,0,1,0
14:29:24.853,0,0,0,1,1
14:29:24.853,0,0,0,1,1
14:29:24.853,0,0,0,0,1
14:29:25.504,0,0,0,0,1
14:29:25.504,0,0,0,0,0
14:29:25.504,0,0,0,0,0
14:29:25.504,0,0,0,1,0
14:29:26.062,0,0,0,1,0
14:29:26.062,1,0,0,1,0
14:29:26.109,1,0,0,1,0
14:29:26.109,1,0,0,1,1
14:29:26.109,1,0,0,1,1
14:29:26.109,1,0,0,0,1
14:29:27.035,1,0,0,0,1
14:29:27.035,1,0,0,0,0
14:29:27.035,1,0,0,0,0
14:29:27.035,1,0,0,1,0
14:29:27.640,1,0,0,1,0
14:29:27.640,1,0,0,1,1
14:29:27.640,1,0,0,1,1
14:29:27.640,1,0,0,0,1
14:29:27.863,1,0,0,0,1
14:29:27.863,0,0,0,0,1
14:29:28.247,0,0,0,0,1
14:29:28.247,0,0,0,0,0
14:29:28.247,0,0,0,0,0
14:29:28.247,0,0,0,1,0
14:29:28.853,0,0,0,1,0
14:29:28.853,0,0,0,1,1
14:29:28.853,0,0,0,1,1
14:29:28.853,0,0,0,0,1
14:29:29.459,0,0,0,0,1
14:29:29.459,0,0,0,0,0
14:29:29.459,0,0,0,0,0
14:29:29.459,0,0,0,1,0
14:29:29.665,0,0,0,1,0
14:29:29.665,1,0,0,1,0
14:29:30.062,1,0,0,1,0
14:29:30.062,1,0,0,1,1
14:29:30.062,1,0,0,1,1
14:29:30.062,1,0,0,0,1
14:29:30.666,1,0,0,0,1
14:29:30.666,1,0,0,0,0
14:29:30.666,1,0,0,0,0
14:29:30.666,1,0,0,1,0
14:29:31.286,1,0,0,1,0
14:29:31.286,1,0,0,1,1
14:29:31.286,1,0,0,1,1
14:29:31.286,1,0,0,0,1
14:29:31.493,1,0,0,0,1
14:29:31.493,0,0,0,0,1
14:29:31.907,0,0,0,0,1
14:29:31.907,0,0,0,0,0
14:29:31.907,0,0,0,0,0
14:29:31.907,0,0,0,1,0
14:29:32.528,0,0,0,1,0
14:29:32.528,0,0,0,1,1
14:29:32.528,0,0,0,1,1
14:29:32.528,0,0,0,0,1
14:29:33.119,0,0,0,0,1
14:29:33.119,0,0,0,0,0
14:29:33.119,0,0,0,0,0
14:29:33.119,0,0,0,1,0
14:29:33.310,0,0,0,1,0
14:29:33.310,1,0,0,1,0
14:29:33.724,1,0,0,1,0
14:29:33.724,1,0,0,1,1
14:29:33.724,1,0,0,1,1
14:29:33.724,1,0,0,0,1
14:29:34.349,1,0,0,0,1
14:29:34.349,1,0,0,0,0
14:29:34.349,1,0,0,0,0
14:29:34.349,1,0,0,1,0
14:29:34.953,1,0,0,1,0
14:29:34.953,1,0,0,1,1
14:29:34.953,1,0,0,1,1
14:29:34.953,1,0,0,0,1
14:29:35.239,1,0,0,0,1
14:29:35.239,0,0,0,0,1
14:29:35.572,0,0,0,0,1
14:29:35.572,0,0,0,0,0
14:29:35.572,0,0,0,0,0
14:29:35.572,0,0,0,1,0
14:29:36.175,0,0,0,1,0
14:29:36.175,0,0,0,1,1
14:29:36.175,0,0,0,1,1
14:29:36.175,0,0,0,0,1
14:29:36.797,0,0,0,0,1
14:29:36.797,0,0,0,0,0
14:29:36.797,0,0,0,0,0
14:29:36.797,0,0,0,1,0
14:29:37.053,0,0,0,1,0
14:29:37.053,1,0,0,1,0
14:29:37.402,1,0,0,1,0
14:29:37.402,1,0,0,1,1
14:29:37.402,1,0,0,1,1
14:29:37.402,1,0,0,0,1
14:29:38.004,1,0,0,0,1
14:29:38.004,1,0,0,0,0
14:29:38.004,1,0,0,0,0
14:29:38.004,1,0,0,1,0
14:29:38.609,1,0,0,1,0
14:29:38.609,1,0,0,1,1
14:29:38.609,1,0,0,1,1
14:29:38.609,1,0,0,0,1
14:29:38.863,1,0,0,0,1
14:29:38.863,0,0,0,0,1
14:29:39.213,0,0,0,0,1
14:29:39.213,0,0,0,0,0
14:29:39.213,0,0,0,0,0
14:29:39.213,0,0,0,1,0
14:29:39.847,0,0,0,1,0
14:29:39.847,0,0,0,1,1
14:29:39.847,0,0,0,1,1
14:29:39.847,0,0,0,0,1
14:29:40.470,0,0,0,0,1
14:29:40.470,0,0,0,0,0
14:29:40.470,0,0,0,0,0
14:29:40.470,0,0,0,1,0
14:29:40.660,0,0,0,1,0
14:29:40.660,1,0,0,1,0
14:29:41.079,1,0,0,1,0
14:29:41.079,1,0,0,1,1
14:29:41.079,1,0,0,1,1
14:29:41.079,1,0,0,0,1
14:29:41.695,1,0,0,0,1
14:29:41.695,1,0,0,0,0
14:29:41.695,1,0,0,0,0
14:29:41.695,1,0,0,1,0
14:29:42.315,1,0,0,1,0
14:29:42.315,1,0,0,1,1
14:29:42.315,1,0,0,1,1
14:29:42.315,1,0,0,0,1
14:29:42.890,1,0,0,0,1
14:29:42.890,0,0,0,0,1
14:29:42.953,0,0,0,0,1
14:29:42.953,0,0,0,0,0
14:29:42.953,0,0,0,0,0
14:29:42.953,0,0,0,1,0
14:29:43.574,0,0,0,1,0
14:29:43.574,0,0,0,1,1
14:29:43.574,0,0,0,1,1
14:29:43.574,0,0,0,0,1
14:29:44.191,0,0,0,0,1
14:29:44.191,0,0,0,0,0
14:29:44.191,0,0,0,0,0
14:29:44.191,0,0,0,1,0
14:29:44.704,0,0,0,1,0
14:29:44.704,1,0,0,1,0
14:29:44.800,1,0,0,1,0
14:29:44.800,1,0,0,1,1
14:29:44.801,1,0,0,1,1
14:29:44.801,1,0,0,0,1
14:29:45.422,1,0,0,0,1
14:29:45.422,1,0,0,0,0
14:29:45.422,1,0,0,0,0
14:29:45.422,1,0,0,1,0
14:29:46.044,1,0,0,1,0
14:29:46.044,1,0,0,1,1
14:29:46.044,1,0,0,1,1
14:29:46.044,1,0,0,0,1
14:29:46.505,1,0,0,0,1
14:29:46.505,0,0,0,0,1
14:29:46.648,0,0,0,0,1
14:29:46.648,0,0,0,0,0
14:29:46.648,0,0,0,0,0
14:29:46.648,0,0,0,1,0
14:29:47.255,0,0,0,1,0
14:29:47.255,0,0,0,1,1
14:29:47.255,0,0,0,1,1
14:29:47.255,0,0,0,0,1
14:29:47.862,0,0,0,0,1
14:29:47.862,0,0,0,0,0
14:29:47.862,0,0,0,0,0
14:29:47.862,0,0,0,1,0
14:29:48.309,0,0,0,1,0
14:29:48.309,1,0,0,1,0
14:29:48.467,1,0,0,1,0
14:29:48.467,1,0,0,1,1
14:29:48.467,1,0,0,1,1
14:29:48.467,1,0,0,0,1
14:29:49.075,1,0,0,0,1
14:29:49.075,1,0,0,0,0
14:29:49.075,1,0,0,0,0
14:29:49.075,1,0,0,1,0
14:29:49.681,1,0,0,1,0
14:29:49.681,1,0,0,1,1
14:29:49.681,1,0,0,1,1
14:29:49.681,1,0,0,0,1
14:29:50.112,1,0,0,0,1
14:29:50.112,0,0,0,0,1
14:29:50.288,0,0,0,0,1
14:29:50.288,0,0,0,0,0
14:29:50.289,0,0,0,0,0
14:29:50.289,0,0,0,1,0
14:29:50.893,0,0,0,1,0
14:29:50.893,0,0,0,1,1
14:29:50.893,0,0,0,1,1
14:29:50.893,0,0,0,0,1
14:29:51.499,0,0,0,0,1
14:29:51.499,0,0,0,0,0
14:29:51.500,0,0,0,0,0
14:29:51.500,0,0,0,1,0
14:29:51.914,0,0,0,1,0
14:29:51.914,1,0,0,1,0
14:29:52.106,1,0,0,1,0
14:29:52.106,1,0,0,1,1
14:29:52.106,1,0,0,1,1
14:29:52.106,1,0,0,0,1
14:29:52.713,1,0,0,0,1
14:29:52.713,1,0,0,0,0
14:29:52.713,1,0,0,0,0
14:29:52.713,1,0,0,1,0
14:29:53.318,1,0,0,1,0
14:29:53.318,1,0,0,1,1
14:29:53.318,1,0,0,1,1
14:29:53.318,1,0,0,0,1
14:29:53.783,1,0,0,0,1
14:29:53.783,0,0,0,0,1
14:29:53.942,0,0,0,0,1
14:29:53.942,0,0,0,0,0
14:29:53.942,0,0,0,0,0
14:29:53.942,0,0,0,1,0
14:29:54.550,0,0,0,1,0
14:29:54.550,0,0,0,1,1
14:29:54.550,0,0,0,1,1
14:29:54.550,0,0,0,0,1
14:29:55.362,0,0,0,0,1
14:29:55.362,0,0,0,0,0
14:29:55.362,0,0,0,0,0
14:29:55.362,0,0,0,1,0
14:29:55.584,0,0,0,1,0
14:29:55.584,1,0,0,1,0
14:29:55.975,1,0,0,1,0
14:29:55.975,1,0,0,1,1
14:29:55.975,1,0,0,1,1
14:29:55.975,1,0,0,0,1
14:29:56.583,1,0,0,0,1
14:29:56.583,1,0,0,0,0
14:29:56.583,1,0,0,0,0
14:29:56.583,1,0,0,1,0
14:29:57.218,1,0,0,1,0
14:29:57.218,1,0,0,1,1
14:29:57.218,1,0,0,1,1
14:29:57.218,1,0,0,0,1
14:29:57.392,1,0,0,0,1
14:29:57.392,0,0,0,0,1
14:29:57.835,0,0,0,0,1
14:29:57.835,0,0,0,0,0
14:29:57.835,0,0,0,0,0
14:29:57.835,0,0,0,1,0
14:29:58.444,0,0,0,1,0
14:29:58.444,0,0,0,1,1
14:29:58.444,0,0,0,1,1
14:29:58.444,0,0,0,0,1
14:29:59.049,0,0,0,0,1
14:29:59.049,0,0,0,0,0
14:29:59.049,0,0,0,0,0
14:29:59.049,0,0,0,1,0
14:29:59.192,0,0,0,1,0
14:29:59.192,1,0,0,1,0
14:29:59.654,1,0,0,1,0
14:29:59.654,1,0,0,1,1
14:29:59.654,1,0,0,1,1
14:29:59.654,1,0,0,0,1
14:30:00.273,1,0,0,0,1
14:30:00.273,1,0,0,0,0
14:30:00.273,1,0,0,0,0
14:30:00.273,1,0,0,1,0
14:30:00.877,1,0,0,1,0
14:30:00.877,1,0,0,1,1
14:30:00.877,1,0,0,1,1
14:30:00.877,1,0,0,0,1
14:30:01.004,1,0,0,0,1
14:30:01.004,0,0,0,0,1
14:30:01.484,0,0,0,0,1
14:30:01.484,0,0,0,0,0
14:30:01.484,0,0,0,0,0
14:30:01.484,0,0,0,1,0
14:30:02.104,0,0,0,1,0
14:30:02.104,0,0,0,1,1
14:30:02.104,0,0,0,1,1
14:30:02.104,0,0,0,0,1
14:30:02.724,0,0,0,0,1
14:30:02.724,0,0,0,0,0
14:30:02.724,0,0,0,0,0
14:30:02.724,0,0,0,1,0
14:30:02.819,0,0,0,1,0
14:30:02.819,1,0,0,1,0
14:30:03.322,1,0,0,1,0
14:30:03.322,1,0,0,1,1
14:30:03.322,1,0,0,1,1
14:30:03.322,1,0,0,0,1
14:30:03.938,1,0,0,0,1
14:30:03.938,1,0,0,0,0
14:30:03.938,1,0,0,0,0
14:30:03.938,1,0,0,1,0
14:30:04.543,1,0,0,1,0
14:30:04.543,1,0,0,1,1
14:30:04.543,1,0,0,1,1
14:30:04.543,1,0,0,0,1
14:30:04.623,1,0,0,0,1
14:30:04.623,0,0,0,0,1
14:30:05.149,0,0,0,0,1
14:30:05.149,0,0,0,0,0
14:30:05.149,0,0,0,0,0
14:30:05.149,0,0,0,1,0
14:30:05.755,0,0,0,1,0
14:30:05.755,0,0,0,1,1
14:30:05.755,0,0,0,1,1
14:30:05.755,0,0,0,0,1
14:30:06.360,0,0,0,0,1
14:30:06.360,0,0,0,0,0
14:30:06.360,0,0,0,0,0
14:30:06.360,0,0,0,1,0
14:30:06.429,0,0,0,1,0
14:30:06.429,1,0,0,1,0
14:30:06.967,1,0,0,1,0
14:30:06.967,1,0,0,1,1
14:30:06.967,1,0,0,1,1
14:30:06.967,1,0,0,0,1
14:30:07.571,1,0,0,0,1
14:30:07.571,1,0,0,0,0
14:30:07.571,1,0,0,0,0
14:30:07.571,1,0,0,1,0
14:30:08.177,1,0,0,1,0
14:30:08.177,1,0,0,1,1
14:30:08.177,1,0,0,1,1
14:30:08.177,1,0,0,0,1
14:30:08.271,1,0,0,0,1
14:30:08.271,0,0,0,0,1
14:30:08.783,0,0,0,0,1
14:30:08.783,0,0,0,0,0
14:30:08.783,0,0,0,0,0
14:30:08.783,0,0,0,1,0
14:30:09.388,0,0,0,1,0
14:30:09.388,0,0,0,1,1
14:30:09.388,0,0,0,1,1
14:30:09.388,0,0,0,0,1
14:30:10.077,0,0,0,0,1
14:30:10.077,0,0,0,0,0
14:30:10.077,0,0,0,0,0
14:30:10.077,0,0,0,1,0
14:30:10.077,0,0,0,1,0
14:30:10.077,1,0,0,1,0
14:30:10.682,1,0,0,1,0
14:30:10.682,1,0,0,1,1
14:30:10.682,1,0,0,1,1
14:30:10.682,1,0,0,0,1
14:30:11.288,1,0,0,0,1
14:30:11.288,1,0,0,0,0
14:30:11.288,1,0,0,0,0
14:30:11.288,1,0,0,1,0
14:30:11.894,1,0,0,1,0
14:30:11.894,0,0,0,1,0
14:30:11.894,0,0,0,1,0
14:30:11.894,0,0,0,1,1
14:30:11.894,0,0,0,1,1
14:30:11.894,0,0,0,0,1
14:30:12.498,0,0,0,0,1
14:30:12.498,0,0,0,0,0
14:30:12.498,0,0,0,0,0
14:30:12.498,0,0,0,1,0
14:30:13.105,0,0,0,1,0
14:30:13.105,0,0,0,1,1
14:30:13.105,0,0,0,1,1
14:30:13.105,0,0,0,0,1
14:30:13.742,0,0,0,0,1
14:30:13.742,1,0,0,0,1
14:30:13.742,1,0,0,0,1
14:30:13.742,1,0,0,0,0
14:30:13.742,1,0,0,0,0
14:30:13.742,1,0,0,1,0
14:30:14.348,1,0,0,1,0
14:30:14.348,1,0,0,1,1
14:30:14.348,1,0,0,1,1
14:30:14.348,1,0,0,0,1
14:30:14.955,1,0,0,0,1
14:30:14.955,1,0,0,0,0
14:30:14.955,1,0,0,0,0
14:30:14.955,1,0,0,1,0
14:30:15.557,1,0,0,1,0
14:30:15.557,0,0,0,1,0
14:30:15.557,0,0,0,1,0
14:30:15.557,0,0,0,1,1
14:30:15.557,0,0,0,1,1
14:30:15.557,0,0,0,0,1
14:30:16.195,0,0,0,0,1
14:30:16.195,0,0,0,0,0
14:30:16.195,0,0,0,0,0
14:30:16.195,0,0,0,1,0
14:30:16.797,0,0,0,1,0
14:30:16.797,0,0,0,1,1
14:30:16.797,0,0,0,1,1
14:30:16.797,0,0,0,0,1
14:30:17.357,0,0,0,0,1
14:30:17.357,1,0,0,0,1
14:30:17.440,1,0,0,0,1
14:30:17.440,1,0,0,0,0
14:30:17.440,1,0,0,0,0
14:30:17.440,1,0,0,1,0
14:30:18.055,1,0,0,1,0
14:30:18.055,1,0,0,1,1
14:30:18.055,1,0,0,1,1
14:30:18.055,1,0,0,0,1
14:30:18.655,1,0,0,0,1
14:30:18.655,1,0,0,0,0
14:30:18.658,1,0,0,0,0
14:30:18.658,1,0,0,1,0
14:30:19.168,1,0,0,1,0
14:30:19.168,0,0,0,1,0
14:30:19.264,0,0,0,1,0
14:30:19.264,0,0,0,1,1
14:30:19.279,0,0,0,1,1
14:30:19.279,0,0,0,0,1
14:30:19.871,0,0,0,0,1
14:30:19.871,0,0,0,0,0
14:30:19.871,0,0,0,0,0
14:30:19.871,0,0,0,1,0
14:30:20.493,0,0,0,1,0
14:30:20.493,0,0,0,1,1
14:30:20.493,0,0,0,1,1
14:30:20.493,0,0,0,0,1
14:30:20.970,0,0,0,0,1
14:30:20.970,1,0,0,0,1
14:30:21.122,1,0,0,0,1
14:30:21.122,1,0,0,0,0
14:30:21.122,1,0,0,0,0
14:30:21.122,1,0,0,1,0
14:30:21.729,1,0,0,1,0
14:30:21.729,1,0,0,1,1
14:30:21.729,1,0,0,1,1
14:30:21.729,1,0,0,0,1
14:30:22.345,1,0,0,0,1
14:30:22.345,1,0,0,0,0
14:30:22.345,1,0,0,0,0
14:30:22.345,1,0,0,1,0
14:30:22.770,1,0,0,1,0
14:30:22.770,0,0,0,1,0
14:30:22.959,0,0,0,1,0
14:30:22.959,0,0,0,1,1
14:30:22.959,0,0,0,1,1
14:30:22.959,0,0,0,0,1
14:30:23.559,0,0,0,0,1
14:30:23.559,0,0,0,0,0
14:30:23.559,0,0,0,0,0
14:30:23.559,0,0,0,1,0
14:30:24.172,0,0,0,1,0
14:30:24.172,0,0,0,1,1
14:30:24.172,0,0,0,1,1
14:30:24.172,0,0,0,0,1
14:30:24.572,0,0,0,0,1
14:30:24.572,1,0,0,0,1
14:30:24.782,1,0,0,0,1
14:30:24.782,1,0,0,0,0
14:30:24.782,1,0,0,0,0
14:30:24.782,1,0,0,1,0
14:30:25.399,1,0,0,1,0
14:30:25.399,1,0,0,1,1
14:30:25.399,1,0,0,1,1
14:30:25.399,1,0,0,0,1
14:30:26.017,1,0,0,0,1
14:30:26.017,1,0,0,0,0
14:30:26.017,1,0,0,0,0
14:30:26.017,1,0,0,1,0
14:30:26.385,1,0,0,1,0
14:30:26.385,0,0,0,1,0
14:30:26.624,0,0,0,1,0
14:30:26.624,0,0,0,1,1
14:30:26.624,0,0,0,1,1
14:30:26.624,0,0,0,0,1
14:30:27.242,0,0,0,0,1
14:30:27.242,0,0,0,0,0
14:30:27.242,0,0,0,0,0
14:30:27.242,0,0,0,1,0
14:30:27.868,0,0,0,1,0
14:30:27.868,0,0,0,1,1
14:30:27.868,0,0,0,1,1
14:30:27.868,0,0,0,0,1
14:30:28.201,0,0,0,0,1
14:30:28.201,1,0,0,0,1
14:30:28.488,1,0,0,0,1
14:30:28.488,1,0,0,0,0
14:30:28.488,1,0,0,0,0
14:30:28.488,1,0,0,1,0
14:30:29.106,1,0,0,1,0
14:30:29.106,1,0,0,1,1
14:30:29.106,1,0,0,1,1
14:30:29.106,1,0,0,0,1
14:30:29.697,1,0,0,0,1
14:30:29.697,1,0,0,0,0
14:30:29.697,1,0,0,0,0
14:30:29.697,1,0,0,1,0
14:30:30.015,1,0,0,1,0
14:30:30.015,0,0,0,1,0
14:30:30.316,0,0,0,1,0
14:30:30.316,0,0,0,1,1
14:30:30.316,0,0,0,1,1
14:30:30.316,0,0,0,0,1
14:30:30.949,0,0,0,0,1
14:30:30.949,0,0,0,0,0
14:30:30.949,0,0,0,0,0
14:30:30.949,0,0,0,1,0
14:30:31.559,0,0,0,1,0
14:30:31.559,0,0,0,1,1
14:30:31.559,0,0,0,1,1
14:30:31.559,0,0,0,0,1
14:30:31.815,0,0,0,0,1
14:30:31.815,1,0,0,0,1
14:30:32.166,1,0,0,0,1
14:30:32.166,1,0,0,0,0
14:30:32.166,1,0,0,0,0
14:30:32.166,1,0,0,1,0
14:30:32.775,1,0,0,1,0
14:30:32.775,1,0,0,1,1
14:30:32.776,1,0,0,1,1
14:30:32.776,1,0,0,0,1
14:30:33.380,1,0,0,0,1
14:30:33.380,1,0,0,0,0
14:30:33.380,1,0,0,0,0
14:30:33.380,1,0,0,1,0
14:30:33.619,1,0,0,1,0
14:30:33.619,0,0,0,1,0
14:30:33.977,0,0,0,1,0
14:30:33.977,0,0,0,1,1
14:30:33.984,0,0,0,1,1
14:30:33.984,0,0,0,0,1
14:30:34.591,0,0,0,0,1
14:30:34.591,0,0,0,0,0
14:30:34.591,0,0,0,0,0
14:30:34.591,0,0,0,1,0
14:30:35.243,0,0,0,1,0
14:30:35.243,0,0,0,1,1
14:30:35.243,0,0,0,1,1
14:30:35.243,0,0,0,0,1
14:30:35.432,0,0,0,0,1
14:30:35.432,1,0,0,0,1
14:30:35.847,1,0,0,0,1
14:30:35.847,1,0,0,0,0
14:30:35.847,1,0,0,0,0
14:30:35.847,1,0,0,1,0
14:30:36.467,1,0,0,1,0
14:30:36.467,1,0,0,1,1
14:30:36.467,1,0,0,1,1
14:30:36.467,1,0,0,0,1
14:30:37.072,1,0,0,0,1
14:30:37.072,1,0,0,0,0
14:30:37.072,1,0,0,0,0
14:30:37.072,1,0,0,1,0
14:30:37.246,1,0,0,1,0
14:30:37.246,0,0,0,1,0
14:30:37.691,0,0,0,1,0
14:30:37.691,0,0,0,1,1
14:30:37.691,0,0,0,1,1
14:30:37.691,0,0,0,0,1
14:30:38.312,0,0,0,0,1
14:30:38.312,0,0,0,0,0
14:30:38.312,0,0,0,0,0
14:30:38.312,0,0,0,1,0
14:30:38.919,0,0,0,1,0
14:30:38.919,0,0,0,1,1
14:30:38.919,0,0,0,1,1
14:30:38.919,0,0,0,0,1
14:30:39.046,0,0,0,0,1
14:30:39.046,1,0,0,0,1
14:30:39.524,1,0,0,0,1
14:30:39.524,1,0,0,0,0
14:30:39.524,1,0,0,0,0
14:30:39.524,1,0,0,1,0
14:30:40.129,1,0,0,1,0
14:30:40.129,1,0,0,1,1
14:30:40.129,1,0,0,1,1
14:30:40.129,1,0,0,0,1
14:30:40.772,1,0,0,0,1
14:30:40.772,1,0,0,0,0
14:30:40.772,1,0,0,0,0
14:30:40.772,1,0,0,1,0
14:30:40.860,1,0,0,1,0
14:30:40.860,0,0,0,1,0
14:30:41.385,0,0,0,1,0
14:30:41.385,0,0,0,1,1
14:30:41.385,0,0,0,1,1
14:30:41.385,0,0,0,0,1
14:30:41.990,0,0,0,0,1
14:30:41.990,0,0,0,0,0
14:30:41.990,0,0,0,0,0
14:30:41.990,0,0,0,1,0
14:30:42.610,0,0,0,1,0
14:30:42.610,0,0,0,1,1
14:30:42.610,0,0,0,1,1
14:30:42.610,0,0,0,0,1
14:30:42.673,0,0,0,0,1
14:30:42.673,1,0,0,0,1
14:30:43.213,1,0,0,0,1
14:30:43.213,1,0,0,0,0
14:30:43.213,1,0,0,0,0
14:30:43.213,1,0,0,1,0
14:30:43.802,1,0,0,1,0
14:30:43.802,1,0,0,1,1
14:30:43.802,1,0,0,1,1
14:30:43.802,1,0,0,0,1
14:30:44.424,1,0,0,0,1
14:30:44.424,1,0,0,0,0
14:30:44.424,1,0,0,0,0
14:30:44.424,1,0,0,1,0
14:30:44.494,1,0,0,1,0
14:30:44.494,0,0,0,1,0
14:30:45.029,0,0,0,1,0
14:30:45.029,0,0,0,1,1
14:30:45.029,0,0,0,1,1
14:30:45.029,0,0,0,0,1
14:30:45.645,0,0,0,0,1
14:30:45.645,0,0,0,0,0
14:30:45.645,0,0,0,0,0
14:30:45.645,0,0,0,1,0
14:30:46.273,0,0,0,1,0
14:30:46.273,0,0,0,1,1
14:30:46.273,0,0,0,1,1
14:30:46.273,0,0,0,0,1
14:30:46.300,0,0,0,0,1
14:30:46.300,1,0,0,0,1
14:30:47.096,1,0,0,0,1
14:30:47.096,1,0,0,0,0
14:30:47.098,1,0,0,0,0
14:30:47.098,1,0,0,1,0
14:30:47.701,1,0,0,1,0
14:30:47.701,1,0,0,1,1
14:30:47.701,1,0,0,1,1
14:30:47.701,1,0,0,0,1
14:30:48.114,1,0,0,0,1
14:30:48.114,0,0,0,0,1
14:30:48.305,0,0,0,0,1
14:30:48.305,0,0,0,0,0
14:30:48.305,0,0,0,0,0
14:30:48.305,0,0,0,1,0
14:30:48.914,0,0,0,1,0
14:30:48.914,0,0,0,1,1
14:30:48.914,0,0,0,1,1
14:30:48.914,0,0,0,0,1
14:30:49.519,0,0,0,0,1
14:30:49.519,0,0,0,0,0
14:30:49.519,0,0,0,0,0
14:30:49.519,0,0,0,1,0
14:30:49.917,0,0,0,1,0
14:30:49.917,1,0,0,1,0
14:30:50.123,1,0,0,1,0
14:30:50.123,1,0,0,1,1
14:30:50.123,1,0,0,1,1
14:30:50.123,1,0,0,0,1
14:30:50.730,1,0,0,0,1
14:30:50.730,1,0,0,0,0
14:30:50.731,1,0,0,0,0
14:30:50.731,1,0,0,1,0
14:30:51.334,1,0,0,1,0
14:30:51.334,1,0,0,1,1
14:30:51.334,1,0,0,1,1
14:30:51.334,1,0,0,0,1
14:30:51.717,1,0,0,0,1
14:30:51.717,0,0,0,0,1
14:30:51.943,0,0,0,0,1
14:30:51.943,0,0,0,0,0
14:30:51.943,0,0,0,0,0
14:30:51.943,0,0,0,1,0
14:30:52.547,0,0,0,1,0
14:30:52.547,0,0,0,1,1
14:30:52.547,0,0,0,1,1
14:30:52.547,0,0,0,0,1
14:30:53.153,0,0,0,0,1
14:30:53.153,0,0,0,0,0
14:30:53.153,0,0,0,0,0
14:30:53.153,0,0,0,1,0
14:30:53.518,0,0,0,1,0
14:30:53.518,1,0,0,1,0
14:30:53.757,1,0,0,1,0
14:30:53.757,1,0,0,1,1
14:30:53.757,1,0,0,1,1
14:30:53.757,1,0,0,0,1
14:30:54.364,1,0,0,0,1
14:30:54.364,1,0,0,0,0
14:30:54.364,1,0,0,0,0
14:30:54.364,1,0,0,1,0
14:30:54.954,1,0,0,1,0
14:30:54.954,1,0,0,1,1
14:30:54.954,1,0,0,1,1
14:30:54.954,1,0,0,0,1
14:30:55.528,1,0,0,0,1
14:30:55.528,0,0,0,0,1
14:30:55.604,0,0,0,0,1
14:30:55.604,0,0,0,0,0
14:30:55.604,0,0,0,0,0
14:30:55.604,0,0,0,1,0
14:30:56.210,0,0,0,1,0
14:30:56.210,0,0,0,1,1
14:30:56.211,0,0,0,1,1
14:30:56.211,0,0,0,0,1
14:30:56.815,0,0,0,0,1
14:30:56.815,0,0,0,0,0
14:30:56.815,0,0,0,0,0
14:30:56.815,0,0,0,1,0
14:30:57.339,0,0,0,1,0
14:30:57.339,1,0,0,1,0
14:30:57.419,1,0,0,1,0
14:30:57.419,1,0,0,1,1
14:30:57.420,1,0,0,1,1
14:30:57.420,1,0,0,0,1
14:30:58.061,1,0,0,0,1
14:30:58.061,1,0,0,0,0
14:30:58.061,1,0,0,0,0
14:30:58.061,1,0,0,1,0
14:30:58.663,1,0,0,1,0
14:30:58.663,1,0,0,1,1
14:30:58.663,1,0,0,1,1
14:30:58.663,1,0,0,0,1
14:30:59.139,1,0,0,0,1
14:30:59.139,0,0,0,0,1
14:30:59.281,0,0,0,0,1
14:30:59.281,0,0,0,0,0
14:30:59.281,0,0,0,0,0
14:30:59.281,0,0,0,1,0
14:30:59.891,0,0,0,1,0
14:30:59.891,0,0,0,1,1
14:30:59.891,0,0,0,1,1
14:30:59.891,0,0,0,0,1
14:31:00.500,0,0,0,0,1
14:31:00.500,0,0,0,0,0
14:31:00.500,0,0,0,0,0
14:31:00.500,0,0,0,1,0
14:31:00.954,0,0,0,1,0
14:31:00.954,1,0,0,1,0
14:31:01.112,1,0,0,1,0
14:31:01.112,1,0,0,1,1
14:31:01.112,1,0,0,1,1
14:31:01.112,1,0,0,0,1
14:31:01.747,1,0,0,0,1
14:31:01.747,1,0,0,0,0
14:31:01.747,1,0,0,0,0
14:31:01.747,1,0,0,1,0
14:31:02.355,1,0,0,1,0
14:31:02.355,1,0,0,1,1
14:31:02.355,1,0,0,1,1
14:31:02.355,1,0,0,0,1
14:31:02.768,1,0,0,0,1
14:31:02.768,0,0,0,0,1
14:31:02.959,0,0,0,0,1
14:31:02.959,0,0,0,0,0
14:31:02.959,0,0,0,0,0
14:31:02.959,0,0,0,1,0
14:31:03.582,0,0,0,1,0
14:31:03.582,0,0,0,1,1
14:31:03.582,0,0,0,1,1
14:31:03.582,0,0,0,0,1
14:31:04.217,0,0,0,0,1
14:31:04.217,0,0,0,0,0
14:31:04.217,0,0,0,0,0
14:31:04.217,0,0,0,1,0
14:31:04.569,0,0,0,1,0
14:31:04.569,1,0,0,1,0
14:31:04.826,1,0,0,1,0
14:31:04.826,1,0,0,1,1
14:31:04.826,1,0,0,1,1
14:31:04.826,1,0,0,0,1
14:31:05.447,1,0,0,0,1
14:31:05.447,1,0,0,0,0
14:31:05.447,1,0,0,0,0
14:31:05.447,1,0,0,1,0
14:31:06.051,1,0,0,1,0
14:31:06.051,1,0,0,1,1
14:31:06.051,1,0,0,1,1
14:31:06.051,1,0,0,0,1
14:31:06.370,1,0,0,0,1
14:31:06.370,0,0,0,0,1
14:31:06.680,0,0,0,0,1
14:31:06.680,0,0,0,0,0
14:31:06.680,0,0,0,0,0
14:31:06.680,0,0,0,1,0
14:31:07.296,0,0,0,1,0
14:31:07.296,0,0,0,1,1
14:31:07.296,0,0,0,1,1
14:31:07.296,0,0,0,0,1
14:31:07.931,0,0,0,0,1
14:31:07.931,0,0,0,0,0
14:31:07.931,0,0,0,0,0
14:31:07.931,0,0,0,1,0
14:31:08.185,0,0,0,1,0
14:31:08.185,1,0,0,1,0
14:31:08.535,1,0,0,1,0
14:31:08.535,1,0,0,1,1
14:31:08.535,1,0,0,1,1
14:31:08.535,1,0,0,0,1
14:31:09.142,1,0,0,0,1
14:31:09.142,1,0,0,0,0
14:31:09.142,1,0,0,0,0
14:31:09.142,1,0,0,1,0
14:31:09.747,1,0,0,1,0
14:31:09.747,1,0,0,1,1
14:31:09.747,1,0,0,1,1
14:31:09.747,1,0,0,0,1
14:31:09.986,1,0,0,0,1
14:31:09.986,0,0,0,0,1
14:31:10.370,0,0,0,0,1
14:31:10.370,0,0,0,0,0
14:31:10.370,0,0,0,0,0
14:31:10.370,0,0,0,1,0
14:31:10.974,0,0,0,1,0
14:31:10.974,0,0,0,1,1
14:31:10.974,0,0,0,1,1
14:31:10.974,0,0,0,0,1
14:31:11.595,0,0,0,0,1
14:31:11.595,0,0,0,0,0
14:31:11.595,0,0,0,0,0
14:31:11.595,0,0,0,1,0
14:31:11.786,0,0,0,1,0
14:31:11.786,1,0,0,1,0
14:31:12.219,1,0,0,1,0
14:31:12.219,1,0,0,1,1
14:31:12.219,1,0,0,1,1
14:31:12.219,1,0,0,0,1
14:31:12.811,1,0,0,0,1
14:31:12.811,1,0,0,0,0
14:31:12.811,1,0,0,0,0
14:31:12.811,1,0,0,1,0
14:31:13.427,1,0,0,1,0
14:31:13.427,1,0,0,1,1
14:31:13.427,1,0,0,1,1
14:31:13.427,1,0,0,0,1
14:31:13.586,1,0,0,0,1
14:31:13.586,0,0,0,0,1
14:31:14.064,0,0,0,0,1
14:31:14.064,0,0,0,0,0
14:31:14.064,0,0,0,0,0
14:31:14.064,0,0,0,1,0
14:31:14.676,0,0,0,1,0
14:31:14.676,0,0,0,1,1
14:31:14.676,0,0,0,1,1
14:31:14.676,0,0,0,0,1
14:31:15.308,0,0,0,0,1
14:31:15.308,0,0,0,0,0
14:31:15.324,0,0,0,0,0
14:31:15.324,0,0,0,1,0
14:31:15.451,0,0,0,1,0
14:31:15.451,1,0,0,1,0
14:31:15.938,1,0,0,1,0
14:31:15.938,1,0,0,1,1
14:31:15.938,1,0,0,1,1
14:31:15.938,1,0,0,0,1
14:31:16.542,1,0,0,0,1
14:31:16.542,1,0,0,0,0
14:31:16.542,1,0,0,0,0
14:31:16.542,1,0,0,1,0
14:31:17.157,1,0,0,1,0
14:31:17.157,1,0,0,1,1
14:31:17.157,1,0,0,1,1
14:31:17.157,1,0,0,0,1
14:31:17.268,1,0,0,0,1
14:31:17.268,0,0,0,0,1
14:31:17.778,0,0,0,0,1
14:31:17.778,0,0,0,0,0
14:31:17.778,0,0,0,0,0
14:31:17.778,0,0,0,1,0
14:31:18.393,0,0,0,1,0
14:31:18.393,0,0,0,1,1
14:31:18.393,0,0,0,1,1
14:31:18.393,0,0,0,0,1
14:31:19.007,0,0,0,0,1
14:31:19.007,0,0,0,0,0
14:31:19.007,0,0,0,0,0
14:31:19.007,0,0,0,1,0
14:31:19.093,0,0,0,1,0
14:31:19.093,1,0,0,1,0
14:31:19.614,1,0,0,1,0
14:31:19.614,1,0,0,1,1
14:31:19.614,1,0,0,1,1
14:31:19.614,1,0,0,0,1
14:31:20.267,1,0,0,0,1
14:31:20.267,1,0,0,0,0
14:31:20.267,1,0,0,0,0
14:31:20.267,1,0,0,1,0
14:31:20.880,1,0,0,1,0
14:31:20.880,1,0,0,1,1
14:31:20.880,1,0,0,1,1
14:31:20.880,1,0,0,0,1
14:31:20.896,1,0,0,0,1
14:31:20.896,0,0,0,0,1
14:31:21.482,0,0,0,0,1
14:31:21.482,0,0,0,0,0
14:31:21.482,0,0,0,0,0
14:31:21.482,0,0,0,1,0
14:31:22.088,0,0,0,1,0
14:31:22.088,0,0,0,1,1
14:31:22.088,0,0,0,1,1
14:31:22.088,0,0,0,0,1
14:31:22.709,0,0,0,0,1
14:31:22.709,0,0,0,0,0
14:31:22.709,0,0,0,0,0
14:31:22.709,0,0,0,1,0
14:31:22.709,0,0,0,1,0
14:31:22.709,1,0,0,1,0
14:31:23.312,1,0,0,1,0
14:31:23.312,1,0,0,1,1
14:31:23.312,1,0,0,1,1
14:31:23.312,1,0,0,0,1
14:31:23.933,1,0,0,0,1
14:31:23.933,1,0,0,0,0
14:31:23.933,1,0,0,0,0
14:31:23.933,1,0,0,1,0
14:31:24.516,1,0,0,1,0
14:31:24.516,0,0,0,1,0
14:31:24.576,0,0,0,1,0
14:31:24.576,0,0,0,1,1
14:31:24.578,0,0,0,1,1
14:31:24.578,0,0,0,0,1
14:31:25.182,0,0,0,0,1
14:31:25.182,0,0,0,0,0
14:31:25.183,0,0,0,0,0
14:31:25.183,0,0,0,1,0
14:31:25.785,0,0,0,1,0
14:31:25.785,0,0,0,1,1
14:31:25.785,0,0,0,1,1
14:31:25.785,0,0,0,0,1
14:31:26.325,0,0,0,0,1
14:31:26.325,1,0,0,0,1
14:31:26.410,1,0,0,0,1
14:31:26.410,1,0,0,0,0
14:31:26.410,1,0,0,0,0
14:31:26.410,1,0,0,1,0
14:31:27.009,1,0,0,1,0
14:31:27.009,1,0,0,1,1
14:31:27.009,1,0,0,1,1
14:31:27.009,1,0,0,0,1
14:31:27.645,1,0,0,0,1
14:31:27.645,1,0,0,0,0
14:31:27.645,1,0,0,0,0
14:31:27.645,1,0,0,1,0
14:31:28.140,1,0,0,1,0
14:31:28.140,0,0,0,1,0
14:31:28.251,0,0,0,1,0
14:31:28.251,0,0,0,1,1
14:31:28.251,0,0,0,1,1
14:31:28.251,0,0,0,0,1
14:31:28.871,0,0,0,0,1
14:31:28.871,0,0,0,0,0
14:31:28.871,0,0,0,0,0
14:31:28.871,0,0,0,1,0
14:31:29.482,0,0,0,1,0
14:31:29.482,0,0,0,1,1
14:31:29.482,0,0,0,1,1
14:31:29.482,0,0,0,0,1
14:31:29.946,0,0,0,0,1
14:31:29.946,1,0,0,0,1
14:31:30.082,1,0,0,0,1
14:31:30.082,1,0,0,0,0
14:31:30.082,1,0,0,0,0
14:31:30.082,1,0,0,1,0
14:31:30.690,1,0,0,1,0
14:31:30.690,1,0,0,1,1
14:31:30.690,1,0,0,1,1
14:31:30.690,1,0,0,0,1
14:31:31.309,1,0,0,0,1
14:31:31.309,1,0,0,0,0
14:31:31.309,1,0,0,0,0
14:31:31.309,1,0,0,1,0
14:31:31.755,1,0,0,1,0
14:31:31.755,0,0,0,1,0
14:31:31.930,0,0,0,1,0
14:31:31.930,0,0,0,1,1
14:31:31.930,0,0,0,1,1
14:31:31.930,0,0,0,0,1
14:31:32.566,0,0,0,0,1
14:31:32.566,0,0,0,0,0
14:31:32.566,0,0,0,0,0
14:31:32.566,0,0,0,1,0
14:31:33.170,0,0,0,1,0
14:31:33.170,0,0,0,1,1
14:31:33.170,0,0,0,1,1
14:31:33.170,0,0,0,0,1
14:31:33.567,0,0,0,0,1
14:31:33.567,1,0,0,0,1
14:31:33.806,1,0,0,0,1
14:31:33.806,1,0,0,0,0
14:31:33.806,1,0,0,0,0
14:31:33.806,1,0,0,1,0
14:31:34.412,1,0,0,1,0
14:31:34.412,1,0,0,1,1
14:31:34.412,1,0,0,1,1
14:31:34.412,1,0,0,0,1
14:31:35.050,1,0,0,0,1
14:31:35.050,1,0,0,0,0
14:31:35.050,1,0,0,0,0
14:31:35.050,1,0,0,1,0
14:31:35.382,1,0,0,1,0
14:31:35.382,0,0,0,1,0
14:31:35.667,0,0,0,1,0
14:31:35.667,0,0,0,1,1
14:31:35.667,0,0,0,1,1
14:31:35.667,0,0,0,0,1
14:31:36.285,0,0,0,0,1
14:31:36.285,0,0,0,0,0
14:31:36.285,0,0,0,0,0
14:31:36.285,0,0,0,1,0
14:31:36.890,0,0,0,1,0
14:31:36.890,0,0,0,1,1
14:31:36.890,0,0,0,1,1
14:31:36.890,0,0,0,0,1
14:31:37.190,0,0,0,0,1
14:31:37.190,1,0,0,0,1
14:31:37.507,1,0,0,0,1
14:31:37.507,1,0,0,0,0
14:31:37.507,1,0,0,0,0
14:31:37.507,1,0,0,1,0
14:31:38.129,1,0,0,1,0
14:31:38.129,1,0,0,1,1
14:31:38.129,1,0,0,1,1
14:31:38.129,1,0,0,0,1
14:31:38.748,1,0,0,0,1
14:31:38.748,1,0,0,0,0
14:31:38.748,1,0,0,0,0
14:31:38.748,1,0,0,1,0
14:31:39.002,1,0,0,1,0
14:31:39.002,0,0,0,1,0
14:31:39.367,0,0,0,1,0
14:31:39.367,0,0,0,1,1
14:31:39.367,0,0,0,1,1
14:31:39.367,0,0,0,0,1
14:31:40.000,0,0,0,0,1
14:31:40.000,0,0,0,0,0
14:31:40.000,0,0,0,0,0
14:31:40.000,0,0,0,1,0
14:31:40.608,0,0,0,1,0
14:31:40.608,0,0,0,1,1
14:31:40.608,0,0,0,1,1
14:31:40.608,0,0,0,0,1
14:31:40.815,0,0,0,0,1
14:31:40.815,1,0,0,0,1
14:31:41.245,1,0,0,0,1
14:31:41.245,1,0,0,0,0
14:31:41.245,1,0,0,0,0
14:31:41.245,1,0,0,1,0
14:31:41.851,1,0,0,1,0
14:31:41.851,1,0,0,1,1
14:31:41.851,1,0,0,1,1
14:31:41.851,1,0,0,0,1
14:31:42.469,1,0,0,0,1
14:31:42.469,1,0,0,0,0
14:31:42.469,1,0,0,0,0
14:31:42.469,1,0,0,1,0
14:31:42.628,1,0,0,1,0
14:31:42.628,0,0,0,1,0
14:31:43.088,0,0,0,1,0
14:31:43.088,0,0,0,1,1
14:31:43.088,0,0,0,1,1
14:31:43.088,0,0,0,0,1
14:31:43.699,0,0,0,0,1
14:31:43.699,0,0,0,0,0
14:31:43.699,0,0,0,0,0
14:31:43.699,0,0,0,1,0
14:31:44.316,0,0,0,1,0
14:31:44.316,0,0,0,1,1
14:31:44.316,0,0,0,1,1
14:31:44.316,0,0,0,0,1
14:31:44.443,0,0,0,0,1
14:31:44.443,1,0,0,0,1
14:31:44.919,1,0,0,0,1
14:31:44.919,1,0,0,0,0
14:31:44.919,1,0,0,0,0
14:31:44.919,1,0,0,1,0
14:31:45.539,1,0,0,1,0
14:31:45.539,1,0,0,1,1
14:31:45.539,1,0,0,1,1
14:31:45.539,1,0,0,0,1
14:31:46.160,1,0,0,0,1
14:31:46.160,1,0,0,0,0
14:31:46.160,1,0,0,0,0
14:31:46.160,1,0,0,1,0
14:31:46.241,1,0,0,1,0
14:31:46.241,0,0,0,1,0
14:31:46.783,0,0,0,1,0
14:31:46.783,0,0,0,1,1
14:31:46.783,0,0,0,1,1
14:31:46.783,0,0,0,0,1
14:31:47.402,0,0,0,0,1
14:31:47.402,0,0,0,0,0
14:31:47.402,0,0,0,0,0
14:31:47.402,0,0,0,1,0
14:31:48.010,0,0,0,1,0
14:31:48.010,0,0,0,1,1
14:31:48.011,0,0,0,1,1
14:31:48.011,0,0,0,0,1
14:31:48.086,0,0,0,0,1
14:31:48.086,1,0,0,0,1
14:31:48.611,1,0,0,0,1
14:31:48.611,1,0,0,0,0
14:31:48.611,1,0,0,0,0
14:31:48.611,1,0,0,1,0
14:31:49.212,1,0,0,1,0
14:31:49.212,1,0,0,1,1
14:31:49.212,1,0,0,1,1
14:31:49.212,1,0,0,0,1
14:31:49.826,1,0,0,0,1
14:31:49.826,1,0,0,0,0
14:31:49.826,1,0,0,0,0
14:31:49.826,1,0,0,1,0
14:31:49.953,1,0,0,1,0
14:31:49.953,0,0,0,1,0
14:31:50.427,0,0,0,1,0
14:31:50.427,0,0,0,1,1
14:31:50.427,0,0,0,1,1
14:31:50.427,0,0,0,0,1
14:31:51.030,0,0,0,0,1
14:31:51.030,0,0,0,0,0
14:31:51.030,0,0,0,0,0
14:31:51.030,0,0,0,1,0
14:31:51.635,0,0,0,1,0
14:31:51.635,0,0,0,1,1
14:31:51.635,0,0,0,1,1
14:31:51.635,0,0,0,0,1
14:31:51.762,0,0,0,0,1
14:31:51.762,1,0,0,0,1
14:31:52.241,1,0,0,0,1
14:31:52.241,1,0,0,0,0
14:31:52.241,1,0,0,0,0
14:31:52.241,1,0,0,1,0
14:31:52.847,1,0,0,1,0
14:31:52.847,1,0,0,1,1
14:31:52.847,1,0,0,1,1
14:31:52.847,1,0,0,0,1
14:31:53.454,1,0,0,0,1
14:31:53.454,1,0,0,0,0
14:31:53.454,1,0,0,0,0
14:31:53.454,1,0,0,1,0
14:31:53.581,1,0,0,1,0
14:31:53.581,0,0,0,1,0
14:31:54.059,0,0,0,1,0
14:31:54.059,0,0,0,1,1
14:31:54.061,0,0,0,1,1
14:31:54.061,0,0,0,0,1
14:31:54.667,0,0,0,0,1
14:31:54.667,0,0,0,0,0
14:31:54.667,0,0,0,0,0
14:31:54.667,0,0,0,1,0
14:31:55.271,0,0,0,1,0
14:31:55.271,0,0,0,1,1
14:31:55.271,0,0,0,1,1
14:31:55.271,0,0,0,0,1
14:31:55.381,0,0,0,0,1
14:31:55.381,1,0,0,0,1
14:31:55.874,1,0,0,0,1
14:31:55.874,1,0,0,0,0
14:31:55.874,1,0,0,0,0
14:31:55.874,1,0,0,1,0
14:31:56.476,1,0,0,1,0
14:31:56.476,1,0,0,1,1
14:31:56.476,1,0,0,1,1
14:31:56.476,1,0,0,0,1
14:31:57.083,1,0,0,0,1
14:31:57.083,1,0,0,0,0
14:31:57.083,1,0,0,0,0
14:31:57.083,1,0,0,1,0
14:31:57.179,1,0,0,1,0
14:31:57.179,0,0,0,1,0
14:31:57.706,0,0,0,1,0
14:31:57.706,0,0,0,1,1
14:31:57.706,0,0,0,1,1
14:31:57.706,0,0,0,0,1
14:31:58.342,0,0,0,0,1
14:31:58.342,0,0,0,0,0
14:31:58.342,0,0,0,0,0
14:31:58.342,0,0,0,1,0
14:31:58.947,0,0,0,1,0
14:31:58.947,0,0,0,1,1
14:31:58.947,0,0,0,1,1
14:31:58.947,0,0,0,0,1
14:31:59.010,0,0,0,0,1
14:31:59.010,1,0,0,0,1
14:31:59.552,1,0,0,0,1
14:31:59.552,1,0,0,0,0
14:31:59.552,1,0,0,0,0
14:31:59.552,1,0,0,1,0
14:32:00.172,1,0,0,1,0
14:32:00.172,1,0,0,1,1
14:32:00.172,1,0,0,1,1
14:32:00.172,1,0,0,0,1
14:32:00.778,1,0,0,0,1
14:32:00.778,1,0,0,0,0
14:32:00.778,1,0,0,0,0
14:32:00.778,1,0,0,1,0
14:32:00.857,1,0,0,1,0
14:32:00.857,0,0,0,1,0
14:32:01.398,0,0,0,1,0
14:32:01.398,0,0,0,1,1
14:32:01.398,0,0,0,1,1
14:32:01.398,0,0,0,0,1
14:32:02.020,0,0,0,0,1
14:32:02.020,0,0,0,0,0
14:32:02.020,0,0,0,0,0
14:32:02.020,0,0,0,1,0
14:32:02.625,0,0,0,1,0
14:32:02.625,0,0,0,1,1
14:32:02.625,0,0,0,1,1
14:32:02.625,0,0,0,0,1
14:32:02.697,0,0,0,0,1
14:32:02.697,1,0,0,0,1
14:32:03.278,1,0,0,0,1
14:32:03.278,1,0,0,0,0
14:32:03.278,1,0,0,0,0
14:32:03.278,1,0,0,1,0
14:32:03.896,1,0,0,1,0
14:32:03.896,1,0,0,1,1
14:32:03.896,1,0,0,1,1
14:32:03.896,1,0,0,0,1
14:32:04.498,1,0,0,0,1
14:32:04.498,0,0,0,0,1
14:32:04.498,0,0,0,0,1
14:32:04.498,0,0,0,0,0
14:32:04.498,0,0,0,0,0
14:32:04.498,0,0,0,1,0
14:32:05.100,0,0,0,1,0
14:32:05.100,0,0,0,1,1
14:32:05.100,0,0,0,1,1
14:32:05.100,0,0,0,0,1
14:32:05.717,0,0,0,0,1
14:32:05.717,0,0,0,0,0
14:32:05.717,0,0,0,0,0
14:32:05.717,0,0,0,1,0
14:32:06.308,0,0,0,1,0
14:32:06.308,1,0,0,1,0
14:32:06.367,1,0,0,1,0
14:32:06.367,1,0,0,1,1
14:32:06.367,1,0,0,1,1
14:32:06.367,1,0,0,0,1
14:32:06.977,1,0,0,0,1
14:32:06.977,1,0,0,0,0
14:32:06.977,1,0,0,0,0
14:32:06.977,1,0,0,1,0
14:32:07.586,1,0,0,1,0
14:32:07.586,1,0,0,1,1
14:32:07.586,1,0,0,1,1
14:32:07.586,1,0,0,0,1
14:32:08.124,1,0,0,0,1
14:32:08.124,0,0,0,0,1
14:32:08.187,0,0,0,0,1
14:32:08.187,0,0,0,0,0
14:32:08.187,0,0,0,0,0
14:32:08.187,0,0,0,1,0
14:32:08.794,0,0,0,1,0
14:32:08.794,0,0,0,1,1
14:32:08.794,0,0,0,1,1
14:32:08.794,0,0,0,0,1
14:32:09.416,0,0,0,0,1
14:32:09.416,0,0,0,0,0
14:32:09.416,0,0,0,0,0
14:32:09.416,0,0,0,1,0
14:32:09.926,0,0,0,1,0
14:32:09.926,1,0,0,1,0
14:32:10.022,1,0,0,1,0
14:32:10.022,1,0,0,1,1
14:32:10.022,1,0,0,1,1
14:32:10.022,1,0,0,0,1
14:32:10.674,1,0,0,0,1
14:32:10.674,1,0,0,0,0
14:32:10.674,1,0,0,0,0
14:32:10.674,1,0,0,1,0
14:32:11.293,1,0,0,1,0
14:32:11.293,1,0,0,1,1
14:32:11.293,1,0,0,1,1
14:32:11.293,1,0,0,0,1
14:32:11.735,1,0,0,0,1
14:32:11.735,0,0,0,0,1
14:32:11.894,0,0,0,0,1
14:32:11.894,0,0,0,0,0
14:32:11.894,0,0,0,0,0
14:32:11.894,0,0,0,1,0
14:32:12.511,0,0,0,1,0
14:32:12.511,0,0,0,1,1
14:32:12.511,0,0,0,1,1
14:32:12.511,0,0,0,0,1
14:32:13.114,0,0,0,0,1
14:32:13.114,0,0,0,0,0
14:32:13.114,0,0,0,0,0
14:32:13.114,0,0,0,1,0
14:32:13.547,0,0,0,1,0
14:32:13.547,1,0,0,1,0
14:32:13.718,1,0,0,1,0
14:32:13.718,1,0,0,1,1
14:32:13.718,1,0,0,1,1
14:32:13.718,1,0,0,0,1
14:32:14.354,1,0,0,0,1
14:32:14.354,1,0,0,0,0
14:32:14.354,1,0,0,0,0
14:32:14.354,1,0,0,1,0
14:32:14.962,1,0,0,1,0
14:32:14.962,1,0,0,1,1
14:32:14.963,1,0,0,1,1
14:32:14.963,1,0,0,0,1
14:32:15.360,1,0,0,0,1
14:32:15.360,0,0,0,0,1
14:32:15.567,0,0,0,0,1
14:32:15.567,0,0,0,0,0
14:32:15.567,0,0,0,0,0
14:32:15.567,0,0,0,1,0
14:32:16.169,0,0,0,1,0
14:32:16.169,0,0,0,1,1
14:32:16.169,0,0,0,1,1
14:32:16.169,0,0,0,0,1
14:32:16.794,0,0,0,0,1
14:32:16.794,0,0,0,0,0
14:32:16.796,0,0,0,0,0
14:32:16.796,0,0,0,1,0
14:32:17.208,0,0,0,1,0
14:32:17.208,1,0,0,1,0
14:32:17.410,1,0,0,1,0
14:32:17.410,1,0,0,1,1
14:32:17.410,1,0,0,1,1
14:32:17.410,1,0,0,0,1
14:32:18.000,1,0,0,0,1
14:32:18.000,1,0,0,0,0
14:32:18.000,1,0,0,0,0
14:32:18.000,1,0,0,1,0
14:32:18.623,1,0,0,1,0
14:32:18.623,1,0,0,1,1
14:32:18.623,1,0,0,1,1
14:32:18.623,1,0,0,0,1
14:32:19.024,1,0,0,0,1
14:32:19.024,0,0,0,0,1
14:32:19.240,0,0,0,0,1
14:32:19.240,0,0,0,0,0
14:32:19.240,0,0,0,0,0
14:32:19.240,0,0,0,1,0
14:32:19.848,0,0,0,1,0
14:32:19.848,0,0,0,1,1
14:32:19.848,0,0,0,1,1
14:32:19.848,0,0,0,0,1
14:32:20.483,0,0,0,0,1
14:32:20.483,0,0,0,0,0
14:32:20.483,0,0,0,0,0
14:32:20.483,0,0,0,1,0
14:32:20.833,0,0,0,1,0
14:32:20.833,1,0,0,1,0
14:32:21.088,1,0,0,1,0
14:32:21.088,1,0,0,1,1
14:32:21.088,1,0,0,1,1
14:32:21.088,1,0,0,0,1
14:32:21.724,1,0,0,0,1
14:32:21.724,1,0,0,0,0
14:32:21.724,1,0,0,0,0
14:32:21.724,1,0,0,1,0
14:32:22.346,1,0,0,1,0
14:32:22.346,1,0,0,1,1
14:32:22.346,1,0,0,1,1
14:32:22.346,1,0,0,0,1
14:32:22.634,1,0,0,0,1
14:32:22.634,0,0,0,0,1
14:32:22.948,0,0,0,0,1
14:32:22.948,0,0,0,0,0
14:32:22.965,0,0,0,0,0
14:32:22.965,0,0,0,1,0
14:32:23.554,0,0,0,1,0
14:32:23.554,0,0,0,1,1
14:32:23.577,0,0,0,1,1
14:32:23.577,0,0,0,0,1
14:32:24.186,0,0,0,0,1
14:32:24.186,0,0,0,0,0
14:32:24.186,0,0,0,0,0
14:32:24.186,0,0,0,1,0
14:32:24.439,0,0,0,1,0
14:32:24.439,1,0,0,1,0
14:32:24.789,1,0,0,1,0
14:32:24.789,1,0,0,1,1
14:32:24.789,1,0,0,1,1
14:32:24.789,1,0,0,0,1
14:32:25.428,1,0,0,0,1
14:32:25.428,1,0,0,0,0
14:32:25.428,1,0,0,0,0
14:32:25.428,1,0,0,1,0
14:32:26.040,1,0,0,1,0
14:32:26.040,1,0,0,1,1
14:32:26.040,1,0,0,1,1
14:32:26.040,1,0,0,0,1
14:32:26.253,1,0,0,0,1
14:32:26.253,0,0,0,0,1
14:32:26.676,0,0,0,0,1
14:32:26.676,0,0,0,0,0
14:32:26.676,0,0,0,0,0
14:32:26.676,0,0,0,1,0
14:32:27.291,0,0,0,1,0
14:32:27.291,0,0,0,1,1
14:32:27.291,0,0,0,1,1
14:32:27.291,0,0,0,0,1
14:32:27.899,0,0,0,0,1
14:32:27.899,0,0,0,0,0
14:32:27.899,0,0,0,0,0
14:32:27.899,0,0,0,1,0
14:32:28.059,0,0,0,1,0
14:32:28.059,1,0,0,1,0
14:32:28.504,1,0,0,1,0
14:32:28.504,1,0,0,1,1
14:32:28.504,1,0,0,1,1
14:32:28.504,1,0,0,0,1
14:32:29.109,1,0,0,0,1
14:32:29.109,1,0,0,0,0
14:32:29.109,1,0,0,0,0
14:32:29.109,1,0,0,1,0
14:32:29.711,1,0,0,1,0
14:32:29.711,1,0,0,1,1
14:32:29.711,1,0,0,1,1
14:32:29.711,1,0,0,0,1
14:32:29.875,1,0,0,0,1
14:32:29.875,0,0,0,0,1
14:32:30.356,0,0,0,0,1
14:32:30.356,0,0,0,0,0
14:32:30.356,0,0,0,0,0
14:32:30.356,0,0,0,1,0
14:32:30.964,0,0,0,1,0
14:32:30.964,0,0,0,1,1
14:32:30.964,0,0,0,1,1
14:32:30.964,0,0,0,0,1
14:32:31.602,0,0,0,0,1
14:32:31.602,0,0,0,0,0
14:32:31.604,0,0,0,0,0
14:32:31.604,0,0,0,1,0
14:32:31.711,0,0,0,1,0
14:32:31.711,1,0,0,1,0
14:32:32.213,1,0,0,1,0
14:32:32.213,1,0,0,1,1
14:32:32.213,1,0,0,1,1
14:32:32.213,1,0,0,0,1
14:32:32.817,1,0,0,0,1
14:32:32.817,1,0,0,0,0
14:32:32.817,1,0,0,0,0
14:32:32.817,1,0,0,1,0
14:32:33.423,1,0,0,1,0
14:32:33.423,1,0,0,1,1
14:32:33.423,1,0,0,1,1
14:32:33.423,1,0,0,0,1
14:32:33.517,1,0,0,0,1
14:32:33.517,0,0,0,0,1
14:32:34.056,0,0,0,0,1
14:32:34.056,0,0,0,0,0
14:32:34.056,0,0,0,0,0
14:32:34.056,0,0,0,1,0
14:32:34.678,0,0,0,1,0
14:32:34.678,0,0,0,1,1
14:32:34.678,0,0,0,1,1
14:32:34.678,0,0,0,0,1
14:32:35.285,0,0,0,0,1
14:32:35.285,0,0,0,0,0
14:32:35.285,0,0,0,0,0
14:32:35.285,0,0,0,1,0
14:32:35.360,0,0,0,1,0
14:32:35.360,1,0,0,1,0
14:32:35.890,1,0,0,1,0
14:32:35.890,1,0,0,1,1
14:32:35.890,1,0,0,1,1
14:32:35.890,1,0,0,0,1
14:32:36.497,1,0,0,0,1
14:32:36.497,1,0,0,0,0
14:32:36.497,1,0,0,0,0
14:32:36.497,1,0,0,1,0
14:32:37.103,1,0,0,1,0
14:32:37.103,1,0,0,1,1
14:32:37.103,1,0,0,1,1
14:32:37.103,1,0,0,0,1
14:32:37.178,1,0,0,0,1
14:32:37.178,0,0,0,0,1
14:32:37.719,0,0,0,0,1
14:32:37.719,0,0,0,0,0
14:32:37.719,0,0,0,0,0
14:32:37.719,0,0,0,1,0
14:32:38.326,0,0,0,1,0
14:32:38.326,0,0,0,1,1
14:32:38.326,0,0,0,1,1
14:32:38.326,0,0,0,0,1
14:32:38.945,0,0,0,0,1
14:32:38.945,0,0,0,0,0
14:32:38.945,0,0,0,0,0
14:32:38.945,0,0,0,1,0
14:32:38.977,0,0,0,1,0
14:32:38.977,1,0,0,1,0
14:32:39.568,1,0,0,1,0
14:32:39.568,1,0,0,1,1
14:32:39.568,1,0,0,1,1
14:32:39.568,1,0,0,0,1
14:32:40.174,1,0,0,0,1
14:32:40.174,1,0,0,0,0
14:32:40.174,1,0,0,0,0
14:32:40.174,1,0,0,1,0
14:32:40.779,1,0,0,1,0
14:32:40.779,1,0,0,1,1
14:32:40.779,1,0,0,1,1
14:32:40.779,1,0,0,0,1
14:32:40.811,1,0,0,0,1
14:32:40.811,0,0,0,0,1
14:32:41.391,0,0,0,0,1
14:32:41.391,0,0,0,0,0
14:32:41.391,0,0,0,0,0
14:32:41.391,0,0,0,1,0
14:32:42.005,0,0,0,1,0
14:32:42.005,0,0,0,1,1
14:32:42.005,0,0,0,1,1
14:32:42.005,0,0,0,0,1
14:32:42.625,0,0,0,0,1
14:32:42.625,0,0,0,0,0
14:32:42.625,0,0,0,0,0
14:32:42.625,0,0,0,1,0
14:32:42.625,0,0,0,1,0
14:32:42.625,1,0,0,1,0
14:32:43.232,1,0,0,1,0
14:32:43.232,1,0,0,1,1
14:32:43.232,1,0,0,1,1
14:32:43.232,1,0,0,0,1
14:32:43.853,1,0,0,0,1
14:32:43.853,1,0,0,0,0
14:32:43.853,1,0,0,0,0
14:32:43.853,1,0,0,1,0
14:32:44.429,1,0,0,1,0
14:32:44.429,0,0,0,1,0
14:32:44.477,0,0,0,1,0
14:32:44.477,0,0,0,1,1
14:32:44.477,0,0,0,1,1
14:32:44.477,0,0,0,0,1
14:32:45.101,0,0,0,0,1
14:32:45.101,0,0,0,0,0
14:32:45.101,0,0,0,0,0
14:32:45.101,0,0,0,1,0
14:32:45.705,0,0,0,1,0
14:32:45.705,0,0,0,1,1
14:32:45.705,0,0,0,1,1
14:32:45.705,0,0,0,0,1
14:32:46.231,0,0,0,0,1
14:32:46.231,1,0,0,0,1
14:32:46.311,1,0,0,0,1
14:32:46.311,1,0,0,0,0
14:32:46.311,1,0,0,0,0
14:32:46.311,1,0,0,1,0
14:32:46.917,1,0,0,1,0
14:32:46.917,1,0,0,1,1
14:32:46.917,1,0,0,1,1
14:32:46.917,1,0,0,0,1
14:32:47.523,1,0,0,0,1
14:32:47.523,1,0,0,0,0
14:32:47.523,1,0,0,0,0
14:32:47.523,1,0,0,1,0
14:32:48.032,1,0,0,1,0
14:32:48.032,0,0,0,1,0
14:32:48.143,0,0,0,1,0
14:32:48.143,0,0,0,1,1
14:32:48.143,0,0,0,1,1
14:32:48.143,0,0,0,0,1
14:32:48.751,0,0,0,0,1
14:32:48.751,0,0,0,0,0
14:32:48.751,0,0,0,0,0
14:32:48.751,0,0,0,1,0
14:32:49.372,0,0,0,1,0
14:32:49.372,0,0,0,1,1
14:32:49.372,0,0,0,1,1
14:32:49.372,0,0,0,0,1
14:32:49.835,0,0,0,0,1
14:32:49.835,1,0,0,0,1
14:32:50.315,1,0,0,0,1
14:32:50.315,1,0,0,0,0
14:32:50.315,1,0,0,0,0
14:32:50.315,1,0,0,1,0
14:32:50.919,1,0,0,1,0
14:32:50.919,1,0,0,1,1
14:32:50.919,1,0,0,1,1
14:32:50.919,1,0,0,0,1
14:32:51.522,1,0,0,0,1
14:32:51.522,1,0,0,0,0
14:32:51.522,1,0,0,0,0
14:32:51.522,1,0,0,1,0
14:32:51.650,1,0,0,1,0
14:32:51.650,0,0,0,1,0
14:32:52.130,0,0,0,1,0
14:32:52.130,0,0,0,1,1
14:32:52.130,0,0,0,1,1
14:32:52.130,0,0,0,0,1
14:32:52.735,0,0,0,0,1
14:32:52.735,0,0,0,0,0
14:32:52.735,0,0,0,0,0
14:32:52.735,0,0,0,1,0
14:32:53.340,0,0,0,1,0
14:32:53.340,0,0,0,1,1
14:32:53.340,0,0,0,1,1
14:32:53.340,0,0,0,0,1
14:32:53.452,0,0,0,0,1
14:32:53.452,1,0,0,0,1
14:32:53.945,1,0,0,0,1
14:32:53.945,1,0,0,0,0
14:32:53.945,1,0,0,0,0
14:32:53.945,1,0,0,1,0
14:32:54.551,1,0,0,1,0
14:32:54.551,1,0,0,1,1
14:32:54.551,1,0,0,1,1
14:32:54.551,1,0,0,0,1
14:32:55.159,1,0,0,0,1
14:32:55.159,1,0,0,0,0
14:32:55.159,1,0,0,0,0
14:32:55.159,1,0,0,1,0
14:32:55.254,1,0,0,1,0
14:32:55.254,0,0,0,1,0
14:32:55.763,0,0,0,1,0
14:32:55.763,0,0,0,1,1
14:32:55.763,0,0,0,1,1
14:32:55.763,0,0,0,0,1
14:32:56.367,0,0,0,0,1
14:32:56.367,0,0,0,0,0
14:32:56.367,0,0,0,0,0
14:32:56.367,0,0,0,1,0
14:32:56.973,0,0,0,1,0
14:32:56.973,0,0,0,1,1
14:32:56.973,0,0,0,1,1
14:32:56.973,0,0,0,0,1
14:32:57.068,0,0,0,0,1
14:32:57.068,1,0,0,0,1
14:32:57.578,1,0,0,0,1
14:32:57.578,1,0,0,0,0
14:32:57.578,1,0,0,0,0
14:32:57.578,1,0,0,1,0
14:32:58.187,1,0,0,1,0
14:32:58.187,1,0,0,1,1
14:32:58.187,1,0,0,1,1
14:32:58.187,1,0,0,0,1
14:32:58.795,1,0,0,0,1
14:32:58.795,1,0,0,0,0
14:32:58.795,1,0,0,0,0
14:32:58.795,1,0,0,1,0
14:32:58.890,1,0,0,1,0
14:32:58.890,0,0,0,1,0
14:32:59.426,0,0,0,1,0
14:32:59.426,0,0,0,1,1
14:32:59.426,0,0,0,1,1
14:32:59.426,0,0,0,0,1
14:33:00.040,0,0,0,0,1
14:33:00.040,0,0,0,0,0
14:33:00.040,0,0,0,0,0
14:33:00.040,0,0,0,1,0
14:33:00.657,0,0,0,1,0
14:33:00.657,0,0,0,1,1
14:33:00.657,0,0,0,1,1
14:33:00.657,0,0,0,0,1
14:33:00.705,0,0,0,0,1
14:33:00.705,1,0,0,0,1
14:33:01.262,1,0,0,0,1
14:33:01.262,1,0,0,0,0
14:33:01.262,1,0,0,0,0
14:33:01.262,1,0,0,1,0
14:33:01.869,1,0,0,1,0
14:33:01.869,1,0,0,1,1
14:33:01.869,1,0,0,1,1
14:33:01.869,1,0,0,0,1
14:33:02.477,1,0,0,0,1
14:33:02.477,1,0,0,0,0
14:33:02.477,1,0,0,0,0
14:33:02.477,1,0,0,1,0
14:33:02.509,1,0,0,1,0
14:33:02.509,0,0,0,1,0
14:33:03.083,0,0,0,1,0
14:33:03.083,0,0,0,1,1
14:33:03.083,0,0,0,1,1
14:33:03.083,0,0,0,0,1
14:33:03.692,0,0,0,0,1
14:33:03.692,0,0,0,0,0
14:33:03.692,0,0,0,0,0
14:33:03.692,0,0,0,1,0
14:33:04.299,0,0,0,1,0
14:33:04.299,0,0,0,1,1
14:33:04.299,0,0,0,1,1
14:33:04.299,0,0,0,0,1
14:33:04.327,0,0,0,0,1
14:33:04.327,1,0,0,0,1
14:33:04.904,1,0,0,0,1
14:33:04.904,1,0,0,0,0
14:33:04.904,1,0,0,0,0
14:33:04.904,1,0,0,1,0
14:33:05.511,1,0,0,1,0
14:33:05.511,1,0,0,1,1
14:33:05.511,1,0,0,1,1
14:33:05.511,1,0,0,0,1
14:33:06.114,1,0,0,0,1
14:33:06.114,1,0,0,0,0
14:33:06.114,1,0,0,0,0
14:33:06.114,1,0,0,1,0
14:33:06.139,1,0,0,1,0
14:33:06.139,0,0,0,1,0
14:33:06.720,0,0,0,1,0
14:33:06.720,0,0,0,1,1
14:33:06.720,0,0,0,1,1
14:33:06.720,0,0,0,0,1
14:33:07.325,0,0,0,0,1
14:33:07.325,0,0,0,0,0
14:33:07.325,0,0,0,0,0
14:33:07.325,0,0,0,1,0
14:33:07.933,0,0,0,1,0
14:33:07.933,0,0,0,1,1
14:33:07.933,0,0,0,1,1
14:33:07.933,0,0,0,0,1
14:33:07.964,0,0,0,0,1
14:33:07.964,1,0,0,0,1
14:33:08.538,1,0,0,0,1
14:33:08.538,1,0,0,0,0
14:33:08.538,1,0,0,0,0
14:33:08.538,1,0,0,1,0
14:33:09.144,1,0,0,1,0
14:33:09.144,1,0,0,1,1
14:33:09.144,1,0,0,1,1
14:33:09.144,1,0,0,0,1
14:33:09.750,1,0,0,0,1
14:33:09.750,1,0,0,0,0
14:33:09.751,1,0,0,0,0
14:33:09.751,1,0,0,1,0
14:33:09.766,1,0,0,1,0
14:33:09.766,0,0,0,1,0
14:33:10.357,0,0,0,1,0
14:33:10.357,0,0,0,1,1
14:33:10.357,0,0,0,1,1
14:33:10.357,0,0,0,0,1
14:33:10.962,0,0,0,0,1
14:33:10.962,0,0,0,0,0
14:33:10.962,0,0,0,0,0
14:33:10.962,0,0,0,1,0
14:33:11.567,0,0,0,1,0
14:33:11.567,0,0,0,1,1
14:33:11.567,0,0,0,1,1
14:33:11.567,0,0,0,0,1
14:33:11.583,0,0,0,0,1
14:33:11.583,1,0,0,0,1
14:33:12.174,1,0,0,0,1
14:33:12.174,1,0,0,0,0
14:33:12.174,1,0,0,0,0
14:33:12.174,1,0,0,1,0
14:33:12.777,1,0,0,1,0
14:33:12.777,1,0,0,1,1
14:33:12.777,1,0,0,1,1
14:33:12.777,1,0,0,0,1
14:33:13.383,1,0,0,0,1
14:33:13.383,1,0,0,0,0
14:33:13.383,1,0,0,0,0
14:33:13.383,1,0,0,1,0
14:33:13.415,1,0,0,1,0
14:33:13.415,0,0,0,1,0
14:33:13.984,0,0,0,1,0
14:33:13.984,0,0,0,1,1
14:33:13.984,0,0,0,1,1
14:33:13.984,0,0,0,0,1
14:33:14.630,0,0,0,0,1
14:33:14.630,0,0,0,0,0
14:33:14.630,0,0,0,0,0
14:33:14.630,0,0,0,1,0
14:33:15.227,0,0,0,1,0
14:33:15.227,1,0,0,1,0
14:33:15.242,1,0,0,1,0
14:33:15.242,1,0,0,1,1
14:33:15.242,1,0,0,1,1
14:33:15.242,1,0,0,0,1
14:33:15.845,1,0,0,0,1
14:33:15.845,1,0,0,0,0
14:33:15.861,1,0,0,0,0
14:33:15.861,1,0,0,1,0
14:33:16.449,1,0,0,1,0
14:33:16.449,1,0,0,1,1
14:33:16.496,1,0,0,1,1
14:33:16.496,1,0,0,0,1
14:33:17.058,1,0,0,0,1
14:33:17.058,0,0,0,0,1
14:33:17.058,0,0,0,0,1
14:33:17.058,0,0,0,0,0
14:33:17.129,0,0,0,0,0
14:33:17.129,0,0,0,1,0
14:33:17.671,0,0,0,1,0
14:33:17.671,0,0,0,1,1
14:33:17.719,0,0,0,1,1
14:33:17.719,0,0,0,0,1
14:33:18.324,0,0,0,0,1
14:33:18.324,0,0,0,0,0
14:33:18.324,0,0,0,0,0
14:33:18.324,0,0,0,1,0
14:33:18.865,0,0,0,1,0
14:33:18.865,1,0,0,1,0
14:33:18.929,1,0,0,1,0
14:33:18.929,1,0,0,1,1
14:33:18.945,1,0,0,1,1
14:33:18.945,1,0,0,0,1
14:33:19.565,1,0,0,0,1
14:33:19.565,1,0,0,0,0
14:33:19.565,1,0,0,0,0
14:33:19.565,1,0,0,1,0
14:33:20.172,1,0,0,1,0
14:33:20.172,1,0,0,1,1
14:33:20.172,1,0,0,1,1
14:33:20.172,1,0,0,0,1
14:33:20.665,1,0,0,0,1
14:33:20.665,0,0,0,0,1
14:33:20.790,0,0,0,0,1
14:33:20.790,0,0,0,0,0
14:33:20.790,0,0,0,0,0
14:33:20.790,0,0,0,1,0
14:33:21.396,0,0,0,1,0
14:33:21.396,0,0,0,1,1
14:33:21.396,0,0,0,1,1
14:33:21.396,0,0,0,0,1
14:33:22.050,0,0,0,0,1
14:33:22.050,0,0,0,0,0
14:33:22.050,0,0,0,0,0
14:33:22.050,0,0,0,1,0
14:33:22.479,0,0,0,1,0
14:33:22.479,1,0,0,1,0
14:33:22.655,1,0,0,1,0
14:33:22.655,1,0,0,1,1
14:33:22.655,1,0,0,1,1
14:33:22.655,1,0,0,0,1
14:33:23.276,1,0,0,0,1
14:33:23.276,1,0,0,0,0
14:33:23.276,1,0,0,0,0
14:33:23.276,1,0,0,1,0
14:33:23.877,1,0,0,1,0
14:33:23.877,1,0,0,1,1
14:33:23.877,1,0,0,1,1
14:33:23.877,1,0,0,0,1
14:33:24.287,1,0,0,0,1
14:33:24.287,0,0,0,0,1
14:33:24.528,0,0,0,0,1
14:33:24.528,0,0,0,0,0
14:33:24.530,0,0,0,0,0
14:33:24.530,0,0,0,1,0
14:33:25.135,0,0,0,1,0
14:33:25.135,0,0,0,1,1
14:33:25.135,0,0,0,1,1
14:33:25.135,0,0,0,0,1
14:33:25.724,0,0,0,0,1
14:33:25.724,0,0,0,0,0
14:33:25.724,0,0,0,0,0
14:33:25.724,0,0,0,1,0
14:33:26.089,0,0,0,1,0
14:33:26.089,1,0,0,1,0
14:33:26.343,1,0,0,1,0
14:33:26.343,1,0,0,1,1
14:33:26.343,1,0,0,1,1
14:33:26.343,1,0,0,0,1
14:33:26.992,1,0,0,0,1
14:33:26.992,1,0,0,0,0
14:33:26.992,1,0,0,0,0
14:33:26.992,1,0,0,1,0
14:33:27.607,1,0,0,1,0
14:33:27.607,1,0,0,1,1
14:33:27.607,1,0,0,1,1
14:33:27.607,1,0,0,0,1
14:33:27.891,1,0,0,0,1
14:33:27.891,0,0,0,0,1
14:33:28.209,0,0,0,0,1
14:33:28.209,0,0,0,0,0
14:33:28.209,0,0,0,0,0
14:33:28.209,0,0,0,1,0
14:33:28.829,0,0,0,1,0
14:33:28.829,0,0,0,1,1
14:33:28.829,0,0,0,1,1
14:33:28.829,0,0,0,0,1
14:33:29.433,0,0,0,0,1
14:33:29.433,0,0,0,0,0
14:33:29.433,0,0,0,0,0
14:33:29.433,0,0,0,1,0
14:33:29.706,0,0,0,1,0
14:33:29.706,1,0,0,1,0
14:33:30.263,1,0,0,1,0
14:33:30.263,1,0,0,1,1
14:33:30.263,1,0,0,1,1
14:33:30.263,1,0,0,0,1
14:33:30.869,1,0,0,0,1
14:33:30.869,1,0,0,0,0
14:33:30.869,1,0,0,0,0
14:33:30.869,1,0,0,1,0
14:33:31.472,1,0,0,1,0
14:33:31.472,1,0,0,1,1
14:33:31.472,1,0,0,1,1
14:33:31.472,1,0,0,0,1
14:33:31.504,1,0,0,0,1
14:33:31.504,0,0,0,0,1
14:33:32.075,0,0,0,0,1
14:33:32.075,0,0,0,0,0
14:33:32.075,0,0,0,0,0
14:33:32.075,0,0,0,1,0
14:33:32.675,0,0,0,1,0
14:33:32.675,0,0,0,1,1
14:33:32.690,0,0,0,1,1
14:33:32.690,0,0,0,0,1
14:33:33.276,0,0,0,0,1
14:33:33.276,0,0,0,0,0
14:33:33.292,0,0,0,0,0
14:33:33.292,0,0,0,1,0
14:33:33.339,0,0,0,1,0
14:33:33.339,1,0,0,1,0
14:33:33.884,1,0,0,1,0
14:33:33.884,1,0,0,1,1
14:33:33.900,1,0,0,1,1
14:33:33.900,1,0,0,0,1
14:33:34.491,1,0,0,0,1
14:33:34.491,1,0,0,0,0
14:33:34.509,1,0,0,0,0
14:33:34.509,1,0,0,1,0
14:33:35.098,1,0,0,1,0
14:33:35.098,1,0,0,1,1
14:33:35.114,1,0,0,1,1
14:33:35.114,1,0,0,0,1
14:33:35.145,1,0,0,0,1
14:33:35.145,0,0,0,0,1
14:33:35.702,0,0,0,0,1
14:33:35.702,0,0,0,0,0
14:33:35.703,0,0,0,0,0
14:33:35.703,0,0,0,1,0
14:33:36.306,0,0,0,1,0
14:33:36.306,0,0,0,1,1
14:33:36.322,0,0,0,1,1
14:33:36.322,0,0,0,0,1
14:33:36.929,0,0,0,0,1
14:33:36.929,0,0,0,0,0
14:33:36.929,0,0,0,0,0
14:33:36.929,0,0,0,1,0
14:33:36.945,0,0,0,1,0
14:33:36.945,1,0,0,1,0
14:33:37.532,1,0,0,1,0
14:33:37.532,1,0,0,1,1
14:33:37.532,1,0,0,1,1
14:33:37.532,1,0,0,0,1
14:33:38.168,1,0,0,0,1
14:33:38.168,1,0,0,0,0
14:33:38.168,1,0,0,0,0
14:33:38.168,1,0,0,1,0
14:33:38.770,1,0,0,1,0
14:33:38.770,0,0,0,1,0
14:33:38.786,0,0,0,1,0
14:33:38.786,0,0,0,1,1
14:33:38.786,0,0,0,1,1
14:33:38.786,0,0,0,0,1
14:33:39.376,0,0,0,0,1
14:33:39.376,0,0,0,0,0
14:33:39.376,0,0,0,0,0
14:33:39.376,0,0,0,1,0
14:33:39.996,0,0,0,1,0
14:33:39.996,0,0,0,1,1
14:33:39.996,0,0,0,1,1
14:33:39.996,0,0,0,0,1
14:33:40.585,0,0,0,0,1
14:33:40.585,1,0,0,0,1
14:33:40.601,1,0,0,0,1
14:33:40.601,1,0,0,0,0
14:33:40.601,1,0,0,0,0
14:33:40.601,1,0,0,1,0
14:33:41.206,1,0,0,1,0
14:33:41.206,1,0,0,1,1
14:33:41.206,1,0,0,1,1
14:33:41.206,1,0,0,0,1
14:33:41.811,1,0,0,0,1
14:33:41.811,1,0,0,0,0
14:33:41.813,1,0,0,0,0
14:33:41.813,1,0,0,1,0
14:33:42.403,1,0,0,1,0
14:33:42.403,0,0,0,1,0
14:33:42.419,0,0,0,1,0
14:33:42.419,0,0,0,1,1
14:33:42.419,0,0,0,1,1
14:33:42.419,0,0,0,0,1
14:33:43.023,0,0,0,0,1
14:33:43.023,0,0,0,0,0
14:33:43.023,0,0,0,0,0
14:33:43.023,0,0,0,1,0
14:33:43.629,0,0,0,1,0
14:33:43.629,0,0,0,1,1
14:33:43.629,0,0,0,1,1
14:33:43.629,0,0,0,0,1
14:33:44.204,0,0,0,0,1
14:33:44.204,1,0,0,0,1
14:33:44.251,1,0,0,0,1
14:33:44.251,1,0,0,0,0
14:33:44.251,1,0,0,0,0
14:33:44.251,1,0,0,1,0
14:33:44.874,1,0,0,1,0
14:33:44.874,1,0,0,1,1
14:33:44.874,1,0,0,1,1
14:33:44.874,1,0,0,0,1
14:33:45.476,1,0,0,0,1
14:33:45.476,1,0,0,0,0
14:33:45.476,1,0,0,0,0
14:33:45.476,1,0,0,1,0
14:33:46.017,1,0,0,1,0
14:33:46.017,0,0,0,1,0
14:33:46.076,0,0,0,1,0
14:33:46.076,0,0,0,1,1
14:33:46.076,0,0,0,1,1
14:33:46.076,0,0,0,0,1
14:33:46.683,0,0,0,0,1
14:33:46.683,0,0,0,0,0
14:33:46.683,0,0,0,0,0
14:33:46.683,0,0,0,1,0
14:33:47.289,0,0,0,1,0
14:33:47.289,0,0,0,1,1
14:33:47.289,0,0,0,1,1
14:33:47.289,0,0,0,0,1
14:33:47.830,0,0,0,0,1
14:33:47.830,1,0,0,0,1
14:33:47.882,1,0,0,0,1
14:33:47.882,1,0,0,0,0
14:33:47.882,1,0,0,0,0
14:33:47.882,1,0,0,1,0
14:33:48.498,1,0,0,1,0
14:33:48.498,1,0,0,1,1
14:33:48.498,1,0,0,1,1
14:33:48.498,1,0,0,0,1
14:33:49.104,1,0,0,0,1
14:33:49.104,1,0,0,0,0
14:33:49.104,1,0,0,0,0
14:33:49.104,1,0,0,1,0
14:33:49.629,1,0,0,1,0
14:33:49.629,0,0,0,1,0
14:33:49.711,0,0,0,1,0
14:33:49.711,0,0,0,1,1
14:33:49.711,0,0,0,1,1
14:33:49.711,0,0,0,0,1
14:33:50.329,0,0,0,0,1
14:33:50.329,0,0,0,0,0
14:33:50.329,0,0,0,0,0
14:33:50.329,0,0,0,1,0
14:33:50.951,0,0,0,1,0
14:33:50.951,0,0,0,1,1
14:33:50.951,0,0,0,1,1
14:33:50.951,0,0,0,0,1
14:33:51.442,0,0,0,0,1
14:33:51.442,1,0,0,0,1
14:33:51.570,1,0,0,0,1
14:33:51.570,1,0,0,0,0
14:33:51.570,1,0,0,0,0
14:33:51.570,1,0,0,1,0
14:33:52.190,1,0,0,1,0
14:33:52.190,1,0,0,1,1
14:33:52.190,1,0,0,1,1
14:33:52.190,1,0,0,0,1
14:33:52.798,1,0,0,0,1
14:33:52.798,1,0,0,0,0
14:33:52.798,1,0,0,0,0
14:33:52.798,1,0,0,1,0
14:33:53.258,1,0,0,1,0
14:33:53.258,0,0,0,1,0
14:33:53.417,0,0,0,1,0
14:33:53.417,0,0,0,1,1
14:33:53.417,0,0,0,1,1
14:33:53.417,0,0,0,0,1
14:33:54.021,0,0,0,0,1
14:33:54.021,0,0,0,0,0
14:33:54.021,0,0,0,0,0
14:33:54.021,0,0,0,1,0
14:33:54.622,0,0,0,1,0
14:33:54.622,0,0,0,1,1
14:33:54.622,0,0,0,1,1
14:33:54.622,0,0,0,0,1
14:33:55.056,0,0,0,0,1
14:33:55.056,1,0,0,0,1
14:33:55.231,1,0,0,0,1
14:33:55.231,1,0,0,0,0
14:33:55.231,1,0,0,0,0
14:33:55.231,1,0,0,1,0
14:33:55.991,1,0,0,1,0
14:33:55.991,1,0,0,1,1
14:33:55.991,1,0,0,1,1
14:33:55.991,1,0,0,0,1
14:33:56.598,1,0,0,0,1
14:33:56.598,1,0,0,0,0
14:33:56.598,1,0,0,0,0
14:33:56.598,1,0,0,1,0
14:33:56.869,1,0,0,1,0
14:33:56.869,0,0,0,1,0
14:33:57.203,0,0,0,1,0
14:33:57.203,0,0,0,1,1
14:33:57.203,0,0,0,1,1
14:33:57.203,0,0,0,0,1
14:33:57.805,0,0,0,0,1
14:33:57.805,0,0,0,0,0
14:33:57.805,0,0,0,0,0
14:33:57.805,0,0,0,1,0
14:33:58.408,0,0,0,1,0
14:33:58.408,0,0,0,1,1
14:33:58.408,0,0,0,1,1
14:33:58.408,0,0,0,0,1
14:33:58.676,0,0,0,0,1
14:33:58.676,1,0,0,0,1
14:33:59.009,1,0,0,0,1
14:33:59.009,1,0,0,0,0
14:33:59.009,1,0,0,0,0
14:33:59.009,1,0,0,1,0
14:33:59.611,1,0,0,1,0
14:33:59.611,1,0,0,1,1
14:33:59.611,1,0,0,1,1
14:33:59.611,1,0,0,0,1
14:34:00.214,1,0,0,0,1
14:34:00.214,1,0,0,0,0
14:34:00.214,1,0,0,0,0
14:34:00.214,1,0,0,1,0
14:34:00.484,1,0,0,1,0
14:34:00.484,0,0,0,1,0
14:34:00.813,0,0,0,1,0
14:34:00.813,0,0,0,1,1
14:34:00.813,0,0,0,1,1
14:34:00.813,0,0,0,0,1
14:34:01.418,0,0,0,0,1
14:34:01.418,0,0,0,0,0
14:34:01.418,0,0,0,0,0
14:34:01.418,0,0,0,1,0
14:34:02.022,0,0,0,1,0
14:34:02.022,0,0,0,1,1
14:34:02.022,0,0,0,1,1
14:34:02.022,0,0,0,0,1
14:34:02.293,0,0,0,0,1
14:34:02.293,1,0,0,0,1
14:34:02.629,1,0,0,0,1
14:34:02.629,1,0,0,0,0
14:34:02.631,1,0,0,0,0
14:34:02.631,1,0,0,1,0
14:34:03.234,1,0,0,1,0
14:34:03.234,1,0,0,1,1
14:34:03.234,1,0,0,1,1
14:34:03.234,1,0,0,0,1
14:34:03.843,1,0,0,0,1
14:34:03.843,1,0,0,0,0
14:34:03.843,1,0,0,0,0
14:34:03.843,1,0,0,1,0
14:34:04.095,1,0,0,1,0
14:34:04.095,0,0,0,1,0
14:34:04.444,0,0,0,1,0
14:34:04.444,0,0,0,1,1
14:34:04.444,0,0,0,1,1
14:34:04.444,0,0,0,0,1
14:34:05.037,0,0,0,0,1
14:34:05.037,0,0,0,0,0
14:34:05.037,0,0,0,0,0
14:34:05.037,0,0,0,1,0
14:34:05.655,0,0,0,1,0
14:34:05.655,0,0,0,1,1
14:34:05.655,0,0,0,1,1
14:34:05.655,0,0,0,0,1
14:34:05.909,0,0,0,0,1
14:34:05.909,1,0,0,0,1
14:34:06.277,1,0,0,0,1
14:34:06.277,1,0,0,0,0
14:34:06.277,1,0,0,0,0
14:34:06.277,1,0,0,1,0
14:34:06.897,1,0,0,1,0
14:34:06.897,1,0,0,1,1
14:34:06.897,1,0,0,1,1
14:34:06.897,1,0,0,0,1
14:34:07.488,1,0,0,0,1
14:34:07.488,1,0,0,0,0
14:34:07.488,1,0,0,0,0
14:34:07.488,1,0,0,1,0
14:34:08.077,1,0,0,1,0
14:34:08.077,0,0,0,1,0
14:34:08.108,0,0,0,1,0
14:34:08.108,0,0,0,1,1
14:34:08.108,0,0,0,1,1
14:34:08.108,0,0,0,0,1
14:34:08.716,0,0,0,0,1
14:34:08.716,0,0,0,0,0
14:34:08.716,0,0,0,0,0
14:34:08.716,0,0,0,1,0
14:34:09.322,0,0,0,1,0
14:34:09.322,0,0,0,1,1
14:34:09.322,0,0,0,1,1
14:34:09.322,0,0,0,0,1
14:34:09.882,0,0,0,0,1
14:34:09.882,1,0,0,0,1
14:34:09.930,1,0,0,0,1
14:34:09.930,1,0,0,0,0
14:34:09.930,1,0,0,0,0
14:34:09.930,1,0,0,1,0
14:34:10.549,1,0,0,1,0
14:34:10.549,1,0,0,1,1
14:34:10.549,1,0,0,1,1
14:34:10.549,1,0,0,0,1
14:34:11.156,1,0,0,0,1
14:34:11.156,1,0,0,0,0
14:34:11.156,1,0,0,0,0
14:34:11.156,1,0,0,1,0
14:34:11.683,1,0,0,1,0
14:34:11.683,0,0,0,1,0
14:34:11.762,0,0,0,1,0
14:34:11.762,0,0,0,1,1
14:34:11.762,0,0,0,1,1
14:34:11.762,0,0,0,0,1
14:34:12.368,0,0,0,0,1
14:34:12.368,0,0,0,0,0
14:34:12.368,0,0,0,0,0
14:34:12.368,0,0,0,1,0
14:34:12.976,0,0,0,1,0
14:34:12.976,0,0,0,1,1
14:34:12.976,0,0,0,1,1
14:34:12.976,0,0,0,0,1
14:34:13.485,0,0,0,0,1
14:34:13.485,1,0,0,0,1
14:34:13.581,1,0,0,0,1
14:34:13.581,1,0,0,0,0
14:34:13.581,1,0,0,0,0
14:34:13.581,1,0,0,1,0
14:34:14.188,1,0,0,1,0
14:34:14.188,1,0,0,1,1
14:34:14.188,1,0,0,1,1
14:34:14.188,1,0,0,0,1
14:34:14.792,1,0,0,0,1
14:34:14.792,1,0,0,0,0
14:34:14.792,1,0,0,0,0
14:34:14.792,1,0,0,1,0
14:34:15.287,1,0,0,1,0
14:34:15.287,0,0,0,1,0
14:34:15.397,0,0,0,1,0
14:34:15.397,0,0,0,1,1
14:34:15.397,0,0,0,1,1
14:34:15.397,0,0,0,0,1
14:34:16.002,0,0,0,0,1
14:34:16.002,0,0,0,0,0
14:34:16.002,0,0,0,0,0
14:34:16.002,0,0,0,1,0
14:34:16.606,0,0,0,1,0
14:34:16.606,0,0,0,1,1
14:34:16.606,0,0,0,1,1
14:34:16.606,0,0,0,0,1
14:34:17.087,0,0,0,0,1
14:34:17.087,1,0,0,0,1
14:34:17.224,1,0,0,0,1
14:34:17.224,1,0,0,0,0
14:34:17.226,1,0,0,0,0
14:34:17.226,1,0,0,1,0
14:34:17.832,1,0,0,1,0
14:34:17.832,1,0,0,1,1
14:34:17.832,1,0,0,1,1
14:34:17.832,1,0,0,0,1
14:34:18.436,1,0,0,0,1
14:34:18.436,1,0,0,0,0
14:34:18.436,1,0,0,0,0
14:34:18.436,1,0,0,1,0
14:34:18.896,1,0,0,1,0
14:34:18.896,0,0,0,1,0
14:34:19.054,0,0,0,1,0
14:34:19.054,0,0,0,1,1
14:34:19.054,0,0,0,1,1
14:34:19.054,0,0,0,0,1
14:34:19.675,0,0,0,0,1
14:34:19.675,0,0,0,0,0
14:34:19.675,0,0,0,0,0
14:34:19.675,0,0,0,1,0
14:34:20.297,0,0,0,1,0
14:34:20.297,0,0,0,1,1
14:34:20.298,0,0,0,1,1
14:34:20.298,0,0,0,0,1
14:34:20.711,0,0,0,0,1
14:34:20.711,1,0,0,0,1
14:34:20.903,1,0,0,0,1
14:34:20.903,1,0,0,0,0
14:34:20.903,1,0,0,0,0
14:34:20.903,1,0,0,1,0
14:34:21.520,1,0,0,1,0
14:34:21.520,1,0,0,1,1
14:34:21.521,1,0,0,1,1
14:34:21.521,1,0,0,0,1
14:34:22.138,1,0,0,0,1
14:34:22.138,1,0,0,0,0
14:34:22.138,1,0,0,0,0
14:34:22.138,1,0,0,1,0
14:34:22.541,1,0,0,1,0
14:34:22.541,0,0,0,1,0
14:34:22.749,0,0,0,1,0
14:34:22.749,0,0,0,1,1
14:34:22.749,0,0,0,1,1
14:34:22.749,0,0,0,0,1
14:34:23.367,0,0,0,0,1
14:34:23.367,0,0,0,0,0
14:34:23.367,0,0,0,0,0
14:34:23.367,0,0,0,1,0
14:34:23.987,0,0,0,1,0
14:34:23.987,0,0,0,1,1
14:34:23.987,0,0,0,1,1
14:34:23.987,0,0,0,0,1
14:34:24.367,0,0,0,0,1
14:34:24.367,1,0,0,0,1
14:34:24.606,1,0,0,0,1
14:34:24.606,1,0,0,0,0
14:34:24.606,1,0,0,0,0
14:34:24.606,1,0,0,1,0
14:34:25.223,1,0,0,1,0
14:34:25.223,1,0,0,1,1
14:34:25.223,1,0,0,1,1
14:34:25.223,1,0,0,0,1
14:34:25.825,1,0,0,0,1
14:34:25.825,1,0,0,0,0
14:34:25.825,1,0,0,0,0
14:34:25.825,1,0,0,1,0
14:34:26.173,1,0,0,1,0
14:34:26.173,0,0,0,1,0
14:34:26.427,0,0,0,1,0
14:34:26.427,0,0,0,1,1
14:34:26.427,0,0,0,1,1
14:34:26.427,0,0,0,0,1
14:34:27.043,0,0,0,0,1
14:34:27.043,0,0,0,0,0
14:34:27.043,0,0,0,0,0
14:34:27.043,0,0,0,1,0
14:34:27.659,0,0,0,1,0
14:34:27.659,0,0,0,1,1
14:34:27.659,0,0,0,1,1
14:34:27.659,0,0,0,0,1
14:34:27.975,0,0,0,0,1
14:34:27.975,1,0,0,0,1
14:34:28.282,1,0,0,0,1
14:34:28.282,1,0,0,0,0
14:34:28.282,1,0,0,0,0
14:34:28.282,1,0,0,1,0
14:34:28.890,1,0,0,1,0
14:34:28.890,1,0,0,1,1
14:34:28.890,1,0,0,1,1
14:34:28.890,1,0,0,0,1
14:34:29.516,1,0,0,0,1
14:34:29.516,1,0,0,0,0
14:34:29.516,1,0,0,0,0
14:34:29.516,1,0,0,1,0
14:34:29.775,1,0,0,1,0
14:34:29.775,0,0,0,1,0
14:34:30.123,0,0,0,1,0
14:34:30.123,0,0,0,1,1
14:34:30.123,0,0,0,1,1
14:34:30.123,0,0,0,0,1
14:34:30.724,0,0,0,0,1
14:34:30.724,0,0,0,0,0
14:34:30.724,0,0,0,0,0
14:34:30.724,0,0,0,1,0
14:34:31.327,0,0,0,1,0
14:34:31.327,0,0,0,1,1
14:34:31.327,0,0,0,1,1
14:34:31.327,0,0,0,0,1
14:34:31.607,0,0,0,0,1
14:34:31.607,1,0,0,0,1
14:34:31.930,1,0,0,0,1
14:34:31.930,1,0,0,0,0
14:34:31.930,1,0,0,0,0
14:34:31.930,1,0,0,1,0
14:34:32.531,1,0,0,1,0
14:34:32.531,1,0,0,1,1
14:34:32.531,1,0,0,1,1
14:34:32.531,1,0,0,0,1
14:34:33.135,1,0,0,0,1
14:34:33.135,1,0,0,0,0
14:34:33.135,1,0,0,0,0
14:34:33.135,1,0,0,1,0
14:34:33.420,1,0,0,1,0
14:34:33.420,0,0,0,1,0
14:34:33.739,0,0,0,1,0
14:34:33.739,0,0,0,1,1
14:34:33.739,0,0,0,1,1
14:34:33.739,0,0,0,0,1
14:34:34.339,0,0,0,0,1
14:34:34.339,0,0,0,0,0
14:34:34.339,0,0,0,0,0
14:34:34.339,0,0,0,1,0
14:34:34.941,0,0,0,1,0
14:34:34.941,0,0,0,1,1
14:34:34.941,0,0,0,1,1
14:34:34.941,0,0,0,0,1
14:34:35.225,0,0,0,0,1
14:34:35.225,1,0,0,0,1
14:34:35.557,1,0,0,0,1
14:34:35.557,1,0,0,0,0
14:34:35.557,1,0,0,0,0
14:34:35.557,1,0,0,1,0
14:34:36.189,1,0,0,1,0
14:34:36.189,1,0,0,1,1
14:34:36.189,1,0,0,1,1
14:34:36.189,1,0,0,0,1
14:34:36.808,1,0,0,0,1
14:34:36.808,1,0,0,0,0
14:34:36.808,1,0,0,0,0
14:34:36.808,1,0,0,1,0
14:34:37.029,1,0,0,1,0
14:34:37.029,0,0,0,1,0
14:34:37.410,0,0,0,1,0
14:34:37.410,0,0,0,1,1
14:34:37.410,0,0,0,1,1
14:34:37.410,0,0,0,0,1
14:34:38.011,0,0,0,0,1
14:34:38.011,0,0,0,0,0
14:34:38.011,0,0,0,0,0
14:34:38.011,0,0,0,1,0
14:34:38.611,0,0,0,1,0
14:34:38.611,0,0,0,1,1
14:34:38.611,0,0,0,1,1
14:34:38.611,0,0,0,0,1
14:34:38.834,0,0,0,0,1
14:34:38.834,1,0,0,0,1
14:34:39.218,1,0,0,0,1
14:34:39.218,1,0,0,0,0
14:34:39.218,1,0,0,0,0
14:34:39.218,1,0,0,1,0
14:34:39.827,1,0,0,1,0
14:34:39.827,1,0,0,1,1
14:34:39.827,1,0,0,1,1
14:34:39.827,1,0,0,0,1
14:34:40.430,1,0,0,0,1
14:34:40.430,1,0,0,0,0
14:34:40.430,1,0,0,0,0
14:34:40.430,1,0,0,1,0
14:34:40.636,1,0,0,1,0
14:34:40.636,0,0,0,1,0
14:34:41.033,0,0,0,1,0
14:34:41.033,0,0,0,1,1
14:34:41.033,0,0,0,1,1
14:34:41.033,0,0,0,0,1
14:34:41.637,0,0,0,0,1
14:34:41.637,0,0,0,0,0
14:34:41.637,0,0,0,0,0
14:34:41.637,0,0,0,1,0
14:34:42.243,0,0,0,1,0
14:34:42.243,0,0,0,1,1
14:34:42.243,0,0,0,1,1
14:34:42.243,0,0,0,0,1
14:34:42.448,0,0,0,0,1
14:34:42.448,1,0,0,0,1
14:34:42.847,1,0,0,0,1
14:34:42.847,1,0,0,0,0
14:34:42.847,1,0,0,0,0
14:34:42.847,1,0,0,1,0
14:34:43.455,1,0,0,1,0
14:34:43.455,1,0,0,1,1
14:34:43.455,1,0,0,1,1
14:34:43.455,1,0,0,0,1
14:34:44.061,1,0,0,0,1
14:34:44.061,1,0,0,0,0
14:34:44.061,1,0,0,0,0
14:34:44.061,1,0,0,1,0
14:34:44.250,1,0,0,1,0
14:34:44.250,0,0,0,1,0
14:34:44.714,0,0,0,1,0
14:34:44.714,0,0,0,1,1
14:34:44.714,0,0,0,1,1
14:34:44.714,0,0,0,0,1
14:34:45.318,0,0,0,0,1
14:34:45.318,0,0,0,0,0
14:34:45.318,0,0,0,0,0
14:34:45.318,0,0,0,1,0
14:34:45.925,0,0,0,1,0
14:34:45.925,0,0,0,1,1
14:34:45.925,0,0,0,1,1
14:34:45.925,0,0,0,0,1
14:34:46.051,0,0,0,0,1
14:34:46.051,1,0,0,0,1
14:34:46.530,1,0,0,0,1
14:34:46.530,1,0,0,0,0
14:34:46.530,1,0,0,0,0
14:34:46.530,1,0,0,1,0
14:34:47.137,1,0,0,1,0
14:34:47.137,1,0,0,1,1
14:34:47.137,1,0,0,1,1
14:34:47.137,1,0,0,0,1
14:34:47.723,1,0,0,0,1
14:34:47.723,1,0,0,0,0
14:34:47.723,1,0,0,0,0
14:34:47.723,1,0,0,1,0
14:34:47.865,1,0,0,1,0
14:34:47.865,0,0,0,1,0
14:34:48.342,0,0,0,1,0
14:34:48.342,0,0,0,1,1
14:34:48.342,0,0,0,1,1
14:34:48.342,0,0,0,0,1
14:34:48.976,0,0,0,0,1
14:34:48.976,0,0,0,0,0
14:34:48.976,0,0,0,0,0
14:34:48.976,0,0,0,1,0
14:34:49.606,0,0,0,1,0
14:34:49.606,0,0,0,1,1
14:34:49.606,0,0,0,1,1
14:34:49.606,0,0,0,0,1
14:34:49.693,0,0,0,0,1
14:34:49.693,1,0,0,0,1
14:34:50.258,1,0,0,0,1
14:34:50.258,1,0,0,0,0
14:34:50.258,1,0,0,0,0
14:34:50.258,1,0,0,1,0
14:34:50.875,1,0,0,1,0
14:34:50.875,1,0,0,1,1
14:34:50.875,1,0,0,1,1
14:34:50.875,1,0,0,0,1
14:34:51.476,1,0,0,0,1
14:34:51.476,1,0,0,0,0
14:34:51.476,1,0,0,0,0
14:34:51.476,1,0,0,1,0
14:34:51.508,1,0,0,1,0
14:34:51.508,0,0,0,1,0
14:34:52.079,0,0,0,1,0
14:34:52.079,0,0,0,1,1
14:34:52.079,0,0,0,1,1
14:34:52.079,0,0,0,0,1
14:34:52.704,0,0,0,0,1
14:34:52.704,0,0,0,0,0
14:34:52.704,0,0,0,0,0
14:34:52.704,0,0,0,1,0
14:34:53.319,0,0,0,1,0
14:34:53.319,0,0,0,1,1
14:34:53.319,0,0,0,1,1
14:34:53.319,0,0,0,0,1
14:34:53.351,0,0,0,0,1
14:34:53.351,1,0,0,0,1
14:34:53.924,1,0,0,0,1
14:34:53.924,1,0,0,0,0
14:34:53.924,1,0,0,0,0
14:34:53.924,1,0,0,1,0
14:34:54.547,1,0,0,1,0
14:34:54.547,1,0,0,1,1
14:34:54.547,1,0,0,1,1
14:34:54.547,1,0,0,0,1
14:34:55.148,1,0,0,0,1
14:34:55.148,1,0,0,0,0
14:34:55.148,1,0,0,0,0
14:34:55.148,1,0,0,1,0
14:34:55.170,1,0,0,1,0
14:34:55.170,0,0,0,1,0
14:34:55.760,0,0,0,1,0
14:34:55.760,0,0,0,1,1
14:34:55.760,0,0,0,1,1
14:34:55.760,0,0,0,0,1
14:34:56.391,0,0,0,0,1
14:34:56.391,0,0,0,0,0
14:34:56.391,0,0,0,0,0
14:34:56.391,0,0,0,1,0
14:34:56.985,0,0,0,1,0
14:34:56.985,1,0,0,1,0
14:34:57.000,1,0,0,1,0
14:34:57.000,1,0,0,1,1
14:34:57.000,1,0,0,1,1
14:34:57.000,1,0,0,0,1
14:34:57.602,1,0,0,0,1
14:34:57.602,1,0,0,0,0
14:34:57.602,1,0,0,0,0
14:34:57.602,1,0,0,1,0
14:34:58.206,1,0,0,1,0
14:34:58.206,1,0,0,1,1
14:34:58.206,1,0,0,1,1
14:34:58.206,1,0,0,0,1
14:34:58.794,1,0,0,0,1
14:34:58.794,0,0,0,0,1
14:34:58.815,0,0,0,0,1
14:34:58.815,0,0,0,0,0
14:34:58.815,0,0,0,0,0
14:34:58.815,0,0,0,1,0
14:34:59.429,0,0,0,1,0
14:34:59.429,0,0,0,1,1
14:34:59.429,0,0,0,1,1
14:34:59.429,0,0,0,0,1
14:35:00.032,0,0,0,0,1
14:35:00.032,0,0,0,0,0
14:35:00.032,0,0,0,0,0
14:35:00.032,0,0,0,1,0
14:35:00.620,0,0,0,1,0
14:35:00.620,1,0,0,1,0
14:35:00.648,1,0,0,1,0
14:35:00.648,1,0,0,1,1
14:35:00.648,1,0,0,1,1
14:35:00.648,1,0,0,0,1
14:35:01.259,1,0,0,0,1
14:35:01.259,1,0,0,0,0
14:35:01.259,1,0,0,0,0
14:35:01.259,1,0,0,1,0
14:35:01.879,1,0,0,1,0
14:35:01.879,1,0,0,1,1
14:35:01.879,1,0,0,1,1
14:35:01.879,1,0,0,0,1
14:35:02.438,1,0,0,0,1
14:35:02.438,0,0,0,0,1
14:35:02.503,0,0,0,0,1
14:35:02.503,0,0,0,0,0
14:35:02.503,0,0,0,0,0
14:35:02.503,0,0,0,1,0
14:35:03.089,0,0,0,1,0
14:35:03.089,0,0,0,1,1
14:35:03.105,0,0,0,1,1
14:35:03.105,0,0,0,0,1
14:35:03.712,0,0,0,0,1
14:35:03.712,0,0,0,0,0
14:35:03.712,0,0,0,0,0
14:35:03.712,0,0,0,1,0
14:35:04.238,0,0,0,1,0
14:35:04.238,1,0,0,1,0
14:35:04.325,1,0,0,1,0
14:35:04.325,1,0,0,1,1
14:35:04.325,1,0,0,1,1
14:35:04.325,1,0,0,0,1
14:35:04.939,1,0,0,0,1
14:35:04.939,1,0,0,0,0
14:35:04.939,1,0,0,0,0
14:35:04.939,1,0,0,1,0
14:35:05.543,1,0,0,1,0
14:35:05.543,1,0,0,1,1
14:35:05.543,1,0,0,1,1
14:35:05.543,1,0,0,0,1
14:35:06.037,1,0,0,0,1
14:35:06.037,0,0,0,0,1
14:35:06.164,0,0,0,0,1
14:35:06.164,0,0,0,0,0
14:35:06.164,0,0,0,0,0
14:35:06.164,0,0,0,1,0
14:35:06.770,0,0,0,1,0
14:35:06.770,0,0,0,1,1
14:35:06.770,0,0,0,1,1
14:35:06.770,0,0,0,0,1
14:35:07.374,0,0,0,0,1
14:35:07.374,0,0,0,0,0
14:35:07.374,0,0,0,0,0
14:35:07.374,0,0,0,1,0
14:35:07.839,0,0,0,1,0
14:35:07.839,1,0,0,1,0
14:35:07.983,1,0,0,1,0
14:35:07.983,1,0,0,1,1
14:35:07.983,1,0,0,1,1
14:35:07.983,1,0,0,0,1
14:35:08.588,1,0,0,0,1
14:35:08.588,1,0,0,0,0
14:35:08.588,1,0,0,0,0
14:35:08.588,1,0,0,1,0
14:35:09.195,1,0,0,1,0
14:35:09.195,1,0,0,1,1
14:35:09.195,1,0,0,1,1
14:35:09.195,1,0,0,0,1
14:35:09.658,1,0,0,0,1
14:35:09.658,0,0,0,0,1
14:35:09.800,0,0,0,0,1
14:35:09.800,0,0,0,0,0
14:35:09.800,0,0,0,0,0
14:35:09.800,0,0,0,1,0
14:35:10.407,0,0,0,1,0
14:35:10.407,0,0,0,1,1
14:35:10.407,0,0,0,1,1
14:35:10.407,0,0,0,0,1
14:35:11.010,0,0,0,0,1
14:35:11.010,0,0,0,0,0
14:35:11.010,0,0,0,0,0
14:35:11.010,0,0,0,1,0
14:35:11.472,0,0,0,1,0
14:35:11.472,1,0,0,1,0
14:35:11.615,1,0,0,1,0
14:35:11.615,1,0,0,1,1
14:35:11.615,1,0,0,1,1
14:35:11.615,1,0,0,0,1
14:35:12.222,1,0,0,0,1
14:35:12.222,1,0,0,0,0
14:35:12.222,1,0,0,0,0
14:35:12.222,1,0,0,1,0
14:35:12.828,1,0,0,1,0
14:35:12.828,1,0,0,1,1
14:35:12.828,1,0,0,1,1
14:35:12.828,1,0,0,0,1
14:35:13.274,1,0,0,0,1
14:35:13.274,0,0,0,0,1
14:35:13.433,0,0,0,0,1
14:35:13.433,0,0,0,0,0
14:35:13.433,0,0,0,0,0
14:35:13.433,0,0,0,1,0
14:35:14.038,0,0,0,1,0
14:35:14.038,0,0,0,1,1
14:35:14.038,0,0,0,1,1
14:35:14.038,0,0,0,0,1
14:35:14.628,0,0,0,0,1
14:35:14.628,0,0,0,0,0
14:35:14.628,0,0,0,0,0
14:35:14.628,0,0,0,1,0
14:35:15.073,0,0,0,1,0
14:35:15.073,1,0,0,1,0
14:35:15.247,1,0,0,1,0
14:35:15.247,1,0,0,1,1
14:35:15.247,1,0,0,1,1
14:35:15.247,1,0,0,0,1
14:35:15.863,1,0,0,0,1
14:35:15.863,1,0,0,0,0
14:35:15.863,1,0,0,0,0
14:35:15.863,1,0,0,1,0
14:35:16.481,1,0,0,1,0
14:35:16.481,1,0,0,1,1
14:35:16.481,1,0,0,1,1
14:35:16.481,1,0,0,0,1
14:35:16.880,1,0,0,0,1
14:35:16.880,0,0,0,0,1
14:35:17.111,0,0,0,0,1
14:35:17.111,0,0,0,0,0
14:35:17.111,0,0,0,0,0
14:35:17.111,0,0,0,1,0
14:35:17.726,0,0,0,1,0
14:35:17.726,0,0,0,1,1
14:35:17.726,0,0,0,1,1
14:35:17.726,0,0,0,0,1
14:35:18.334,0,0,0,0,1
14:35:18.334,0,0,0,0,0
14:35:18.334,0,0,0,0,0
14:35:18.334,0,0,0,1,0
14:35:18.685,0,0,0,1,0
14:35:18.685,1,0,0,1,0
14:35:18.956,1,0,0,1,0
14:35:18.956,1,0,0,1,1
14:35:18.956,1,0,0,1,1
14:35:18.956,1,0,0,0,1
14:35:19.560,1,0,0,0,1
14:35:19.560,1,0,0,0,0
14:35:19.560,1,0,0,0,0
14:35:19.560,1,0,0,1,0
14:35:20.167,1,0,0,1,0
14:35:20.167,1,0,0,1,1
14:35:20.167,1,0,0,1,1
14:35:20.167,1,0,0,0,1
14:35:20.499,1,0,0,0,1
14:35:20.499,0,0,0,0,1
14:35:20.802,0,0,0,0,1
14:35:20.802,0,0,0,0,0
14:35:20.802,0,0,0,0,0
14:35:20.802,0,0,0,1,0
14:35:21.420,0,0,0,1,0
14:35:21.420,0,0,0,1,1
14:35:21.420,0,0,0,1,1
14:35:21.420,0,0,0,0,1
14:35:22.010,0,0,0,0,1
14:35:22.010,0,0,0,0,0
14:35:22.010,0,0,0,0,0
14:35:22.010,0,0,0,1,0
14:35:22.313,0,0,0,1,0
14:35:22.313,1,0,0,1,0
14:35:22.630,1,0,0,1,0
14:35:22.630,1,0,0,1,1
14:35:22.630,1,0,0,1,1
14:35:22.630,1,0,0,0,1
14:35:23.251,1,0,0,0,1
14:35:23.251,1,0,0,0,0
14:35:23.251,1,0,0,0,0
14:35:23.251,1,0,0,1,0
14:35:23.856,1,0,0,1,0
14:35:23.856,1,0,0,1,1
14:35:23.856,1,0,0,1,1
14:35:23.856,1,0,0,0,1
14:35:24.126,1,0,0,0,1
14:35:24.126,0,0,0,0,1
14:35:24.474,0,0,0,0,1
14:35:24.474,0,0,0,0,0
14:35:24.474,0,0,0,0,0
14:35:24.474,0,0,0,1,0
14:35:25.094,0,0,0,1,0
14:35:25.094,0,0,0,1,1
14:35:25.094,0,0,0,1,1
14:35:25.094,0,0,0,0,1
14:35:25.712,0,0,0,0,1
14:35:25.712,0,0,0,0,0
14:35:25.712,0,0,0,0,0
14:35:25.712,0,0,0,1,0
14:35:25.933,0,0,0,1,0
14:35:25.933,1,0,0,1,0
14:35:26.329,1,0,0,1,0
14:35:26.329,1,0,0,1,1
14:35:26.329,1,0,0,1,1
14:35:26.329,1,0,0,0,1
14:35:26.948,1,0,0,0,1
14:35:26.948,1,0,0,0,0
14:35:26.948,1,0,0,0,0
14:35:26.948,1,0,0,1,0
14:35:27.569,1,0,0,1,0
14:35:27.569,1,0,0,1,1
14:35:27.569,1,0,0,1,1
14:35:27.569,1,0,0,0,1
14:35:27.744,1,0,0,0,1
14:35:27.744,0,0,0,0,1
14:35:28.193,0,0,0,0,1
14:35:28.193,0,0,0,0,0
14:35:28.193,0,0,0,0,0
14:35:28.193,0,0,0,1,0
14:35:28.797,0,0,0,1,0
14:35:28.797,0,0,0,1,1
14:35:28.797,0,0,0,1,1
14:35:28.797,0,0,0,0,1
14:35:29.418,0,0,0,0,1
14:35:29.418,0,0,0,0,0
14:35:29.418,0,0,0,0,0
14:35:29.418,0,0,0,1,0
14:35:29.546,0,0,0,1,0
14:35:29.546,1,0,0,1,0
14:35:30.026,1,0,0,1,0
14:35:30.026,1,0,0,1,1
14:35:30.026,1,0,0,1,1
14:35:30.026,1,0,0,0,1
14:35:30.644,1,0,0,0,1
14:35:30.644,1,0,0,0,0
14:35:30.644,1,0,0,0,0
14:35:30.644,1,0,0,1,0
14:35:31.260,1,0,0,1,0
14:35:31.260,1,0,0,1,1
14:35:31.260,1,0,0,1,1
14:35:31.260,1,0,0,0,1
14:35:31.356,1,0,0,0,1
14:35:31.356,0,0,0,0,1
14:35:31.861,0,0,0,0,1
14:35:31.861,0,0,0,0,0
14:35:31.861,0,0,0,0,0
14:35:31.861,0,0,0,1,0
14:35:32.476,0,0,0,1,0
14:35:32.476,0,0,0,1,1
14:35:32.476,0,0,0,1,1
14:35:32.476,0,0,0,0,1
14:35:33.097,0,0,0,0,1
14:35:33.097,0,0,0,0,0
14:35:33.097,0,0,0,0,0
14:35:33.097,0,0,0,1,0
14:35:33.176,0,0,0,1,0
14:35:33.176,1,0,0,1,0
14:35:33.719,1,0,0,1,0
14:35:33.719,1,0,0,1,1
14:35:33.719,1,0,0,1,1
14:35:33.719,1,0,0,0,1
14:35:34.323,1,0,0,0,1
14:35:34.323,1,0,0,0,0
14:35:34.323,1,0,0,0,0
14:35:34.323,1,0,0,1,0
14:35:34.945,1,0,0,1,0
14:35:34.945,1,0,0,1,1
14:35:34.945,1,0,0,1,1
14:35:34.945,1,0,0,0,1
14:35:35.008,1,0,0,0,1
14:35:35.008,0,0,0,0,1
14:35:35.563,0,0,0,0,1
14:35:35.563,0,0,0,0,0
14:35:35.563,0,0,0,0,0
14:35:35.563,0,0,0,1,0
14:35:36.184,0,0,0,1,0
14:35:36.184,0,0,0,1,1
14:35:36.184,0,0,0,1,1
14:35:36.184,0,0,0,0,1
14:35:36.789,0,0,0,0,1
14:35:36.789,0,0,0,0,0
14:35:36.789,0,0,0,0,0
14:35:36.789,0,0,0,1,0
14:35:36.820,0,0,0,1,0
14:35:36.820,1,0,0,1,0
14:35:37.411,1,0,0,1,0
14:35:37.411,1,0,0,1,1
14:35:37.411,1,0,0,1,1
14:35:37.411,1,0,0,0,1
14:35:38.015,1,0,0,0,1
14:35:38.015,1,0,0,0,0
14:35:38.015,1,0,0,0,0
14:35:38.015,1,0,0,1,0
14:35:38.635,1,0,0,1,0
14:35:38.635,1,0,0,1,1
14:35:38.635,1,0,0,1,1
14:35:38.635,1,0,0,0,1
14:35:38.635,1,0,0,0,1
14:35:38.635,0,0,0,0,1
14:35:39.255,0,0,0,0,1
14:35:39.255,0,0,0,0,0
14:35:39.255,0,0,0,0,0
14:35:39.255,0,0,0,1,0
14:35:39.874,0,0,0,1,0
14:35:39.874,0,0,0,1,1
14:35:39.874,0,0,0,1,1
14:35:39.874,0,0,0,0,1
14:35:40.444,0,0,0,0,1
14:35:40.444,1,0,0,0,1
14:35:40.475,1,0,0,0,1
14:35:40.475,1,0,0,0,0
14:35:40.475,1,0,0,0,0
14:35:40.475,1,0,0,1,0
14:35:41.095,1,0,0,1,0
14:35:41.095,1,0,0,1,1
14:35:41.095,1,0,0,1,1
14:35:41.095,1,0,0,0,1
14:35:41.734,1,0,0,0,1
14:35:41.734,1,0,0,0,0
14:35:41.734,1,0,0,0,0
14:35:41.734,1,0,0,1,0
14:35:42.258,1,0,0,1,0
14:35:42.258,0,0,0,1,0
14:35:42.337,0,0,0,1,0
14:35:42.337,0,0,0,1,1
14:35:42.337,0,0,0,1,1
14:35:42.337,0,0,0,0,1
14:35:42.973,0,0,0,0,1
14:35:42.973,0,0,0,0,0
14:35:42.973,0,0,0,0,0
14:35:42.973,0,0,0,1,0
14:35:43.578,0,0,0,1,0
14:35:43.578,0,0,0,1,1
14:35:43.578,0,0,0,1,1
14:35:43.578,0,0,0,0,1
14:35:44.072,0,0,0,0,1
14:35:44.072,1,0,0,0,1
14:35:44.183,1,0,0,0,1
14:35:44.183,1,0,0,0,0
14:35:44.183,1,0,0,0,0
14:35:44.183,1,0,0,1,0
14:35:44.804,1,0,0,1,0
14:35:44.804,1,0,0,1,1
14:35:44.804,1,0,0,1,1
14:35:44.804,1,0,0,0,1
14:35:45.422,1,0,0,0,1
14:35:45.422,1,0,0,0,0
14:35:45.422,1,0,0,0,0
14:35:45.422,1,0,0,1,0
14:35:45.881,1,0,0,1,0
14:35:45.881,0,0,0,1,0
14:35:46.040,0,0,0,1,0
14:35:46.040,0,0,0,1,1
14:35:46.040,0,0,0,1,1
14:35:46.040,0,0,0,0,1
14:35:46.642,0,0,0,0,1
14:35:46.642,0,0,0,0,0
14:35:46.642,0,0,0,0,0
14:35:46.642,0,0,0,1,0
14:35:47.263,0,0,0,1,0
14:35:47.263,0,0,0,1,1
14:35:47.263,0,0,0,1,1
14:35:47.263,0,0,0,0,1
14:35:47.692,0,0,0,0,1
14:35:47.692,1,0,0,0,1
14:35:47.867,1,0,0,0,1
14:35:47.867,1,0,0,0,0
14:35:47.867,1,0,0,0,0
14:35:47.867,1,0,0,1,0
14:35:48.471,1,0,0,1,0
14:35:48.471,1,0,0,1,1
14:35:48.471,1,0,0,1,1
14:35:48.471,1,0,0,0,1
14:35:49.077,1,0,0,0,1
14:35:49.077,1,0,0,0,0
14:35:49.077,1,0,0,0,0
14:35:49.077,1,0,0,1,0
14:35:49.506,1,0,0,1,0
14:35:49.506,0,0,0,1,0
14:35:49.681,0,0,0,1,0
14:35:49.681,0,0,0,1,1
14:35:49.681,0,0,0,1,1
14:35:49.681,0,0,0,0,1
14:35:50.286,0,0,0,0,1
14:35:50.286,0,0,0,0,0
14:35:50.286,0,0,0,0,0
14:35:50.286,0,0,0,1,0
14:35:50.903,0,0,0,1,0
14:35:50.903,0,0,0,1,1
14:35:50.903,0,0,0,1,1
14:35:50.903,0,0,0,0,1
14:35:51.314,0,0,0,0,1
14:35:51.314,1,0,0,0,1
14:35:51.505,1,0,0,0,1
14:35:51.505,1,0,0,0,0
14:35:51.521,1,0,0,0,0
14:35:51.521,1,0,0,1,0
14:35:52.110,1,0,0,1,0
14:35:52.110,1,0,0,1,1
14:35:52.110,1,0,0,1,1
14:35:52.110,1,0,0,0,1
14:35:52.716,1,0,0,0,1
14:35:52.716,1,0,0,0,0
14:35:52.732,1,0,0,0,0
14:35:52.732,1,0,0,1,0
14:35:53.129,1,0,0,1,0
14:35:53.129,0,0,0,1,0
14:35:53.312,0,0,0,1,0
14:35:53.312,0,0,0,1,1
14:35:53.366,0,0,0,1,1
14:35:53.366,0,0,0,0,1
14:35:53.923,0,0,0,0,1
14:35:53.923,0,0,0,0,0
14:35:53.970,0,0,0,0,0
14:35:53.970,0,0,0,1,0
14:35:54.539,0,0,0,1,0
14:35:54.539,0,0,0,1,1
14:35:54.601,0,0,0,1,1
14:35:54.601,0,0,0,0,1
14:35:54.965,0,0,0,0,1
14:35:54.965,1,0,0,0,1
14:35:55.156,1,0,0,0,1
14:35:55.156,1,0,0,0,0
14:35:55.213,1,0,0,0,0
14:35:55.213,1,0,0,1,0
14:35:55.808,1,0,0,1,0
14:35:55.808,1,0,0,1,1
14:35:55.824,1,0,0,1,1
14:35:55.824,1,0,0,0,1
14:35:56.411,1,0,0,0,1
14:35:56.411,1,0,0,0,0
14:35:56.414,1,0,0,0,0
14:35:56.414,1,0,0,1,0
14:35:56.778,1,0,0,1,0
14:35:56.778,0,0,0,1,0
14:35:57.001,0,0,0,1,0
14:35:57.001,0,0,0,1,1
14:35:57.017,0,0,0,1,1
14:35:57.017,0,0,0,0,1
14:35:57.623,0,0,0,0,1
14:35:57.623,0,0,0,0,0
14:35:57.638,0,0,0,0,0
14:35:57.638,0,0,0,1,0
14:35:58.242,0,0,0,1,0
14:35:58.242,0,0,0,1,1
14:35:58.242,0,0,0,1,1
14:35:58.242,0,0,0,0,1
14:35:58.592,0,0,0,0,1
14:35:58.592,1,0,0,0,1
14:35:58.863,1,0,0,0,1
14:35:58.863,1,0,0,0,0
14:35:58.863,1,0,0,0,0
14:35:58.863,1,0,0,1,0
14:35:59.455,1,0,0,1,0
14:35:59.455,1,0,0,1,1
14:35:59.455,1,0,0,1,1
14:35:59.455,1,0,0,0,1
14:36:00.075,1,0,0,0,1
14:36:00.075,1,0,0,0,0
14:36:00.075,1,0,0,0,0
14:36:00.075,1,0,0,1,0
14:36:00.407,1,0,0,1,0
14:36:00.407,0,0,0,1,0
14:36:00.692,0,0,0,1,0
14:36:00.692,0,0,0,1,1
14:36:00.692,0,0,0,1,1
14:36:00.692,0,0,0,0,1
14:36:01.311,0,0,0,0,1
14:36:01.311,0,0,0,0,0
14:36:01.311,0,0,0,0,0
14:36:01.311,0,0,0,1,0
14:36:01.924,0,0,0,1,0
14:36:01.924,0,0,0,1,1
14:36:01.924,0,0,0,1,1
14:36:01.924,0,0,0,0,1
14:36:02.221,0,0,0,0,1
14:36:02.221,1,0,0,0,1
14:36:02.539,1,0,0,0,1
14:36:02.539,1,0,0,0,0
14:36:02.539,1,0,0,0,0
14:36:02.539,1,0,0,1,0
14:36:03.160,1,0,0,1,0
14:36:03.160,1,0,0,1,1
14:36:03.160,1,0,0,1,1
14:36:03.160,1,0,0,0,1
14:36:03.782,1,0,0,0,1
14:36:03.782,1,0,0,0,0
14:36:03.782,1,0,0,0,0
14:36:03.782,1,0,0,1,0
14:36:04.035,1,0,0,1,0
14:36:04.035,0,0,0,1,0
14:36:04.398,0,0,0,1,0
14:36:04.398,0,0,0,1,1
14:36:04.398,0,0,0,1,1
14:36:04.398,0,0,0,0,1
14:36:05.018,0,0,0,0,1
14:36:05.018,0,0,0,0,0
14:36:05.018,0,0,0,0,0
14:36:05.018,0,0,0,1,0
14:36:05.637,0,0,0,1,0
14:36:05.637,0,0,0,1,1
14:36:05.637,0,0,0,1,1
14:36:05.637,0,0,0,0,1
14:36:05.843,0,0,0,0,1
14:36:05.843,1,0,0,0,1
14:36:06.239,1,0,0,0,1
14:36:06.239,1,0,0,0,0
14:36:06.239,1,0,0,0,0
14:36:06.239,1,0,0,1,0
14:36:06.859,1,0,0,1,0
14:36:06.859,1,0,0,1,1
14:36:06.859,1,0,0,1,1
14:36:06.859,1,0,0,0,1
14:36:07.482,1,0,0,0,1
14:36:07.482,1,0,0,0,0
14:36:07.482,1,0,0,0,0
14:36:07.482,1,0,0,1,0
14:36:07.642,1,0,0,1,0
14:36:07.642,0,0,0,1,0
14:36:08.101,0,0,0,1,0
14:36:08.101,0,0,0,1,1
14:36:08.101,0,0,0,1,1
14:36:08.101,0,0,0,0,1
14:36:08.708,0,0,0,0,1
14:36:08.708,0,0,0,0,0
14:36:08.708,0,0,0,0,0
14:36:08.708,0,0,0,1,0
14:36:09.298,0,0,0,1,0
14:36:09.298,0,0,0,1,1
14:36:09.298,0,0,0,1,1
14:36:09.298,0,0,0,0,1
14:36:09.457,0,0,0,0,1
14:36:09.457,1,0,0,0,1
14:36:09.919,1,0,0,0,1
14:36:09.919,1,0,0,0,0
14:36:09.919,1,0,0,0,0
14:36:09.919,1,0,0,1,0
14:36:10.555,1,0,0,1,0
14:36:10.555,1,0,0,1,1
14:36:10.555,1,0,0,1,1
14:36:10.555,1,0,0,0,1
14:36:11.173,1,0,0,0,1
14:36:11.173,1,0,0,0,0
14:36:11.173,1,0,0,0,0
14:36:11.173,1,0,0,1,0
14:36:11.268,1,0,0,1,0
14:36:11.268,0,0,0,1,0
14:36:11.791,0,0,0,1,0
14:36:11.791,0,0,0,1,1
14:36:11.791,0,0,0,1,1
14:36:11.791,0,0,0,0,1
14:36:12.413,0,0,0,0,1
14:36:12.413,0,0,0,0,0
14:36:12.413,0,0,0,0,0
14:36:12.413,0,0,0,1,0
14:36:13.018,0,0,0,1,0
14:36:13.018,0,0,0,1,1
14:36:13.018,0,0,0,1,1
14:36:13.018,0,0,0,0,1
14:36:13.097,0,0,0,0,1
14:36:13.097,1,0,0,0,1
14:36:13.638,1,0,0,0,1
14:36:13.638,1,0,0,0,0
14:36:13.638,1,0,0,0,0
14:36:13.638,1,0,0,1,0
14:36:14.259,1,0,0,1,0
14:36:14.259,1,0,0,1,1
14:36:14.259,1,0,0,1,1
14:36:14.259,1,0,0,0,1
14:36:14.880,1,0,0,0,1
14:36:14.880,1,0,0,0,0
14:36:14.880,1,0,0,0,0
14:36:14.880,1,0,0,1,0
14:36:14.911,1,0,0,1,0
14:36:14.911,0,0,0,1,0
14:36:15.507,0,0,0,1,0
14:36:15.507,0,0,0,1,1
14:36:15.507,0,0,0,1,1
14:36:15.507,0,0,0,0,1
14:36:16.118,0,0,0,0,1
14:36:16.118,0,0,0,0,0
14:36:16.118,0,0,0,0,0
14:36:16.118,0,0,0,1,0
14:36:16.749,0,0,0,1,0
14:36:16.749,1,0,0,1,0
14:36:16.749,1,0,0,1,0
14:36:16.749,1,0,0,1,1
14:36:16.749,1,0,0,1,1
14:36:16.749,1,0,0,0,1
14:36:17.358,1,0,0,0,1
14:36:17.358,1,0,0,0,0
14:36:17.358,1,0,0,0,0
14:36:17.358,1,0,0,1,0
14:36:17.977,1,0,0,1,0
14:36:17.977,1,0,0,1,1
14:36:17.977,1,0,0,1,1
14:36:17.977,1,0,0,0,1
14:36:18.553,1,0,0,0,1
14:36:18.553,0,0,0,0,1
14:36:18.600,0,0,0,0,1
14:36:18.600,0,0,0,0,0
14:36:18.600,0,0,0,0,0
14:36:18.600,0,0,0,1,0
14:36:19.219,0,0,0,1,0
14:36:19.219,0,0,0,1,1
14:36:19.219,0,0,0,1,1
14:36:19.219,0,0,0,0,1
14:36:19.823,0,0,0,0,1
14:36:19.823,0,0,0,0,0
14:36:19.823,0,0,0,0,0
14:36:19.823,0,0,0,1,0
14:36:20.365,0,0,0,1,0
14:36:20.365,1,0,0,1,0
14:36:20.428,1,0,0,1,0
14:36:20.428,1,0,0,1,1
14:36:20.428,1,0,0,1,1
14:36:20.428,1,0,0,0,1
14:36:21.046,1,0,0,0,1
14:36:21.046,1,0,0,0,0
14:36:21.046,1,0,0,0,0
14:36:21.046,1,0,0,1,0
14:36:21.658,1,0,0,1,0
14:36:21.658,1,0,0,1,1
14:36:21.658,1,0,0,1,1
14:36:21.658,1,0,0,0,1
14:36:22.179,1,0,0,0,1
14:36:22.179,0,0,0,0,1
14:36:22.275,0,0,0,0,1
14:36:22.275,0,0,0,0,0
14:36:22.275,0,0,0,0,0
14:36:22.275,0,0,0,1,0
14:36:22.898,0,0,0,1,0
14:36:22.898,0,0,0,1,1
14:36:22.898,0,0,0,1,1
14:36:22.898,0,0,0,0,1
14:36:23.519,0,0,0,0,1
14:36:23.519,0,0,0,0,0
14:36:23.519,0,0,0,0,0
14:36:23.519,0,0,0,1,0
14:36:23.980,0,0,0,1,0
14:36:23.980,1,0,0,1,0
14:36:24.123,1,0,0,1,0
14:36:24.123,1,0,0,1,1
14:36:24.123,1,0,0,1,1
14:36:24.123,1,0,0,0,1
14:36:24.730,1,0,0,0,1
14:36:24.730,1,0,0,0,0
14:36:24.731,1,0,0,0,0
14:36:24.731,1,0,0,1,0
14:36:25.346,1,0,0,1,0
14:36:25.346,1,0,0,1,1
14:36:25.346,1,0,0,1,1
14:36:25.346,1,0,0,0,1
14:36:25.792,1,0,0,0,1
14:36:25.792,0,0,0,0,1
14:36:25.951,0,0,0,0,1
14:36:25.951,0,0,0,0,0
14:36:25.951,0,0,0,0,0
14:36:25.951,0,0,0,1,0
14:36:26.573,0,0,0,1,0
14:36:26.573,0,0,0,1,1
14:36:26.573,0,0,0,1,1
14:36:26.573,0,0,0,0,1
14:36:27.180,0,0,0,0,1
14:36:27.180,0,0,0,0,0
14:36:27.180,0,0,0,0,0
14:36:27.180,0,0,0,1,0
14:36:27.595,0,0,0,1,0
14:36:27.595,1,0,0,1,0
14:36:27.789,1,0,0,1,0
14:36:27.789,1,0,0,1,1
14:36:27.789,1,0,0,1,1
14:36:27.789,1,0,0,0,1
14:36:28.628,1,0,0,0,1
14:36:28.628,1,0,0,0,0
14:36:28.628,1,0,0,0,0
14:36:28.628,1,0,0,1,0
14:36:29.231,1,0,0,1,0
14:36:29.231,1,0,0,1,1
14:36:29.231,1,0,0,1,1
14:36:29.231,1,0,0,0,1
14:36:29.407,1,0,0,0,1
14:36:29.407,0,0,0,0,1
14:36:29.834,0,0,0,0,1
14:36:29.834,0,0,0,0,0
14:36:29.834,0,0,0,0,0
14:36:29.834,0,0,0,1,0
14:36:30.437,0,0,0,1,0
14:36:30.437,0,0,0,1,1
14:36:30.438,0,0,0,1,1
14:36:30.438,0,0,0,0,1
14:36:31.040,0,0,0,0,1
14:36:31.040,0,0,0,0,0
14:36:31.040,0,0,0,0,0
14:36:31.040,0,0,0,1,0
14:36:31.216,0,0,0,1,0
14:36:31.216,1,0,0,1,0
14:36:31.647,1,0,0,1,0
14:36:31.647,1,0,0,1,1
14:36:31.647,1,0,0,1,1
14:36:31.647,1,0,0,0,1
14:36:32.251,1,0,0,0,1
14:36:32.251,1,0,0,0,0
14:36:32.251,1,0,0,0,0
14:36:32.251,1,0,0,1,0
14:36:32.853,1,0,0,1,0
14:36:32.853,1,0,0,1,1
14:36:32.853,1,0,0,1,1
14:36:32.853,1,0,0,0,1
14:36:33.027,1,0,0,0,1
14:36:33.027,0,0,0,0,1
14:36:33.454,0,0,0,0,1
14:36:33.454,0,0,0,0,0
14:36:33.454,0,0,0,0,0
14:36:33.454,0,0,0,1,0
14:36:34.072,0,0,0,1,0
14:36:34.072,0,0,0,1,1
14:36:34.072,0,0,0,1,1
14:36:34.072,0,0,0,0,1
14:36:34.678,0,0,0,0,1
14:36:34.678,0,0,0,0,0
14:36:34.678,0,0,0,0,0
14:36:34.678,0,0,0,1,0
14:36:34.821,0,0,0,1,0
14:36:34.821,1,0,0,1,0
14:36:35.329,1,0,0,1,0
14:36:35.329,1,0,0,1,1
14:36:35.329,1,0,0,1,1
14:36:35.329,1,0,0,0,1
14:36:35.934,1,0,0,0,1
14:36:35.934,1,0,0,0,0
14:36:35.934,1,0,0,0,0
14:36:35.934,1,0,0,1,0
14:36:36.537,1,0,0,1,0
14:36:36.537,1,0,0,1,1
14:36:36.537,1,0,0,1,1
14:36:36.537,1,0,0,0,1
14:36:36.650,1,0,0,0,1
14:36:36.650,0,0,0,0,1
14:36:37.145,0,0,0,0,1
14:36:37.145,0,0,0,0,0
14:36:37.145,0,0,0,0,0
14:36:37.145,0,0,0,1,0
14:36:37.768,0,0,0,1,0
14:36:37.768,0,0,0,1,1
14:36:37.768,0,0,0,1,1
14:36:37.768,0,0,0,0,1
14:36:38.390,0,0,0,0,1
14:36:38.390,0,0,0,0,0
14:36:38.390,0,0,0,0,0
14:36:38.390,0,0,0,1,0
14:36:38.461,0,0,0,1,0
14:36:38.461,1,0,0,1,0
14:36:38.989,1,0,0,1,0
14:36:38.989,1,0,0,1,1
14:36:39.008,1,0,0,1,1
14:36:39.008,1,0,0,0,1
14:36:39.600,1,0,0,0,1
14:36:39.600,1,0,0,0,0
14:36:39.614,1,0,0,0,0
14:36:39.614,1,0,0,1,0
14:36:40.216,1,0,0,1,0
14:36:40.216,1,0,0,1,1
14:36:40.216,1,0,0,1,1
14:36:40.216,1,0,0,0,1
14:36:40.289,1,0,0,0,1
14:36:40.289,0,0,0,0,1
14:36:40.824,0,0,0,0,1
14:36:40.824,0,0,0,0,0
14:36:40.825,0,0,0,0,0
14:36:40.825,0,0,0,1,0
14:36:41.453,0,0,0,1,0
14:36:41.453,0,0,0,1,1
14:36:41.453,0,0,0,1,1
14:36:41.453,0,0,0,0,1
14:36:42.065,0,0,0,0,1
14:36:42.065,0,0,0,0,0
14:36:42.065,0,0,0,0,0
14:36:42.065,0,0,0,1,0
14:36:42.096,0,0,0,1,0
14:36:42.096,1,0,0,1,0
14:36:42.692,1,0,0,1,0
14:36:42.692,1,0,0,1,1
14:36:42.692,1,0,0,1,1
14:36:42.692,1,0,0,0,1
14:36:43.295,1,0,0,0,1
14:36:43.295,1,0,0,0,0
14:36:43.295,1,0,0,0,0
14:36:43.295,1,0,0,1,0
14:36:43.899,1,0,0,1,0
14:36:43.899,1,0,0,1,1
14:36:43.899,1,0,0,1,1
14:36:43.899,1,0,0,0,1
14:36:43.904,1,0,0,0,1
14:36:43.904,0,0,0,0,1
14:36:44.509,0,0,0,0,1
14:36:44.509,0,0,0,0,0
14:36:44.509,0,0,0,0,0
14:36:44.509,0,0,0,1,0
14:36:45.114,0,0,0,1,0
14:36:45.114,0,0,0,1,1
14:36:45.114,0,0,0,1,1
14:36:45.114,0,0,0,0,1
14:36:45.705,0,0,0,0,1
14:36:45.705,1,0,0,0,1
14:36:45.753,1,0,0,0,1
14:36:45.753,1,0,0,0,0
14:36:45.753,1,0,0,0,0
14:36:45.753,1,0,0,1,0
14:36:46.359,1,0,0,1,0
14:36:46.359,1,0,0,1,1
14:36:46.359,1,0,0,1,1
14:36:46.359,1,0,0,0,1
14:36:46.982,1,0,0,0,1
14:36:46.982,1,0,0,0,0
14:36:46.982,1,0,0,0,0
14:36:46.982,1,0,0,1,0
14:36:47.510,1,0,0,1,0
14:36:47.510,0,0,0,1,0
14:36:47.573,0,0,0,1,0
14:36:47.573,0,0,0,1,1
14:36:47.573,0,0,0,1,1
14:36:47.573,0,0,0,0,1
14:36:48.194,0,0,0,0,1
14:36:48.194,0,0,0,0,0
14:36:48.194,0,0,0,0,0
14:36:48.194,0,0,0,1,0
14:36:48.820,0,0,0,1,0
14:36:48.820,0,0,0,1,1
14:36:48.820,0,0,0,1,1
14:36:48.820,0,0,0,0,1
14:36:49.318,0,0,0,0,1
14:36:49.318,1,0,0,0,1
14:36:49.429,1,0,0,0,1
14:36:49.429,1,0,0,0,0
14:36:49.429,1,0,0,0,0
14:36:49.429,1,0,0,1,0
14:36:50.051,1,0,0,1,0
14:36:50.051,1,0,0,1,1
14:36:50.051,1,0,0,1,1
14:36:50.051,1,0,0,0,1
14:36:50.657,1,0,0,0,1
14:36:50.657,1,0,0,0,0
14:36:50.657,1,0,0,0,0
14:36:50.657,1,0,0,1,0
14:36:51.119,1,0,0,1,0
14:36:51.119,0,0,0,1,0
14:36:51.293,0,0,0,1,0
14:36:51.293,0,0,0,1,1
14:36:51.293,0,0,0,1,1
14:36:51.293,0,0,0,0,1
14:36:51.912,0,0,0,0,1
14:36:51.912,0,0,0,0,0
14:36:51.912,0,0,0,0,0
14:36:51.912,0,0,0,1,0
14:36:52.514,0,0,0,1,0
14:36:52.514,0,0,0,1,1
14:36:52.514,0,0,0,1,1
14:36:52.514,0,0,0,0,1
14:36:52.933,0,0,0,0,1
14:36:52.933,1,0,0,0,1
14:36:53.124,1,0,0,0,1
14:36:53.124,1,0,0,0,0
14:36:53.124,1,0,0,0,0
14:36:53.124,1,0,0,1,0
14:36:53.750,1,0,0,1,0
14:36:53.750,1,0,0,1,1
14:36:53.750,1,0,0,1,1
14:36:53.750,1,0,0,0,1
14:36:54.352,1,0,0,0,1
14:36:54.352,1,0,0,0,0
14:36:54.352,1,0,0,0,0
14:36:54.352,1,0,0,1,0
14:36:54.751,1,0,0,1,0
14:36:54.751,0,0,0,1,0
14:36:54.972,0,0,0,1,0
14:36:54.972,0,0,0,1,1
14:36:54.972,0,0,0,1,1
14:36:54.972,0,0,0,0,1
14:36:55.578,0,0,0,0,1
14:36:55.578,0,0,0,0,0
14:36:55.578,0,0,0,0,0
14:36:55.578,0,0,0,1,0
14:36:56.209,0,0,0,1,0
14:36:56.209,0,0,0,1,1
14:36:56.209,0,0,0,1,1
14:36:56.209,0,0,0,0,1
14:36:56.563,0,0,0,0,1
14:36:56.563,1,0,0,0,1
14:36:56.816,1,0,0,0,1
14:36:56.816,1,0,0,0,0
14:36:56.816,1,0,0,0,0
14:36:56.816,1,0,0,1,0
14:36:57.438,1,0,0,1,0
14:36:57.438,1,0,0,1,1
14:36:57.438,1,0,0,1,1
14:36:57.438,1,0,0,0,1
14:36:58.046,1,0,0,0,1
14:36:58.046,1,0,0,0,0
14:36:58.046,1,0,0,0,0
14:36:58.046,1,0,0,1,0
14:36:58.365,1,0,0,1,0
14:36:58.365,0,0,0,1,0
14:36:58.653,0,0,0,1,0
14:36:58.653,0,0,0,1,1
14:36:58.653,0,0,0,1,1
14:36:58.653,0,0,0,0,1
14:36:59.276,0,0,0,0,1
14:36:59.276,0,0,0,0,0
14:36:59.276,0,0,0,0,0
14:36:59.276,0,0,0,1,0
14:36:59.894,0,0,0,1,0
14:36:59.894,0,0,0,1,1
14:36:59.894,0,0,0,1,1
14:36:59.894,0,0,0,0,1
14:37:00.168,0,0,0,0,1
14:37:00.168,1,0,0,0,1
14:37:00.500,1,0,0,0,1
14:37:00.500,1,0,0,0,0
14:37:00.500,1,0,0,0,0
14:37:00.500,1,0,0,1,0
14:37:01.137,1,0,0,1,0
14:37:01.137,1,0,0,1,1
14:37:01.137,1,0,0,1,1
14:37:01.137,1,0,0,0,1
14:37:01.741,1,0,0,0,1
14:37:01.741,1,0,0,0,0
14:37:01.741,1,0,0,0,0
14:37:01.741,1,0,0,1,0
14:37:01.979,1,0,0,1,0
14:37:01.979,0,0,0,1,0
14:37:02.353,0,0,0,1,0
14:37:02.353,0,0,0,1,1
14:37:02.355,0,0,0,1,1
14:37:02.355,0,0,0,0,1
14:37:02.968,0,0,0,0,1
14:37:02.968,0,0,0,0,0
14:37:02.968,0,0,0,0,0
14:37:02.968,0,0,0,1,0
14:37:03.593,0,0,0,1,0
14:37:03.593,0,0,0,1,1
14:37:03.593,0,0,0,1,1
14:37:03.593,0,0,0,0,1
14:37:03.785,0,0,0,0,1
14:37:03.785,1,0,0,0,1
14:37:04.202,1,0,0,0,1
14:37:04.202,1,0,0,0,0
14:37:04.202,1,0,0,0,0
14:37:04.202,1,0,0,1,0
14:37:04.810,1,0,0,1,0
14:37:04.810,1,0,0,1,1
14:37:04.810,1,0,0,1,1
14:37:04.810,1,0,0,0,1
14:37:05.415,1,0,0,0,1
14:37:05.415,1,0,0,0,0
14:37:05.415,1,0,0,0,0
14:37:05.415,1,0,0,1,0
14:37:05.591,1,0,0,1,0
14:37:05.591,0,0,0,1,0
14:37:06.055,0,0,0,1,0
14:37:06.055,0,0,0,1,1
14:37:06.055,0,0,0,1,1
14:37:06.055,0,0,0,0,1
14:37:06.658,0,0,0,0,1
14:37:06.658,0,0,0,0,0
14:37:06.658,0,0,0,0,0
14:37:06.658,0,0,0,1,0
14:37:07.264,0,0,0,1,0
14:37:07.264,0,0,0,1,1
14:37:07.264,0,0,0,1,1
14:37:07.264,0,0,0,0,1
14:37:07.407,0,0,0,0,1
14:37:07.407,1,0,0,0,1
14:37:07.886,1,0,0,0,1
14:37:07.886,1,0,0,0,0
14:37:07.886,1,0,0,0,0
14:37:07.886,1,0,0,1,0
14:37:08.506,1,0,0,1,0
14:37:08.506,1,0,0,1,1
14:37:08.506,1,0,0,1,1
14:37:08.506,1,0,0,0,1
14:37:09.129,1,0,0,0,1
14:37:09.129,1,0,0,0,0
14:37:09.129,1,0,0,0,0
14:37:09.129,1,0,0,1,0
14:37:09.208,1,0,0,1,0
14:37:09.208,0,0,0,1,0
14:37:09.748,0,0,0,1,0
14:37:09.748,0,0,0,1,1
14:37:09.748,0,0,0,1,1
14:37:09.748,0,0,0,0,1
14:37:10.353,0,0,0,0,1
14:37:10.353,0,0,0,0,0
14:37:10.353,0,0,0,0,0
14:37:10.353,0,0,0,1,0
14:37:10.965,0,0,0,1,0
14:37:10.965,0,0,0,1,1
14:37:10.965,0,0,0,1,1
14:37:10.965,0,0,0,0,1
14:37:11.038,0,0,0,0,1
14:37:11.038,1,0,0,0,1
14:37:11.578,1,0,0,0,1
14:37:11.578,1,0,0,0,0
14:37:11.578,1,0,0,0,0
14:37:11.578,1,0,0,1,0
14:37:12.281,1,0,0,1,0
14:37:12.281,1,0,0,1,1
14:37:12.281,1,0,0,1,1
14:37:12.281,1,0,0,0,1
14:37:12.858,1,0,0,0,1
14:37:12.858,0,0,0,0,1
14:37:12.921,0,0,0,0,1
14:37:12.921,0,0,0,0,0
14:37:12.921,0,0,0,0,0
14:37:12.921,0,0,0,1,0
14:37:13.508,0,0,0,1,0
14:37:13.508,0,0,0,1,1
14:37:13.508,0,0,0,1,1
14:37:13.508,0,0,0,0,1
14:37:14.126,0,0,0,0,1
14:37:14.126,0,0,0,0,0
14:37:14.126,0,0,0,0,0
14:37:14.126,0,0,0,1,0
14:37:14.663,0,0,0,1,0
14:37:14.663,1,0,0,1,0
14:37:14.726,1,0,0,1,0
14:37:14.726,1,0,0,1,1
14:37:14.726,1,0,0,1,1
14:37:14.726,1,0,0,0,1
14:37:15.327,1,0,0,0,1
14:37:15.327,1,0,0,0,0
14:37:15.327,1,0,0,0,0
14:37:15.327,1,0,0,1,0
14:37:15.928,1,0,0,1,0
14:37:15.928,1,0,0,1,1
14:37:15.928,1,0,0,1,1
14:37:15.928,1,0,0,0,1
14:37:16.491,1,0,0,0,1
14:37:16.491,0,0,0,0,1
14:37:16.564,0,0,0,0,1
14:37:16.564,0,0,0,0,0
14:37:16.564,0,0,0,0,0
14:37:16.564,0,0,0,1,0
14:37:17.164,0,0,0,1,0
14:37:17.164,0,0,0,1,1
14:37:17.164,0,0,0,1,1
14:37:17.164,0,0,0,0,1
14:37:17.769,0,0,0,0,1
14:37:17.769,0,0,0,0,0
14:37:17.769,0,0,0,0,0
14:37:17.769,0,0,0,1,0
14:37:18.296,0,0,0,1,0
14:37:18.296,1,0,0,1,0
14:37:18.360,1,0,0,1,0
14:37:18.360,1,0,0,1,1
14:37:18.375,1,0,0,1,1
14:37:18.375,1,0,0,0,1
14:37:18.980,1,0,0,0,1
14:37:18.980,1,0,0,0,0
14:37:18.980,1,0,0,0,0
14:37:18.980,1,0,0,1,0
14:37:19.586,1,0,0,1,0
14:37:19.586,1,0,0,1,1
14:37:19.602,1,0,0,1,1
14:37:19.602,1,0,0,0,1
14:37:20.097,1,0,0,0,1
14:37:20.097,0,0,0,0,1
14:37:20.192,0,0,0,0,1
14:37:20.192,0,0,0,0,0
14:37:20.192,0,0,0,0,0
14:37:20.192,0,0,0,1,0
14:37:20.794,0,0,0,1,0
14:37:20.794,0,0,0,1,1
14:37:20.810,0,0,0,1,1
14:37:20.810,0,0,0,0,1
14:37:21.414,0,0,0,0,1
14:37:21.414,0,0,0,0,0
14:37:21.414,0,0,0,0,0
14:37:21.414,0,0,0,1,0
14:37:21.909,0,0,0,1,0
14:37:21.909,1,0,0,1,0
14:37:22.020,1,0,0,1,0
14:37:22.020,1,0,0,1,1
14:37:22.020,1,0,0,1,1
14:37:22.020,1,0,0,0,1
14:37:22.643,1,0,0,0,1
14:37:22.643,1,0,0,0,0
14:37:22.643,1,0,0,0,0
14:37:22.643,1,0,0,1,0
14:37:23.250,1,0,0,1,0
14:37:23.250,1,0,0,1,1
14:37:23.250,1,0,0,1,1
14:37:23.250,1,0,0,0,1
14:37:23.712,1,0,0,0,1
14:37:23.712,0,0,0,0,1
14:37:23.862,0,0,0,0,1
14:37:23.862,0,0,0,0,0
14:37:23.862,0,0,0,0,0
14:37:23.862,0,0,0,1,0
14:37:24.477,0,0,0,1,0
14:37:24.477,0,0,0,1,1
14:37:24.477,0,0,0,1,1
14:37:24.477,0,0,0,0,1
14:37:25.083,0,0,0,0,1
14:37:25.083,0,0,0,0,0
14:37:25.083,0,0,0,0,0
14:37:25.083,0,0,0,1,0
14:37:25.513,0,0,0,1,0
14:37:25.513,1,0,0,1,0
14:37:25.704,1,0,0,1,0
14:37:25.704,1,0,0,1,1
14:37:25.706,1,0,0,1,1
14:37:25.706,1,0,0,0,1
14:37:26.342,1,0,0,0,1
14:37:26.342,1,0,0,0,0
14:37:26.342,1,0,0,0,0
14:37:26.342,1,0,0,1,0
14:37:26.997,1,0,0,1,0
14:37:26.997,1,0,0,1,1
14:37:26.997,1,0,0,1,1
14:37:26.997,1,0,0,0,1
14:37:27.316,1,0,0,0,1
14:37:27.316,0,0,0,0,1
14:37:27.602,0,0,0,0,1
14:37:27.602,0,0,0,0,0
14:37:27.602,0,0,0,0,0
14:37:27.602,0,0,0,1,0
14:37:28.210,0,0,0,1,0
14:37:28.210,0,0,0,1,1
14:37:28.210,0,0,0,1,1
14:37:28.210,0,0,0,0,1
14:37:28.815,0,0,0,0,1
14:37:28.815,0,0,0,0,0
14:37:28.815,0,0,0,0,0
14:37:28.815,0,0,0,1,0
14:37:29.118,0,0,0,1,0
14:37:29.118,1,0,0,1,0
14:37:29.419,1,0,0,1,0
14:37:29.419,1,0,0,1,1
14:37:29.419,1,0,0,1,1
14:37:29.419,1,0,0,0,1
14:37:30.026,1,0,0,0,1
14:37:30.026,1,0,0,0,0
14:37:30.026,1,0,0,0,0
14:37:30.026,1,0,0,1,0
14:37:30.630,1,0,0,1,0
14:37:30.630,1,0,0,1,1
14:37:30.630,1,0,0,1,1
14:37:30.630,1,0,0,0,1
14:37:30.937,1,0,0,0,1
14:37:30.937,0,0,0,0,1
14:37:31.235,0,0,0,0,1
14:37:31.235,0,0,0,0,0
14:37:31.235,0,0,0,0,0
14:37:31.235,0,0,0,1,0
14:37:31.840,0,0,0,1,0
14:37:31.840,0,0,0,1,1
14:37:31.840,0,0,0,1,1
14:37:31.840,0,0,0,0,1
14:37:32.445,0,0,0,0,1
14:37:32.445,0,0,0,0,0
14:37:32.445,0,0,0,0,0
14:37:32.445,0,0,0,1,0
14:37:32.748,0,0,0,1,0
14:37:32.748,1,0,0,1,0
14:37:33.052,1,0,0,1,0
14:37:33.052,1,0,0,1,1
14:37:33.052,1,0,0,1,1
14:37:33.052,1,0,0,0,1
14:37:33.658,1,0,0,0,1
14:37:33.658,1,0,0,0,0
14:37:33.658,1,0,0,0,0
14:37:33.658,1,0,0,1,0
14:37:34.265,1,0,0,1,0
14:37:34.265,1,0,0,1,1
14:37:34.265,1,0,0,1,1
14:37:34.265,1,0,0,0,1
14:37:34.551,1,0,0,0,1
14:37:34.551,0,0,0,0,1
14:37:34.869,0,0,0,0,1
14:37:34.869,0,0,0,0,0
14:37:34.869,0,0,0,0,0
14:37:34.869,0,0,0,1,0
14:37:35.503,0,0,0,1,0
14:37:35.503,0,0,0,1,1
14:37:35.503,0,0,0,1,1
14:37:35.503,0,0,0,0,1
14:37:36.120,0,0,0,0,1
14:37:36.120,0,0,0,0,0
14:37:36.120,0,0,0,0,0
14:37:36.120,0,0,0,1,0
14:37:36.357,0,0,0,1,0
14:37:36.357,1,0,0,1,0
14:37:36.739,1,0,0,1,0
14:37:36.739,1,0,0,1,1
14:37:36.739,1,0,0,1,1
14:37:36.739,1,0,0,0,1
14:37:37.344,1,0,0,0,1
14:37:37.344,1,0,0,0,0
14:37:37.344,1,0,0,0,0
14:37:37.344,1,0,0,1,0
14:37:38.029,1,0,0,1,0
14:37:38.029,1,0,0,1,1
14:37:38.029,1,0,0,1,1
14:37:38.029,1,0,0,0,1
14:37:38.171,1,0,0,0,1
14:37:38.171,0,0,0,0,1
14:37:38.635,0,0,0,0,1
14:37:38.635,0,0,0,0,0
14:37:38.635,0,0,0,0,0
14:37:38.635,0,0,0,1,0
14:37:39.237,0,0,0,1,0
14:37:39.237,0,0,0,1,1
14:37:39.237,0,0,0,1,1
14:37:39.237,0,0,0,0,1
14:37:39.842,0,0,0,0,1
14:37:39.842,0,0,0,0,0
14:37:39.842,0,0,0,0,0
14:37:39.842,0,0,0,1,0
14:37:39.985,0,0,0,1,0
14:37:39.985,1,0,0,1,0
14:37:40.446,1,0,0,1,0
14:37:40.446,1,0,0,1,1
14:37:40.446,1,0,0,1,1
14:37:40.446,1,0,0,0,1
14:37:41.050,1,0,0,0,1
14:37:41.050,1,0,0,0,0
14:37:41.050,1,0,0,0,0
14:37:41.050,1,0,0,1,0
14:37:41.654,1,0,0,1,0
14:37:41.654,1,0,0,1,1
14:37:41.654,1,0,0,1,1
14:37:41.654,1,0,0,0,1
14:37:41.781,1,0,0,0,1
14:37:41.781,0,0,0,0,1
14:37:42.261,0,0,0,0,1
14:37:42.261,0,0,0,0,0
14:37:42.261,0,0,0,0,0
14:37:42.261,0,0,0,1,0
14:37:42.868,0,0,0,1,0
14:37:42.868,0,0,0,1,1
14:37:42.868,0,0,0,1,1
14:37:42.868,0,0,0,0,1
14:37:43.474,0,0,0,0,1
14:37:43.474,0,0,0,0,0
14:37:43.474,0,0,0,0,0
14:37:43.474,0,0,0,1,0
14:37:43.601,0,0,0,1,0
14:37:43.601,1,0,0,1,0
14:37:44.078,1,0,0,1,0
14:37:44.078,1,0,0,1,1
14:37:44.078,1,0,0,1,1
14:37:44.078,1,0,0,0,1
14:37:44.682,1,0,0,0,1
14:37:44.682,1,0,0,0,0
14:37:44.682,1,0,0,0,0
14:37:44.682,1,0,0,1,0
14:37:45.287,1,0,0,1,0
14:37:45.287,1,0,0,1,1
14:37:45.287,1,0,0,1,1
14:37:45.287,1,0,0,0,1
14:37:45.414,1,0,0,0,1
14:37:45.414,0,0,0,0,1
14:37:45.913,0,0,0,0,1
14:37:45.913,0,0,0,0,0
14:37:45.913,0,0,0,0,0
14:37:45.913,0,0,0,1,0
14:37:46.530,0,0,0,1,0
14:37:46.530,0,0,0,1,1
14:37:46.530,0,0,0,1,1
14:37:46.530,0,0,0,0,1
14:37:47.133,0,0,0,0,1
14:37:47.133,0,0,0,0,0
14:37:47.133,0,0,0,0,0
14:37:47.133,0,0,0,1,0
14:37:47.213,0,0,0,1,0
14:37:47.213,1,0,0,1,0
14:37:47.740,1,0,0,1,0
14:37:47.740,1,0,0,1,1
14:37:47.740,1,0,0,1,1
14:37:47.740,1,0,0,0,1
14:37:48.347,1,0,0,0,1
14:37:48.347,1,0,0,0,0
14:37:48.347,1,0,0,0,0
14:37:48.347,1,0,0,1,0
14:37:48.964,1,0,0,1,0
14:37:48.964,1,0,0,1,1
14:37:48.964,1,0,0,1,1
14:37:48.964,1,0,0,0,1
14:37:49.028,1,0,0,0,1
14:37:49.028,0,0,0,0,1
14:37:49.579,0,0,0,0,1
14:37:49.579,0,0,0,0,0
14:37:49.579,0,0,0,0,0
14:37:49.579,0,0,0,1,0
14:37:50.202,0,0,0,1,0
14:37:50.202,0,0,0,1,1
14:37:50.202,0,0,0,1,1
14:37:50.202,0,0,0,0,1
14:37:50.807,0,0,0,0,1
14:37:50.807,0,0,0,0,0
14:37:50.807,0,0,0,0,0
14:37:50.807,0,0,0,1,0
14:37:50.854,0,0,0,1,0
14:37:50.854,1,0,0,1,0
14:37:51.427,1,0,0,1,0
14:37:51.427,1,0,0,1,1
14:37:51.427,1,0,0,1,1
14:37:51.427,1,0,0,0,1
14:37:52.046,1,0,0,0,1
14:37:52.046,1,0,0,0,0
14:37:52.046,1,0,0,0,0
14:37:52.046,1,0,0,1,0
14:37:52.652,1,0,0,1,0
14:37:52.652,1,0,0,1,1
14:37:52.653,1,0,0,1,1
14:37:52.653,1,0,0,0,1
14:37:52.680,1,0,0,0,1
14:37:52.680,0,0,0,0,1
14:37:53.274,0,0,0,0,1
14:37:53.274,0,0,0,0,0
14:37:53.274,0,0,0,0,0
14:37:53.274,0,0,0,1,0
14:37:53.884,0,0,0,1,0
14:37:53.884,0,0,0,1,1
14:37:53.884,0,0,0,1,1
14:37:53.884,0,0,0,0,1
14:37:54.505,0,0,0,0,1
14:37:54.505,1,0,0,0,1
14:37:54.505,1,0,0,0,1
14:37:54.505,1,0,0,0,0
14:37:54.505,1,0,0,0,0
14:37:54.505,1,0,0,1,0
14:37:55.111,1,0,0,1,0
14:37:55.111,1,0,0,1,1
14:37:55.111,1,0,0,1,1
14:37:55.111,1,0,0,0,1
14:37:55.725,1,0,0,0,1
14:37:55.725,1,0,0,0,0
14:37:55.725,1,0,0,0,0
14:37:55.725,1,0,0,1,0
14:37:56.318,1,0,0,1,0
14:37:56.318,0,0,0,1,0
14:37:56.331,0,0,0,1,0
14:37:56.331,0,0,0,1,1
14:37:56.331,0,0,0,1,1
14:37:56.331,0,0,0,0,1
14:37:56.991,0,0,0,0,1
14:37:56.991,0,0,0,0,0
14:37:56.991,0,0,0,0,0
14:37:56.991,0,0,0,1,0
14:37:57.597,0,0,0,1,0
14:37:57.597,0,0,0,1,1
14:37:57.597,0,0,0,1,1
14:37:57.597,0,0,0,0,1
14:37:58.136,0,0,0,0,1
14:37:58.136,1,0,0,0,1
14:37:58.198,1,0,0,0,1
14:37:58.198,1,0,0,0,0
14:37:58.198,1,0,0,0,0
14:37:58.198,1,0,0,1,0
14:37:58.805,1,0,0,1,0
14:37:58.805,1,0,0,1,1
14:37:58.806,1,0,0,1,1
14:37:58.806,1,0,0,0,1
14:37:59.394,1,0,0,0,1
14:37:59.394,1,0,0,0,0
14:37:59.394,1,0,0,0,0
14:37:59.394,1,0,0,1,0
14:37:59.951,1,0,0,1,0
14:37:59.951,0,0,0,1,0
14:38:00.009,0,0,0,1,0
14:38:00.009,0,0,0,1,1
14:38:00.009,0,0,0,1,1
14:38:00.009,0,0,0,0,1
14:38:00.645,0,0,0,0,1
14:38:00.645,0,0,0,0,0
14:38:00.645,0,0,0,0,0
14:38:00.645,0,0,0,1,0
14:38:01.249,0,0,0,1,0
14:38:01.249,0,0,0,1,1
14:38:01.249,0,0,0,1,1
14:38:01.249,0,0,0,0,1
14:38:01.760,0,0,0,0,1
14:38:01.760,1,0,0,0,1
14:38:01.870,1,0,0,0,1
14:38:01.870,1,0,0,0,0
14:38:01.870,1,0,0,0,0
14:38:01.870,1,0,0,1,0
14:38:02.476,1,0,0,1,0
14:38:02.476,1,0,0,1,1
14:38:02.477,1,0,0,1,1
14:38:02.477,1,0,0,0,1
14:38:03.080,1,0,0,0,1
14:38:03.080,1,0,0,0,0
14:38:03.080,1,0,0,0,0
14:38:03.080,1,0,0,1,0
14:38:03.574,1,0,0,1,0
14:38:03.574,0,0,0,1,0
14:38:03.701,0,0,0,1,0
14:38:03.701,0,0,0,1,1
14:38:03.701,0,0,0,1,1
14:38:03.701,0,0,0,0,1
14:38:04.324,0,0,0,0,1
14:38:04.324,0,0,0,0,0
14:38:04.324,0,0,0,0,0
14:38:04.324,0,0,0,1,0
14:38:04.932,0,0,0,1,0
14:38:04.932,0,0,0,1,1
14:38:04.932,0,0,0,1,1
14:38:04.932,0,0,0,0,1
14:38:05.377,0,0,0,0,1
14:38:05.377,1,0,0,0,1
14:38:05.536,1,0,0,0,1
14:38:05.536,1,0,0,0,0
14:38:05.536,1,0,0,0,0
14:38:05.536,1,0,0,1,0
14:38:06.142,1,0,0,1,0
14:38:06.142,1,0,0,1,1
14:38:06.142,1,0,0,1,1
14:38:06.142,1,0,0,0,1
14:38:06.779,1,0,0,0,1
14:38:06.779,1,0,0,0,0
14:38:06.779,1,0,0,0,0
14:38:06.779,1,0,0,1,0
14:38:07.187,1,0,0,1,0
14:38:07.187,0,0,0,1,0
14:38:07.398,0,0,0,1,0
14:38:07.398,0,0,0,1,1
14:38:07.398,0,0,0,1,1
14:38:07.398,0,0,0,0,1
14:38:08.015,0,0,0,0,1
14:38:08.015,0,0,0,0,0
14:38:08.015,0,0,0,0,0
14:38:08.015,0,0,0,1,0
14:38:08.635,0,0,0,1,0
14:38:08.635,0,0,0,1,1
14:38:08.635,0,0,0,1,1
14:38:08.635,0,0,0,0,1
14:38:09.001,0,0,0,0,1
14:38:09.001,1,0,0,0,1
14:38:09.266,1,0,0,0,1
14:38:09.266,1,0,0,0,0
14:38:09.266,1,0,0,0,0
14:38:09.266,1,0,0,1,0
14:38:09.873,1,0,0,1,0
14:38:09.873,1,0,0,1,1
14:38:09.873,1,0,0,1,1
14:38:09.873,1,0,0,0,1
14:38:10.498,1,0,0,0,1
14:38:10.498,1,0,0,0,0
14:38:10.498,1,0,0,0,0
14:38:10.498,1,0,0,1,0
14:38:10.812,1,0,0,1,0
14:38:10.812,0,0,0,1,0
14:38:11.114,0,0,0,1,0
14:38:11.114,0,0,0,1,1
14:38:11.114,0,0,0,1,1
14:38:11.114,0,0,0,0,1
14:38:11.749,0,0,0,0,1
14:38:11.749,0,0,0,0,0
14:38:11.749,0,0,0,0,0
14:38:11.749,0,0,0,1,0
14:38:12.354,0,0,0,1,0
14:38:12.354,0,0,0,1,1
14:38:12.354,0,0,0,1,1
14:38:12.354,0,0,0,0,1
14:38:12.624,0,0,0,0,1
14:38:12.624,1,0,0,0,1
14:38:12.975,1,0,0,0,1
14:38:12.975,1,0,0,0,0
14:38:12.975,1,0,0,0,0
14:38:12.975,1,0,0,1,0
14:38:13.599,1,0,0,1,0
14:38:13.599,1,0,0,1,1
14:38:13.599,1,0,0,1,1
14:38:13.599,1,0,0,0,1
14:38:14.203,1,0,0,0,1
14:38:14.203,1,0,0,0,0
14:38:14.203,1,0,0,0,0
14:38:14.203,1,0,0,1,0
14:38:14.426,1,0,0,1,0
14:38:14.426,0,0,0,1,0
14:38:14.824,0,0,0,1,0
14:38:14.824,0,0,0,1,1
14:38:14.824,0,0,0,1,1
14:38:14.824,0,0,0,0,1
14:38:15.442,0,0,0,0,1
14:38:15.442,0,0,0,0,0
14:38:15.442,0,0,0,0,0
14:38:15.442,0,0,0,1,0
14:38:16.060,0,0,0,1,0
14:38:16.060,0,0,0,1,1
14:38:16.060,0,0,0,1,1
14:38:16.060,0,0,0,0,1
14:38:16.235,0,0,0,0,1
14:38:16.235,1,0,0,0,1
14:38:16.680,1,0,0,0,1
14:38:16.680,1,0,0,0,0
14:38:16.680,1,0,0,0,0
14:38:16.680,1,0,0,1,0
14:38:17.302,1,0,0,1,0
14:38:17.302,1,0,0,1,1
14:38:17.302,1,0,0,1,1
14:38:17.302,1,0,0,0,1
14:38:17.936,1,0,0,0,1
14:38:17.936,1,0,0,0,0
14:38:17.936,1,0,0,0,0
14:38:17.936,1,0,0,1,0
14:38:18.047,1,0,0,1,0
14:38:18.047,0,0,0,1,0
14:38:18.541,0,0,0,1,0
14:38:18.541,0,0,0,1,1
14:38:18.541,0,0,0,1,1
14:38:18.541,0,0,0,0,1
14:38:19.164,0,0,0,0,1
14:38:19.164,0,0,0,0,0
14:38:19.164,0,0,0,0,0
14:38:19.164,0,0,0,1,0
14:38:19.770,0,0,0,1,0
14:38:19.770,0,0,0,1,1
14:38:19.770,0,0,0,1,1
14:38:19.770,0,0,0,0,1
14:38:19.848,0,0,0,0,1
14:38:19.848,1,0,0,0,1
14:38:20.411,1,0,0,0,1
14:38:20.411,1,0,0,0,0
14:38:20.411,1,0,0,0,0
14:38:20.411,1,0,0,1,0
14:38:21.024,1,0,0,1,0
14:38:21.024,1,0,0,1,1
14:38:21.024,1,0,0,1,1
14:38:21.024,1,0,0,0,1
14:38:21.625,1,0,0,0,1
14:38:21.625,1,0,0,0,0
14:38:21.627,1,0,0,0,0
14:38:21.627,1,0,0,1,0
14:38:21.646,1,0,0,1,0
14:38:21.646,0,0,0,1,0
14:38:22.236,0,0,0,1,0
14:38:22.236,0,0,0,1,1
14:38:22.236,0,0,0,1,1
14:38:22.236,0,0,0,0,1
14:38:22.843,0,0,0,0,1
14:38:22.843,0,0,0,0,0
14:38:22.843,0,0,0,0,0
14:38:22.843,0,0,0,1,0
14:38:23.447,0,0,0,1,0
14:38:23.447,0,0,0,1,1
14:38:23.447,0,0,0,1,1
14:38:23.447,0,0,0,0,1
14:38:23.474,0,0,0,0,1
14:38:23.474,1,0,0,0,1
14:38:24.075,1,0,0,0,1
14:38:24.075,1,0,0,0,0
14:38:24.075,1,0,0,0,0
14:38:24.075,1,0,0,1,0
14:38:24.692,1,0,0,1,0
14:38:24.692,1,0,0,1,1
14:38:24.692,1,0,0,1,1
14:38:24.692,1,0,0,0,1
14:38:25.312,1,0,0,0,1
14:38:25.312,0,0,0,0,1
14:38:25.312,0,0,0,0,1
14:38:25.312,0,0,0,0,0
14:38:25.312,0,0,0,0,0
14:38:25.312,0,0,0,1,0
14:38:25.917,0,0,0,1,0
14:38:25.917,0,0,0,1,1
14:38:25.917,0,0,0,1,1
14:38:25.917,0,0,0,0,1
14:38:26.553,0,0,0,0,1
14:38:26.553,0,0,0,0,0
14:38:26.553,0,0,0,0,0
14:38:26.553,0,0,0,1,0
14:38:27.128,0,0,0,1,0
14:38:27.128,1,0,0,1,0
14:38:27.180,1,0,0,1,0
14:38:27.180,1,0,0,1,1
14:38:27.180,1,0,0,1,1
14:38:27.180,1,0,0,0,1
14:38:27.795,1,0,0,0,1
14:38:27.795,1,0,0,0,0
14:38:27.795,1,0,0,0,0
14:38:27.795,1,0,0,1,0
14:38:28.414,1,0,0,1,0
14:38:28.414,1,0,0,1,1
14:38:28.414,1,0,0,1,1
14:38:28.414,1,0,0,0,1
14:38:28.939,1,0,0,0,1
14:38:28.939,0,0,0,0,1
14:38:29.055,0,0,0,0,1
14:38:29.055,0,0,0,0,0
14:38:29.055,0,0,0,0,0
14:38:29.055,0,0,0,1,0
14:38:29.671,0,0,0,1,0
14:38:29.671,0,0,0,1,1
14:38:29.671,0,0,0,1,1
14:38:29.671,0,0,0,0,1
14:38:30.303,0,0,0,0,1
14:38:30.303,0,0,0,0,0
14:38:30.303,0,0,0,0,0
14:38:30.303,0,0,0,1,0
14:38:30.752,0,0,0,1,0
14:38:30.752,1,0,0,1,0
14:38:30.912,1,0,0,1,0
14:38:30.912,1,0,0,1,1
14:38:30.912,1,0,0,1,1
14:38:30.912,1,0,0,0,1
14:38:31.518,1,0,0,0,1
14:38:31.518,1,0,0,0,0
14:38:31.518,1,0,0,0,0
14:38:31.518,1,0,0,1,0
14:38:32.139,1,0,0,1,0
14:38:32.139,1,0,0,1,1
14:38:32.139,1,0,0,1,1
14:38:32.139,1,0,0,0,1
14:38:32.554,1,0,0,0,1
14:38:32.554,0,0,0,0,1
14:38:32.747,0,0,0,0,1
14:38:32.747,0,0,0,0,0
14:38:32.747,0,0,0,0,0
14:38:32.747,0,0,0,1,0
14:38:33.364,0,0,0,1,0
14:38:33.364,0,0,0,1,1
14:38:33.364,0,0,0,1,1
14:38:33.364,0,0,0,0,1
14:38:33.990,0,0,0,0,1
14:38:33.990,0,0,0,0,0
14:38:33.990,0,0,0,0,0
14:38:33.990,0,0,0,1,0
14:38:34.359,0,0,0,1,0
14:38:34.359,1,0,0,1,0
14:38:34.607,1,0,0,1,0
14:38:34.607,1,0,0,1,1
14:38:34.607,1,0,0,1,1
14:38:34.607,1,0,0,0,1
14:38:35.199,1,0,0,0,1
14:38:35.199,1,0,0,0,0
14:38:35.199,1,0,0,0,0
14:38:35.199,1,0,0,1,0
14:38:35.817,1,0,0,1,0
14:38:35.817,1,0,0,1,1
14:38:35.817,1,0,0,1,1
14:38:35.817,1,0,0,0,1
14:38:36.168,1,0,0,0,1
14:38:36.168,0,0,0,0,1
14:38:36.464,0,0,0,0,1
14:38:36.464,0,0,0,0,0
14:38:36.464,0,0,0,0,0
14:38:36.464,0,0,0,1,0
14:38:37.075,0,0,0,1,0
14:38:37.075,0,0,0,1,1
14:38:37.075,0,0,0,1,1
14:38:37.075,0,0,0,0,1
14:38:37.678,0,0,0,0,1
14:38:37.678,0,0,0,0,0
14:38:37.678,0,0,0,0,0
14:38:37.678,0,0,0,1,0
14:38:37.979,0,0,0,1,0
14:38:37.979,1,0,0,1,0
14:38:38.280,1,0,0,1,0
14:38:38.280,1,0,0,1,1
14:38:38.280,1,0,0,1,1
14:38:38.280,1,0,0,0,1
14:38:38.888,1,0,0,0,1
14:38:38.888,1,0,0,0,0
14:38:38.888,1,0,0,0,0
14:38:38.888,1,0,0,1,0
14:38:39.495,1,0,0,1,0
14:38:39.495,1,0,0,1,1
14:38:39.495,1,0,0,1,1
14:38:39.495,1,0,0,0,1
14:38:39.783,1,0,0,0,1
14:38:39.783,0,0,0,0,1
14:38:40.099,0,0,0,0,1
14:38:40.099,0,0,0,0,0
14:38:40.099,0,0,0,0,0
14:38:40.099,0,0,0,1,0
14:38:40.704,0,0,0,1,0
14:38:40.704,0,0,0,1,1
14:38:40.704,0,0,0,1,1
14:38:40.704,0,0,0,0,1
14:38:41.307,0,0,0,0,1
14:38:41.307,0,0,0,0,0
14:38:41.307,0,0,0,0,0
14:38:41.307,0,0,0,1,0
14:38:41.594,0,0,0,1,0
14:38:41.594,1,0,0,1,0
14:38:41.914,1,0,0,1,0
14:38:41.914,1,0,0,1,1
14:38:41.914,1,0,0,1,1
14:38:41.914,1,0,0,0,1
14:38:42.521,1,0,0,0,1
14:38:42.521,1,0,0,0,0
14:38:42.521,1,0,0,0,0
14:38:42.521,1,0,0,1,0
14:38:43.544,1,0,0,1,0
14:38:43.544,1,0,0,1,1
14:38:43.544,1,0,0,1,1
14:38:43.544,1,0,0,0,1
14:38:43.544,1,0,0,0,1
14:38:43.544,0,0,0,0,1
14:38:44.148,0,0,0,0,1
14:38:44.148,0,0,0,0,0
14:38:44.148,0,0,0,0,0
14:38:44.148,0,0,0,1,0
14:38:44.748,0,0,0,1,0
14:38:44.748,0,0,0,1,1
14:38:44.748,0,0,0,1,1
14:38:44.748,0,0,0,0,1
14:38:45.355,0,0,0,0,1
14:38:45.355,1,0,0,0,1
14:38:45.355,1,0,0,0,1
14:38:45.355,1,0,0,0,0
14:38:45.355,1,0,0,0,0
14:38:45.355,1,0,0,1,0
14:38:45.960,1,0,0,1,0
14:38:45.960,1,0,0,1,1
14:38:45.960,1,0,0,1,1
14:38:45.960,1,0,0,0,1
14:38:46.566,1,0,0,0,1
14:38:46.566,1,0,0,0,0
14:38:46.567,1,0,0,0,0
14:38:46.567,1,0,0,1,0
14:38:47.169,1,0,0,1,0
14:38:47.169,0,0,0,1,0
14:38:47.169,0,0,0,1,0
14:38:47.169,0,0,0,1,1
14:38:47.169,0,0,0,1,1
14:38:47.169,0,0,0,0,1
14:38:47.774,0,0,0,0,1
14:38:47.774,0,0,0,0,0
14:38:47.774,0,0,0,0,0
14:38:47.774,0,0,0,1,0
14:38:48.379,0,0,0,1,0
14:38:48.379,0,0,0,1,1
14:38:48.379,0,0,0,1,1
14:38:48.379,0,0,0,0,1
14:38:48.969,0,0,0,0,1
14:38:48.969,1,0,0,0,1
14:38:48.969,1,0,0,0,1
14:38:48.969,1,0,0,0,0
14:38:48.969,1,0,0,0,0
14:38:48.969,1,0,0,1,0
14:38:49.592,1,0,0,1,0
14:38:49.592,1,0,0,1,1
14:38:49.592,1,0,0,1,1
14:38:49.592,1,0,0,0,1
14:38:50.197,1,0,0,0,1
14:38:50.197,1,0,0,0,0
14:38:50.197,1,0,0,0,0
14:38:50.197,1,0,0,1,0
14:38:50.787,1,0,0,1,0
14:38:50.787,0,0,0,1,0
14:38:50.805,0,0,0,1,0
14:38:50.805,0,0,0,1,1
14:38:50.805,0,0,0,1,1
14:38:50.805,0,0,0,0,1
14:38:51.421,0,0,0,0,1
14:38:51.421,0,0,0,0,0
14:38:51.421,0,0,0,0,0
14:38:51.421,0,0,0,1,0
14:38:52.028,0,0,0,1,0
14:38:52.028,0,0,0,1,1
14:38:52.029,0,0,0,1,1
14:38:52.029,0,0,0,0,1
14:38:52.601,0,0,0,0,1
14:38:52.601,1,0,0,0,1
14:38:52.665,1,0,0,0,1
14:38:52.665,1,0,0,0,0
14:38:52.665,1,0,0,0,0
14:38:52.665,1,0,0,1,0
14:38:53.284,1,0,0,1,0
14:38:53.284,1,0,0,1,1
14:38:53.285,1,0,0,1,1
14:38:53.285,1,0,0,0,1
14:38:53.890,1,0,0,0,1
14:38:53.890,1,0,0,0,0
14:38:53.890,1,0,0,0,0
14:38:53.890,1,0,0,1,0
14:38:54.399,1,0,0,1,0
14:38:54.399,0,0,0,1,0
14:38:54.495,0,0,0,1,0
14:38:54.495,0,0,0,1,1
14:38:54.495,0,0,0,1,1
14:38:54.495,0,0,0,0,1
14:38:55.101,0,0,0,0,1
14:38:55.101,0,0,0,0,0
14:38:55.101,0,0,0,0,0
14:38:55.101,0,0,0,1,0
14:38:55.708,0,0,0,1,0
14:38:55.708,0,0,0,1,1
14:38:55.708,0,0,0,1,1
14:38:55.708,0,0,0,0,1
14:38:56.215,0,0,0,0,1
14:38:56.215,1,0,0,0,1
14:38:56.311,1,0,0,0,1
14:38:56.311,1,0,0,0,0
14:38:56.311,1,0,0,0,0
14:38:56.311,1,0,0,1,0
14:38:56.919,1,0,0,1,0
14:38:56.919,1,0,0,1,1
14:38:56.919,1,0,0,1,1
14:38:56.919,1,0,0,0,1
14:38:57.524,1,0,0,0,1
14:38:57.524,1,0,0,0,0
14:38:57.525,1,0,0,0,0
14:38:57.525,1,0,0,1,0
14:38:58.016,1,0,0,1,0
14:38:58.016,0,0,0,1,0
14:38:58.148,0,0,0,1,0
14:38:58.148,0,0,0,1,1
14:38:58.148,0,0,0,1,1
14:38:58.148,0,0,0,0,1
14:38:58.747,0,0,0,0,1
14:38:58.747,0,0,0,0,0
14:38:58.747,0,0,0,0,0
14:38:58.747,0,0,0,1,0
14:38:59.369,0,0,0,1,0
14:38:59.369,0,0,0,1,1
14:38:59.369,0,0,0,1,1
14:38:59.369,0,0,0,0,1
14:38:59.817,0,0,0,0,1
14:38:59.817,1,0,0,0,1
14:38:59.993,1,0,0,0,1
14:38:59.993,1,0,0,0,0
14:38:59.993,1,0,0,0,0
14:38:59.993,1,0,0,1,0
14:39:00.594,1,0,0,1,0
14:39:00.594,1,0,0,1,1
14:39:00.594,1,0,0,1,1
14:39:00.594,1,0,0,0,1
14:39:01.198,1,0,0,0,1
14:39:01.198,1,0,0,0,0
14:39:01.198,1,0,0,0,0
14:39:01.198,1,0,0,1,0
14:39:01.627,1,0,0,1,0
14:39:01.627,0,0,0,1,0
14:39:01.834,0,0,0,1,0
14:39:01.834,0,0,0,1,1
14:39:01.834,0,0,0,1,1
14:39:01.834,0,0,0,0,1
14:39:02.439,0,0,0,0,1
14:39:02.439,0,0,0,0,0
14:39:02.439,0,0,0,0,0
14:39:02.439,0,0,0,1,0
14:39:03.043,0,0,0,1,0
14:39:03.043,0,0,0,1,1
14:39:03.043,0,0,0,1,1
14:39:03.043,0,0,0,0,1
14:39:03.455,0,0,0,0,1
14:39:03.455,1,0,0,0,1
14:39:03.662,1,0,0,0,1
14:39:03.662,1,0,0,0,0
14:39:03.664,1,0,0,0,0
14:39:03.664,1,0,0,1,0
14:39:04.285,1,0,0,1,0
14:39:04.285,1,0,0,1,1
14:39:04.285,1,0,0,1,1
14:39:04.285,1,0,0,0,1
14:39:04.906,1,0,0,0,1
14:39:04.906,1,0,0,0,0
14:39:04.906,1,0,0,0,0
14:39:04.906,1,0,0,1,0
14:39:05.272,1,0,0,1,0
14:39:05.272,0,0,0,1,0
14:39:05.510,0,0,0,1,0
14:39:05.510,0,0,0,1,1
14:39:05.510,0,0,0,1,1
14:39:05.510,0,0,0,0,1
14:39:06.131,0,0,0,0,1
14:39:06.131,0,0,0,0,0
14:39:06.131,0,0,0,0,0
14:39:06.131,0,0,0,1,0
14:39:06.766,0,0,0,1,0
14:39:06.766,0,0,0,1,1
14:39:06.766,0,0,0,1,1
14:39:06.766,0,0,0,0,1
14:39:07.087,0,0,0,0,1
14:39:07.087,1,0,0,0,1
14:39:07.391,1,0,0,0,1
14:39:07.391,1,0,0,0,0
14:39:07.391,1,0,0,0,0
14:39:07.391,1,0,0,1,0
14:39:07.994,1,0,0,1,0
14:39:07.994,1,0,0,1,1
14:39:07.994,1,0,0,1,1
14:39:07.994,1,0,0,0,1
14:39:08.600,1,0,0,0,1
14:39:08.600,1,0,0,0,0
14:39:08.600,1,0,0,0,0
14:39:08.600,1,0,0,1,0
14:39:08.901,1,0,0,1,0
14:39:08.901,0,0,0,1,0
14:39:09.205,0,0,0,1,0
14:39:09.205,0,0,0,1,1
14:39:09.205,0,0,0,1,1
14:39:09.205,0,0,0,0,1
14:39:09.811,0,0,0,0,1
14:39:09.811,0,0,0,0,0
14:39:09.811,0,0,0,0,0
14:39:09.811,0,0,0,1,0
14:39:10.418,0,0,0,1,0
14:39:10.418,0,0,0,1,1
14:39:10.418,0,0,0,1,1
14:39:10.418,0,0,0,0,1
14:39:10.702,0,0,0,0,1
14:39:10.702,1,0,0,0,1
14:39:11.021,1,0,0,0,1
14:39:11.021,1,0,0,0,0
14:39:11.021,1,0,0,0,0
14:39:11.021,1,0,0,1,0
14:39:11.627,1,0,0,1,0
14:39:11.627,1,0,0,1,1
14:39:11.627,1,0,0,1,1
14:39:11.627,1,0,0,0,1
14:39:12.233,1,0,0,0,1
14:39:12.233,1,0,0,0,0
14:39:12.233,1,0,0,0,0
14:39:12.233,1,0,0,1,0
14:39:12.503,1,0,0,1,0
14:39:12.503,0,0,0,1,0
14:39:12.838,0,0,0,1,0
14:39:12.838,0,0,0,1,1
14:39:12.838,0,0,0,1,1
14:39:12.838,0,0,0,0,1
14:39:13.441,0,0,0,0,1
14:39:13.441,0,0,0,0,0
14:39:13.441,0,0,0,0,0
14:39:13.441,0,0,0,1,0
14:39:14.047,0,0,0,1,0
14:39:14.047,0,0,0,1,1
14:39:14.047,0,0,0,1,1
14:39:14.047,0,0,0,0,1
14:39:14.318,0,0,0,0,1
14:39:14.318,1,0,0,0,1
14:39:14.637,1,0,0,0,1
14:39:14.637,1,0,0,0,0
14:39:14.637,1,0,0,0,0
14:39:14.637,1,0,0,1,0
14:39:15.258,1,0,0,1,0
14:39:15.258,1,0,0,1,1
14:39:15.258,1,0,0,1,1
14:39:15.258,1,0,0,0,1
14:39:15.875,1,0,0,0,1
14:39:15.875,1,0,0,0,0
14:39:15.875,1,0,0,0,0
14:39:15.875,1,0,0,1,0
14:39:16.129,1,0,0,1,0
14:39:16.129,0,0,0,1,0
14:39:16.496,0,0,0,1,0
14:39:16.496,0,0,0,1,1
14:39:16.496,0,0,0,1,1
14:39:16.496,0,0,0,0,1
14:39:17.101,0,0,0,0,1
14:39:17.101,0,0,0,0,0
14:39:17.101,0,0,0,0,0
14:39:17.101,0,0,0,1,0
14:39:17.706,0,0,0,1,0
14:39:17.706,0,0,0,1,1
14:39:17.706,0,0,0,1,1
14:39:17.706,0,0,0,0,1
14:39:17.944,0,0,0,0,1
14:39:17.944,1,0,0,0,1
14:39:18.323,1,0,0,0,1
14:39:18.323,1,0,0,0,0
14:39:18.323,1,0,0,0,0
14:39:18.323,1,0,0,1,0
14:39:18.945,1,0,0,1,0
14:39:18.945,1,0,0,1,1
14:39:18.945,1,0,0,1,1
14:39:18.945,1,0,0,0,1
14:39:19.552,1,0,0,0,1
14:39:19.552,1,0,0,0,0
14:39:19.552,1,0,0,0,0
14:39:19.552,1,0,0,1,0
14:39:19.743,1,0,0,1,0
14:39:19.743,0,0,0,1,0
14:39:20.174,0,0,0,1,0
14:39:20.174,0,0,0,1,1
14:39:20.174,0,0,0,1,1
14:39:20.174,0,0,0,0,1
14:39:20.780,0,0,0,0,1
14:39:20.780,0,0,0,0,0
14:39:20.780,0,0,0,0,0
14:39:20.780,0,0,0,1,0
14:39:21.402,0,0,0,1,0
14:39:21.402,0,0,0,1,1
14:39:21.402,0,0,0,1,1
14:39:21.402,0,0,0,0,1
14:39:21.546,0,0,0,0,1
14:39:21.546,1,0,0,0,1
14:39:22.010,1,0,0,0,1
14:39:22.010,1,0,0,0,0
14:39:22.010,1,0,0,0,0
14:39:22.010,1,0,0,1,0
14:39:22.616,1,0,0,1,0
14:39:22.616,1,0,0,1,1
14:39:22.616,1,0,0,1,1
14:39:22.616,1,0,0,0,1
14:39:23.238,1,0,0,0,1
14:39:23.238,1,0,0,0,0
14:39:23.238,1,0,0,0,0
14:39:23.238,1,0,0,1,0
14:39:23.350,1,0,0,1,0
14:39:23.350,0,0,0,1,0
14:39:23.844,0,0,0,1,0
14:39:23.844,0,0,0,1,1
14:39:23.844,0,0,0,1,1
14:39:23.844,0,0,0,0,1
14:39:24.460,0,0,0,0,1
14:39:24.460,0,0,0,0,0
14:39:24.460,0,0,0,0,0
14:39:24.460,0,0,0,1,0
14:39:25.073,0,0,0,1,0
14:39:25.073,0,0,0,1,1
14:39:25.073,0,0,0,1,1
14:39:25.073,0,0,0,0,1
14:39:25.158,0,0,0,0,1
14:39:25.158,1,0,0,0,1
14:39:25.693,1,0,0,0,1
14:39:25.693,1,0,0,0,0
14:39:25.693,1,0,0,0,0
14:39:25.693,1,0,0,1,0
14:39:26.316,1,0,0,1,0
14:39:26.316,1,0,0,1,1
14:39:26.316,1,0,0,1,1
14:39:26.316,1,0,0,0,1
14:39:26.937,1,0,0,0,1
14:39:26.937,1,0,0,0,0
14:39:26.937,1,0,0,0,0
14:39:26.937,1,0,0,1,0
14:39:26.969,1,0,0,1,0
14:39:26.969,0,0,0,1,0
14:39:27.543,0,0,0,1,0
14:39:27.543,0,0,0,1,1
14:39:27.543,0,0,0,1,1
14:39:27.543,0,0,0,0,1
14:39:28.179,0,0,0,0,1
14:39:28.179,0,0,0,0,0
14:39:28.179,0,0,0,0,0
14:39:28.179,0,0,0,1,0
14:39:28.770,0,0,0,1,0
14:39:28.770,1,0,0,1,0
14:39:28.786,1,0,0,1,0
14:39:28.786,1,0,0,1,1
14:39:28.786,1,0,0,1,1
14:39:28.786,1,0,0,0,1
14:39:29.411,1,0,0,0,1
14:39:29.411,1,0,0,0,0
14:39:29.411,1,0,0,0,0
14:39:29.411,1,0,0,1,0
14:39:30.030,1,0,0,1,0
14:39:30.030,1,0,0,1,1
14:39:30.030,1,0,0,1,1
14:39:30.030,1,0,0,0,1
14:39:30.570,1,0,0,0,1
14:39:30.570,0,0,0,0,1
14:39:30.649,0,0,0,0,1
14:39:30.649,0,0,0,0,0
14:39:30.649,0,0,0,0,0
14:39:30.649,0,0,0,1,0
14:39:31.269,0,0,0,1,0
14:39:31.269,0,0,0,1,1
14:39:31.269,0,0,0,1,1
14:39:31.269,0,0,0,0,1
14:39:31.884,0,0,0,0,1
14:39:31.884,0,0,0,0,0
14:39:31.884,0,0,0,0,0
14:39:31.884,0,0,0,1,0
14:39:32.384,0,0,0,1,0
14:39:32.384,1,0,0,1,0
14:39:32.496,1,0,0,1,0
14:39:32.496,1,0,0,1,1
14:39:32.496,1,0,0,1,1
14:39:32.496,1,0,0,0,1
14:39:33.121,1,0,0,0,1
14:39:33.121,1,0,0,0,0
14:39:33.121,1,0,0,0,0
14:39:33.121,1,0,0,1,0
14:39:33.734,1,0,0,1,0
14:39:33.734,1,0,0,1,1
14:39:33.734,1,0,0,1,1
14:39:33.734,1,0,0,0,1
14:39:34.194,1,0,0,0,1
14:39:34.194,0,0,0,0,1
14:39:34.363,0,0,0,0,1
14:39:34.363,0,0,0,0,0
14:39:34.363,0,0,0,0,0
14:39:34.363,0,0,0,1,0
14:39:34.974,0,0,0,1,0
14:39:34.974,0,0,0,1,1
14:39:34.974,0,0,0,1,1
14:39:34.974,0,0,0,0,1
14:39:35.593,0,0,0,0,1
14:39:35.593,0,0,0,0,0
14:39:35.593,0,0,0,0,0
14:39:35.593,0,0,0,1,0
14:39:36.001,0,0,0,1,0
14:39:36.001,1,0,0,1,0
14:39:36.196,1,0,0,1,0
14:39:36.196,1,0,0,1,1
14:39:36.196,1,0,0,1,1
14:39:36.196,1,0,0,0,1
14:39:36.808,1,0,0,0,1
14:39:36.808,1,0,0,0,0
14:39:36.808,1,0,0,0,0
14:39:36.808,1,0,0,1,0
14:39:37.424,1,0,0,1,0
14:39:37.424,1,0,0,1,1
14:39:37.424,1,0,0,1,1
14:39:37.424,1,0,0,0,1
14:39:37.805,1,0,0,0,1
14:39:37.805,0,0,0,0,1
14:39:38.029,0,0,0,0,1
14:39:38.029,0,0,0,0,0
14:39:38.029,0,0,0,0,0
14:39:38.029,0,0,0,1,0
14:39:38.646,0,0,0,1,0
14:39:38.646,0,0,0,1,1
14:39:38.646,0,0,0,1,1
14:39:38.646,0,0,0,0,1
14:39:39.304,0,0,0,0,1
14:39:39.304,0,0,0,0,0
14:39:39.304,0,0,0,0,0
14:39:39.304,0,0,0,1,0
14:39:39.615,0,0,0,1,0
14:39:39.615,1,0,0,1,0
14:39:39.917,1,0,0,1,0
14:39:39.917,1,0,0,1,1
14:39:39.919,1,0,0,1,1
14:39:39.919,1,0,0,0,1
14:39:40.521,1,0,0,0,1
14:39:40.521,1,0,0,0,0
14:39:40.521,1,0,0,0,0
14:39:40.521,1,0,0,1,0
14:39:41.123,1,0,0,1,0
14:39:41.123,1,0,0,1,1
14:39:41.123,1,0,0,1,1
14:39:41.123,1,0,0,0,1
14:39:41.424,1,0,0,0,1
14:39:41.424,0,0,0,0,1
14:39:41.759,0,0,0,0,1
14:39:41.759,0,0,0,0,0
14:39:41.759,0,0,0,0,0
14:39:41.759,0,0,0,1,0
14:39:42.380,0,0,0,1,0
14:39:42.380,0,0,0,1,1
14:39:42.380,0,0,0,1,1
14:39:42.380,0,0,0,0,1
14:39:42.986,0,0,0,0,1
14:39:42.986,0,0,0,0,0
14:39:42.986,0,0,0,0,0
14:39:42.986,0,0,0,1,0
14:39:43.227,0,0,0,1,0
14:39:43.227,1,0,0,1,0
14:39:43.593,1,0,0,1,0
14:39:43.593,1,0,0,1,1
14:39:43.593,1,0,0,1,1
14:39:43.593,1,0,0,0,1
14:39:44.197,1,0,0,0,1
14:39:44.197,1,0,0,0,0
14:39:44.197,1,0,0,0,0
14:39:44.197,1,0,0,1,0
14:39:45.015,1,0,0,1,0
14:39:45.015,1,0,0,1,1
14:39:45.015,1,0,0,1,1
14:39:45.015,1,0,0,0,1
14:39:45.068,1,0,0,0,1
14:39:45.068,0,0,0,0,1
14:39:45.619,0,0,0,0,1
14:39:45.619,0,0,0,0,0
14:39:45.620,0,0,0,0,0
14:39:45.620,0,0,0,1,0
14:39:46.221,0,0,0,1,0
14:39:46.221,0,0,0,1,1
14:39:46.221,0,0,0,1,1
14:39:46.221,0,0,0,0,1
14:39:46.823,0,0,0,0,1
14:39:46.823,0,0,0,0,0
14:39:46.823,0,0,0,0,0
14:39:46.823,0,0,0,1,0
14:39:46.895,0,0,0,1,0
14:39:46.895,1,0,0,1,0
14:39:47.430,1,0,0,1,0
14:39:47.430,1,0,0,1,1
14:39:47.430,1,0,0,1,1
14:39:47.430,1,0,0,0,1
14:39:48.037,1,0,0,0,1
14:39:48.037,1,0,0,0,0
14:39:48.037,1,0,0,0,0
14:39:48.037,1,0,0,1,0
14:39:48.647,1,0,0,1,0
14:39:48.647,1,0,0,1,1
14:39:48.647,1,0,0,1,1
14:39:48.647,1,0,0,0,1
14:39:48.730,1,0,0,0,1
14:39:48.730,0,0,0,0,1
14:39:49.248,0,0,0,0,1
14:39:49.248,0,0,0,0,0
14:39:49.248,0,0,0,0,0
14:39:49.248,0,0,0,1,0
14:39:49.854,0,0,0,1,0
14:39:49.854,0,0,0,1,1
14:39:49.854,0,0,0,1,1
14:39:49.854,0,0,0,0,1
14:39:50.460,0,0,0,0,1
14:39:50.460,0,0,0,0,0
14:39:50.460,0,0,0,0,0
14:39:50.460,0,0,0,1,0
14:39:50.536,0,0,0,1,0
14:39:50.536,1,0,0,1,0
14:39:51.064,1,0,0,1,0
14:39:51.064,1,0,0,1,1
14:39:51.064,1,0,0,1,1
14:39:51.064,1,0,0,0,1
14:39:51.668,1,0,0,0,1
14:39:51.668,1,0,0,0,0
14:39:51.668,1,0,0,0,0
14:39:51.668,1,0,0,1,0
14:39:52.275,1,0,0,1,0
14:39:52.275,1,0,0,1,1
14:39:52.275,1,0,0,1,1
14:39:52.275,1,0,0,0,1
14:39:52.343,1,0,0,0,1
14:39:52.343,0,0,0,0,1
14:39:52.898,0,0,0,0,1
14:39:52.898,0,0,0,0,0
14:39:52.899,0,0,0,0,0
14:39:52.899,0,0,0,1,0
14:39:53.503,0,0,0,1,0
14:39:53.503,0,0,0,1,1
14:39:53.503,0,0,0,1,1
14:39:53.503,0,0,0,0,1
14:39:54.109,0,0,0,0,1
14:39:54.109,0,0,0,0,0
14:39:54.109,0,0,0,0,0
14:39:54.109,0,0,0,1,0
14:39:54.188,0,0,0,1,0
14:39:54.188,1,0,0,1,0
14:39:54.729,1,0,0,1,0
14:39:54.729,1,0,0,1,1
14:39:54.729,1,0,0,1,1
14:39:54.729,1,0,0,0,1
14:39:55.365,1,0,0,0,1
14:39:55.365,1,0,0,0,0
14:39:55.365,1,0,0,0,0
14:39:55.365,1,0,0,1,0
14:39:55.986,1,0,0,1,0
14:39:55.986,1,0,0,1,1
14:39:55.986,1,0,0,1,1
14:39:55.986,1,0,0,0,1
14:39:56.014,1,0,0,0,1
14:39:56.014,0,0,0,0,1
14:39:56.589,0,0,0,0,1
14:39:56.589,0,0,0,0,0
14:39:56.589,0,0,0,0,0
14:39:56.589,0,0,0,1,0
14:39:57.196,0,0,0,1,0
14:39:57.196,0,0,0,1,1
14:39:57.196,0,0,0,1,1
14:39:57.196,0,0,0,0,1
14:39:57.799,0,0,0,0,1
14:39:57.799,0,0,0,0,0
14:39:57.799,0,0,0,0,0
14:39:57.799,0,0,0,1,0
14:39:57.830,0,0,0,1,0
14:39:57.830,1,0,0,1,0
14:39:58.407,1,0,0,1,0
14:39:58.407,1,0,0,1,1
14:39:58.407,1,0,0,1,1
14:39:58.407,1,0,0,0,1
14:39:59.043,1,0,0,0,1
14:39:59.043,1,0,0,0,0
14:39:59.043,1,0,0,0,0
14:39:59.043,1,0,0,1,0
14:39:59.645,1,0,0,1,0
14:39:59.645,0,0,0,1,0
14:39:59.645,0,0,0,1,0
14:39:59.645,0,0,0,1,1
14:39:59.663,0,0,0,1,1
14:39:59.663,0,0,0,0,1
14:40:00.277,0,0,0,0,1
14:40:00.277,0,0,0,0,0
14:40:00.277,0,0,0,0,0
14:40:00.277,0,0,0,1,0
14:40:00.880,0,0,0,1,0
14:40:00.880,0,0,0,1,1
14:40:00.880,0,0,0,1,1
14:40:00.880,0,0,0,0,1
14:40:01.451,0,0,0,0,1
14:40:01.451,1,0,0,0,1
14:40:01.482,1,0,0,0,1
14:40:01.482,1,0,0,0,0
14:40:01.482,1,0,0,0,0
14:40:01.482,1,0,0,1,0
14:40:02.104,1,0,0,1,0
14:40:02.104,1,0,0,1,1
14:40:02.104,1,0,0,1,1
14:40:02.104,1,0,0,0,1
14:40:02.726,1,0,0,0,1
14:40:02.726,1,0,0,0,0
14:40:02.726,1,0,0,0,0
14:40:02.726,1,0,0,1,0
14:40:03.266,1,0,0,1,0
14:40:03.266,0,0,0,1,0
14:40:03.346,0,0,0,1,0
14:40:03.346,0,0,0,1,1
14:40:03.346,0,0,0,1,1
14:40:03.346,0,0,0,0,1
14:40:03.967,0,0,0,0,1
14:40:03.967,0,0,0,0,0
14:40:03.967,0,0,0,0,0
14:40:03.967,0,0,0,1,0
14:40:04.573,0,0,0,1,0
14:40:04.573,0,0,0,1,1
14:40:04.573,0,0,0,1,1
14:40:04.573,0,0,0,0,1
14:40:05.067,0,0,0,0,1
14:40:05.067,1,0,0,0,1
14:40:05.197,1,0,0,0,1
14:40:05.197,1,0,0,0,0
14:40:05.197,1,0,0,0,0
14:40:05.197,1,0,0,1,0
14:40:05.809,1,0,0,1,0
14:40:05.809,1,0,0,1,1
14:40:05.809,1,0,0,1,1
14:40:05.809,1,0,0,0,1
14:40:06.431,1,0,0,0,1
14:40:06.431,1,0,0,0,0
14:40:06.431,1,0,0,0,0
14:40:06.431,1,0,0,1,0
14:40:06.875,1,0,0,1,0
14:40:06.875,0,0,0,1,0
14:40:07.035,0,0,0,1,0
14:40:07.035,0,0,0,1,1
14:40:07.035,0,0,0,1,1
14:40:07.035,0,0,0,0,1
14:40:07.641,0,0,0,0,1
14:40:07.641,0,0,0,0,0
14:40:07.641,0,0,0,0,0
14:40:07.641,0,0,0,1,0
14:40:08.250,0,0,0,1,0
14:40:08.250,0,0,0,1,1
14:40:08.250,0,0,0,1,1
14:40:08.250,0,0,0,0,1
14:40:08.677,0,0,0,0,1
14:40:08.677,1,0,0,0,1
14:40:08.859,1,0,0,0,1
14:40:08.859,1,0,0,0,0
14:40:08.859,1,0,0,0,0
14:40:08.859,1,0,0,1,0
14:40:09.477,1,0,0,1,0
14:40:09.477,1,0,0,1,1
14:40:09.477,1,0,0,1,1
14:40:09.477,1,0,0,0,1
14:40:10.084,1,0,0,0,1
14:40:10.084,1,0,0,0,0
14:40:10.084,1,0,0,0,0
14:40:10.084,1,0,0,1,0
14:40:10.499,1,0,0,1,0
14:40:10.499,0,0,0,1,0
14:40:10.690,0,0,0,1,0
14:40:10.690,0,0,0,1,1
14:40:10.690,0,0,0,1,1
14:40:10.690,0,0,0,0,1
14:40:11.326,0,0,0,0,1
14:40:11.326,0,0,0,0,0
14:40:11.326,0,0,0,0,0
14:40:11.326,0,0,0,1,0
14:40:11.933,0,0,0,1,0
14:40:11.933,0,0,0,1,1
14:40:11.933,0,0,0,1,1
14:40:11.933,0,0,0,0,1
14:40:12.301,0,0,0,0,1
14:40:12.301,1,0,0,0,1
14:40:12.524,1,0,0,0,1
14:40:12.524,1,0,0,0,0
14:40:12.524,1,0,0,0,0
14:40:12.524,1,0,0,1,0
14:40:13.144,1,0,0,1,0
14:40:13.144,1,0,0,1,1
14:40:13.144,1,0,0,1,1
14:40:13.144,1,0,0,0,1
14:40:13.763,1,0,0,0,1
14:40:13.763,1,0,0,0,0
14:40:13.763,1,0,0,0,0
14:40:13.763,1,0,0,1,0
14:40:14.102,1,0,0,1,0
14:40:14.102,0,0,0,1,0
14:40:14.371,0,0,0,1,0
14:40:14.371,0,0,0,1,1
14:40:14.371,0,0,0,1,1
14:40:14.371,0,0,0,0,1
14:40:14.991,0,0,0,0,1
14:40:14.991,0,0,0,0,0
14:40:14.991,0,0,0,0,0
14:40:14.991,0,0,0,1,0
14:40:15.600,0,0,0,1,0
14:40:15.600,0,0,0,1,1
14:40:15.600,0,0,0,1,1
14:40:15.600,0,0,0,0,1
14:40:15.902,0,0,0,0,1
14:40:15.902,1,0,0,0,1
14:40:16.214,1,0,0,0,1
14:40:16.214,1,0,0,0,0
14:40:16.214,1,0,0,0,0
14:40:16.214,1,0,0,1,0
14:40:16.827,1,0,0,1,0
14:40:16.827,1,0,0,1,1
14:40:16.828,1,0,0,1,1
14:40:16.828,1,0,0,0,1
14:40:17.431,1,0,0,0,1
14:40:17.431,1,0,0,0,0
14:40:17.431,1,0,0,0,0
14:40:17.431,1,0,0,1,0
14:40:17.703,1,0,0,1,0
14:40:17.703,0,0,0,1,0
14:40:18.038,0,0,0,1,0
14:40:18.038,0,0,0,1,1
14:40:18.038,0,0,0,1,1
14:40:18.038,0,0,0,0,1
14:40:18.656,0,0,0,0,1
14:40:18.656,0,0,0,0,0
14:40:18.656,0,0,0,0,0
14:40:18.656,0,0,0,1,0
14:40:19.267,0,0,0,1,0
14:40:19.267,0,0,0,1,1
14:40:19.267,0,0,0,1,1
14:40:19.267,0,0,0,0,1
14:40:19.504,0,0,0,0,1
14:40:19.504,1,0,0,0,1
14:40:19.900,1,0,0,0,1
14:40:19.900,1,0,0,0,0
14:40:19.916,1,0,0,0,0
14:40:19.916,1,0,0,1,0
14:40:20.529,1,0,0,1,0
14:40:20.529,1,0,0,1,1
14:40:20.529,1,0,0,1,1
14:40:20.529,1,0,0,0,1
14:40:21.148,1,0,0,0,1
14:40:21.148,1,0,0,0,0
14:40:21.148,1,0,0,0,0
14:40:21.148,1,0,0,1,0
14:40:21.307,1,0,0,1,0
14:40:21.307,0,0,0,1,0
14:40:21.766,0,0,0,1,0
14:40:21.766,0,0,0,1,1
14:40:21.766,0,0,0,1,1
14:40:21.766,0,0,0,0,1
14:40:22.368,0,0,0,0,1
14:40:22.368,0,0,0,0,0
14:40:22.368,0,0,0,0,0
14:40:22.368,0,0,0,1,0
14:40:22.985,0,0,0,1,0
14:40:22.985,0,0,0,1,1
14:40:22.985,0,0,0,1,1
14:40:22.985,0,0,0,0,1
14:40:23.112,0,0,0,0,1
14:40:23.112,1,0,0,0,1
14:40:23.587,1,0,0,0,1
14:40:23.587,1,0,0,0,0
14:40:23.587,1,0,0,0,0
14:40:23.587,1,0,0,1,0
14:40:24.189,1,0,0,1,0
14:40:24.189,1,0,0,1,1
14:40:24.189,1,0,0,1,1
14:40:24.189,1,0,0,0,1
14:40:24.790,1,0,0,0,1
14:40:24.790,1,0,0,0,0
14:40:24.790,1,0,0,0,0
14:40:24.790,1,0,0,1,0
14:40:24.916,1,0,0,1,0
14:40:24.916,0,0,0,1,0
14:40:25.392,0,0,0,1,0
14:40:25.392,0,0,0,1,1
14:40:25.392,0,0,0,1,1
14:40:25.392,0,0,0,0,1
14:40:25.996,0,0,0,0,1
14:40:25.996,0,0,0,0,0
14:40:25.996,0,0,0,0,0
14:40:25.996,0,0,0,1,0
14:40:26.598,0,0,0,1,0
14:40:26.598,0,0,0,1,1
14:40:26.598,0,0,0,1,1
14:40:26.598,0,0,0,0,1
14:40:26.725,0,0,0,0,1
14:40:26.725,1,0,0,0,1
14:40:27.204,1,0,0,0,1
14:40:27.204,1,0,0,0,0
14:40:27.204,1,0,0,0,0
14:40:27.204,1,0,0,1,0
14:40:27.810,1,0,0,1,0
14:40:27.810,1,0,0,1,1
14:40:27.810,1,0,0,1,1
14:40:27.810,1,0,0,0,1
14:40:28.415,1,0,0,0,1
14:40:28.415,1,0,0,0,0
14:40:28.415,1,0,0,0,0
14:40:28.415,1,0,0,1,0
14:40:28.525,1,0,0,1,0
14:40:28.525,0,0,0,1,0
14:40:29.018,0,0,0,1,0
14:40:29.018,0,0,0,1,1
14:40:29.018,0,0,0,1,1
14:40:29.018,0,0,0,0,1
14:40:29.625,0,0,0,0,1
14:40:29.625,0,0,0,0,0
14:40:29.625,0,0,0,0,0
14:40:29.625,0,0,0,1,0
14:40:30.249,0,0,0,1,0
14:40:30.249,0,0,0,1,1
14:40:30.249,0,0,0,1,1
14:40:30.249,0,0,0,0,1
14:40:30.337,0,0,0,0,1
14:40:30.337,1,0,0,0,1
14:40:30.867,1,0,0,0,1
14:40:30.867,1,0,0,0,0
14:40:30.867,1,0,0,0,0
14:40:30.867,1,0,0,1,0
14:40:31.473,1,0,0,1,0
14:40:31.473,1,0,0,1,1
14:40:31.473,1,0,0,1,1
14:40:31.473,1,0,0,0,1
14:40:32.096,1,0,0,0,1
14:40:32.096,1,0,0,0,0
14:40:32.097,1,0,0,0,0
14:40:32.097,1,0,0,1,0
14:40:32.160,1,0,0,1,0
14:40:32.160,0,0,0,1,0
14:40:32.706,0,0,0,1,0
14:40:32.706,0,0,0,1,1
14:40:32.706,0,0,0,1,1
14:40:32.706,0,0,0,0,1
14:40:33.323,0,0,0,0,1
14:40:33.323,0,0,0,0,0
14:40:33.323,0,0,0,0,0
14:40:33.323,0,0,0,1,0
14:40:33.937,0,0,0,1,0
14:40:33.937,0,0,0,1,1
14:40:33.937,0,0,0,1,1
14:40:33.937,0,0,0,0,1
14:40:33.960,0,0,0,0,1
14:40:33.960,1,0,0,0,1
14:40:34.551,1,0,0,0,1
14:40:34.551,1,0,0,0,0
14:40:34.551,1,0,0,0,0
14:40:34.551,1,0,0,1,0
14:40:35.152,1,0,0,1,0
14:40:35.152,1,0,0,1,1
14:40:35.152,1,0,0,1,1
14:40:35.152,1,0,0,0,1
14:40:35.756,1,0,0,0,1
14:40:35.756,1,0,0,0,0
14:40:35.756,1,0,0,0,0
14:40:35.756,1,0,0,1,0
14:40:35.788,1,0,0,1,0
14:40:35.788,0,0,0,1,0
14:40:36.362,0,0,0,1,0
14:40:36.362,0,0,0,1,1
14:40:36.362,0,0,0,1,1
14:40:36.362,0,0,0,0,1
14:40:36.967,0,0,0,0,1
14:40:36.967,0,0,0,0,0
14:40:36.967,0,0,0,0,0
14:40:36.967,0,0,0,1,0
14:40:37.573,0,0,0,1,0
14:40:37.573,0,0,0,1,1
14:40:37.573,0,0,0,1,1
14:40:37.573,0,0,0,0,1
14:40:37.614,0,0,0,0,1
14:40:37.614,1,0,0,0,1
14:40:38.178,1,0,0,0,1
14:40:38.178,1,0,0,0,0
14:40:38.178,1,0,0,0,0
14:40:38.178,1,0,0,1,0
14:40:38.783,1,0,0,1,0
14:40:38.783,1,0,0,1,1
14:40:38.783,1,0,0,1,1
14:40:38.783,1,0,0,0,1
14:40:39.382,1,0,0,0,1
14:40:39.382,1,0,0,0,0
14:40:39.382,1,0,0,0,0
14:40:39.382,1,0,0,1,0
14:40:39.411,1,0,0,1,0
14:40:39.411,0,0,0,1,0
14:40:39.995,0,0,0,1,0
14:40:39.995,0,0,0,1,1
14:40:39.995,0,0,0,1,1
14:40:39.995,0,0,0,0,1
14:40:40.604,0,0,0,0,1
14:40:40.604,0,0,0,0,0
14:40:40.604,0,0,0,0,0
14:40:40.604,0,0,0,1,0
14:40:41.216,0,0,0,1,0
14:40:41.216,0,0,0,1,1
14:40:41.216,0,0,0,1,1
14:40:41.216,0,0,0,0,1
14:40:41.248,0,0,0,0,1
14:40:41.248,1,0,0,0,1
14:40:41.853,1,0,0,0,1
14:40:41.853,1,0,0,0,0
14:40:41.853,1,0,0,0,0
14:40:41.853,1,0,0,1,0
14:40:42.454,1,0,0,1,0
14:40:42.454,1,0,0,1,1
14:40:42.455,1,0,0,1,1
14:40:42.455,1,0,0,0,1
14:40:43.058,1,0,0,0,1
14:40:43.058,0,0,0,0,1
14:40:43.058,0,0,0,0,1
14:40:43.058,0,0,0,0,0
14:40:43.058,0,0,0,0,0
14:40:43.058,0,0,0,1,0
14:40:43.681,0,0,0,1,0
14:40:43.681,0,0,0,1,1
14:40:43.681,0,0,0,1,1
14:40:43.681,0,0,0,0,1
14:40:44.290,0,0,0,0,1
14:40:44.290,0,0,0,0,0
14:40:44.290,0,0,0,0,0
14:40:44.290,0,0,0,1,0
14:40:44.877,0,0,0,1,0
14:40:44.877,1,0,0,1,0
14:40:44.941,1,0,0,1,0
14:40:44.941,1,0,0,1,1
14:40:44.941,1,0,0,1,1
14:40:44.941,1,0,0,0,1
14:40:45.546,1,0,0,0,1
14:40:45.546,1,0,0,0,0
14:40:45.546,1,0,0,0,0
14:40:45.546,1,0,0,1,0
14:40:46.149,1,0,0,1,0
14:40:46.149,1,0,0,1,1
14:40:46.149,1,0,0,1,1
14:40:46.149,1,0,0,0,1
14:40:46.691,1,0,0,0,1
14:40:46.691,0,0,0,0,1
14:40:46.754,0,0,0,0,1
14:40:46.754,0,0,0,0,0
14:40:46.754,0,0,0,0,0
14:40:46.754,0,0,0,1,0
14:40:47.375,0,0,0,1,0
14:40:47.375,0,0,0,1,1
14:40:47.375,0,0,0,1,1
14:40:47.375,0,0,0,0,1
14:40:47.984,0,0,0,0,1
14:40:47.984,0,0,0,0,0
14:40:47.984,0,0,0,0,0
14:40:47.984,0,0,0,1,0
14:40:48.507,0,0,0,1,0
14:40:48.507,1,0,0,1,0
14:40:48.586,1,0,0,1,0
14:40:48.586,1,0,0,1,1
14:40:48.586,1,0,0,1,1
14:40:48.586,1,0,0,0,1
14:40:49.204,1,0,0,0,1
14:40:49.204,1,0,0,0,0
14:40:49.204,1,0,0,0,0
14:40:49.204,1,0,0,1,0
14:40:49.812,1,0,0,1,0
14:40:49.812,1,0,0,1,1
14:40:49.812,1,0,0,1,1
14:40:49.812,1,0,0,0,1
14:40:50.320,1,0,0,0,1
14:40:50.320,0,0,0,0,1
14:40:50.399,0,0,0,0,1
14:40:50.399,0,0,0,0,0
14:40:50.399,0,0,0,0,0
14:40:50.399,0,0,0,1,0
14:40:51.020,0,0,0,1,0
14:40:51.020,0,0,0,1,1
14:40:51.020,0,0,0,1,1
14:40:51.020,0,0,0,0,1
14:40:51.626,0,0,0,0,1
14:40:51.626,0,0,0,0,0
14:40:51.626,0,0,0,0,0
14:40:51.626,0,0,0,1,0
14:40:52.121,0,0,0,1,0
14:40:52.121,1,0,0,1,0
14:40:52.233,1,0,0,1,0
14:40:52.233,1,0,0,1,1
14:40:52.233,1,0,0,1,1
14:40:52.233,1,0,0,0,1
14:40:52.837,1,0,0,0,1
14:40:52.837,1,0,0,0,0
14:40:52.837,1,0,0,0,0
14:40:52.837,1,0,0,1,0
14:40:53.446,1,0,0,1,0
14:40:53.446,1,0,0,1,1
14:40:53.446,1,0,0,1,1
14:40:53.446,1,0,0,0,1
14:40:53.922,1,0,0,0,1
14:40:53.922,0,0,0,0,1
14:40:54.049,0,0,0,0,1
14:40:54.049,0,0,0,0,0
14:40:54.049,0,0,0,0,0
14:40:54.049,0,0,0,1,0
14:40:54.657,0,0,0,1,0
14:40:54.657,0,0,0,1,1
14:40:54.657,0,0,0,1,1
14:40:54.657,0,0,0,0,1
14:40:55.264,0,0,0,0,1
14:40:55.264,0,0,0,0,0
14:40:55.264,0,0,0,0,0
14:40:55.264,0,0,0,1,0
14:40:55.724,0,0,0,1,0
14:40:55.724,1,0,0,1,0
14:40:55.868,1,0,0,1,0
14:40:55.868,1,0,0,1,1
14:40:55.868,1,0,0,1,1
14:40:55.868,1,0,0,0,1
14:40:56.474,1,0,0,0,1
14:40:56.474,1,0,0,0,0
14:40:56.474,1,0,0,0,0
14:40:56.474,1,0,0,1,0
14:40:57.074,1,0,0,1,0
14:40:57.074,1,0,0,1,1
14:40:57.074,1,0,0,1,1
14:40:57.074,1,0,0,0,1
14:40:57.524,1,0,0,0,1
14:40:57.524,0,0,0,0,1
14:40:57.684,0,0,0,0,1
14:40:57.684,0,0,0,0,0
14:40:57.684,0,0,0,0,0
14:40:57.684,0,0,0,1,0
14:40:58.274,0,0,0,1,0
14:40:58.274,0,0,0,1,1
14:40:58.274,0,0,0,1,1
14:40:58.274,0,0,0,0,1
14:40:58.898,0,0,0,0,1
14:40:58.898,0,0,0,0,0
14:40:58.898,0,0,0,0,0
14:40:58.898,0,0,0,1,0
14:40:59.329,0,0,0,1,0
14:40:59.329,1,0,0,1,0
14:40:59.503,1,0,0,1,0
14:40:59.503,1,0,0,1,1
14:40:59.503,1,0,0,1,1
14:40:59.503,1,0,0,0,1
14:41:00.124,1,0,0,0,1
14:41:00.124,1,0,0,0,0
14:41:00.124,1,0,0,0,0
14:41:00.124,1,0,0,1,0
14:41:00.752,1,0,0,1,0
14:41:00.752,1,0,0,1,1
14:41:00.752,1,0,0,1,1
14:41:00.752,1,0,0,0,1
14:41:01.160,1,0,0,0,1
14:41:01.160,0,0,0,0,1
14:41:01.366,0,0,0,0,1
14:41:01.366,0,0,0,0,0
14:41:01.366,0,0,0,0,0
14:41:01.366,0,0,0,1,0
14:41:02.004,0,0,0,1,0
14:41:02.004,0,0,0,1,1
14:41:02.004,0,0,0,1,1
14:41:02.004,0,0,0,0,1
14:41:02.609,0,0,0,0,1
14:41:02.609,0,0,0,0,0
14:41:02.609,0,0,0,0,0
14:41:02.609,0,0,0,1,0
14:41:02.972,0,0,0,1,0
14:41:02.972,1,0,0,1,0
14:41:03.228,1,0,0,1,0
14:41:03.228,1,0,0,1,1
14:41:03.228,1,0,0,1,1
14:41:03.228,1,0,0,0,1
14:41:03.843,1,0,0,0,1
14:41:03.843,1,0,0,0,0
14:41:03.843,1,0,0,0,0
14:41:03.843,1,0,0,1,0
14:41:04.449,1,0,0,1,0
14:41:04.449,1,0,0,1,1
14:41:04.449,1,0,0,1,1
14:41:04.449,1,0,0,0,1
14:41:04.780,1,0,0,0,1
14:41:04.780,0,0,0,0,1
14:41:05.065,0,0,0,0,1
14:41:05.065,0,0,0,0,0
14:41:05.065,0,0,0,0,0
14:41:05.065,0,0,0,1,0
14:41:05.702,0,0,0,1,0
14:41:05.702,0,0,0,1,1
14:41:05.702,0,0,0,1,1
14:41:05.702,0,0,0,0,1
14:41:06.315,0,0,0,0,1
14:41:06.315,0,0,0,0,0
14:41:06.315,0,0,0,0,0
14:41:06.315,0,0,0,1,0
14:41:06.774,0,0,0,1,0
14:41:06.774,1,0,0,1,0
14:41:06.995,1,0,0,1,0
14:41:06.995,1,0,0,1,1
14:41:06.995,1,0,0,1,1
14:41:06.995,1,0,0,0,1
14:41:07.613,1,0,0,0,1
14:41:07.613,1,0,0,0,0
14:41:07.613,1,0,0,0,0
14:41:07.613,1,0,0,1,0
14:41:08.214,1,0,0,1,0
14:41:08.214,1,0,0,1,1
14:41:08.214,1,0,0,1,1
14:41:08.214,1,0,0,0,1
14:41:08.642,1,0,0,0,1
14:41:08.642,0,0,0,0,1
14:41:08.816,0,0,0,0,1
14:41:08.816,0,0,0,0,0
14:41:08.816,0,0,0,0,0
14:41:08.816,0,0,0,1,0
14:41:09.439,0,0,0,1,0
14:41:09.439,0,0,0,1,1
14:41:09.439,0,0,0,1,1
14:41:09.439,0,0,0,0,1
14:41:10.041,0,0,0,0,1
14:41:10.041,0,0,0,0,0
14:41:10.041,0,0,0,0,0
14:41:10.041,0,0,0,1,0
14:41:10.453,0,0,0,1,0
14:41:10.453,1,0,0,1,0
14:41:10.707,1,0,0,1,0
14:41:10.707,1,0,0,1,1
14:41:10.707,1,0,0,1,1
14:41:10.707,1,0,0,0,1
14:41:11.309,1,0,0,0,1
14:41:11.309,1,0,0,0,0
14:41:11.309,1,0,0,0,0
14:41:11.309,1,0,0,1,0
14:41:11.910,1,0,0,1,0
14:41:11.910,1,0,0,1,1
14:41:11.910,1,0,0,1,1
14:41:11.910,1,0,0,0,1
14:41:12.258,1,0,0,0,1
14:41:12.258,0,0,0,0,1
14:41:12.511,0,0,0,0,1
14:41:12.511,0,0,0,0,0
14:41:12.511,0,0,0,0,0
14:41:12.511,0,0,0,1,0
14:41:13.145,0,0,0,1,0
14:41:13.145,0,0,0,1,1
14:41:13.145,0,0,0,1,1
14:41:13.145,0,0,0,0,1
14:41:13.762,0,0,0,0,1
14:41:13.762,0,0,0,0,0
14:41:13.762,0,0,0,0,0
14:41:13.762,0,0,0,1,0
14:41:14.062,0,0,0,1,0
14:41:14.062,1,0,0,1,0
14:41:14.363,1,0,0,1,0
14:41:14.363,1,0,0,1,1
14:41:14.363,1,0,0,1,1
14:41:14.363,1,0,0,0,1
14:41:14.966,1,0,0,0,1
14:41:14.966,1,0,0,0,0
14:41:14.966,1,0,0,0,0
14:41:14.966,1,0,0,1,0
14:41:15.603,1,0,0,1,0
14:41:15.603,1,0,0,1,1
14:41:15.603,1,0,0,1,1
14:41:15.603,1,0,0,0,1
14:41:15.873,1,0,0,0,1
14:41:15.873,0,0,0,0,1
14:41:16.205,0,0,0,0,1
14:41:16.205,0,0,0,0,0
14:41:16.205,0,0,0,0,0
14:41:16.205,0,0,0,1,0
14:41:16.797,0,0,0,1,0
14:41:16.797,0,0,0,1,1
14:41:16.797,0,0,0,1,1
14:41:16.797,0,0,0,0,1
14:41:17.411,0,0,0,0,1
14:41:17.411,0,0,0,0,0
14:41:17.411,0,0,0,0,0
14:41:17.411,0,0,0,1,0
14:41:17.672,0,0,0,1,0
14:41:17.672,1,0,0,1,0
14:41:18.014,1,0,0,1,0
14:41:18.014,1,0,0,1,1
14:41:18.014,1,0,0,1,1
14:41:18.014,1,0,0,0,1
14:41:18.622,1,0,0,0,1
14:41:18.622,1,0,0,0,0
14:41:18.622,1,0,0,0,0
14:41:18.622,1,0,0,1,0
14:41:19.228,1,0,0,1,0
14:41:19.228,1,0,0,1,1
14:41:19.228,1,0,0,1,1
14:41:19.228,1,0,0,0,1
14:41:19.482,1,0,0,0,1
14:41:19.482,0,0,0,0,1
14:41:19.835,0,0,0,0,1
14:41:19.835,0,0,0,0,0
14:41:19.835,0,0,0,0,0
14:41:19.835,0,0,0,1,0
14:41:20.438,0,0,0,1,0
14:41:20.438,0,0,0,1,1
14:41:20.438,0,0,0,1,1
14:41:20.438,0,0,0,0,1
14:41:21.043,0,0,0,0,1
14:41:21.043,0,0,0,0,0
14:41:21.043,0,0,0,0,0
14:41:21.043,0,0,0,1,0
14:41:21.297,0,0,0,1,0
14:41:21.297,1,0,0,1,0
14:41:21.647,1,0,0,1,0
14:41:21.647,1,0,0,1,1
14:41:21.647,1,0,0,1,1
14:41:21.647,1,0,0,0,1
14:41:22.251,1,0,0,0,1
14:41:22.251,1,0,0,0,0
14:41:22.251,1,0,0,0,0
14:41:22.251,1,0,0,1,0
14:41:22.856,1,0,0,1,0
14:41:22.856,1,0,0,1,1
14:41:22.856,1,0,0,1,1
14:41:22.856,1,0,0,0,1
14:41:23.110,1,0,0,0,1
14:41:23.110,0,0,0,0,1
14:41:23.471,0,0,0,0,1
14:41:23.471,0,0,0,0,0
14:41:23.471,0,0,0,0,0
14:41:23.471,0,0,0,1,0
14:41:24.085,0,0,0,1,0
14:41:24.085,0,0,0,1,1
14:41:24.085,0,0,0,1,1
14:41:24.085,0,0,0,0,1
14:41:24.706,0,0,0,0,1
14:41:24.706,0,0,0,0,0
14:41:24.706,0,0,0,0,0
14:41:24.706,0,0,0,1,0
14:41:24.912,0,0,0,1,0
14:41:24.912,1,0,0,1,0
14:41:25.312,1,0,0,1,0
14:41:25.312,1,0,0,1,1
14:41:25.312,1,0,0,1,1
14:41:25.312,1,0,0,0,1
14:41:25.900,1,0,0,0,1
14:41:25.900,1,0,0,0,0
14:41:25.900,1,0,0,0,0
14:41:25.900,1,0,0,1,0
14:41:26.520,1,0,0,1,0
14:41:26.520,1,0,0,1,1
14:41:26.520,1,0,0,1,1
14:41:26.520,1,0,0,0,1
14:41:26.727,1,0,0,0,1
14:41:26.727,0,0,0,0,1
14:41:27.125,0,0,0,0,1
14:41:27.125,0,0,0,0,0
14:41:27.125,0,0,0,0,0
14:41:27.125,0,0,0,1,0
14:41:27.730,0,0,0,1,0
14:41:27.730,0,0,0,1,1
14:41:27.730,0,0,0,1,1
14:41:27.730,0,0,0,0,1
14:41:28.333,0,0,0,0,1
14:41:28.333,0,0,0,0,0
14:41:28.333,0,0,0,0,0
14:41:28.333,0,0,0,1,0
14:41:28.796,0,0,0,1,0
14:41:28.796,1,0,0,1,0
14:41:28.939,1,0,0,1,0
14:41:28.939,1,0,0,1,1
14:41:28.939,1,0,0,1,1
14:41:28.939,1,0,0,0,1
14:41:29.544,1,0,0,0,1
14:41:29.544,1,0,0,0,0
14:41:29.544,1,0,0,0,0
14:41:29.544,1,0,0,1,0
14:41:30.149,1,0,0,1,0
14:41:30.149,1,0,0,1,1
14:41:30.150,1,0,0,1,1
14:41:30.150,1,0,0,0,1
14:41:30.608,1,0,0,0,1
14:41:30.608,0,0,0,0,1
14:41:30.751,0,0,0,0,1
14:41:30.751,0,0,0,0,0
14:41:30.752,0,0,0,0,0
14:41:30.752,0,0,0,1,0
14:41:31.351,0,0,0,1,0
14:41:31.351,0,0,0,1,1
14:41:31.372,0,0,0,1,1
14:41:31.372,0,0,0,0,1
14:41:31.958,0,0,0,0,1
14:41:31.958,0,0,0,0,0
14:41:31.978,0,0,0,0,0
14:41:31.978,0,0,0,1,0
14:41:32.420,0,0,0,1,0
14:41:32.420,1,0,0,1,0
14:41:32.564,1,0,0,1,0
14:41:32.564,1,0,0,1,1
14:41:32.583,1,0,0,1,1
14:41:32.583,1,0,0,0,1
14:41:33.167,1,0,0,0,1
14:41:33.167,1,0,0,0,0
14:41:33.183,1,0,0,0,0
14:41:33.183,1,0,0,1,0
14:41:33.789,1,0,0,1,0
14:41:33.789,1,0,0,1,1
14:41:33.789,1,0,0,1,1
14:41:33.789,1,0,0,0,1
14:41:34.220,1,0,0,0,1
14:41:34.220,0,0,0,0,1
14:41:34.411,0,0,0,0,1
14:41:34.411,0,0,0,0,0
14:41:34.411,0,0,0,0,0
14:41:34.411,0,0,0,1,0
14:41:35.028,0,0,0,1,0
14:41:35.028,0,0,0,1,1
14:41:35.028,0,0,0,1,1
14:41:35.028,0,0,0,0,1
14:41:35.630,0,0,0,0,1
14:41:35.630,0,0,0,0,0
14:41:35.630,0,0,0,0,0
14:41:35.630,0,0,0,1,0
14:41:36.027,0,0,0,1,0
14:41:36.027,1,0,0,1,0
14:41:36.280,1,0,0,1,0
14:41:36.280,1,0,0,1,1
14:41:36.280,1,0,0,1,1
14:41:36.280,1,0,0,0,1
14:41:36.901,1,0,0,0,1
14:41:36.901,1,0,0,0,0
14:41:36.901,1,0,0,0,0
14:41:36.901,1,0,0,1,0
14:41:37.510,1,0,0,1,0
14:41:37.510,1,0,0,1,1
14:41:37.510,1,0,0,1,1
14:41:37.510,1,0,0,0,1
14:41:37.840,1,0,0,0,1
14:41:37.840,0,0,0,0,1
14:41:38.112,0,0,0,0,1
14:41:38.112,0,0,0,0,0
14:41:38.112,0,0,0,0,0
14:41:38.112,0,0,0,1,0
14:41:38.761,0,0,0,1,0
14:41:38.761,0,0,0,1,1
14:41:38.761,0,0,0,1,1
14:41:38.761,0,0,0,0,1
14:41:39.372,0,0,0,0,1
14:41:39.372,0,0,0,0,0
14:41:39.373,0,0,0,0,0
14:41:39.373,0,0,0,1,0
14:41:39.643,0,0,0,1,0
14:41:39.643,1,0,0,1,0
14:41:39.979,1,0,0,1,0
14:41:39.979,1,0,0,1,1
14:41:39.979,1,0,0,1,1
14:41:39.979,1,0,0,0,1
14:41:40.586,1,0,0,0,1
14:41:40.586,1,0,0,0,0
14:41:40.586,1,0,0,0,0
14:41:40.586,1,0,0,1,0
14:41:41.220,1,0,0,1,0
14:41:41.220,1,0,0,1,1
14:41:41.220,1,0,0,1,1
14:41:41.220,1,0,0,0,1
14:41:41.445,1,0,0,0,1
14:41:41.445,0,0,0,0,1
14:41:41.826,0,0,0,0,1
14:41:41.826,0,0,0,0,0
14:41:41.826,0,0,0,0,0
14:41:41.826,0,0,0,1,0
14:41:42.452,0,0,0,1,0
14:41:42.452,0,0,0,1,1
14:41:42.452,0,0,0,1,1
14:41:42.452,0,0,0,0,1
14:41:43.066,0,0,0,0,1
14:41:43.066,0,0,0,0,0
14:41:43.066,0,0,0,0,0
14:41:43.066,0,0,0,1,0
14:41:43.270,0,0,0,1,0
14:41:43.270,1,0,0,1,0
14:41:43.678,1,0,0,1,0
14:41:43.678,1,0,0,1,1
14:41:43.678,1,0,0,1,1
14:41:43.678,1,0,0,0,1
14:41:44.287,1,0,0,0,1
14:41:44.287,1,0,0,0,0
14:41:44.287,1,0,0,0,0
14:41:44.287,1,0,0,1,0
14:41:44.916,1,0,0,1,0
14:41:44.916,1,0,0,1,1
14:41:44.918,1,0,0,1,1
14:41:44.918,1,0,0,0,1
14:41:45.080,1,0,0,0,1
14:41:45.080,0,0,0,0,1
14:41:45.527,0,0,0,0,1
14:41:45.527,0,0,0,0,0
14:41:45.527,0,0,0,0,0
14:41:45.527,0,0,0,1,0
14:41:46.131,0,0,0,1,0
14:41:46.131,0,0,0,1,1
14:41:46.131,0,0,0,1,1
14:41:46.131,0,0,0,0,1
14:41:46.753,0,0,0,0,1
14:41:46.753,0,0,0,0,0
14:41:46.753,0,0,0,0,0
14:41:46.753,0,0,0,1,0
14:41:46.881,0,0,0,1,0
14:41:46.881,1,0,0,1,0
14:41:47.343,1,0,0,1,0
14:41:47.343,1,0,0,1,1
14:41:47.343,1,0,0,1,1
14:41:47.343,1,0,0,0,1
14:41:47.967,1,0,0,0,1
14:41:47.967,1,0,0,0,0
14:41:47.967,1,0,0,0,0
14:41:47.967,1,0,0,1,0
14:41:48.571,1,0,0,1,0
14:41:48.571,1,0,0,1,1
14:41:48.571,1,0,0,1,1
14:41:48.571,1,0,0,0,1
14:41:48.682,1,0,0,0,1
14:41:48.682,0,0,0,0,1
14:41:49.178,0,0,0,0,1
14:41:49.178,0,0,0,0,0
14:41:49.178,0,0,0,0,0
14:41:49.178,0,0,0,1,0
14:41:49.783,0,0,0,1,0
14:41:49.783,0,0,0,1,1
14:41:49.783,0,0,0,1,1
14:41:49.783,0,0,0,0,1
14:41:50.387,0,0,0,0,1
14:41:50.387,0,0,0,0,0
14:41:50.387,0,0,0,0,0
14:41:50.387,0,0,0,1,0
14:41:50.482,0,0,0,1,0
14:41:50.482,1,0,0,1,0
14:41:50.987,1,0,0,1,0
14:41:50.987,1,0,0,1,1
14:41:50.987,1,0,0,1,1
14:41:50.987,1,0,0,0,1
14:41:51.595,1,0,0,0,1
14:41:51.595,1,0,0,0,0
14:41:51.595,1,0,0,0,0
14:41:51.595,1,0,0,1,0
14:41:52.200,1,0,0,1,0
14:41:52.200,1,0,0,1,1
14:41:52.200,1,0,0,1,1
14:41:52.200,1,0,0,0,1
14:41:52.295,1,0,0,0,1
14:41:52.295,0,0,0,0,1
14:41:52.804,0,0,0,0,1
14:41:52.804,0,0,0,0,0
14:41:52.804,0,0,0,0,0
14:41:52.804,0,0,0,1,0
14:41:53.412,0,0,0,1,0
14:41:53.412,0,0,0,1,1
14:41:53.412,0,0,0,1,1
14:41:53.412,0,0,0,0,1
14:41:54.018,0,0,0,0,1
14:41:54.018,0,0,0,0,0
14:41:54.018,0,0,0,0,0
14:41:54.018,0,0,0,1,0
14:41:54.097,0,0,0,1,0
14:41:54.097,1,0,0,1,0
14:41:54.626,1,0,0,1,0
14:41:54.626,1,0,0,1,1
14:41:54.626,1,0,0,1,1
14:41:54.626,1,0,0,0,1
14:41:55.231,1,0,0,0,1
14:41:55.231,1,0,0,0,0
14:41:55.231,1,0,0,0,0
14:41:55.231,1,0,0,1,0
14:41:55.836,1,0,0,1,0
14:41:55.836,1,0,0,1,1
14:41:55.836,1,0,0,1,1
14:41:55.836,1,0,0,0,1
14:41:55.899,1,0,0,0,1
14:41:55.899,0,0,0,0,1
14:41:56.454,0,0,0,0,1
14:41:56.454,0,0,0,0,0
14:41:56.454,0,0,0,0,0
14:41:56.454,0,0,0,1,0
14:41:57.075,0,0,0,1,0
14:41:57.075,0,0,0,1,1
14:41:57.075,0,0,0,1,1
14:41:57.075,0,0,0,0,1
14:41:57.682,0,0,0,0,1
14:41:57.682,0,0,0,0,0
14:41:57.682,0,0,0,0,0
14:41:57.682,0,0,0,1,0
14:41:57.714,0,0,0,1,0
14:41:57.714,1,0,0,1,0
14:41:58.291,1,0,0,1,0
14:41:58.291,1,0,0,1,1
14:41:58.291,1,0,0,1,1
14:41:58.291,1,0,0,0,1
14:41:58.897,1,0,0,0,1
14:41:58.897,1,0,0,0,0
14:41:58.897,1,0,0,0,0
14:41:58.897,1,0,0,1,0
14:41:59.504,1,0,0,1,0
14:41:59.504,1,0,0,1,1
14:41:59.504,1,0,0,1,1
14:41:59.504,1,0,0,0,1
14:41:59.520,1,0,0,0,1
14:41:59.520,0,0,0,0,1
14:42:00.110,0,0,0,0,1
14:42:00.110,0,0,0,0,0
14:42:00.110,0,0,0,0,0
14:42:00.110,0,0,0,1,0
14:42:00.712,0,0,0,1,0
14:42:00.712,0,0,0,1,1
14:42:00.712,0,0,0,1,1
14:42:00.712,0,0,0,0,1
14:42:01.319,0,0,0,0,1
14:42:01.319,0,0,0,0,0
14:42:01.319,0,0,0,0,0
14:42:01.319,0,0,0,1,0
14:42:01.346,0,0,0,1,0
14:42:01.346,1,0,0,1,0
14:42:01.923,1,0,0,1,0
14:42:01.923,1,0,0,1,1
14:42:01.923,1,0,0,1,1
14:42:01.923,1,0,0,0,1
14:42:02.526,1,0,0,0,1
14:42:02.526,1,0,0,0,0
14:42:02.526,1,0,0,0,0
14:42:02.526,1,0,0,1,0
14:42:03.128,1,0,0,1,0
14:42:03.128,1,0,0,1,1
14:42:03.128,1,0,0,1,1
14:42:03.128,1,0,0,0,1
14:42:03.163,1,0,0,0,1
14:42:03.163,0,0,0,0,1
14:42:03.733,0,0,0,0,1
14:42:03.733,0,0,0,0,0
14:42:03.733,0,0,0,0,0
14:42:03.733,0,0,0,1,0
14:42:04.335,0,0,0,1,0
14:42:04.335,0,0,0,1,1
14:42:04.335,0,0,0,1,1
14:42:04.335,0,0,0,0,1
14:42:04.936,0,0,0,0,1
14:42:04.936,0,0,0,0,0
14:42:04.937,0,0,0,0,0
14:42:04.937,0,0,0,1,0
14:42:05.000,0,0,0,1,0
14:42:05.000,1,0,0,1,0
14:42:05.545,1,0,0,1,0
14:42:05.545,1,0,0,1,1
14:42:05.545,1,0,0,1,1
14:42:05.545,1,0,0,0,1
14:42:06.160,1,0,0,0,1
14:42:06.160,1,0,0,0,0
14:42:06.160,1,0,0,0,0
14:42:06.160,1,0,0,1,0
14:42:06.762,1,0,0,1,0
14:42:06.762,1,0,0,1,1
14:42:06.762,1,0,0,1,1
14:42:06.762,1,0,0,0,1
14:42:06.805,1,0,0,0,1
14:42:06.805,0,0,0,0,1
14:42:07.363,0,0,0,0,1
14:42:07.363,0,0,0,0,0
14:42:07.363,0,0,0,0,0
14:42:07.363,0,0,0,1,0
14:42:07.967,0,0,0,1,0
14:42:07.967,0,0,0,1,1
14:42:07.967,0,0,0,1,1
14:42:07.967,0,0,0,0,1
14:42:08.573,0,0,0,0,1
14:42:08.573,0,0,0,0,0
14:42:08.573,0,0,0,0,0
14:42:08.573,0,0,0,1,0
14:42:08.605,0,0,0,1,0
14:42:08.605,1,0,0,1,0
14:42:09.181,1,0,0,1,0
14:42:09.181,1,0,0,1,1
14:42:09.181,1,0,0,1,1
14:42:09.181,1,0,0,0,1
14:42:09.770,1,0,0,0,1
14:42:09.770,1,0,0,0,0
14:42:09.786,1,0,0,0,0
14:42:09.786,1,0,0,1,0
14:42:10.393,1,0,0,1,0
14:42:10.393,1,0,0,1,1
14:42:10.393,1,0,0,1,1
14:42:10.393,1,0,0,0,1
14:42:10.430,1,0,0,0,1
14:42:10.430,0,0,0,0,1
14:42:11.029,0,0,0,0,1
14:42:11.029,0,0,0,0,0
14:42:11.029,0,0,0,0,0
14:42:11.029,0,0,0,1,0
14:42:11.635,0,0,0,1,0
14:42:11.635,0,0,0,1,1
14:42:11.635,0,0,0,1,1
14:42:11.635,0,0,0,0,1
14:42:12.252,0,0,0,0,1
14:42:12.252,1,0,0,0,1
14:42:12.252,1,0,0,0,1
14:42:12.252,1,0,0,0,0
14:42:12.252,1,0,0,0,0
14:42:12.252,1,0,0,1,0
14:42:12.863,1,0,0,1,0
14:42:12.863,1,0,0,1,1
14:42:12.863,1,0,0,1,1
14:42:12.863,1,0,0,0,1
14:42:13.474,1,0,0,0,1
14:42:13.474,1,0,0,0,0
14:42:13.474,1,0,0,0,0
14:42:13.474,1,0,0,1,0
14:42:14.057,1,0,0,1,0
14:42:14.057,0,0,0,1,0
14:42:14.116,0,0,0,1,0
14:42:14.116,0,0,0,1,1
14:42:14.116,0,0,0,1,1
14:42:14.116,0,0,0,0,1
14:42:14.739,0,0,0,0,1
14:42:14.739,0,0,0,0,0
14:42:14.739,0,0,0,0,0
14:42:14.739,0,0,0,1,0
14:42:15.357,0,0,0,1,0
14:42:15.357,0,0,0,1,1
14:42:15.357,0,0,0,1,1
14:42:15.357,0,0,0,0,1
14:42:15.864,0,0,0,0,1
14:42:15.864,1,0,0,0,1
14:42:15.959,1,0,0,0,1
14:42:15.959,1,0,0,0,0
14:42:15.959,1,0,0,0,0
14:42:15.959,1,0,0,1,0
14:42:16.561,1,0,0,1,0
14:42:16.561,1,0,0,1,1
14:42:16.561,1,0,0,1,1
14:42:16.561,1,0,0,0,1
14:42:17.174,1,0,0,0,1
14:42:17.174,1,0,0,0,0
14:42:17.174,1,0,0,0,0
14:42:17.174,1,0,0,1,0
14:42:17.673,1,0,0,1,0
14:42:17.673,0,0,0,1,0
14:42:17.783,0,0,0,1,0
14:42:17.783,0,0,0,1,1
14:42:17.783,0,0,0,1,1
14:42:17.783,0,0,0,0,1
14:42:18.406,0,0,0,0,1
14:42:18.406,0,0,0,0,0
14:42:18.406,0,0,0,0,0
14:42:18.406,0,0,0,1,0
14:42:19.012,0,0,0,1,0
14:42:19.012,0,0,0,1,1
14:42:19.012,0,0,0,1,1
14:42:19.012,0,0,0,0,1
14:42:19.475,0,0,0,0,1
14:42:19.475,1,0,0,0,1
14:42:19.631,1,0,0,0,1
14:42:19.631,1,0,0,0,0
14:42:19.631,1,0,0,0,0
14:42:19.631,1,0,0,1,0
14:42:20.238,1,0,0,1,0
14:42:20.238,1,0,0,1,1
14:42:20.238,1,0,0,1,1
14:42:20.238,1,0,0,0,1
14:42:20.858,1,0,0,0,1
14:42:20.858,1,0,0,0,0
14:42:20.858,1,0,0,0,0
14:42:20.858,1,0,0,1,0
14:42:21.288,1,0,0,1,0
14:42:21.288,0,0,0,1,0
14:42:21.478,0,0,0,1,0
14:42:21.478,0,0,0,1,1
14:42:21.478,0,0,0,1,1
14:42:21.478,0,0,0,0,1
14:42:22.091,0,0,0,0,1
14:42:22.091,0,0,0,0,0
14:42:22.091,0,0,0,0,0
14:42:22.091,0,0,0,1,0
14:42:22.706,0,0,0,1,0
14:42:22.706,0,0,0,1,1
14:42:22.706,0,0,0,1,1
14:42:22.706,0,0,0,0,1
14:42:23.087,0,0,0,0,1
14:42:23.087,1,0,0,0,1
14:42:23.309,1,0,0,0,1
14:42:23.309,1,0,0,0,0
14:42:23.309,1,0,0,0,0
14:42:23.309,1,0,0,1,0
14:42:23.932,1,0,0,1,0
14:42:23.932,1,0,0,1,1
14:42:23.932,1,0,0,1,1
14:42:23.932,1,0,0,0,1
14:42:24.553,1,0,0,0,1
14:42:24.553,1,0,0,0,0
14:42:24.553,1,0,0,0,0
14:42:24.553,1,0,0,1,0
14:42:24.903,1,0,0,1,0
14:42:24.903,0,0,0,1,0
14:42:25.461,0,0,0,1,0
14:42:25.461,0,0,0,1,1
14:42:25.461,0,0,0,1,1
14:42:25.461,0,0,0,0,1
14:42:26.066,0,0,0,0,1
14:42:26.066,0,0,0,0,0
14:42:26.066,0,0,0,0,0
14:42:26.066,0,0,0,1,0
14:42:26.670,0,0,0,1,0
14:42:26.670,0,0,0,1,1
14:42:26.670,0,0,0,1,1
14:42:26.670,0,0,0,0,1
14:42:26.727,0,0,0,0,1
14:42:26.727,1,0,0,0,1
14:42:27.275,1,0,0,0,1
14:42:27.275,1,0,0,0,0
14:42:27.276,1,0,0,0,0
14:42:27.276,1,0,0,1,0
14:42:27.883,1,0,0,1,0
14:42:27.883,1,0,0,1,1
14:42:27.883,1,0,0,1,1
14:42:27.883,1,0,0,0,1
14:42:28.487,1,0,0,0,1
14:42:28.487,1,0,0,0,0
14:42:28.487,1,0,0,0,0
14:42:28.487,1,0,0,1,0
14:42:28.550,1,0,0,1,0
14:42:28.550,0,0,0,1,0
14:42:29.094,0,0,0,1,0
14:42:29.094,0,0,0,1,1
14:42:29.094,0,0,0,1,1
14:42:29.094,0,0,0,0,1
14:42:29.700,0,0,0,0,1
14:42:29.700,0,0,0,0,0
14:42:29.700,0,0,0,0,0
14:42:29.700,0,0,0,1,0
14:42:30.307,0,0,0,1,0
14:42:30.307,0,0,0,1,1
14:42:30.307,0,0,0,1,1
14:42:30.307,0,0,0,0,1
14:42:30.370,0,0,0,0,1
14:42:30.370,1,0,0,0,1
14:42:30.911,1,0,0,0,1
14:42:30.911,1,0,0,0,0
14:42:30.911,1,0,0,0,0
14:42:30.911,1,0,0,1,0
14:42:31.516,1,0,0,1,0
14:42:31.516,1,0,0,1,1
14:42:31.516,1,0,0,1,1
14:42:31.516,1,0,0,0,1
14:42:32.121,1,0,0,0,1
14:42:32.121,1,0,0,0,0
14:42:32.121,1,0,0,0,0
14:42:32.121,1,0,0,1,0
14:42:32.185,1,0,0,1,0
14:42:32.185,0,0,0,1,0
14:42:32.727,0,0,0,1,0
14:42:32.727,0,0,0,1,1
14:42:32.727,0,0,0,1,1
14:42:32.727,0,0,0,0,1
14:42:33.333,0,0,0,0,1
14:42:33.333,0,0,0,0,0
14:42:33.333,0,0,0,0,0
14:42:33.333,0,0,0,1,0
14:42:33.956,0,0,0,1,0
14:42:33.956,0,0,0,1,1
14:42:33.956,0,0,0,1,1
14:42:33.956,0,0,0,0,1
14:42:34.037,0,0,0,0,1
14:42:34.037,1,0,0,0,1
14:42:34.563,1,0,0,0,1
14:42:34.563,1,0,0,0,0
14:42:34.563,1,0,0,0,0
14:42:34.563,1,0,0,1,0
14:42:35.186,1,0,0,1,0
14:42:35.186,1,0,0,1,1
14:42:35.186,1,0,0,1,1
14:42:35.186,1,0,0,0,1
14:42:35.807,1,0,0,0,1
14:42:35.807,1,0,0,0,0
14:42:35.807,1,0,0,0,0
14:42:35.807,1,0,0,1,0
14:42:35.842,1,0,0,1,0
14:42:35.842,0,0,0,1,0
14:42:36.409,0,0,0,1,0
14:42:36.409,0,0,0,1,1
14:42:36.409,0,0,0,1,1
14:42:36.409,0,0,0,0,1
14:42:37.029,0,0,0,0,1
14:42:37.029,0,0,0,0,0
14:42:37.029,0,0,0,0,0
14:42:37.029,0,0,0,1,0
14:42:37.650,0,0,0,1,0
14:42:37.650,0,0,0,1,1
14:42:37.650,0,0,0,1,1
14:42:37.650,0,0,0,0,1
14:42:37.650,0,0,0,0,1
14:42:37.650,1,0,0,0,1
14:42:38.269,1,0,0,0,1
14:42:38.269,1,0,0,0,0
14:42:38.269,1,0,0,0,0
14:42:38.269,1,0,0,1,0
14:42:38.880,1,0,0,1,0
14:42:38.880,1,0,0,1,1
14:42:38.880,1,0,0,1,1
14:42:38.880,1,0,0,0,1
14:42:39.451,1,0,0,0,1
14:42:39.451,0,0,0,0,1
14:42:39.500,0,0,0,0,1
14:42:39.500,0,0,0,0,0
14:42:39.500,0,0,0,0,0
14:42:39.500,0,0,0,1,0
14:42:40.122,0,0,0,1,0
14:42:40.122,0,0,0,1,1
14:42:40.122,0,0,0,1,1
14:42:40.122,0,0,0,0,1
14:42:40.723,0,0,0,0,1
14:42:40.723,0,0,0,0,0
14:42:40.723,0,0,0,0,0
14:42:40.723,0,0,0,1,0
14:42:41.263,0,0,0,1,0
14:42:41.263,1,0,0,1,0
14:42:41.342,1,0,0,1,0
14:42:41.342,1,0,0,1,1
14:42:41.343,1,0,0,1,1
14:42:41.343,1,0,0,0,1
14:42:41.946,1,0,0,0,1
14:42:41.946,1,0,0,0,0
14:42:41.946,1,0,0,0,0
14:42:41.946,1,0,0,1,0
14:42:42.569,1,0,0,1,0
14:42:42.569,1,0,0,1,1
14:42:42.569,1,0,0,1,1
14:42:42.569,1,0,0,0,1
14:42:43.064,1,0,0,0,1
14:42:43.064,0,0,0,0,1
14:42:43.191,0,0,0,0,1
14:42:43.191,0,0,0,0,0
14:42:43.191,0,0,0,0,0
14:42:43.191,0,0,0,1,0
14:42:43.812,0,0,0,1,0
14:42:43.812,0,0,0,1,1
14:42:43.812,0,0,0,1,1
14:42:43.812,0,0,0,0,1
14:42:44.429,0,0,0,0,1
14:42:44.429,0,0,0,0,0
14:42:44.429,0,0,0,0,0
14:42:44.429,0,0,0,1,0
14:42:44.877,0,0,0,1,0
14:42:44.877,1,0,0,1,0
14:42:45.035,1,0,0,1,0
14:42:45.035,1,0,0,1,1
14:42:45.035,1,0,0,1,1
14:42:45.035,1,0,0,0,1
14:42:45.673,1,0,0,0,1
14:42:45.673,1,0,0,0,0
14:42:45.673,1,0,0,0,0
14:42:45.673,1,0,0,1,0
14:42:46.286,1,0,0,1,0
14:42:46.286,1,0,0,1,1
14:42:46.286,1,0,0,1,1
14:42:46.286,1,0,0,0,1
14:42:46.684,1,0,0,0,1
14:42:46.684,0,0,0,0,1
14:42:46.910,0,0,0,0,1
14:42:46.910,0,0,0,0,0
14:42:46.910,0,0,0,0,0
14:42:46.910,0,0,0,1,0
14:42:47.528,0,0,0,1,0
14:42:47.528,0,0,0,1,1
14:42:47.528,0,0,0,1,1
14:42:47.528,0,0,0,0,1
14:42:48.133,0,0,0,0,1
14:42:48.133,0,0,0,0,0
14:42:48.133,0,0,0,0,0
14:42:48.133,0,0,0,1,0
14:42:48.499,0,0,0,1,0
14:42:48.499,1,0,0,1,0
14:42:48.947,1,0,0,1,0
14:42:48.947,1,0,0,1,1
14:42:48.947,1,0,0,1,1
14:42:48.947,1,0,0,0,1
14:42:49.552,1,0,0,0,1
14:42:49.552,1,0,0,0,0
14:42:49.552,1,0,0,0,0
14:42:49.552,1,0,0,1,0
14:42:50.160,1,0,0,1,0
14:42:50.160,1,0,0,1,1
14:42:50.160,1,0,0,1,1
14:42:50.160,1,0,0,0,1
14:42:50.303,1,0,0,0,1
14:42:50.303,0,0,0,0,1
14:42:50.766,0,0,0,0,1
14:42:50.766,0,0,0,0,0
14:42:50.766,0,0,0,0,0
14:42:50.766,0,0,0,1,0
14:42:51.370,0,0,0,1,0
14:42:51.370,0,0,0,1,1
14:42:51.370,0,0,0,1,1
14:42:51.370,0,0,0,0,1
14:42:51.978,0,0,0,0,1
14:42:51.978,0,0,0,0,0
14:42:51.978,0,0,0,0,0
14:42:51.978,0,0,0,1,0
14:42:52.104,0,0,0,1,0
14:42:52.104,1,0,0,1,0
14:42:52.583,1,0,0,1,0
14:42:52.583,1,0,0,1,1
14:42:52.583,1,0,0,1,1
14:42:52.583,1,0,0,0,1
14:42:53.206,1,0,0,0,1
14:42:53.206,1,0,0,0,0
14:42:53.206,1,0,0,0,0
14:42:53.206,1,0,0,1,0
14:42:53.813,1,0,0,1,0
14:42:53.813,1,0,0,1,1
14:42:53.829,1,0,0,1,1
14:42:53.829,1,0,0,0,1
14:42:54.117,1,0,0,0,1
14:42:54.117,0,0,0,0,1
14:42:54.435,0,0,0,0,1
14:42:54.435,0,0,0,0,0
14:42:54.435,0,0,0,0,0
14:42:54.435,0,0,0,1,0
14:42:55.027,0,0,0,1,0
14:42:55.027,0,0,0,1,1
14:42:55.027,0,0,0,1,1
14:42:55.027,0,0,0,0,1
14:42:55.650,0,0,0,0,1
14:42:55.650,0,0,0,0,0
14:42:55.650,0,0,0,0,0
14:42:55.650,0,0,0,1,0
14:42:56.146,0,0,0,1,0
14:42:56.146,1,0,0,1,0
14:42:56.307,1,0,0,1,0
14:42:56.307,1,0,0,1,1
14:42:56.307,1,0,0,1,1
14:42:56.307,1,0,0,0,1
14:42:57.198,1,0,0,0,1
14:42:57.198,1,0,0,0,0
14:42:57.198,1,0,0,0,0
14:42:57.198,1,0,0,1,0
14:42:57.804,1,0,0,1,0
14:42:57.804,1,0,0,1,1
14:42:57.804,1,0,0,1,1
14:42:57.804,1,0,0,0,1
14:42:57.948,1,0,0,0,1
14:42:57.948,0,0,0,0,1
14:42:58.411,0,0,0,0,1
14:42:58.411,0,0,0,0,0
14:42:58.411,0,0,0,0,0
14:42:58.411,0,0,0,1,0
14:42:59.019,0,0,0,1,0
14:42:59.019,0,0,0,1,1
14:42:59.019,0,0,0,1,1
14:42:59.019,0,0,0,0,1
14:42:59.629,0,0,0,0,1
14:42:59.629,0,0,0,0,0
14:42:59.629,0,0,0,0,0
14:42:59.629,0,0,0,1,0
14:42:59.760,0,0,0,1,0
14:42:59.760,1,0,0,1,0
14:43:00.233,1,0,0,1,0
14:43:00.233,1,0,0,1,1
14:43:00.233,1,0,0,1,1
14:43:00.233,1,0,0,0,1
14:43:00.840,1,0,0,0,1
14:43:00.840,1,0,0,0,0
14:43:00.840,1,0,0,0,0
14:43:00.840,1,0,0,1,0
14:43:01.442,1,0,0,1,0
14:43:01.442,1,0,0,1,1
14:43:01.442,1,0,0,1,1
14:43:01.442,1,0,0,0,1
14:43:01.568,1,0,0,0,1
14:43:01.568,0,0,0,0,1
14:43:02.046,0,0,0,0,1
14:43:02.046,0,0,0,0,0
14:43:02.046,0,0,0,0,0
14:43:02.046,0,0,0,1,0
14:43:02.652,0,0,0,1,0
14:43:02.652,0,0,0,1,1
14:43:02.652,0,0,0,1,1
14:43:02.652,0,0,0,0,1
14:43:03.257,0,0,0,0,1
14:43:03.257,0,0,0,0,0
14:43:03.257,0,0,0,0,0
14:43:03.257,0,0,0,1,0
14:43:03.396,0,0,0,1,0
14:43:03.396,1,0,0,1,0
14:43:03.894,1,0,0,1,0
14:43:03.894,1,0,0,1,1
14:43:03.894,1,0,0,1,1
14:43:03.894,1,0,0,0,1
14:43:04.502,1,0,0,0,1
14:43:04.502,1,0,0,0,0
14:43:04.502,1,0,0,0,0
14:43:04.502,1,0,0,1,0
14:43:05.108,1,0,0,1,0
14:43:05.108,1,0,0,1,1
14:43:05.108,1,0,0,1,1
14:43:05.108,1,0,0,0,1
14:43:05.219,1,0,0,0,1
14:43:05.219,0,0,0,0,1
14:43:05.713,0,0,0,0,1
14:43:05.713,0,0,0,0,0
14:43:05.713,0,0,0,0,0
14:43:05.713,0,0,0,1,0
14:43:06.320,0,0,0,1,0
14:43:06.320,0,0,0,1,1
14:43:06.320,0,0,0,1,1
14:43:06.320,0,0,0,0,1
14:43:06.926,0,0,0,0,1
14:43:06.926,0,0,0,0,0
14:43:06.926,0,0,0,0,0
14:43:06.926,0,0,0,1,0
14:43:07.037,0,0,0,1,0
14:43:07.037,1,0,0,1,0
14:43:07.531,1,0,0,1,0
14:43:07.531,1,0,0,1,1
14:43:07.532,1,0,0,1,1
14:43:07.532,1,0,0,0,1
14:43:08.135,1,0,0,0,1
14:43:08.135,1,0,0,0,0
14:43:08.135,1,0,0,0,0
14:43:08.135,1,0,0,1,0
14:43:08.739,1,0,0,1,0
14:43:08.739,1,0,0,1,1
14:43:08.739,1,0,0,1,1
14:43:08.739,1,0,0,0,1
14:43:08.849,1,0,0,0,1
14:43:08.849,0,0,0,0,1
14:43:09.342,0,0,0,0,1
14:43:09.342,0,0,0,0,0
14:43:09.342,0,0,0,0,0
14:43:09.342,0,0,0,1,0
14:43:10.093,0,0,0,1,0
14:43:10.093,0,0,0,1,1
14:43:10.093,0,0,0,1,1
14:43:10.093,0,0,0,0,1
14:43:10.651,0,0,0,0,1
14:43:10.651,1,0,0,0,1
14:43:10.709,1,0,0,0,1
14:43:10.709,1,0,0,0,0
14:43:10.709,1,0,0,0,0
14:43:10.709,1,0,0,1,0
14:43:11.319,1,0,0,1,0
14:43:11.319,1,0,0,1,1
14:43:11.319,1,0,0,1,1
14:43:11.319,1,0,0,0,1
14:43:11.922,1,0,0,0,1
14:43:11.922,1,0,0,0,0
14:43:11.922,1,0,0,0,0
14:43:11.922,1,0,0,1,0
14:43:12.464,1,0,0,1,0
14:43:12.464,0,0,0,1,0
14:43:12.533,0,0,0,1,0
14:43:12.533,0,0,0,1,1
14:43:12.533,0,0,0,1,1
14:43:12.533,0,0,0,0,1
14:43:13.149,0,0,0,0,1
14:43:13.149,0,0,0,0,0
14:43:13.149,0,0,0,0,0
14:43:13.149,0,0,0,1,0
14:43:13.757,0,0,0,1,0
14:43:13.757,0,0,0,1,1
14:43:13.757,0,0,0,1,1
14:43:13.757,0,0,0,0,1
14:43:14.284,0,0,0,0,1
14:43:14.284,1,0,0,0,1
14:43:14.361,1,0,0,0,1
14:43:14.361,1,0,0,0,0
14:43:14.361,1,0,0,0,0
14:43:14.361,1,0,0,1,0
14:43:14.966,1,0,0,1,0
14:43:14.966,1,0,0,1,1
14:43:14.966,1,0,0,1,1
14:43:14.966,1,0,0,0,1
14:43:15.569,1,0,0,0,1
14:43:15.569,1,0,0,0,0
14:43:15.569,1,0,0,0,0
14:43:15.569,1,0,0,1,0
14:43:16.095,1,0,0,1,0
14:43:16.095,0,0,0,1,0
14:43:16.174,0,0,0,1,0
14:43:16.174,0,0,0,1,1
14:43:16.174,0,0,0,1,1
14:43:16.174,0,0,0,0,1
14:43:16.781,0,0,0,0,1
14:43:16.781,0,0,0,0,0
14:43:16.781,0,0,0,0,0
14:43:16.781,0,0,0,1,0
14:43:17.380,0,0,0,1,0
14:43:17.380,0,0,0,1,1
14:43:17.380,0,0,0,1,1
14:43:17.380,0,0,0,0,1
14:43:17.923,0,0,0,0,1
14:43:17.923,1,0,0,0,1
14:43:17.991,1,0,0,0,1
14:43:17.991,1,0,0,0,0
14:43:17.991,1,0,0,0,0
14:43:17.991,1,0,0,1,0
14:43:18.593,1,0,0,1,0
14:43:18.593,1,0,0,1,1
14:43:18.593,1,0,0,1,1
14:43:18.593,1,0,0,0,1
14:43:19.195,1,0,0,0,1
14:43:19.195,1,0,0,0,0
14:43:19.195,1,0,0,0,0
14:43:19.195,1,0,0,1,0
14:43:19.736,1,0,0,1,0
14:43:19.736,0,0,0,1,0
14:43:19.831,0,0,0,1,0
14:43:19.831,0,0,0,1,1
14:43:19.831,0,0,0,1,1
14:43:19.831,0,0,0,0,1
14:43:20.438,0,0,0,0,1
14:43:20.438,0,0,0,0,0
14:43:20.438,0,0,0,0,0
14:43:20.438,0,0,0,1,0
14:43:21.043,0,0,0,1,0
14:43:21.043,0,0,0,1,1
14:43:21.043,0,0,0,1,1
14:43:21.043,0,0,0,0,1
14:43:21.551,0,0,0,0,1
14:43:21.551,1,0,0,0,1
14:43:21.983,1,0,0,0,1
14:43:21.983,1,0,0,0,0
14:43:21.983,1,0,0,0,0
14:43:21.983,1,0,0,1,0
14:43:22.590,1,0,0,1,0
14:43:22.590,1,0,0,1,1
14:43:22.590,1,0,0,1,1
14:43:22.590,1,0,0,0,1
14:43:23.196,1,0,0,0,1
14:43:23.196,1,0,0,0,0
14:43:23.196,1,0,0,0,0
14:43:23.196,1,0,0,1,0
14:43:23.356,1,0,0,1,0
14:43:23.356,0,0,0,1,0
14:43:23.801,0,0,0,1,0
14:43:23.801,0,0,0,1,1
14:43:23.801,0,0,0,1,1
14:43:23.801,0,0,0,0,1
14:43:24.407,0,0,0,0,1
14:43:24.407,0,0,0,0,0
14:43:24.407,0,0,0,0,0
14:43:24.407,0,0,0,1,0
14:43:25.044,0,0,0,1,0
14:43:25.044,0,0,0,1,1
14:43:25.044,0,0,0,1,1
14:43:25.044,0,0,0,0,1
14:43:25.170,0,0,0,0,1
14:43:25.170,1,0,0,0,1
14:43:25.649,1,0,0,0,1
14:43:25.649,1,0,0,0,0
14:43:25.649,1,0,0,0,0
14:43:25.649,1,0,0,1,0
14:43:26.571,1,0,0,1,0
14:43:26.571,1,0,0,1,1
14:43:26.576,1,0,0,1,1
14:43:26.576,1,0,0,0,1
14:43:26.984,1,0,0,0,1
14:43:26.984,0,0,0,0,1
14:43:27.176,0,0,0,0,1
14:43:27.176,0,0,0,0,0
14:43:27.176,0,0,0,0,0
14:43:27.176,0,0,0,1,0
14:43:27.780,0,0,0,1,0
14:43:27.780,0,0,0,1,1
14:43:27.780,0,0,0,1,1
14:43:27.780,0,0,0,0,1
14:43:28.386,0,0,0,0,1
14:43:28.386,0,0,0,0,0
14:43:28.387,0,0,0,0,0
14:43:28.387,0,0,0,1,0
14:43:28.785,0,0,0,1,0
14:43:28.785,1,0,0,1,0
14:43:28.994,1,0,0,1,0
14:43:28.994,1,0,0,1,1
14:43:28.994,1,0,0,1,1
14:43:28.994,1,0,0,0,1
14:43:29.648,1,0,0,0,1
14:43:29.648,1,0,0,0,0
14:43:29.648,1,0,0,0,0
14:43:29.648,1,0,0,1,0
14:43:30.254,1,0,0,1,0
14:43:30.254,1,0,0,1,1
14:43:30.254,1,0,0,1,1
14:43:30.254,1,0,0,0,1
14:43:30.687,1,0,0,0,1
14:43:30.687,0,0,0,0,1
14:43:30.864,0,0,0,0,1
14:43:30.864,0,0,0,0,0
14:43:30.864,0,0,0,0,0
14:43:30.864,0,0,0,1,0
14:43:31.470,0,0,0,1,0
14:43:31.470,0,0,0,1,1
14:43:31.470,0,0,0,1,1
14:43:31.470,0,0,0,0,1
14:43:32.077,0,0,0,0,1
14:43:32.077,0,0,0,0,0
14:43:32.077,0,0,0,0,0
14:43:32.077,0,0,0,1,0
14:43:32.505,0,0,0,1,0
14:43:32.505,1,0,0,1,0
14:43:32.680,1,0,0,1,0
14:43:32.680,1,0,0,1,1
14:43:32.680,1,0,0,1,1
14:43:32.680,1,0,0,0,1
14:43:33.288,1,0,0,0,1
14:43:33.288,1,0,0,0,0
14:43:33.288,1,0,0,0,0
14:43:33.288,1,0,0,1,0
14:43:33.891,1,0,0,1,0
14:43:33.891,1,0,0,1,1
14:43:33.891,1,0,0,1,1
14:43:33.891,1,0,0,0,1
14:43:34.306,1,0,0,0,1
14:43:34.306,0,0,0,0,1
14:43:34.498,0,0,0,0,1
14:43:34.498,0,0,0,0,0
14:43:34.498,0,0,0,0,0
14:43:34.498,0,0,0,1,0
14:43:35.103,0,0,0,1,0
14:43:35.103,0,0,0,1,1
14:43:35.103,0,0,0,1,1
14:43:35.103,0,0,0,0,1
14:43:35.709,0,0,0,0,1
14:43:35.709,0,0,0,0,0
14:43:35.709,0,0,0,0,0
14:43:35.709,0,0,0,1,0
14:43:36.108,0,0,0,1,0
14:43:36.108,1,0,0,1,0
14:43:36.313,1,0,0,1,0
14:43:36.313,1,0,0,1,1
14:43:36.313,1,0,0,1,1
14:43:36.313,1,0,0,0,1
14:43:36.934,1,0,0,0,1
14:43:36.934,1,0,0,0,0
14:43:36.934,1,0,0,0,0
14:43:36.934,1,0,0,1,0
14:43:37.539,1,0,0,1,0
14:43:37.539,1,0,0,1,1
14:43:37.539,1,0,0,1,1
14:43:37.539,1,0,0,0,1
14:43:37.921,1,0,0,0,1
14:43:37.921,0,0,0,0,1
14:43:38.172,0,0,0,0,1
14:43:38.172,0,0,0,0,0
14:43:38.172,0,0,0,0,0
14:43:38.172,0,0,0,1,0
14:43:38.783,0,0,0,1,0
14:43:38.783,0,0,0,1,1
14:43:38.783,0,0,0,1,1
14:43:38.783,0,0,0,0,1
14:43:39.408,0,0,0,0,1
14:43:39.408,0,0,0,0,0
14:43:39.408,0,0,0,0,0
14:43:39.408,0,0,0,1,0
14:43:39.724,0,0,0,1,0
14:43:39.724,1,0,0,1,0
14:43:40.011,1,0,0,1,0
14:43:40.011,1,0,0,1,1
14:43:40.012,1,0,0,1,1
14:43:40.012,1,0,0,0,1
14:43:40.618,1,0,0,0,1
14:43:40.618,1,0,0,0,0
14:43:40.618,1,0,0,0,0
14:43:40.618,1,0,0,1,0
14:43:41.234,1,0,0,1,0
14:43:41.234,1,0,0,1,1
14:43:41.234,1,0,0,1,1
14:43:41.234,1,0,0,0,1
14:43:41.536,1,0,0,0,1
14:43:41.536,0,0,0,0,1
14:43:41.854,0,0,0,0,1
14:43:41.854,0,0,0,0,0
14:43:41.854,0,0,0,0,0
14:43:41.854,0,0,0,1,0
14:43:42.474,0,0,0,1,0
14:43:42.474,0,0,0,1,1
14:43:42.474,0,0,0,1,1
14:43:42.474,0,0,0,0,1
14:43:43.083,0,0,0,0,1
14:43:43.083,0,0,0,0,0
14:43:43.083,0,0,0,0,0
14:43:43.083,0,0,0,1,0
14:43:43.337,0,0,0,1,0
14:43:43.337,1,0,0,1,0
14:43:43.704,1,0,0,1,0
14:43:43.704,1,0,0,1,1
14:43:43.705,1,0,0,1,1
14:43:43.705,1,0,0,0,1
14:43:44.324,1,0,0,0,1
14:43:44.324,1,0,0,0,0
14:43:44.324,1,0,0,0,0
14:43:44.324,1,0,0,1,0
14:43:44.930,1,0,0,1,0
14:43:44.930,1,0,0,1,1
14:43:44.930,1,0,0,1,1
14:43:44.930,1,0,0,0,1
14:43:45.152,1,0,0,0,1
14:43:45.152,0,0,0,0,1
14:43:45.553,0,0,0,0,1
14:43:45.553,0,0,0,0,0
14:43:45.553,0,0,0,0,0
14:43:45.553,0,0,0,1,0
14:43:46.170,0,0,0,1,0
14:43:46.170,0,0,0,1,1
14:43:46.170,0,0,0,1,1
14:43:46.170,0,0,0,0,1
14:43:46.791,0,0,0,0,1
14:43:46.791,0,0,0,0,0
14:43:46.791,0,0,0,0,0
14:43:46.791,0,0,0,1,0
14:43:46.958,0,0,0,1,0
14:43:46.958,1,0,0,1,0
14:43:47.399,1,0,0,1,0
14:43:47.399,1,0,0,1,1
14:43:47.399,1,0,0,1,1
14:43:47.399,1,0,0,0,1
14:43:48.013,1,0,0,0,1
14:43:48.013,1,0,0,0,0
14:43:48.013,1,0,0,0,0
14:43:48.013,1,0,0,1,0
14:43:48.636,1,0,0,1,0
14:43:48.636,1,0,0,1,1
14:43:48.636,1,0,0,1,1
14:43:48.636,1,0,0,0,1
14:43:48.764,1,0,0,0,1
14:43:48.764,0,0,0,0,1
14:43:49.229,0,0,0,0,1
14:43:49.229,0,0,0,0,0
14:43:49.229,0,0,0,0,0
14:43:49.229,0,0,0,1,0
14:43:49.846,0,0,0,1,0
14:43:49.846,0,0,0,1,1
14:43:49.846,0,0,0,1,1
14:43:49.846,0,0,0,0,1
14:43:50.467,0,0,0,0,1
14:43:50.467,0,0,0,0,0
14:43:50.467,0,0,0,0,0
14:43:50.467,0,0,0,1,0
14:43:50.579,0,0,0,1,0
14:43:50.579,1,0,0,1,0
14:43:51.087,1,0,0,1,0
14:43:51.087,1,0,0,1,1
14:43:51.087,1,0,0,1,1
14:43:51.087,1,0,0,0,1
14:43:51.710,1,0,0,0,1
14:43:51.710,1,0,0,0,0
14:43:51.710,1,0,0,0,0
14:43:51.710,1,0,0,1,0
14:43:52.328,1,0,0,1,0
14:43:52.328,1,0,0,1,1
14:43:52.329,1,0,0,1,1
14:43:52.329,1,0,0,0,1
14:43:52.407,1,0,0,0,1
14:43:52.407,0,0,0,0,1
14:43:52.954,0,0,0,0,1
14:43:52.954,0,0,0,0,0
14:43:52.954,0,0,0,0,0
14:43:52.954,0,0,0,1,0
14:43:53.556,0,0,0,1,0
14:43:53.556,0,0,0,1,1
14:43:53.556,0,0,0,1,1
14:43:53.556,0,0,0,0,1
14:43:54.193,0,0,0,0,1
14:43:54.193,0,0,0,0,0
14:43:54.193,0,0,0,0,0
14:43:54.193,0,0,0,1,0
14:43:54.226,0,0,0,1,0
14:43:54.226,1,0,0,1,0
14:43:54.812,1,0,0,1,0
14:43:54.812,1,0,0,1,1
14:43:54.812,1,0,0,1,1
14:43:54.812,1,0,0,0,1
14:43:55.403,1,0,0,0,1
14:43:55.403,1,0,0,0,0
14:43:55.403,1,0,0,0,0
14:43:55.403,1,0,0,1,0
14:43:56.021,1,0,0,1,0
14:43:56.021,1,0,0,1,1
14:43:56.021,1,0,0,1,1
14:43:56.021,1,0,0,0,1
14:43:56.051,1,0,0,0,1
14:43:56.051,0,0,0,0,1
14:43:56.655,0,0,0,0,1
14:43:56.655,0,0,0,0,0
14:43:56.657,0,0,0,0,0
14:43:56.657,0,0,0,1,0
14:43:57.261,0,0,0,1,0
14:43:57.261,0,0,0,1,1
14:43:57.261,0,0,0,1,1
14:43:57.261,0,0,0,0,1
14:43:57.890,0,0,0,0,1
14:43:57.890,1,0,0,0,1
14:43:57.890,1,0,0,0,1
14:43:57.890,1,0,0,0,0
14:43:57.890,1,0,0,0,0
14:43:57.890,1,0,0,1,0
14:43:58.497,1,0,0,1,0
14:43:58.497,1,0,0,1,1
14:43:58.497,1,0,0,1,1
14:43:58.497,1,0,0,0,1
14:43:59.120,1,0,0,0,1
14:43:59.120,1,0,0,0,0
14:43:59.120,1,0,0,0,0
14:43:59.120,1,0,0,1,0
14:43:59.693,1,0,0,1,0
14:43:59.693,0,0,0,1,0
14:43:59.741,0,0,0,1,0
14:43:59.741,0,0,0,1,1
14:43:59.741,0,0,0,1,1
14:43:59.741,0,0,0,0,1
14:44:00.358,0,0,0,0,1
14:44:00.358,0,0,0,0,0
14:44:00.358,0,0,0,0,0
14:44:00.358,0,0,0,1,0
14:44:00.962,0,0,0,1,0
14:44:00.962,0,0,0,1,1
14:44:00.962,0,0,0,1,1
14:44:00.962,0,0,0,0,1
14:44:01.503,0,0,0,0,1
14:44:01.503,1,0,0,0,1
14:44:01.598,1,0,0,0,1
14:44:01.598,1,0,0,0,0
14:44:01.598,1,0,0,0,0
14:44:01.598,1,0,0,1,0
14:44:02.203,1,0,0,1,0
14:44:02.203,1,0,0,1,1
14:44:02.203,1,0,0,1,1
14:44:02.203,1,0,0,0,1
14:44:02.824,1,0,0,0,1
14:44:02.824,1,0,0,0,0
14:44:02.824,1,0,0,0,0
14:44:02.824,1,0,0,1,0
14:44:03.317,1,0,0,1,0
14:44:03.317,0,0,0,1,0
14:44:03.429,0,0,0,1,0
14:44:03.429,0,0,0,1,1
14:44:03.429,0,0,0,1,1
14:44:03.429,0,0,0,0,1
14:44:04.051,0,0,0,0,1
14:44:04.051,0,0,0,0,0
14:44:04.051,0,0,0,0,0
14:44:04.051,0,0,0,1,0
14:44:04.674,0,0,0,1,0
14:44:04.674,0,0,0,1,1
14:44:04.674,0,0,0,1,1
14:44:04.674,0,0,0,0,1
14:44:05.121,0,0,0,0,1
14:44:05.121,1,0,0,0,1
14:44:05.287,1,0,0,0,1
14:44:05.287,1,0,0,0,0
14:44:05.289,1,0,0,0,0
14:44:05.289,1,0,0,1,0
14:44:05.900,1,0,0,1,0
14:44:05.900,1,0,0,1,1
14:44:05.900,1,0,0,1,1
14:44:05.900,1,0,0,0,1
14:44:06.526,1,0,0,0,1
14:44:06.526,1,0,0,0,0
14:44:06.526,1,0,0,0,0
14:44:06.526,1,0,0,1,0
14:44:06.933,1,0,0,1,0
14:44:06.933,0,0,0,1,0
14:44:07.138,0,0,0,1,0
14:44:07.138,0,0,0,1,1
14:44:07.138,0,0,0,1,1
14:44:07.138,0,0,0,0,1
14:44:07.754,0,0,0,0,1
14:44:07.754,0,0,0,0,0
14:44:07.754,0,0,0,0,0
14:44:07.754,0,0,0,1,0
14:44:08.369,0,0,0,1,0
14:44:08.369,0,0,0,1,1
14:44:08.369,0,0,0,1,1
14:44:08.369,0,0,0,0,1
14:44:08.749,0,0,0,0,1
14:44:08.749,1,0,0,0,1
14:44:08.996,1,0,0,0,1
14:44:08.996,1,0,0,0,0
14:44:08.996,1,0,0,0,0
14:44:08.996,1,0,0,1,0
14:44:09.598,1,0,0,1,0
14:44:09.598,1,0,0,1,1
14:44:09.598,1,0,0,1,1
14:44:09.598,1,0,0,0,1
14:44:10.201,1,0,0,0,1
14:44:10.201,1,0,0,0,0
14:44:10.201,1,0,0,0,0
14:44:10.201,1,0,0,1,0
14:44:10.550,1,0,0,1,0
14:44:10.550,0,0,0,1,0
14:44:10.820,0,0,0,1,0
14:44:10.820,0,0,0,1,1
14:44:10.820,0,0,0,1,1
14:44:10.820,0,0,0,0,1
14:44:11.452,0,0,0,0,1
14:44:11.452,0,0,0,0,0
14:44:11.452,0,0,0,0,0
14:44:11.452,0,0,0,1,0
14:44:12.109,0,0,0,1,0
14:44:12.109,0,0,0,1,1
14:44:12.109,0,0,0,1,1
14:44:12.109,0,0,0,0,1
14:44:12.354,0,0,0,0,1
14:44:12.354,1,0,0,0,1
14:44:12.719,1,0,0,0,1
14:44:12.719,1,0,0,0,0
14:44:12.719,1,0,0,0,0
14:44:12.719,1,0,0,1,0
14:44:13.337,1,0,0,1,0
14:44:13.337,1,0,0,1,1
14:44:13.337,1,0,0,1,1
14:44:13.337,1,0,0,0,1
14:44:13.942,1,0,0,0,1
14:44:13.942,1,0,0,0,0
14:44:13.942,1,0,0,0,0
14:44:13.942,1,0,0,1,0
14:44:14.164,1,0,0,1,0
14:44:14.164,0,0,0,1,0
14:44:14.546,0,0,0,1,0
14:44:14.546,0,0,0,1,1
14:44:14.546,0,0,0,1,1
14:44:14.546,0,0,0,0,1
14:44:15.152,0,0,0,0,1
14:44:15.152,0,0,0,0,0
14:44:15.152,0,0,0,0,0
14:44:15.152,0,0,0,1,0
14:44:15.754,0,0,0,1,0
14:44:15.754,0,0,0,1,1
14:44:15.754,0,0,0,1,1
14:44:15.754,0,0,0,0,1
14:44:15.976,0,0,0,0,1
14:44:15.976,1,0,0,0,1
14:44:16.375,1,0,0,0,1
14:44:16.375,1,0,0,0,0
14:44:16.375,1,0,0,0,0
14:44:16.375,1,0,0,1,0
14:44:16.996,1,0,0,1,0
14:44:16.996,1,0,0,1,1
14:44:16.996,1,0,0,1,1
14:44:16.996,1,0,0,0,1
14:44:17.603,1,0,0,0,1
14:44:17.603,1,0,0,0,0
14:44:17.603,1,0,0,0,0
14:44:17.603,1,0,0,1,0
14:44:17.825,1,0,0,1,0
14:44:17.825,0,0,0,1,0
14:44:18.224,0,0,0,1,0
14:44:18.224,0,0,0,1,1
14:44:18.240,0,0,0,1,1
14:44:18.240,0,0,0,0,1
14:44:18.846,0,0,0,0,1
14:44:18.846,0,0,0,0,0
14:44:18.846,0,0,0,0,0
14:44:18.846,0,0,0,1,0
14:44:19.453,0,0,0,1,0
14:44:19.453,0,0,0,1,1
14:44:19.453,0,0,0,1,1
14:44:19.453,0,0,0,0,1
14:44:19.628,0,0,0,0,1
14:44:19.628,1,0,0,0,1
14:44:20.074,1,0,0,0,1
14:44:20.074,1,0,0,0,0
14:44:20.074,1,0,0,0,0
14:44:20.074,1,0,0,1,0
14:44:20.700,1,0,0,1,0
14:44:20.700,1,0,0,1,1
14:44:20.700,1,0,0,1,1
14:44:20.700,1,0,0,0,1
14:44:21.311,1,0,0,0,1
14:44:21.311,1,0,0,0,0
14:44:21.311,1,0,0,0,0
14:44:21.311,1,0,0,1,0
14:44:21.438,1,0,0,1,0
14:44:21.438,0,0,0,1,0
14:44:21.903,0,0,0,1,0
14:44:21.903,0,0,0,1,1
14:44:21.903,0,0,0,1,1
14:44:21.903,0,0,0,0,1
14:44:22.522,0,0,0,0,1
14:44:22.522,0,0,0,0,0
14:44:22.522,0,0,0,0,0
14:44:22.522,0,0,0,1,0
14:44:23.126,0,0,0,1,0
14:44:23.126,0,0,0,1,1
14:44:23.126,0,0,0,1,1
14:44:23.126,0,0,0,0,1
14:44:23.252,0,0,0,0,1
14:44:23.252,1,0,0,0,1
14:44:23.730,1,0,0,0,1
14:44:23.730,1,0,0,0,0
14:44:23.730,1,0,0,0,0
14:44:23.730,1,0,0,1,0
14:44:24.336,1,0,0,1,0
14:44:24.336,1,0,0,1,1
14:44:24.336,1,0,0,1,1
14:44:24.336,1,0,0,0,1
14:44:24.944,1,0,0,0,1
14:44:24.944,1,0,0,0,0
14:44:24.944,1,0,0,0,0
14:44:24.944,1,0,0,1,0
14:44:25.055,1,0,0,1,0
14:44:25.055,0,0,0,1,0
14:44:25.548,0,0,0,1,0
14:44:25.548,0,0,0,1,1
14:44:25.548,0,0,0,1,1
14:44:25.548,0,0,0,0,1
14:44:26.153,0,0,0,0,1
14:44:26.153,0,0,0,0,0
14:44:26.153,0,0,0,0,0
14:44:26.153,0,0,0,1,0
14:44:26.756,0,0,0,1,0
14:44:26.756,0,0,0,1,1
14:44:26.757,0,0,0,1,1
14:44:26.757,0,0,0,0,1
14:44:26.868,0,0,0,0,1
14:44:26.868,1,0,0,0,1
14:44:27.363,1,0,0,0,1
14:44:27.363,1,0,0,0,0
14:44:27.363,1,0,0,0,0
14:44:27.363,1,0,0,1,0
14:44:27.967,1,0,0,1,0
14:44:27.967,1,0,0,1,1
14:44:27.967,1,0,0,1,1
14:44:27.967,1,0,0,0,1
14:44:28.572,1,0,0,0,1
14:44:28.572,1,0,0,0,0
14:44:28.572,1,0,0,0,0
14:44:28.572,1,0,0,1,0
14:44:28.671,1,0,0,1,0
14:44:28.671,0,0,0,1,0
14:44:29.180,0,0,0,1,0
14:44:29.180,0,0,0,1,1
14:44:29.180,0,0,0,1,1
14:44:29.180,0,0,0,0,1
14:44:29.804,0,0,0,0,1
14:44:29.804,0,0,0,0,0
14:44:29.804,0,0,0,0,0
14:44:29.804,0,0,0,1,0
14:44:30.413,0,0,0,1,0
14:44:30.413,0,0,0,1,1
14:44:30.413,0,0,0,1,1
14:44:30.413,0,0,0,0,1
14:44:30.484,0,0,0,0,1
14:44:30.484,1,0,0,0,1
14:44:31.014,1,0,0,0,1
14:44:31.014,1,0,0,0,0
14:44:31.014,1,0,0,0,0
14:44:31.014,1,0,0,1,0
14:44:31.620,1,0,0,1,0
14:44:31.620,1,0,0,1,1
14:44:31.622,1,0,0,1,1
14:44:31.622,1,0,0,0,1
14:44:32.221,1,0,0,0,1
14:44:32.221,1,0,0,0,0
14:44:32.221,1,0,0,0,0
14:44:32.221,1,0,0,1,0
14:44:32.321,1,0,0,1,0
14:44:32.321,0,0,0,1,0
14:44:32.829,0,0,0,1,0
14:44:32.829,0,0,0,1,1
14:44:32.829,0,0,0,1,1
14:44:32.829,0,0,0,0,1
14:44:33.449,0,0,0,0,1
14:44:33.449,0,0,0,0,0
14:44:33.449,0,0,0,0,0
14:44:33.449,0,0,0,1,0
14:44:34.057,0,0,0,1,0
14:44:34.057,0,0,0,1,1
14:44:34.057,0,0,0,1,1
14:44:34.057,0,0,0,0,1
14:44:34.143,0,0,0,0,1
14:44:34.143,1,0,0,0,1
14:44:34.671,1,0,0,0,1
14:44:34.671,1,0,0,0,0
14:44:34.671,1,0,0,0,0
14:44:34.671,1,0,0,1,0
14:44:35.283,1,0,0,1,0
14:44:35.283,1,0,0,1,1
14:44:35.283,1,0,0,1,1
14:44:35.283,1,0,0,0,1
14:44:35.936,1,0,0,0,1
14:44:35.936,1,0,0,0,0
14:44:35.936,1,0,0,0,0
14:44:35.936,1,0,0,1,0
14:44:35.971,1,0,0,1,0
14:44:35.971,0,0,0,1,0
14:44:36.539,0,0,0,1,0
14:44:36.539,0,0,0,1,1
14:44:36.539,0,0,0,1,1
14:44:36.539,0,0,0,0,1
14:44:37.143,0,0,0,0,1
14:44:37.143,0,0,0,0,0
14:44:37.143,0,0,0,0,0
14:44:37.143,0,0,0,1,0
14:44:37.763,0,0,0,1,0
14:44:37.763,0,0,0,1,1
14:44:37.763,0,0,0,1,1
14:44:37.763,0,0,0,0,1
14:44:37.779,0,0,0,0,1
14:44:37.779,1,0,0,0,1
14:44:38.387,1,0,0,0,1
14:44:38.387,1,0,0,0,0
14:44:38.387,1,0,0,0,0
14:44:38.387,1,0,0,1,0
14:44:38.991,1,0,0,1,0
14:44:38.991,1,0,0,1,1
14:44:38.991,1,0,0,1,1
14:44:38.991,1,0,0,0,1
14:44:39.599,1,0,0,0,1
14:44:39.599,1,0,0,0,0
14:44:39.599,1,0,0,0,0
14:44:39.599,1,0,0,1,0
14:44:39.599,1,0,0,1,0
14:44:39.599,0,0,0,1,0
14:44:40.222,0,0,0,1,0
14:44:40.222,0,0,0,1,1
14:44:40.222,0,0,0,1,1
14:44:40.222,0,0,0,0,1
14:44:40.836,0,0,0,0,1
14:44:40.836,0,0,0,0,0
14:44:40.836,0,0,0,0,0
14:44:40.836,0,0,0,1,0
14:44:41.420,0,0,0,1,0
14:44:41.420,1,0,0,1,0
14:44:41.460,1,0,0,1,0
14:44:41.460,1,0,0,1,1
14:44:41.460,1,0,0,1,1
14:44:41.460,1,0,0,0,1
14:44:42.086,1,0,0,0,1
14:44:42.086,1,0,0,0,0
14:44:42.086,1,0,0,0,0
14:44:42.086,1,0,0,1,0
14:44:42.706,1,0,0,1,0
14:44:42.706,1,0,0,1,1
14:44:42.706,1,0,0,1,1
14:44:42.706,1,0,0,0,1
14:44:43.234,1,0,0,0,1
14:44:43.234,0,0,0,0,1
14:44:43.314,0,0,0,0,1
14:44:43.314,0,0,0,0,0
14:44:43.330,0,0,0,0,0
14:44:43.330,0,0,0,1,0
14:44:43.937,0,0,0,1,0
14:44:43.937,0,0,0,1,1
14:44:43.937,0,0,0,1,1
14:44:43.937,0,0,0,0,1
14:44:44.546,0,0,0,0,1
14:44:44.546,0,0,0,0,0
14:44:44.546,0,0,0,0,0
14:44:44.546,0,0,0,1,0
14:44:45.042,0,0,0,1,0
14:44:45.042,1,0,0,1,0
14:44:45.153,1,0,0,1,0
14:44:45.153,1,0,0,1,1
14:44:45.153,1,0,0,1,1
14:44:45.153,1,0,0,0,1
14:44:45.757,1,0,0,0,1
14:44:45.757,1,0,0,0,0
14:44:45.757,1,0,0,0,0
14:44:45.757,1,0,0,1,0
14:44:46.364,1,0,0,1,0
14:44:46.364,1,0,0,1,1
14:44:46.364,1,0,0,1,1
14:44:46.364,1,0,0,0,1
14:44:46.843,1,0,0,0,1
14:44:46.843,0,0,0,0,1
14:44:46.971,0,0,0,0,1
14:44:46.971,0,0,0,0,0
14:44:46.971,0,0,0,0,0
14:44:46.971,0,0,0,1,0
14:44:47.578,0,0,0,1,0
14:44:47.578,0,0,0,1,1
14:44:47.578,0,0,0,1,1
14:44:47.578,0,0,0,0,1
14:44:48.198,0,0,0,0,1
14:44:48.198,0,0,0,0,0
14:44:48.198,0,0,0,0,0
14:44:48.198,0,0,0,1,0
14:44:48.657,0,0,0,1,0
14:44:48.657,1,0,0,1,0
14:44:48.815,1,0,0,1,0
14:44:48.815,1,0,0,1,1
14:44:48.815,1,0,0,1,1
14:44:48.815,1,0,0,0,1
14:44:49.422,1,0,0,0,1
14:44:49.422,1,0,0,0,0
14:44:49.422,1,0,0,0,0
14:44:49.422,1,0,0,1,0
14:44:50.033,1,0,0,1,0
14:44:50.033,1,0,0,1,1
14:44:50.033,1,0,0,1,1
14:44:50.033,1,0,0,0,1
14:44:50.459,1,0,0,0,1
14:44:50.459,0,0,0,0,1
14:44:50.664,0,0,0,0,1
14:44:50.664,0,0,0,0,0
14:44:50.664,0,0,0,0,0
14:44:50.664,0,0,0,1,0
14:44:51.281,0,0,0,1,0
14:44:51.281,0,0,0,1,1
14:44:51.281,0,0,0,1,1
14:44:51.281,0,0,0,0,1
14:44:51.867,0,0,0,0,1
14:44:51.867,0,0,0,0,0
14:44:51.867,0,0,0,0,0
14:44:51.867,0,0,0,1,0
14:44:52.379,0,0,0,1,0
14:44:52.379,1,0,0,1,0
14:44:52.490,1,0,0,1,0
14:44:52.490,1,0,0,1,1
14:44:52.490,1,0,0,1,1
14:44:52.490,1,0,0,0,1
14:44:53.095,1,0,0,0,1
14:44:53.095,1,0,0,0,0
14:44:53.095,1,0,0,0,0
14:44:53.095,1,0,0,1,0
14:44:53.700,1,0,0,1,0
14:44:53.700,1,0,0,1,1
14:44:53.700,1,0,0,1,1
14:44:53.700,1,0,0,0,1
14:44:54.197,1,0,0,0,1
14:44:54.197,0,0,0,0,1
14:44:54.309,0,0,0,0,1
14:44:54.309,0,0,0,0,0
14:44:54.309,0,0,0,0,0
14:44:54.309,0,0,0,1,0
14:44:54.913,0,0,0,1,0
14:44:54.913,0,0,0,1,1
14:44:54.913,0,0,0,1,1
14:44:54.913,0,0,0,0,1
14:44:55.519,0,0,0,0,1
14:44:55.519,0,0,0,0,0
14:44:55.519,0,0,0,0,0
14:44:55.519,0,0,0,1,0
14:44:56.012,0,0,0,1,0
14:44:56.012,1,0,0,1,0
14:44:56.123,1,0,0,1,0
14:44:56.123,1,0,0,1,1
14:44:56.123,1,0,0,1,1
14:44:56.123,1,0,0,0,1
14:44:56.728,1,0,0,0,1
14:44:56.728,1,0,0,0,0
14:44:56.728,1,0,0,0,0
14:44:56.728,1,0,0,1,0
14:44:57.330,1,0,0,1,0
14:44:57.330,1,0,0,1,1
14:44:57.330,1,0,0,1,1
14:44:57.330,1,0,0,0,1
14:44:57.823,1,0,0,0,1
14:44:57.823,0,0,0,0,1
14:44:57.932,0,0,0,0,1
14:44:57.932,0,0,0,0,0
14:44:57.932,0,0,0,0,0
14:44:57.932,0,0,0,1,0
14:44:58.583,0,0,0,1,0
14:44:58.583,0,0,0,1,1
14:44:58.583,0,0,0,1,1
14:44:58.583,0,0,0,0,1
14:44:59.198,0,0,0,0,1
14:44:59.198,0,0,0,0,0
14:44:59.198,0,0,0,0,0
14:44:59.198,0,0,0,1,0
14:44:59.627,0,0,0,1,0
14:44:59.627,1,0,0,1,0
14:44:59.832,1,0,0,1,0
14:44:59.832,1,0,0,1,1
14:44:59.832,1,0,0,1,1
14:44:59.832,1,0,0,0,1
14:45:00.447,1,0,0,0,1
14:45:00.447,1,0,0,0,0
14:45:00.447,1,0,0,0,0
14:45:00.447,1,0,0,1,0
14:45:01.050,1,0,0,1,0
14:45:01.050,1,0,0,1,1
14:45:01.050,1,0,0,1,1
14:45:01.050,1,0,0,0,1
14:45:01.449,1,0,0,0,1
14:45:01.449,0,0,0,0,1
14:45:01.656,0,0,0,0,1
14:45:01.656,0,0,0,0,0
14:45:01.656,0,0,0,0,0
14:45:01.656,0,0,0,1,0
14:45:02.247,0,0,0,1,0
14:45:02.247,0,0,0,1,1
14:45:02.247,0,0,0,1,1
14:45:02.247,0,0,0,0,1
14:45:02.870,0,0,0,0,1
14:45:02.870,0,0,0,0,0
14:45:02.870,0,0,0,0,0
14:45:02.870,0,0,0,1,0
14:45:03.267,0,0,0,1,0
14:45:03.267,1,0,0,1,0
14:45:03.482,1,0,0,1,0
14:45:03.482,1,0,0,1,1
14:45:03.482,1,0,0,1,1
14:45:03.482,1,0,0,0,1
14:45:04.097,1,0,0,0,1
14:45:04.097,1,0,0,0,0
14:45:04.097,1,0,0,0,0
14:45:04.097,1,0,0,1,0
14:45:04.703,1,0,0,1,0
14:45:04.703,1,0,0,1,1
14:45:04.703,1,0,0,1,1
14:45:04.703,1,0,0,0,1
14:45:05.068,1,0,0,0,1
14:45:05.068,0,0,0,0,1
14:45:05.309,0,0,0,0,1
14:45:05.309,0,0,0,0,0
14:45:05.309,0,0,0,0,0
14:45:05.309,0,0,0,1,0
14:45:05.931,0,0,0,1,0
14:45:05.931,0,0,0,1,1
14:45:05.931,0,0,0,1,1
14:45:05.931,0,0,0,0,1
14:45:06.551,0,0,0,0,1
14:45:06.551,0,0,0,0,0
14:45:06.551,0,0,0,0,0
14:45:06.551,0,0,0,1,0
14:45:06.870,0,0,0,1,0
14:45:06.870,1,0,0,1,0
14:45:07.188,1,0,0,1,0
14:45:07.188,1,0,0,1,1
14:45:07.188,1,0,0,1,1
14:45:07.188,1,0,0,0,1
14:45:07.796,1,0,0,0,1
14:45:07.796,1,0,0,0,0
14:45:07.796,1,0,0,0,0
14:45:07.796,1,0,0,1,0
14:45:08.403,1,0,0,1,0
14:45:08.403,1,0,0,1,1
14:45:08.403,1,0,0,1,1
14:45:08.403,1,0,0,0,1
14:45:08.673,1,0,0,0,1
14:45:08.673,0,0,0,0,1
14:45:09.008,0,0,0,0,1
14:45:09.008,0,0,0,0,0
14:45:09.008,0,0,0,0,0
14:45:09.008,0,0,0,1,0
14:45:09.614,0,0,0,1,0
14:45:09.614,0,0,0,1,1
14:45:09.614,0,0,0,1,1
14:45:09.614,0,0,0,0,1
14:45:10.222,0,0,0,0,1
14:45:10.222,0,0,0,0,0
14:45:10.222,0,0,0,0,0
14:45:10.222,0,0,0,1,0
14:45:10.476,0,0,0,1,0
14:45:10.476,1,0,0,1,0
14:45:10.845,1,0,0,1,0
14:45:10.845,1,0,0,1,1
14:45:10.845,1,0,0,1,1
14:45:10.845,1,0,0,0,1
14:45:11.461,1,0,0,0,1
14:45:11.461,1,0,0,0,0
14:45:11.461,1,0,0,0,0
14:45:11.461,1,0,0,1,0
14:45:12.064,1,0,0,1,0
14:45:12.064,1,0,0,1,1
14:45:12.064,1,0,0,1,1
14:45:12.064,1,0,0,0,1
14:45:12.290,1,0,0,0,1
14:45:12.290,0,0,0,0,1
14:45:12.672,0,0,0,0,1
14:45:12.672,0,0,0,0,0
14:45:12.672,0,0,0,0,0
14:45:12.672,0,0,0,1,0
14:45:13.309,0,0,0,1,0
14:45:13.309,0,0,0,1,1
14:45:13.309,0,0,0,1,1
14:45:13.309,0,0,0,0,1
14:45:13.916,0,0,0,0,1
14:45:13.916,0,0,0,0,0
14:45:13.916,0,0,0,0,0
14:45:13.916,0,0,0,1,0
14:45:14.091,0,0,0,1,0
14:45:14.091,1,0,0,1,0
14:45:14.537,1,0,0,1,0
14:45:14.537,1,0,0,1,1
14:45:14.537,1,0,0,1,1
14:45:14.537,1,0,0,0,1
14:45:15.156,1,0,0,0,1
14:45:15.156,1,0,0,0,0
14:45:15.156,1,0,0,0,0
14:45:15.156,1,0,0,1,0
14:45:15.763,1,0,0,1,0
14:45:15.763,1,0,0,1,1
14:45:15.763,1,0,0,1,1
14:45:15.763,1,0,0,0,1
14:45:15.906,1,0,0,0,1
14:45:15.906,0,0,0,0,1
14:45:16.381,0,0,0,0,1
14:45:16.381,0,0,0,0,0
14:45:16.381,0,0,0,0,0
14:45:16.381,0,0,0,1,0
14:45:17.014,0,0,0,1,0
14:45:17.014,0,0,0,1,1
14:45:17.014,0,0,0,1,1
14:45:17.014,0,0,0,0,1
14:45:17.632,0,0,0,0,1
14:45:17.632,0,0,0,0,0
14:45:17.632,0,0,0,0,0
14:45:17.632,0,0,0,1,0
14:45:17.727,0,0,0,1,0
14:45:17.727,1,0,0,1,0
14:45:18.236,1,0,0,1,0
14:45:18.236,1,0,0,1,1
14:45:18.236,1,0,0,1,1
14:45:18.236,1,0,0,0,1
14:45:19.108,1,0,0,0,1
14:45:19.108,1,0,0,0,0
14:45:19.108,1,0,0,0,0
14:45:19.108,1,0,0,1,0
14:45:19.521,1,0,0,1,0
14:45:19.521,0,0,0,1,0
14:45:19.713,0,0,0,1,0
14:45:19.713,0,0,0,1,1
14:45:19.713,0,0,0,1,1
14:45:19.713,0,0,0,0,1
14:45:20.318,0,0,0,0,1
14:45:20.318,0,0,0,0,0
14:45:20.318,0,0,0,0,0
14:45:20.318,0,0,0,1,0
14:45:20.924,0,0,0,1,0
14:45:20.924,0,0,0,1,1
14:45:20.924,0,0,0,1,1
14:45:20.924,0,0,0,0,1
14:45:21.337,0,0,0,0,1
14:45:21.337,1,0,0,0,1
14:45:21.529,1,0,0,0,1
14:45:21.529,1,0,0,0,0
14:45:21.529,1,0,0,0,0
14:45:21.529,1,0,0,1,0
14:45:22.132,1,0,0,1,0
14:45:22.132,1,0,0,1,1
14:45:22.132,1,0,0,1,1
14:45:22.132,1,0,0,0,1
14:45:22.738,1,0,0,0,1
14:45:22.738,1,0,0,0,0
14:45:22.738,1,0,0,0,0
14:45:22.738,1,0,0,1,0
14:45:23.152,1,0,0,1,0
14:45:23.152,0,0,0,1,0
14:45:23.343,0,0,0,1,0
14:45:23.343,0,0,0,1,1
14:45:23.343,0,0,0,1,1
14:45:23.343,0,0,0,0,1
14:45:23.948,0,0,0,0,1
14:45:23.948,0,0,0,0,0
14:45:23.948,0,0,0,0,0
14:45:23.948,0,0,0,1,0
14:45:24.554,0,0,0,1,0
14:45:24.554,0,0,0,1,1
14:45:24.554,0,0,0,1,1
14:45:24.554,0,0,0,0,1
14:45:24.952,0,0,0,0,1
14:45:24.952,1,0,0,0,1
14:45:25.159,1,0,0,0,1
14:45:25.159,1,0,0,0,0
14:45:25.159,1,0,0,0,0
14:45:25.159,1,0,0,1,0
14:45:25.762,1,0,0,1,0
14:45:25.762,1,0,0,1,1
14:45:25.762,1,0,0,1,1
14:45:25.762,1,0,0,0,1
14:45:26.380,1,0,0,0,1
14:45:26.380,1,0,0,0,0
14:45:26.380,1,0,0,0,0
14:45:26.380,1,0,0,1,0
14:45:26.763,1,0,0,1,0
14:45:26.763,0,0,0,1,0
14:45:26.970,0,0,0,1,0
14:45:26.970,0,0,0,1,1
14:45:26.970,0,0,0,1,1
14:45:26.970,0,0,0,0,1
14:45:27.589,0,0,0,0,1
14:45:27.589,0,0,0,0,0
14:45:27.589,0,0,0,0,0
14:45:27.589,0,0,0,1,0
14:45:28.210,0,0,0,1,0
14:45:28.210,0,0,0,1,1
14:45:28.210,0,0,0,1,1
14:45:28.210,0,0,0,0,1
14:45:28.579,0,0,0,0,1
14:45:28.579,1,0,0,0,1
14:45:28.819,1,0,0,0,1
14:45:28.819,1,0,0,0,0
14:45:28.819,1,0,0,0,0
14:45:28.819,1,0,0,1,0
14:45:29.430,1,0,0,1,0
14:45:29.430,1,0,0,1,1
14:45:29.430,1,0,0,1,1
14:45:29.430,1,0,0,0,1
14:45:30.048,1,0,0,0,1
14:45:30.048,1,0,0,0,0
14:45:30.048,1,0,0,0,0
14:45:30.048,1,0,0,1,0
14:45:30.382,1,0,0,1,0
14:45:30.382,0,0,0,1,0
14:45:30.682,0,0,0,1,0
14:45:30.682,0,0,0,1,1
14:45:30.682,0,0,0,1,1
14:45:30.682,0,0,0,0,1
14:45:31.288,0,0,0,0,1
14:45:31.288,0,0,0,0,0
14:45:31.288,0,0,0,0,0
14:45:31.288,0,0,0,1,0
14:45:31.929,0,0,0,1,0
14:45:31.929,0,0,0,1,1
14:45:31.931,0,0,0,1,1
14:45:31.931,0,0,0,0,1
14:45:32.196,0,0,0,0,1
14:45:32.196,1,0,0,0,1
14:45:32.545,1,0,0,0,1
14:45:32.545,1,0,0,0,0
14:45:32.545,1,0,0,0,0
14:45:32.545,1,0,0,1,0
14:45:33.148,1,0,0,1,0
14:45:33.148,1,0,0,1,1
14:45:33.148,1,0,0,1,1
14:45:33.148,1,0,0,0,1
14:45:33.751,1,0,0,0,1
14:45:33.751,1,0,0,0,0
14:45:33.751,1,0,0,0,0
14:45:33.751,1,0,0,1,0
14:45:33.993,1,0,0,1,0
14:45:33.993,0,0,0,1,0
14:45:34.356,0,0,0,1,0
14:45:34.356,0,0,0,1,1
14:45:34.356,0,0,0,1,1
14:45:34.356,0,0,0,0,1
14:45:34.974,0,0,0,0,1
14:45:34.974,0,0,0,0,0
14:45:34.974,0,0,0,0,0
14:45:34.974,0,0,0,1,0
14:45:35.580,0,0,0,1,0
14:45:35.580,0,0,0,1,1
14:45:35.580,0,0,0,1,1
14:45:35.580,0,0,0,0,1
14:45:35.804,0,0,0,0,1
14:45:35.804,1,0,0,0,1
14:45:36.184,1,0,0,0,1
14:45:36.184,1,0,0,0,0
14:45:36.184,1,0,0,0,0
14:45:36.184,1,0,0,1,0
14:45:36.793,1,0,0,1,0
14:45:36.793,1,0,0,1,1
14:45:36.793,1,0,0,1,1
14:45:36.793,1,0,0,0,1
14:45:37.398,1,0,0,0,1
14:45:37.398,1,0,0,0,0
14:45:37.398,1,0,0,0,0
14:45:37.398,1,0,0,1,0
14:45:37.604,1,0,0,1,0
14:45:37.604,0,0,0,1,0
14:45:38.002,0,0,0,1,0
14:45:38.002,0,0,0,1,1
14:45:38.002,0,0,0,1,1
14:45:38.002,0,0,0,0,1
14:45:38.607,0,0,0,0,1
14:45:38.607,0,0,0,0,0
14:45:38.607,0,0,0,0,0
14:45:38.607,0,0,0,1,0
14:45:39.212,0,0,0,1,0
14:45:39.212,0,0,0,1,1
14:45:39.212,0,0,0,1,1
14:45:39.212,0,0,0,0,1
14:45:39.418,0,0,0,0,1
14:45:39.418,1,0,0,0,1
14:45:39.818,1,0,0,0,1
14:45:39.818,1,0,0,0,0
14:45:39.818,1,0,0,0,0
14:45:39.818,1,0,0,1,0
14:45:40.424,1,0,0,1,0
14:45:40.424,1,0,0,1,1
14:45:40.424,1,0,0,1,1
14:45:40.424,1,0,0,0,1
14:45:41.026,1,0,0,0,1
14:45:41.026,1,0,0,0,0
14:45:41.026,1,0,0,0,0
14:45:41.026,1,0,0,1,0
14:45:41.234,1,0,0,1,0
14:45:41.234,0,0,0,1,0
14:45:41.634,0,0,0,1,0
14:45:41.634,0,0,0,1,1
14:45:41.634,0,0,0,1,1
14:45:41.634,0,0,0,0,1
14:45:42.237,0,0,0,0,1
14:45:42.237,0,0,0,0,0
14:45:42.237,0,0,0,0,0
14:45:42.237,0,0,0,1,0
14:45:42.843,0,0,0,1,0
14:45:42.843,0,0,0,1,1
14:45:42.843,0,0,0,1,1
14:45:42.843,0,0,0,0,1
14:45:43.049,0,0,0,0,1
14:45:43.049,1,0,0,0,1
14:45:43.446,1,0,0,0,1
14:45:43.446,1,0,0,0,0
14:45:43.446,1,0,0,0,0
14:45:43.446,1,0,0,1,0
14:45:44.049,1,0,0,1,0
14:45:44.049,1,0,0,1,1
14:45:44.049,1,0,0,1,1
14:45:44.049,1,0,0,0,1
14:45:44.642,1,0,0,0,1
14:45:44.642,1,0,0,0,0
14:45:44.642,1,0,0,0,0
14:45:44.642,1,0,0,1,0
14:45:44.848,1,0,0,1,0
14:45:44.848,0,0,0,1,0
14:45:45.264,0,0,0,1,0
14:45:45.264,0,0,0,1,1
14:45:45.264,0,0,0,1,1
14:45:45.264,0,0,0,0,1
14:45:45.899,0,0,0,0,1
14:45:45.899,0,0,0,0,0
14:45:45.899,0,0,0,0,0
14:45:45.899,0,0,0,1,0
14:45:46.504,0,0,0,1,0
14:45:46.504,0,0,0,1,1
14:45:46.504,0,0,0,1,1
14:45:46.504,0,0,0,0,1
14:45:46.663,0,0,0,0,1
14:45:46.663,1,0,0,0,1
14:45:47.112,1,0,0,0,1
14:45:47.112,1,0,0,0,0
14:45:47.112,1,0,0,0,0
14:45:47.112,1,0,0,1,0
14:45:47.717,1,0,0,1,0
14:45:47.717,1,0,0,1,1
14:45:47.717,1,0,0,1,1
14:45:47.717,1,0,0,0,1
14:45:48.349,1,0,0,0,1
14:45:48.349,1,0,0,0,0
14:45:48.349,1,0,0,0,0
14:45:48.349,1,0,0,1,0
14:45:48.480,1,0,0,1,0
14:45:48.480,0,0,0,1,0
14:45:48.956,0,0,0,1,0
14:45:48.956,0,0,0,1,1
14:45:48.956,0,0,0,1,1
14:45:48.956,0,0,0,0,1
14:45:49.592,0,0,0,0,1
14:45:49.592,0,0,0,0,0
14:45:49.592,0,0,0,0,0
14:45:49.592,0,0,0,1,0
14:45:50.195,0,0,0,1,0
14:45:50.195,0,0,0,1,1
14:45:50.196,0,0,0,1,1
14:45:50.196,0,0,0,0,1
14:45:50.309,0,0,0,0,1
14:45:50.309,1,0,0,0,1
14:45:50.808,1,0,0,0,1
14:45:50.808,1,0,0,0,0
14:45:50.808,1,0,0,0,0
14:45:50.808,1,0,0,1,0
14:45:51.408,1,0,0,1,0
14:45:51.408,1,0,0,1,1
14:45:51.408,1,0,0,1,1
14:45:51.408,1,0,0,0,1
14:45:52.015,1,0,0,0,1
14:45:52.015,1,0,0,0,0
14:45:52.015,1,0,0,0,0
14:45:52.015,1,0,0,1,0
14:45:52.109,1,0,0,1,0
14:45:52.109,0,0,0,1,0
14:45:52.619,0,0,0,1,0
14:45:52.619,0,0,0,1,1
14:45:52.619,0,0,0,1,1
14:45:52.619,0,0,0,0,1
14:45:53.227,0,0,0,0,1
14:45:53.227,0,0,0,0,0
14:45:53.227,0,0,0,0,0
14:45:53.227,0,0,0,1,0
14:45:53.832,0,0,0,1,0
14:45:53.832,0,0,0,1,1
14:45:53.832,0,0,0,1,1
14:45:53.832,0,0,0,0,1
14:45:53.910,0,0,0,0,1
14:45:53.910,1,0,0,0,1
14:45:54.437,1,0,0,0,1
14:45:54.437,1,0,0,0,0
14:45:54.437,1,0,0,0,0
14:45:54.437,1,0,0,1,0
14:45:55.037,1,0,0,1,0
14:45:55.037,1,0,0,1,1
14:45:55.037,1,0,0,1,1
14:45:55.037,1,0,0,0,1
14:45:55.642,1,0,0,0,1
14:45:55.642,1,0,0,0,0
14:45:55.659,1,0,0,0,0
14:45:55.659,1,0,0,1,0
14:45:55.721,1,0,0,1,0
14:45:55.721,0,0,0,1,0
14:45:56.254,0,0,0,1,0
14:45:56.254,0,0,0,1,1
14:45:56.276,0,0,0,1,1
14:45:56.276,0,0,0,0,1
14:45:56.867,0,0,0,0,1
14:45:56.867,0,0,0,0,0
14:45:56.885,0,0,0,0,0
14:45:56.885,0,0,0,1,0
14:45:57.487,0,0,0,1,0
14:45:57.487,0,0,0,1,1
14:45:57.503,0,0,0,1,1
14:45:57.503,0,0,0,0,1
14:45:57.519,0,0,0,0,1
14:45:57.519,1,0,0,0,1
14:45:58.110,1,0,0,0,1
14:45:58.110,1,0,0,0,0
14:45:58.110,1,0,0,0,0
14:45:58.110,1,0,0,1,0
14:45:58.724,1,0,0,1,0
14:45:58.724,1,0,0,1,1
14:45:58.724,1,0,0,1,1
14:45:58.724,1,0,0,0,1
14:45:59.334,1,0,0,0,1
14:45:59.334,1,0,0,0,0
14:45:59.334,1,0,0,0,0
14:45:59.334,1,0,0,1,0
14:45:59.334,1,0,0,1,0
14:45:59.334,0,0,0,1,0
14:45:59.969,0,0,0,1,0
14:45:59.969,0,0,0,1,1
14:45:59.969,0,0,0,1,1
14:45:59.969,0,0,0,0,1
14:46:00.574,0,0,0,0,1
14:46:00.574,0,0,0,0,0
14:46:00.574,0,0,0,0,0
14:46:00.574,0,0,0,1,0
14:46:01.146,0,0,0,1,0
14:46:01.146,1,0,0,1,0
14:46:01.169,1,0,0,1,0
14:46:01.169,1,0,0,1,1
14:46:01.169,1,0,0,1,1
14:46:01.169,1,0,0,0,1
14:46:01.781,1,0,0,0,1
14:46:01.781,1,0,0,0,0
14:46:01.781,1,0,0,0,0
14:46:01.781,1,0,0,1,0
14:46:02.384,1,0,0,1,0
14:46:02.384,1,0,0,1,1
14:46:02.384,1,0,0,1,1
14:46:02.384,1,0,0,0,1
14:46:02.958,1,0,0,0,1
14:46:02.958,0,0,0,0,1
14:46:03.015,0,0,0,0,1
14:46:03.015,0,0,0,0,0
14:46:03.015,0,0,0,0,0
14:46:03.015,0,0,0,1,0
14:46:03.625,0,0,0,1,0
14:46:03.625,0,0,0,1,1
14:46:03.626,0,0,0,1,1
14:46:03.626,0,0,0,0,1
14:46:04.233,0,0,0,0,1
14:46:04.233,0,0,0,0,0
14:46:04.233,0,0,0,0,0
14:46:04.233,0,0,0,1,0
14:46:04.761,0,0,0,1,0
14:46:04.761,1,0,0,1,0
14:46:04.839,1,0,0,1,0
14:46:04.839,1,0,0,1,1
14:46:04.839,1,0,0,1,1
14:46:04.839,1,0,0,0,1
14:46:05.443,1,0,0,0,1
14:46:05.443,1,0,0,0,0
14:46:05.443,1,0,0,0,0
14:46:05.443,1,0,0,1,0
14:46:06.048,1,0,0,1,0
14:46:06.048,1,0,0,1,1
14:46:06.048,1,0,0,1,1
14:46:06.048,1,0,0,0,1
14:46:06.556,1,0,0,0,1
14:46:06.556,0,0,0,0,1
14:46:06.651,0,0,0,0,1
14:46:06.651,0,0,0,0,0
14:46:06.651,0,0,0,0,0
14:46:06.651,0,0,0,1,0
14:46:07.255,0,0,0,1,0
14:46:07.255,0,0,0,1,1
14:46:07.255,0,0,0,1,1
14:46:07.255,0,0,0,0,1
14:46:07.887,0,0,0,0,1
14:46:07.887,0,0,0,0,0
14:46:07.887,0,0,0,0,0
14:46:07.887,0,0,0,1,0
14:46:08.353,0,0,0,1,0
14:46:08.353,1,0,0,1,0
14:46:08.496,1,0,0,1,0
14:46:08.496,1,0,0,1,1
14:46:08.496,1,0,0,1,1
14:46:08.496,1,0,0,0,1
14:46:09.099,1,0,0,0,1
14:46:09.099,1,0,0,0,0
14:46:09.099,1,0,0,0,0
14:46:09.099,1,0,0,1,0
14:46:09.946,1,0,0,1,0
14:46:09.946,1,0,0,1,1
14:46:09.946,1,0,0,1,1
14:46:09.946,1,0,0,0,1
14:46:10.168,1,0,0,0,1
14:46:10.168,0,0,0,0,1
14:46:10.548,0,0,0,0,1
14:46:10.548,0,0,0,0,0
14:46:10.548,0,0,0,0,0
14:46:10.548,0,0,0,1,0
14:46:11.154,0,0,0,1,0
14:46:11.154,0,0,0,1,1
14:46:11.154,0,0,0,1,1
14:46:11.154,0,0,0,0,1
14:46:11.758,0,0,0,0,1
14:46:11.758,0,0,0,0,0
14:46:11.758,0,0,0,0,0
14:46:11.758,0,0,0,1,0
14:46:11.982,0,0,0,1,0
14:46:11.982,1,0,0,1,0
14:46:12.366,1,0,0,1,0
14:46:12.366,1,0,0,1,1
14:46:12.366,1,0,0,1,1
14:46:12.366,1,0,0,0,1
14:46:12.974,1,0,0,0,1
14:46:12.974,1,0,0,0,0
14:46:12.974,1,0,0,0,0
14:46:12.974,1,0,0,1,0
14:46:13.579,1,0,0,1,0
14:46:13.579,1,0,0,1,1
14:46:13.579,1,0,0,1,1
14:46:13.579,1,0,0,0,1
14:46:13.786,1,0,0,0,1
14:46:13.786,0,0,0,0,1
14:46:14.186,0,0,0,0,1
14:46:14.186,0,0,0,0,0
14:46:14.187,0,0,0,0,0
14:46:14.187,0,0,0,1,0
14:46:14.791,0,0,0,1,0
14:46:14.791,0,0,0,1,1
14:46:14.791,0,0,0,1,1
14:46:14.791,0,0,0,0,1
14:46:15.397,0,0,0,0,1
14:46:15.397,0,0,0,0,0
14:46:15.397,0,0,0,0,0
14:46:15.397,0,0,0,1,0
14:46:15.586,0,0,0,1,0
14:46:15.586,1,0,0,1,0
14:46:16.000,1,0,0,1,0
14:46:16.000,1,0,0,1,1
14:46:16.000,1,0,0,1,1
14:46:16.000,1,0,0,0,1
14:46:16.603,1,0,0,0,1
14:46:16.603,1,0,0,0,0
14:46:16.603,1,0,0,0,0
14:46:16.603,1,0,0,1,0
14:46:17.208,1,0,0,1,0
14:46:17.208,1,0,0,1,1
14:46:17.208,1,0,0,1,1
14:46:17.208,1,0,0,0,1
14:46:17.412,1,0,0,0,1
14:46:17.412,0,0,0,0,1
14:46:17.811,0,0,0,0,1
14:46:17.811,0,0,0,0,0
14:46:17.811,0,0,0,0,0
14:46:17.811,0,0,0,1,0
14:46:18.416,0,0,0,1,0
14:46:18.416,0,0,0,1,1
14:46:18.416,0,0,0,1,1
14:46:18.416,0,0,0,0,1
14:46:19.024,0,0,0,0,1
14:46:19.024,0,0,0,0,0
14:46:19.024,0,0,0,0,0
14:46:19.024,0,0,0,1,0
14:46:19.215,0,0,0,1,0
14:46:19.215,1,0,0,1,0
14:46:19.646,1,0,0,1,0
14:46:19.646,1,0,0,1,1
14:46:19.646,1,0,0,1,1
14:46:19.646,1,0,0,0,1
14:46:20.282,1,0,0,0,1
14:46:20.282,1,0,0,0,0
14:46:20.282,1,0,0,0,0
14:46:20.282,1,0,0,1,0
14:46:20.884,1,0,0,1,0
14:46:20.884,1,0,0,1,1
14:46:20.884,1,0,0,1,1
14:46:20.884,1,0,0,0,1
14:46:21.027,1,0,0,0,1
14:46:21.027,0,0,0,0,1
14:46:21.516,0,0,0,0,1
14:46:21.516,0,0,0,0,0
14:46:21.516,0,0,0,0,0
14:46:21.516,0,0,0,1,0
14:46:22.125,0,0,0,1,0
14:46:22.125,0,0,0,1,1
14:46:22.125,0,0,0,1,1
14:46:22.125,0,0,0,0,1
14:46:22.778,0,0,0,0,1
14:46:22.778,0,0,0,0,0
14:46:22.778,0,0,0,0,0
14:46:22.778,0,0,0,1,0
14:46:22.826,0,0,0,1,0
14:46:22.826,1,0,0,1,0
14:46:23.525,1,0,0,1,0
14:46:23.525,1,0,0,1,1
14:46:23.529,1,0,0,1,1
14:46:23.529,1,0,0,0,1
14:46:24.129,1,0,0,0,1
14:46:24.129,1,0,0,0,0
14:46:24.129,1,0,0,0,0
14:46:24.129,1,0,0,1,0
14:46:24.639,1,0,0,1,0
14:46:24.639,0,0,0,1,0
14:46:24.733,0,0,0,1,0
14:46:24.733,0,0,0,1,1
14:46:24.733,0,0,0,1,1
14:46:24.733,0,0,0,0,1
14:46:25.338,0,0,0,0,1
14:46:25.338,0,0,0,0,0
14:46:25.338,0,0,0,0,0
14:46:25.338,0,0,0,1,0
14:46:25.945,0,0,0,1,0
14:46:25.945,0,0,0,1,1
14:46:25.945,0,0,0,1,1
14:46:25.945,0,0,0,0,1
14:46:26.437,0,0,0,0,1
14:46:26.437,1,0,0,0,1
14:46:26.660,1,0,0,0,1
14:46:26.660,1,0,0,0,0
14:46:26.660,1,0,0,0,0
14:46:26.660,1,0,0,1,0
14:46:27.263,1,0,0,1,0
14:46:27.263,1,0,0,1,1
14:46:27.263,1,0,0,1,1
14:46:27.263,1,0,0,0,1
14:46:27.869,1,0,0,0,1
14:46:27.869,1,0,0,0,0
14:46:27.869,1,0,0,0,0
14:46:27.869,1,0,0,1,0
14:46:28.251,1,0,0,1,0
14:46:28.251,0,0,0,1,0
14:46:28.474,0,0,0,1,0
14:46:28.474,0,0,0,1,1
14:46:28.474,0,0,0,1,1
14:46:28.474,0,0,0,0,1
14:46:29.079,0,0,0,0,1
14:46:29.079,0,0,0,0,0
14:46:29.079,0,0,0,0,0
14:46:29.079,0,0,0,1,0
14:46:29.686,0,0,0,1,0
14:46:29.686,0,0,0,1,1
14:46:29.686,0,0,0,1,1
14:46:29.686,0,0,0,0,1
14:46:30.054,0,0,0,0,1
14:46:30.054,1,0,0,0,1
14:46:30.291,1,0,0,0,1
14:46:30.291,1,0,0,0,0
14:46:30.291,1,0,0,0,0
14:46:30.291,1,0,0,1,0
14:46:30.896,1,0,0,1,0
14:46:30.896,1,0,0,1,1
14:46:30.896,1,0,0,1,1
14:46:30.896,1,0,0,0,1
14:46:31.499,1,0,0,0,1
14:46:31.499,1,0,0,0,0
14:46:31.499,1,0,0,0,0
14:46:31.499,1,0,0,1,0
14:46:31.864,1,0,0,1,0
14:46:31.864,0,0,0,1,0
14:46:32.104,0,0,0,1,0
14:46:32.104,0,0,0,1,1
14:46:32.104,0,0,0,1,1
14:46:32.104,0,0,0,0,1
14:46:32.710,0,0,0,0,1
14:46:32.710,0,0,0,0,0
14:46:32.710,0,0,0,0,0
14:46:32.710,0,0,0,1,0
14:46:33.496,0,0,0,1,0
14:46:33.496,0,0,0,1,1
14:46:33.496,0,0,0,1,1
14:46:33.496,0,0,0,0,1
14:46:33.687,0,0,0,0,1
14:46:33.687,1,0,0,0,1
23:15:29.807,1,0,0,0,1
23:15:29.807,1,0,0,0,0
23:15:29.808,1,0,0,0,0
23:15:29.808,1,0,0,1,0
23:15:29.808,1,0,0,1,0
23:15:29.808,0,0,0,1,0
23:15:30.416,0,0,0,1,0
23:15:30.416,0,0,0,1,1
23:15:30.416,0,0,0,1,1
23:15:30.416,0,0,0,0,1
23:15:31.022,0,0,0,0,1
23:15:31.022,0,0,0,0,0
23:15:31.022,0,0,0,0,0
23:15:31.022,0,0,0,1,0
23:15:32.263,0,0,0,1,0
23:15:32.263,1,0,0,1,0
23:15:32.263,1,0,0,1,0
23:15:32.263,1,0,0,1,1
23:15:32.263,1,0,0,1,1
23:15:32.263,1,0,0,0,1
23:15:33.165,1,0,0,0,1
23:15:33.165,1,0,0,0,0
23:15:33.167,1,0,0,0,0
23:15:33.167,1,0,0,1,0
23:15:33.777,1,0,0,1,0
23:15:33.777,1,0,0,1,1
23:15:33.777,1,0,0,1,1
23:15:33.777,1,0,0,0,1
23:15:34.235,1,0,0,0,1
23:15:34.235,0,0,0,0,1
23:15:34.377,0,0,0,0,1
23:15:34.377,0,0,0,0,0
23:15:34.377,0,0,0,0,0
23:15:34.377,0,0,0,1,0
23:15:34.991,0,0,0,1,0
23:15:34.991,0,0,0,1,1
23:15:34.991,0,0,0,1,1
23:15:34.991,0,0,0,0,1
23:15:35.605,0,0,0,0,1
23:15:35.605,0,0,0,0,0
23:15:35.605,0,0,0,0,0
23:15:35.605,0,0,0,1,0
23:15:36.048,0,0,0,1,0
23:15:36.048,1,0,0,1,0
23:15:36.205,1,0,0,1,0
23:15:36.205,1,0,0,1,1
23:15:36.205,1,0,0,1,1
23:15:36.205,1,0,0,0,1
23:15:36.820,1,0,0,0,1
23:15:36.820,1,0,0,0,0
23:15:36.820,1,0,0,0,0
23:15:36.820,1,0,0,1,0
23:15:37.437,1,0,0,1,0
23:15:37.437,1,0,0,1,1
23:15:37.437,1,0,0,1,1
23:15:37.437,1,0,0,0,1
23:15:37.928,1,0,0,0,1
23:15:37.928,0,0,0,0,1
23:15:38.047,0,0,0,0,1
23:15:38.047,0,0,0,0,0
23:15:38.047,0,0,0,0,0
23:15:38.047,0,0,0,1,0
23:15:38.656,0,0,0,1,0
23:15:38.656,0,0,0,1,1
23:15:38.656,0,0,0,1,1
23:15:38.656,0,0,0,0,1
23:15:39.266,0,0,0,0,1
23:15:39.266,0,0,0,0,0
23:15:39.266,0,0,0,0,0
23:15:39.266,0,0,0,1,0
23:15:39.947,0,0,0,1,0
23:15:39.947,1,0,0,1,0
23:15:39.947,1,0,0,1,0
23:15:39.947,1,0,0,1,1
23:15:39.947,1,0,0,1,1
23:15:39.947,1,0,0,0,1
23:15:40.561,1,0,0,0,1
23:15:40.561,1,0,0,0,0
23:15:40.561,1,0,0,0,0
23:15:40.561,1,0,0,1,0
23:15:41.160,1,0,0,1,0
23:15:41.160,1,0,0,1,1
23:15:41.176,1,0,0,1,1
23:15:41.176,1,0,0,0,1
23:15:41.758,1,0,0,0,1
23:15:41.758,0,0,0,0,1
23:15:41.788,0,0,0,0,1
23:15:41.788,0,0,0,0,0
23:15:41.788,0,0,0,0,0
23:15:41.788,0,0,0,1,0
23:15:42.389,0,0,0,1,0
23:15:42.389,0,0,0,1,1
23:15:42.389,0,0,0,1,1
23:15:42.389,0,0,0,0,1
23:15:43.122,0,0,0,0,1
23:15:43.122,0,0,0,0,0
23:15:43.122,0,0,0,0,0
23:15:43.122,0,0,0,1,0
23:15:43.689,0,0,0,1,0
23:15:43.689,1,0,0,1,0
23:15:43.745,1,0,0,1,0
23:15:43.745,1,0,0,1,1
23:15:43.745,1,0,0,1,1
23:15:43.745,1,0,0,0,1
23:15:44.387,1,0,0,0,1
23:15:44.387,1,0,0,0,0
23:15:44.387,1,0,0,0,0
23:15:44.387,1,0,0,1,0
23:15:45.023,1,0,0,1,0
23:15:45.023,1,0,0,1,1
23:15:45.023,1,0,0,1,1
23:15:45.023,1,0,0,0,1
23:15:45.492,1,0,0,0,1
23:15:45.492,0,0,0,0,1
23:15:45.701,0,0,0,0,1
23:15:45.701,0,0,0,0,0
23:15:45.701,0,0,0,0,0
23:15:45.701,0,0,0,1,0
23:15:46.303,0,0,0,1,0
23:15:46.303,0,0,0,1,1
23:15:46.303,0,0,0,1,1
23:15:46.303,0,0,0,0,1
23:15:46.903,0,0,0,0,1
23:15:46.903,0,0,0,0,0
23:15:46.903,0,0,0,0,0
23:15:46.903,0,0,0,1,0
23:15:47.296,0,0,0,1,0
23:15:47.296,1,0,0,1,0
23:15:47.563,1,0,0,1,0
23:15:47.563,1,0,0,1,1
23:15:47.563,1,0,0,1,1
23:15:47.563,1,0,0,0,1
23:15:48.179,1,0,0,0,1
23:15:48.179,1,0,0,0,0
23:15:48.179,1,0,0,0,0
23:15:48.179,1,0,0,1,0
23:15:48.857,1,0,0,1,0
23:15:48.857,1,0,0,1,1
23:15:48.857,1,0,0,1,1
23:15:48.857,1,0,0,0,1
23:15:49.167,1,0,0,0,1
23:15:49.167,0,0,0,0,1
23:15:49.582,0,0,0,0,1
23:15:49.582,0,0,0,0,0
23:15:49.582,0,0,0,0,0
23:15:49.582,0,0,0,1,0
23:15:50.201,0,0,0,1,0
23:15:50.201,0,0,0,1,1
23:15:50.201,0,0,0,1,1
23:15:50.201,0,0,0,0,1
23:15:50.801,0,0,0,0,1
23:15:50.801,0,0,0,0,0
23:15:50.801,0,0,0,0,0
23:15:50.801,0,0,0,1,0
23:15:51.045,0,0,0,1,0
23:15:51.045,1,0,0,1,0
23:15:51.564,1,0,0,1,0
23:15:51.564,1,0,0,1,1
23:15:51.566,1,0,0,1,1
23:15:51.566,1,0,0,0,1
23:15:52.171,1,0,0,0,1
23:15:52.171,1,0,0,0,0
23:15:52.171,1,0,0,0,0
23:15:52.171,1,0,0,1,0
23:15:52.786,1,0,0,1,0
23:15:52.786,1,0,0,1,1
23:15:52.786,1,0,0,1,1
23:15:52.786,1,0,0,0,1
23:15:52.865,1,0,0,0,1
23:15:52.865,0,0,0,0,1
23:15:53.387,0,0,0,0,1
23:15:53.387,0,0,0,0,0
23:15:53.387,0,0,0,0,0
23:15:53.387,0,0,0,1,0
23:15:53.989,0,0,0,1,0
23:15:53.989,0,0,0,1,1
23:15:53.989,0,0,0,1,1
23:15:53.989,0,0,0,0,1
23:15:54.591,0,0,0,0,1
23:15:54.591,0,0,0,0,0
23:15:54.591,0,0,0,0,0
23:15:54.591,0,0,0,1,0
23:15:54.697,0,0,0,1,0
23:15:54.697,1,0,0,1,0
23:15:55.206,1,0,0,1,0
23:15:55.206,1,0,0,1,1
23:15:55.206,1,0,0,1,1
23:15:55.206,1,0,0,0,1
23:15:55.905,1,0,0,0,1
23:15:55.905,1,0,0,0,0
23:15:55.905,1,0,0,0,0
23:15:55.905,1,0,0,1,0
23:15:56.503,1,0,0,1,0
23:15:56.503,0,0,0,1,0
23:15:56.528,0,0,0,1,0
23:15:56.528,0,0,0,1,1
23:15:56.528,0,0,0,1,1
23:15:56.528,0,0,0,0,1
23:15:57.136,0,0,0,0,1
23:15:57.136,0,0,0,0,0
23:15:57.136,0,0,0,0,0
23:15:57.136,0,0,0,1,0
23:15:57.750,0,0,0,1,0
23:15:57.750,0,0,0,1,1
23:15:57.750,0,0,0,1,1
23:15:57.750,0,0,0,0,1
23:15:58.303,0,0,0,0,1
23:15:58.303,1,0,0,0,1
23:15:58.366,1,0,0,0,1
23:15:58.366,1,0,0,0,0
23:15:58.366,1,0,0,0,0
23:15:58.366,1,0,0,1,0
23:15:58.982,1,0,0,1,0
23:15:58.982,1,0,0,1,1
23:15:58.982,1,0,0,1,1
23:15:58.982,1,0,0,0,1
23:15:59.584,1,0,0,0,1
23:15:59.584,1,0,0,0,0
23:15:59.584,1,0,0,0,0
23:15:59.584,1,0,0,1,0
23:16:00.124,1,0,0,1,0
23:16:00.124,0,0,0,1,0
23:16:00.187,0,0,0,1,0
23:16:00.187,0,0,0,1,1
23:16:00.187,0,0,0,1,1
23:16:00.187,0,0,0,0,1
23:16:00.803,0,0,0,0,1
23:16:00.803,0,0,0,0,0
23:16:00.803,0,0,0,0,0
23:16:00.803,0,0,0,1,0
23:16:01.405,0,0,0,1,0
23:16:01.405,0,0,0,1,1
23:16:01.405,0,0,0,1,1
23:16:01.405,0,0,0,0,1
23:16:01.928,0,0,0,0,1
23:16:01.928,1,0,0,0,1
23:16:02.148,1,0,0,0,1
23:16:02.148,1,0,0,0,0
23:16:02.148,1,0,0,0,0
23:16:02.148,1,0,0,1,0
23:16:02.748,1,0,0,1,0
23:16:02.748,1,0,0,1,1
23:16:02.748,1,0,0,1,1
23:16:02.748,1,0,0,0,1
23:16:03.351,1,0,0,0,1
23:16:03.351,1,0,0,0,0
23:16:03.351,1,0,0,0,0
23:16:03.351,1,0,0,1,0
23:16:03.730,1,0,0,1,0
23:16:03.730,0,0,0,1,0
23:16:03.952,0,0,0,1,0
23:16:03.952,0,0,0,1,1
23:16:03.952,0,0,0,1,1
23:16:03.952,0,0,0,0,1
23:16:04.553,0,0,0,0,1
23:16:04.553,0,0,0,0,0
23:16:04.553,0,0,0,0,0
23:16:04.553,0,0,0,1,0
23:16:05.167,0,0,0,1,0
23:16:05.167,0,0,0,1,1
23:16:05.167,0,0,0,1,1
23:16:05.167,0,0,0,0,1
23:16:05.535,0,0,0,0,1
23:16:05.535,1,0,0,0,1
23:16:05.810,1,0,0,0,1
23:16:05.810,1,0,0,0,0
23:16:05.810,1,0,0,0,0
23:16:05.810,1,0,0,1,0
23:16:06.602,1,0,0,1,0
23:16:06.602,1,0,0,1,1
23:16:06.602,1,0,0,1,1
23:16:06.602,1,0,0,0,1
23:16:07.348,1,0,0,0,1
23:16:07.348,1,0,0,0,0
23:16:07.348,1,0,0,0,0
23:16:07.348,1,0,0,1,0
23:16:07.348,1,0,0,1,0
23:16:07.348,0,0,0,1,0
23:16:07.951,0,0,0,1,0
23:16:07.951,0,0,0,1,1
23:16:07.951,0,0,0,1,1
23:16:07.951,0,0,0,0,1
23:16:08.587,0,0,0,0,1
23:16:08.587,0,0,0,0,0
23:16:08.587,0,0,0,0,0
23:16:08.587,0,0,0,1,0
23:16:09.199,0,0,0,1,0
23:16:09.199,1,0,0,1,0
23:16:09.201,1,0,0,1,0
23:16:09.201,1,0,0,1,1
23:16:09.202,1,0,0,1,1
23:16:09.202,1,0,0,0,1
23:16:09.802,1,0,0,0,1
23:16:09.802,1,0,0,0,0
23:16:09.802,1,0,0,0,0
23:16:09.802,1,0,0,1,0
23:16:10.420,1,0,0,1,0
23:16:10.420,1,0,0,1,1
23:16:10.420,1,0,0,1,1
23:16:10.420,1,0,0,0,1
23:16:11.007,1,0,0,0,1
23:16:11.007,0,0,0,0,1
23:16:11.063,0,0,0,0,1
23:16:11.063,0,0,0,0,0
23:16:11.065,0,0,0,0,0
23:16:11.065,0,0,0,1,0
23:16:11.668,0,0,0,1,0
23:16:11.668,0,0,0,1,1
23:16:11.668,0,0,0,1,1
23:16:11.668,0,0,0,0,1
23:16:12.314,0,0,0,0,1
23:16:12.314,0,0,0,0,0
23:16:12.314,0,0,0,0,0
23:16:12.314,0,0,0,1,0
23:16:12.822,0,0,0,1,0
23:16:12.822,1,0,0,1,0
23:16:12.918,1,0,0,1,0
23:16:12.918,1,0,0,1,1
23:16:12.918,1,0,0,1,1
23:16:12.918,1,0,0,0,1
23:16:13.520,1,0,0,0,1
23:16:13.520,1,0,0,0,0
23:16:13.520,1,0,0,0,0
23:16:13.520,1,0,0,1,0
23:16:14.124,1,0,0,1,0
23:16:14.124,1,0,0,1,1
23:16:14.124,1,0,0,1,1
23:16:14.124,1,0,0,0,1
23:16:14.631,1,0,0,0,1
23:16:14.631,0,0,0,0,1
23:16:14.728,0,0,0,0,1
23:16:14.728,0,0,0,0,0
23:16:14.728,0,0,0,0,0
23:16:14.728,0,0,0,1,0
23:16:15.350,0,0,0,1,0
23:16:15.350,0,0,0,1,1
23:16:15.350,0,0,0,1,1
23:16:15.350,0,0,0,0,1
23:16:15.961,0,0,0,0,1
23:16:15.961,0,0,0,0,0
23:16:15.961,0,0,0,0,0
23:16:15.961,0,0,0,1,0
23:16:16.434,0,0,0,1,0
23:16:16.434,1,0,0,1,0
23:16:16.565,1,0,0,1,0
23:16:16.565,1,0,0,1,1
23:16:16.567,1,0,0,1,1
23:16:16.567,1,0,0,0,1
23:16:17.175,1,0,0,0,1
23:16:17.175,1,0,0,0,0
23:16:17.175,1,0,0,0,0
23:16:17.175,1,0,0,1,0
23:16:17.789,1,0,0,1,0
23:16:17.789,1,0,0,1,1
23:16:17.789,1,0,0,1,1
23:16:17.789,1,0,0,0,1
23:16:18.516,1,0,0,0,1
23:16:18.516,0,0,0,0,1
23:16:18.516,0,0,0,0,1
23:16:18.516,0,0,0,0,0
23:16:18.516,0,0,0,0,0
23:16:18.516,0,0,0,1,0
23:16:19.136,0,0,0,1,0
23:16:19.136,0,0,0,1,1
23:16:19.136,0,0,0,1,1
23:16:19.136,0,0,0,0,1
23:16:19.771,0,0,0,0,1
23:16:19.771,0,0,0,0,0
23:16:19.771,0,0,0,0,0
23:16:19.771,0,0,0,1,0
23:16:20.348,0,0,0,1,0
23:16:20.348,1,0,0,1,0
23:16:20.404,1,0,0,1,0
23:16:20.404,1,0,0,1,1
23:16:20.404,1,0,0,1,1
23:16:20.404,1,0,0,0,1
23:16:21.009,1,0,0,0,1
23:16:21.009,1,0,0,0,0
23:16:21.009,1,0,0,0,0
23:16:21.009,1,0,0,1,0
23:16:21.737,1,0,0,1,0
23:16:21.737,1,0,0,1,1
23:16:21.737,1,0,0,1,1
23:16:21.737,1,0,0,0,1
23:16:22.292,1,0,0,0,1
23:16:22.292,0,0,0,0,1
23:16:22.347,0,0,0,0,1
23:16:22.347,0,0,0,0,0
23:16:22.347,0,0,0,0,0
23:16:22.347,0,0,0,1,0
23:16:23.123,0,0,0,1,0
23:16:23.123,0,0,0,1,1
23:16:23.123,0,0,0,1,1
23:16:23.123,0,0,0,0,1
23:16:23.732,0,0,0,0,1
23:16:23.732,0,0,0,0,0
23:16:23.732,0,0,0,0,0
23:16:23.732,0,0,0,1,0
23:16:24.463,0,0,0,1,0
23:16:24.463,1,0,0,1,0
23:16:24.463,1,0,0,1,0
23:16:24.463,1,0,0,1,1
23:16:24.463,1,0,0,1,1
23:16:24.463,1,0,0,0,1
23:16:25.242,1,0,0,0,1
23:16:25.242,1,0,0,0,0
23:16:25.248,1,0,0,0,0
23:16:25.248,1,0,0,1,0
23:16:25.858,1,0,0,1,0
23:16:25.858,1,0,0,1,1
23:16:25.858,1,0,0,1,1
23:16:25.858,1,0,0,0,1
23:16:26.286,1,0,0,0,1
23:16:26.286,0,0,0,0,1
23:16:27.051,0,0,0,0,1
23:16:27.051,0,0,0,0,0
23:16:27.057,0,0,0,0,0
23:16:27.057,0,0,0,1,0
23:16:27.696,0,0,0,1,0
23:16:27.696,0,0,0,1,1
23:16:27.696,0,0,0,1,1
23:16:27.696,0,0,0,0,1
23:16:28.155,0,0,0,0,1
23:16:28.155,1,0,0,0,1
23:16:28.411,1,0,0,0,1
23:16:28.411,1,0,0,0,0
23:16:28.411,1,0,0,0,0
23:16:28.411,1,0,0,1,0
23:16:29.086,1,0,0,1,0
23:16:29.086,1,0,0,1,1
23:16:29.086,1,0,0,1,1
23:16:29.086,1,0,0,0,1
23:16:29.690,1,0,0,0,1
23:16:29.690,1,0,0,0,0
23:16:29.690,1,0,0,0,0
23:16:29.690,1,0,0,1,0
23:16:29.996,1,0,0,1,0
23:16:29.996,0,0,0,1,0
23:16:30.290,0,0,0,1,0
23:16:30.290,0,0,0,1,1
23:16:30.291,0,0,0,1,1
23:16:30.291,0,0,0,0,1
23:16:31.044,0,0,0,0,1
23:16:31.044,0,0,0,0,0
23:16:31.044,0,0,0,0,0
23:16:31.044,0,0,0,1,0
23:16:31.650,0,0,0,1,0
23:16:31.650,0,0,0,1,1
23:16:31.650,0,0,0,1,1
23:16:31.650,0,0,0,0,1
23:16:31.859,0,0,0,0,1
23:16:31.859,1,0,0,0,1
23:16:32.737,1,0,0,0,1
23:16:32.737,1,0,0,0,0
23:16:32.741,1,0,0,0,0
23:16:32.741,1,0,0,1,0
23:16:33.439,1,0,0,1,0
23:16:33.439,1,0,0,1,1
23:16:33.439,1,0,0,1,1
23:16:33.439,1,0,0,0,1
23:16:33.674,1,0,0,0,1
23:16:33.674,0,0,0,0,1
23:16:34.063,0,0,0,0,1
23:16:34.063,0,0,0,0,0
23:16:34.063,0,0,0,0,0
23:16:34.063,0,0,0,1,0
23:16:34.673,0,0,0,1,0
23:16:34.673,0,0,0,1,1
23:16:34.673,0,0,0,1,1
23:16:34.673,0,0,0,0,1
23:16:35.273,0,0,0,0,1
23:16:35.273,0,0,0,0,0
23:16:35.273,0,0,0,0,0
23:16:35.273,0,0,0,1,0
23:16:35.599,0,0,0,1,0
23:16:35.599,1,0,0,1,0
23:16:35.890,1,0,0,1,0
23:16:35.890,1,0,0,1,1
23:16:35.890,1,0,0,1,1
23:16:35.890,1,0,0,0,1
23:16:36.491,1,0,0,0,1
23:16:36.491,1,0,0,0,0
23:16:36.493,1,0,0,0,0
23:16:36.493,1,0,0,1,0
23:16:37.107,1,0,0,1,0
23:16:37.107,1,0,0,1,1
23:16:37.107,1,0,0,1,1
23:16:37.107,1,0,0,0,1
23:16:37.455,1,0,0,0,1
23:16:37.455,0,0,0,0,1
23:16:37.708,0,0,0,0,1
23:16:37.708,0,0,0,0,0
23:16:37.708,0,0,0,0,0
23:16:37.708,0,0,0,1,0
23:16:38.323,0,0,0,1,0
23:16:38.323,0,0,0,1,1
23:16:38.323,0,0,0,1,1
23:16:38.323,0,0,0,0,1
23:16:38.923,0,0,0,0,1
23:16:38.923,0,0,0,0,0
23:16:38.972,0,0,0,0,0
23:16:38.972,0,0,0,1,0
23:16:39.429,0,0,0,1,0
23:16:39.429,1,0,0,1,0
23:16:39.623,1,0,0,1,0
23:16:39.623,1,0,0,1,1
23:16:39.623,1,0,0,1,1
23:16:39.623,1,0,0,0,1
23:16:40.430,1,0,0,0,1
23:16:40.430,1,0,0,0,0
23:16:40.430,1,0,0,0,0
23:16:40.430,1,0,0,1,0
23:16:41.079,1,0,0,1,0
23:16:41.079,1,0,0,1,1
23:16:41.083,1,0,0,1,1
23:16:41.083,1,0,0,0,1
23:16:41.364,1,0,0,0,1
23:16:41.364,0,0,0,0,1
23:16:42.029,0,0,0,0,1
23:16:42.029,0,0,0,0,0
23:16:42.029,0,0,0,0,0
23:16:42.029,0,0,0,1,0
23:16:42.703,0,0,0,1,0
23:16:42.703,0,0,0,1,1
23:16:42.707,0,0,0,1,1
23:16:42.707,0,0,0,0,1
23:16:43.318,0,0,0,0,1
23:16:43.318,1,0,0,0,1
23:16:43.320,1,0,0,0,1
23:16:43.320,1,0,0,0,0
23:16:43.320,1,0,0,0,0
23:16:43.320,1,0,0,1,0
23:16:43.924,1,0,0,1,0
23:16:43.924,1,0,0,1,1
23:16:43.924,1,0,0,1,1
23:16:43.924,1,0,0,0,1
23:16:44.750,1,0,0,0,1
23:16:44.750,1,0,0,0,0
23:16:44.750,1,0,0,0,0
23:16:44.750,1,0,0,1,0
23:16:45.127,1,0,0,1,0
23:16:45.127,0,0,0,1,0
23:16:45.365,0,0,0,1,0
23:16:45.365,0,0,0,1,1
23:16:45.366,0,0,0,1,1
23:16:45.366,0,0,0,0,1
23:16:45.986,0,0,0,0,1
23:16:45.986,0,0,0,0,0
23:16:45.986,0,0,0,0,0
23:16:45.986,0,0,0,1,0
23:16:46.619,0,0,0,1,0
23:16:46.619,0,0,0,1,1
23:16:46.622,0,0,0,1,1
23:16:46.622,0,0,0,0,1
23:16:47.060,0,0,0,0,1
23:16:47.060,1,0,0,0,1
23:16:47.230,1,0,0,0,1
23:16:47.230,1,0,0,0,0
23:16:47.230,1,0,0,0,0
23:16:47.230,1,0,0,1,0
23:16:47.880,1,0,0,1,0
23:16:47.880,1,0,0,1,1
23:16:47.880,1,0,0,1,1
23:16:47.880,1,0,0,0,1
23:16:48.561,1,0,0,0,1
23:16:48.561,1,0,0,0,0
23:16:48.561,1,0,0,0,0
23:16:48.561,1,0,0,1,0
23:16:48.990,1,0,0,1,0
23:16:48.990,0,0,0,1,0
23:16:49.287,0,0,0,1,0
23:16:49.287,0,0,0,1,1
23:16:49.287,0,0,0,1,1
23:16:49.287,0,0,0,0,1
23:16:50.062,0,0,0,0,1
23:16:50.062,0,0,0,0,0
23:16:50.062,0,0,0,0,0
23:16:50.062,0,0,0,1,0
23:16:50.702,0,0,0,1,0
23:16:50.702,0,0,0,1,1
23:16:50.702,0,0,0,1,1
23:16:50.702,0,0,0,0,1
23:16:50.866,0,0,0,0,1
23:16:50.866,1,0,0,0,1
23:16:51.309,1,0,0,0,1
23:16:51.309,1,0,0,0,0
23:16:51.309,1,0,0,0,0
23:16:51.309,1,0,0,1,0
23:16:52.082,1,0,0,1,0
23:16:52.082,1,0,0,1,1
23:16:52.082,1,0,0,1,1
23:16:52.082,1,0,0,0,1
23:16:52.682,1,0,0,0,1
23:16:52.682,0,0,0,0,1
23:16:52.761,0,0,0,0,1
23:16:52.761,0,0,0,0,0
23:16:52.761,0,0,0,0,0
23:16:52.761,0,0,0,1,0
23:16:53.376,0,0,0,1,0
23:16:53.376,0,0,0,1,1
23:16:53.376,0,0,0,1,1
23:16:53.376,0,0,0,0,1
23:16:54.490,0,0,0,0,1
23:16:54.490,0,0,0,0,0
23:16:54.490,0,0,0,0,0
23:16:54.490,0,0,0,1,0
23:16:54.490,0,0,0,1,0
23:16:54.490,1,0,0,1,0
23:16:55.171,1,0,0,1,0
23:16:55.171,1,0,0,1,1
23:16:55.171,1,0,0,1,1
23:16:55.171,1,0,0,0,1
23:16:56.024,1,0,0,0,1
23:16:56.024,1,0,0,0,0
23:16:56.024,1,0,0,0,0
23:16:56.024,1,0,0,1,0
23:16:56.555,1,0,0,1,0
23:16:56.555,0,0,0,1,0
23:16:56.644,0,0,0,1,0
23:16:56.644,0,0,0,1,1
23:16:56.644,0,0,0,1,1
23:16:56.644,0,0,0,0,1
23:16:57.281,0,0,0,0,1
23:16:57.281,0,0,0,0,0
23:16:57.281,0,0,0,0,0
23:16:57.281,0,0,0,1,0
23:16:58.129,0,0,0,1,0
23:16:58.129,0,0,0,1,1
23:16:58.129,0,0,0,1,1
23:16:58.129,0,0,0,0,1
23:16:58.446,0,0,0,0,1
23:16:58.446,1,0,0,0,1
23:16:58.735,1,0,0,0,1
23:16:58.735,1,0,0,0,0
23:16:58.736,1,0,0,0,0
23:16:58.736,1,0,0,1,0
23:16:59.369,1,0,0,1,0
23:16:59.369,1,0,0,1,1
23:16:59.369,1,0,0,1,1
23:16:59.369,1,0,0,0,1
23:17:00.207,1,0,0,0,1
23:17:00.207,1,0,0,0,0
23:17:00.207,1,0,0,0,0
23:17:00.207,1,0,0,1,0
23:17:00.381,1,0,0,1,0
23:17:00.381,0,0,0,1,0
23:17:00.807,0,0,0,1,0
23:17:00.807,0,0,0,1,1
23:17:00.807,0,0,0,1,1
23:17:00.807,0,0,0,0,1
23:17:01.632,0,0,0,0,1
23:17:01.632,0,0,0,0,0
23:17:01.632,0,0,0,0,0
23:17:01.632,0,0,0,1,0
23:17:02.203,0,0,0,1,0
23:17:02.203,1,0,0,1,0
23:17:02.286,1,0,0,1,0
23:17:02.286,1,0,0,1,1
23:17:02.286,1,0,0,1,1
23:17:02.286,1,0,0,0,1
23:17:03.120,1,0,0,0,1
23:17:03.120,1,0,0,0,0
23:17:03.120,1,0,0,0,0
23:17:03.120,1,0,0,1,0
23:17:03.790,1,0,0,1,0
23:17:03.790,1,0,0,1,1
23:17:03.790,1,0,0,1,1
23:17:03.790,1,0,0,0,1
23:17:04.253,1,0,0,0,1
23:17:04.253,0,0,0,0,1
23:17:04.418,0,0,0,0,1
23:17:04.418,0,0,0,0,0
23:17:04.422,0,0,0,0,0
23:17:04.422,0,0,0,1,0
23:17:05.346,0,0,0,1,0
23:17:05.346,0,0,0,1,1
23:17:05.346,0,0,0,1,1
23:17:05.346,0,0,0,0,1
23:17:06.027,0,0,0,0,1
23:17:06.027,0,0,0,0,0
23:17:06.027,0,0,0,0,0
23:17:06.027,0,0,0,1,0
23:17:06.227,0,0,0,1,0
23:17:06.227,1,0,0,1,0
23:17:06.691,1,0,0,1,0
23:17:06.691,1,0,0,1,1
23:17:06.691,1,0,0,1,1
23:17:06.691,1,0,0,0,1
23:17:07.302,1,0,0,0,1
23:17:07.302,1,0,0,0,0
23:17:07.306,1,0,0,0,0
23:17:07.306,1,0,0,1,0
23:17:07.987,1,0,0,1,0
23:17:07.987,1,0,0,1,1
23:17:07.987,1,0,0,1,1
23:17:07.987,1,0,0,0,1
23:17:08.272,1,0,0,0,1
23:17:08.272,0,0,0,0,1
23:17:08.823,0,0,0,0,1
23:17:08.823,0,0,0,0,0
23:17:08.825,0,0,0,0,0
23:17:08.825,0,0,0,1,0
23:17:09.514,0,0,0,1,0
23:17:09.514,0,0,0,1,1
23:17:09.518,0,0,0,1,1
23:17:09.518,0,0,0,0,1
23:17:10.149,0,0,0,0,1
23:17:10.149,1,0,0,0,1
23:17:10.149,1,0,0,0,1
23:17:10.149,1,0,0,0,0
23:17:10.149,1,0,0,0,0
23:17:10.149,1,0,0,1,0
23:17:10.860,1,0,0,1,0
23:17:10.860,1,0,0,1,1
23:17:10.860,1,0,0,1,1
23:17:10.860,1,0,0,0,1
23:17:11.599,1,0,0,0,1
23:17:11.599,1,0,0,0,0
23:17:11.602,1,0,0,0,0
23:17:11.602,1,0,0,1,0
23:17:11.984,1,0,0,1,0
23:17:11.984,0,0,0,1,0
23:17:12.258,0,0,0,1,0
23:17:12.258,0,0,0,1,1
23:17:12.258,0,0,0,1,1
23:17:12.258,0,0,0,0,1
23:17:12.887,0,0,0,0,1
23:17:12.887,0,0,0,0,0
23:17:12.887,0,0,0,0,0
23:17:12.887,0,0,0,1,0
23:17:13.567,0,0,0,1,0
23:17:13.567,0,0,0,1,1
23:17:13.567,0,0,0,1,1
23:17:13.567,0,0,0,0,1
23:17:13.811,0,0,0,0,1
23:17:13.811,1,0,0,0,1
23:17:14.310,1,0,0,0,1
23:17:14.310,1,0,0,0,0
23:17:14.310,1,0,0,0,0
23:17:14.310,1,0,0,1,0
23:17:14.981,1,0,0,1,0
23:17:14.981,1,0,0,1,1
23:17:14.982,1,0,0,1,1
23:17:14.982,1,0,0,0,1
23:17:15.641,1,0,0,0,1
23:17:15.641,1,0,0,0,0
23:17:15.641,1,0,0,0,0
23:17:15.641,1,0,0,1,0
23:17:15.641,1,0,0,1,0
23:17:15.641,0,0,0,1,0
23:17:16.593,0,0,0,1,0
23:17:16.593,0,0,0,1,1
23:17:16.596,0,0,0,1,1
23:17:16.596,0,0,0,0,1
23:17:17.474,0,0,0,0,1
23:17:17.474,0,0,0,0,0
23:17:17.474,0,0,0,0,0
23:17:17.474,0,0,0,1,0
23:17:17.476,0,0,0,1,0
23:17:17.476,1,0,0,1,0
23:17:18.452,1,0,0,1,0
23:17:18.452,1,0,0,1,1
23:17:18.452,1,0,0,1,1
23:17:18.452,1,0,0,0,1
23:17:19.159,1,0,0,0,1
23:17:19.159,1,0,0,0,0
23:17:19.161,1,0,0,0,0
23:17:19.161,1,0,0,1,0
23:17:19.401,1,0,0,1,0
23:17:19.401,0,0,0,1,0
23:17:19.932,0,0,0,1,0
23:17:19.932,0,0,0,1,1
23:17:19.934,0,0,0,1,1
23:17:19.934,0,0,0,0,1
23:17:20.581,0,0,0,0,1
23:17:20.581,0,0,0,0,0
23:17:20.581,0,0,0,0,0
23:17:20.581,0,0,0,1,0
23:17:21.224,0,0,0,1,0
23:17:21.224,0,0,0,1,1
23:17:21.224,0,0,0,1,1
23:17:21.224,0,0,0,0,1
23:17:21.226,0,0,0,0,1
23:17:21.226,1,0,0,0,1
23:17:21.846,1,0,0,0,1
23:17:21.846,1,0,0,0,0
23:17:21.846,1,0,0,0,0
23:17:21.846,1,0,0,1,0
23:17:22.606,1,0,0,1,0
23:17:22.606,1,0,0,1,1
23:17:22.608,1,0,0,1,1
23:17:22.608,1,0,0,0,1
23:17:23.146,1,0,0,0,1
23:17:23.146,0,0,0,0,1
23:17:23.235,0,0,0,0,1
23:17:23.235,0,0,0,0,0
23:17:23.237,0,0,0,0,0
23:17:23.237,0,0,0,1,0
23:17:23.847,0,0,0,1,0
23:17:23.847,0,0,0,1,1
23:17:23.848,0,0,0,1,1
23:17:23.848,0,0,0,0,1
23:17:24.472,0,0,0,0,1
23:17:24.472,0,0,0,0,0
23:17:24.472,0,0,0,0,0
23:17:24.472,0,0,0,1,0
23:17:24.997,0,0,0,1,0
23:17:24.997,1,0,0,1,0
23:17:25.565,1,0,0,1,0
23:17:25.565,1,0,0,1,1
23:17:25.565,1,0,0,1,1
23:17:25.565,1,0,0,0,1
23:17:26.335,1,0,0,0,1
23:17:26.335,1,0,0,0,0
23:17:26.342,1,0,0,0,0
23:17:26.342,1,0,0,1,0
23:17:26.821,1,0,0,1,0
23:17:26.821,0,0,0,1,0
23:17:27.043,0,0,0,1,0
23:17:27.043,0,0,0,1,1
23:17:27.043,0,0,0,1,1
23:17:27.043,0,0,0,0,1
23:17:27.885,0,0,0,0,1
23:17:27.885,0,0,0,0,0
23:17:27.885,0,0,0,0,0
23:17:27.885,0,0,0,1,0
23:17:28.554,0,0,0,1,0
23:17:28.554,0,0,0,1,1
23:17:28.554,0,0,0,1,1
23:17:28.554,0,0,0,0,1
23:17:28.730,0,0,0,0,1
23:17:28.730,1,0,0,0,1
23:17:29.274,1,0,0,0,1
23:17:29.274,1,0,0,0,0
23:17:29.274,1,0,0,0,0
23:17:29.274,1,0,0,1,0
23:17:29.903,1,0,0,1,0
23:17:29.903,1,0,0,1,1
23:17:29.906,1,0,0,1,1
23:17:29.906,1,0,0,0,1
23:17:30.519,1,0,0,0,1
23:17:30.519,1,0,0,0,0
23:17:30.519,1,0,0,0,0
23:17:30.519,1,0,0,1,0
23:17:30.674,1,0,0,1,0
23:17:30.674,0,0,0,1,0
23:17:31.287,0,0,0,1,0
23:17:31.287,0,0,0,1,1
23:17:31.287,0,0,0,1,1
23:17:31.287,0,0,0,0,1
23:17:31.896,0,0,0,0,1
23:17:31.896,0,0,0,0,0
23:17:31.896,0,0,0,0,0
23:17:31.896,0,0,0,1,0
23:17:32.669,0,0,0,1,0
23:17:32.669,1,0,0,1,0
23:17:32.669,1,0,0,1,0
23:17:32.669,1,0,0,1,1
23:17:32.669,1,0,0,1,1
23:17:32.669,1,0,0,0,1
23:17:33.271,1,0,0,0,1
23:17:33.271,1,0,0,0,0
23:17:33.272,1,0,0,0,0
23:17:33.272,1,0,0,1,0
23:17:33.878,1,0,0,1,0
23:17:33.878,1,0,0,1,1
23:17:33.878,1,0,0,1,1
23:17:33.878,1,0,0,0,1
23:17:34.707,1,0,0,0,1
23:17:34.707,0,0,0,0,1
23:17:34.707,0,0,0,0,1
23:17:34.707,0,0,0,0,0
23:17:34.708,0,0,0,0,0
23:17:34.708,0,0,0,1,0
23:17:35.335,0,0,0,1,0
23:17:35.335,0,0,0,1,1
23:17:35.335,0,0,0,1,1
23:17:35.335,0,0,0,0,1
23:17:35.943,0,0,0,0,1
23:17:35.943,0,0,0,0,0
23:17:35.943,0,0,0,0,0
23:17:35.943,0,0,0,1,0
23:17:36.570,0,0,0,1,0
23:17:36.570,1,0,0,1,0
23:17:36.570,1,0,0,1,0
23:17:36.570,1,0,0,1,1
23:17:36.572,1,0,0,1,1
23:17:36.572,1,0,0,0,1
23:17:37.234,1,0,0,0,1
23:17:37.234,1,0,0,0,0
23:17:37.234,1,0,0,0,0
23:17:37.234,1,0,0,1,0
23:17:37.902,1,0,0,1,0
23:17:37.902,1,0,0,1,1
23:17:37.904,1,0,0,1,1
23:17:37.904,1,0,0,0,1
23:17:38.561,1,0,0,0,1
23:17:38.561,0,0,0,0,1
23:17:38.561,0,0,0,0,1
23:17:38.561,0,0,0,0,0
23:17:38.561,0,0,0,0,0
23:17:38.561,0,0,0,1,0
23:17:39.260,0,0,0,1,0
23:17:39.260,0,0,0,1,1
23:17:39.260,0,0,0,1,1
23:17:39.260,0,0,0,0,1
23:17:39.947,0,0,0,0,1
23:17:39.947,0,0,0,0,0
23:17:39.948,0,0,0,0,0
23:17:39.948,0,0,0,1,0
23:17:40.450,0,0,0,1,0
23:17:40.450,1,0,0,1,0
23:17:40.651,1,0,0,1,0
23:17:40.651,1,0,0,1,1
23:17:40.653,1,0,0,1,1
23:17:40.653,1,0,0,0,1
23:17:41.255,1,0,0,0,1
23:17:41.255,1,0,0,0,0
23:17:41.257,1,0,0,0,0
23:17:41.257,1,0,0,1,0
23:17:41.896,1,0,0,1,0
23:17:41.896,1,0,0,1,1
23:17:41.896,1,0,0,1,1
23:17:41.896,1,0,0,0,1
23:17:42.337,1,0,0,0,1
23:17:42.337,0,0,0,0,1
23:17:42.517,0,0,0,0,1
23:17:42.517,0,0,0,0,0
23:17:42.517,0,0,0,0,0
23:17:42.517,0,0,0,1,0
23:17:43.294,0,0,0,1,0
23:17:43.294,0,0,0,1,1
23:17:43.294,0,0,0,1,1
23:17:43.294,0,0,0,0,1
23:17:43.946,0,0,0,0,1
23:17:43.946,0,0,0,0,0
23:17:43.946,0,0,0,0,0
23:17:43.946,0,0,0,1,0
23:17:44.384,0,0,0,1,0
23:17:44.384,1,0,0,1,0
23:17:44.554,1,0,0,1,0
23:17:44.554,1,0,0,1,1
23:17:44.554,1,0,0,1,1
23:17:44.554,1,0,0,0,1
23:17:45.410,1,0,0,0,1
23:17:45.410,1,0,0,0,0
23:17:45.410,1,0,0,0,0
23:17:45.410,1,0,0,1,0
23:17:46.082,1,0,0,1,0
23:17:46.082,1,0,0,1,1
23:17:46.082,1,0,0,1,1
23:17:46.082,1,0,0,0,1
23:17:46.249,1,0,0,0,1
23:17:46.249,0,0,0,0,1
23:17:46.692,0,0,0,0,1
23:17:46.692,0,0,0,0,0
23:17:46.695,0,0,0,0,0
23:17:46.695,0,0,0,1,0
23:17:47.476,0,0,0,1,0
23:17:47.476,0,0,0,1,1
23:17:47.477,0,0,0,1,1
23:17:47.477,0,0,0,0,1
23:17:48.052,0,0,0,0,1
23:17:48.052,1,0,0,0,1
23:17:48.132,1,0,0,0,1
23:17:48.132,1,0,0,0,0
23:17:48.132,1,0,0,0,0
23:17:48.132,1,0,0,1,0
23:17:48.766,1,0,0,1,0
23:17:48.766,1,0,0,1,1
23:17:48.766,1,0,0,1,1
23:17:48.766,1,0,0,0,1
23:17:49.660,1,0,0,0,1
23:17:49.660,1,0,0,0,0
23:17:49.660,1,0,0,0,0
23:17:49.660,1,0,0,1,0
23:17:49.909,1,0,0,1,0
23:17:49.909,0,0,0,1,0
23:17:50.294,0,0,0,1,0
23:17:50.294,0,0,0,1,1
23:17:50.294,0,0,0,1,1
23:17:50.294,0,0,0,0,1
23:17:50.992,0,0,0,0,1
23:17:50.992,0,0,0,0,0
23:17:50.994,0,0,0,0,0
23:17:50.994,0,0,0,1,0
23:17:51.630,0,0,0,1,0
23:17:51.630,0,0,0,1,1
23:17:51.630,0,0,0,1,1
23:17:51.630,0,0,0,0,1
23:17:51.774,0,0,0,0,1
23:17:51.774,1,0,0,0,1
23:17:52.434,1,0,0,0,1
23:17:52.434,1,0,0,0,0
23:17:52.434,1,0,0,0,0
23:17:52.434,1,0,0,1,0
23:17:53.078,1,0,0,1,0
23:17:53.078,1,0,0,1,1
23:17:53.078,1,0,0,1,1
23:17:53.078,1,0,0,0,1
23:17:53.860,1,0,0,0,1
23:17:53.860,0,0,0,0,1
23:17:53.860,0,0,0,0,1
23:17:53.860,0,0,0,0,0
23:17:53.860,0,0,0,0,0
23:17:53.860,0,0,0,1,0
23:17:54.491,0,0,0,1,0
23:17:54.491,0,0,0,1,1
23:17:54.491,0,0,0,1,1
23:17:54.491,0,0,0,0,1
23:17:55.168,0,0,0,0,1
23:17:55.168,0,0,0,0,0
23:17:55.168,0,0,0,0,0
23:17:55.168,0,0,0,1,0
23:17:55.658,0,0,0,1,0
23:17:55.658,1,0,0,1,0
23:17:55.971,1,0,0,1,0
23:17:55.971,1,0,0,1,1
23:17:55.972,1,0,0,1,1
23:17:55.972,1,0,0,0,1
23:17:56.600,1,0,0,0,1
23:17:56.600,1,0,0,0,0
23:17:56.601,1,0,0,0,0
23:17:56.601,1,0,0,1,0
23:17:57.277,1,0,0,1,0
23:17:57.277,1,0,0,1,1
23:17:57.277,1,0,0,1,1
23:17:57.277,1,0,0,0,1
23:17:57.499,1,0,0,0,1
23:17:57.499,0,0,0,0,1
23:17:57.915,0,0,0,0,1
23:17:57.915,0,0,0,0,0
23:17:57.917,0,0,0,0,0
23:17:57.917,0,0,0,1,0
23:17:58.705,0,0,0,1,0
23:17:58.705,0,0,0,1,1
23:17:58.705,0,0,0,1,1
23:17:58.705,0,0,0,0,1
23:17:59.307,0,0,0,0,1
23:17:59.307,1,0,0,0,1
23:17:59.307,1,0,0,0,1
23:17:59.307,1,0,0,0,0
23:17:59.307,1,0,0,0,0
23:17:59.307,1,0,0,1,0
23:17:59.955,1,0,0,1,0
23:17:59.955,1,0,0,1,1
23:17:59.955,1,0,0,1,1
23:17:59.955,1,0,0,0,1
23:18:00.710,1,0,0,0,1
23:18:00.710,1,0,0,0,0
23:18:00.710,1,0,0,0,0
23:18:00.710,1,0,0,1,0
23:18:01.150,1,0,0,1,0
23:18:01.150,0,0,0,1,0
23:18:01.445,0,0,0,1,0
23:18:01.445,0,0,0,1,1
23:18:01.445,0,0,0,1,1
23:18:01.445,0,0,0,0,1
23:18:02.165,0,0,0,0,1
23:18:02.165,0,0,0,0,0
23:18:02.165,0,0,0,0,0
23:18:02.165,0,0,0,1,0
23:18:02.795,0,0,0,1,0
23:18:02.795,0,0,0,1,1
23:18:02.795,0,0,0,1,1
23:18:02.795,0,0,0,0,1
23:18:03.147,0,0,0,0,1
23:18:03.147,1,0,0,0,1
23:18:03.574,1,0,0,0,1
23:18:03.574,1,0,0,0,0
23:18:03.580,1,0,0,0,0
23:18:03.580,1,0,0,1,0
23:18:04.297,1,0,0,1,0
23:18:04.297,1,0,0,1,1
23:18:04.297,1,0,0,1,1
23:18:04.297,1,0,0,0,1
23:18:04.981,1,0,0,0,1
23:18:04.981,1,0,0,0,0
23:18:04.981,1,0,0,0,0
23:18:04.981,1,0,0,1,0
23:18:04.981,1,0,0,1,0
23:18:04.981,0,0,0,1,0
23:18:05.813,0,0,0,1,0
23:18:05.813,0,0,0,1,1
23:18:05.813,0,0,0,1,1
23:18:05.813,0,0,0,0,1
23:18:06.471,0,0,0,0,1
23:18:06.471,0,0,0,0,0
23:18:06.471,0,0,0,0,0
23:18:06.471,0,0,0,1,0
23:18:06.889,0,0,0,1,0
23:18:06.889,1,0,0,1,0
23:18:07.322,1,0,0,1,0
23:18:07.322,1,0,0,1,1
23:18:07.322,1,0,0,1,1
23:18:07.322,1,0,0,0,1
23:18:07.933,1,0,0,0,1
23:18:07.933,1,0,0,0,0
23:18:07.933,1,0,0,0,0
23:18:07.933,1,0,0,1,0
23:18:08.688,1,0,0,1,0
23:18:08.688,1,0,0,1,1
23:18:08.688,1,0,0,1,1
23:18:08.688,1,0,0,0,1
23:18:08.688,1,0,0,0,1
23:18:08.688,0,0,0,0,1
23:18:09.546,0,0,0,0,1
23:18:09.546,0,0,0,0,0
23:18:09.546,0,0,0,0,0
23:18:09.546,0,0,0,1,0
23:18:10.197,0,0,0,1,0
23:18:10.197,0,0,0,1,1
23:18:10.197,0,0,0,1,1
23:18:10.197,0,0,0,0,1
23:18:10.696,0,0,0,0,1
23:18:10.696,1,0,0,0,1
23:18:10.857,1,0,0,0,1
23:18:10.857,1,0,0,0,0
23:18:10.857,1,0,0,0,0
23:18:10.857,1,0,0,1,0
23:18:11.594,1,0,0,1,0
23:18:11.594,1,0,0,1,1
23:18:11.594,1,0,0,1,1
23:18:11.594,1,0,0,0,1
23:18:12.210,1,0,0,0,1
23:18:12.210,1,0,0,0,0
23:18:12.210,1,0,0,0,0
23:18:12.210,1,0,0,1,0
23:18:12.510,1,0,0,1,0
23:18:12.510,0,0,0,1,0
23:18:12.966,0,0,0,1,0
23:18:12.966,0,0,0,1,1
23:18:12.968,0,0,0,1,1
23:18:12.968,0,0,0,0,1
23:18:13.655,0,0,0,0,1
23:18:13.655,0,0,0,0,0
23:18:13.655,0,0,0,0,0
23:18:13.655,0,0,0,1,0
23:18:14.287,0,0,0,1,0
23:18:14.287,0,0,0,1,1
23:18:14.287,0,0,0,1,1
23:18:14.287,0,0,0,0,1
23:18:14.419,0,0,0,0,1
23:18:14.419,1,0,0,0,1
23:18:15.150,1,0,0,0,1
23:18:15.150,1,0,0,0,0
23:18:15.150,1,0,0,0,0
23:18:15.150,1,0,0,1,0
23:18:15.997,1,0,0,1,0
23:18:15.997,1,0,0,1,1
23:18:15.997,1,0,0,1,1
23:18:15.997,1,0,0,0,1
23:18:16.282,1,0,0,0,1
23:18:16.282,0,0,0,0,1
23:18:16.820,0,0,0,0,1
23:18:16.820,0,0,0,0,0
23:18:16.820,0,0,0,0,0
23:18:16.820,0,0,0,1,0
23:18:17.467,0,0,0,1,0
23:18:17.467,0,0,0,1,1
23:18:17.467,0,0,0,1,1
23:18:17.467,0,0,0,0,1
23:18:18.084,0,0,0,0,1
23:18:18.084,0,0,0,0,0
23:18:18.088,0,0,0,0,0
23:18:18.088,0,0,0,1,0
23:18:18.218,0,0,0,1,0
23:18:18.218,1,0,0,1,0
23:18:18.699,1,0,0,1,0
23:18:18.699,1,0,0,1,1
23:18:18.699,1,0,0,1,1
23:18:18.699,1,0,0,0,1
23:18:19.364,1,0,0,0,1
23:18:19.364,1,0,0,0,0
23:18:19.364,1,0,0,0,0
23:18:19.364,1,0,0,1,0
23:18:20.344,1,0,0,1,0
23:18:20.344,1,0,0,1,1
23:18:20.344,1,0,0,1,1
23:18:20.344,1,0,0,0,1
23:18:20.346,1,0,0,0,1
23:18:20.346,0,0,0,0,1
23:18:21.117,0,0,0,0,1
23:18:21.117,0,0,0,0,0
23:18:21.117,0,0,0,0,0
23:18:21.117,0,0,0,1,0
23:18:21.731,0,0,0,1,0
23:18:21.731,0,0,0,1,1
23:18:21.731,0,0,0,1,1
23:18:21.731,0,0,0,0,1
23:18:22.157,0,0,0,0,1
23:18:22.157,1,0,0,0,1
23:18:22.396,1,0,0,0,1
23:18:22.396,1,0,0,0,0
23:18:22.396,1,0,0,0,0
23:18:22.396,1,0,0,1,0
23:18:23.068,1,0,0,1,0
23:18:23.068,1,0,0,1,1
23:18:23.069,1,0,0,1,1
23:18:23.069,1,0,0,0,1
23:18:23.676,1,0,0,0,1
23:18:23.676,1,0,0,0,0
23:18:23.676,1,0,0,0,0
23:18:23.676,1,0,0,1,0
23:18:24.067,1,0,0,1,0
23:18:24.067,0,0,0,1,0
23:18:24.342,0,0,0,1,0
23:18:24.342,0,0,0,1,1
23:18:24.342,0,0,0,1,1
23:18:24.342,0,0,0,0,1
23:18:24.955,0,0,0,0,1
23:18:24.955,0,0,0,0,0
23:18:24.955,0,0,0,0,0
23:18:24.955,0,0,0,1,0
23:18:25.555,0,0,0,1,0
23:18:25.555,0,0,0,1,1
23:18:25.555,0,0,0,1,1
23:18:25.555,0,0,0,0,1
23:18:25.904,0,0,0,0,1
23:18:25.904,1,0,0,0,1
23:18:26.188,1,0,0,0,1
23:18:26.188,1,0,0,0,0
23:18:26.192,1,0,0,0,0
23:18:26.192,1,0,0,1,0
23:18:26.895,1,0,0,1,0
23:18:26.895,1,0,0,1,1
23:18:26.895,1,0,0,1,1
23:18:26.895,1,0,0,0,1
23:18:27.696,1,0,0,0,1
23:18:27.696,1,0,0,0,0
23:18:27.696,1,0,0,0,0
23:18:27.696,1,0,0,1,0
23:18:27.827,1,0,0,1,0
23:18:27.827,0,0,0,1,0
23:18:28.298,0,0,0,1,0
23:18:28.298,0,0,0,1,1
23:18:28.298,0,0,0,1,1
23:18:28.298,0,0,0,0,1
23:18:28.961,0,0,0,0,1
23:18:28.961,0,0,0,0,0
23:18:28.962,0,0,0,0,0
23:18:28.962,0,0,0,1,0
23:18:29.602,0,0,0,1,0
23:18:29.602,0,0,0,1,1
23:18:29.602,0,0,0,1,1
23:18:29.602,0,0,0,0,1
23:18:29.733,0,0,0,0,1
23:18:29.733,1,0,0,0,1
23:18:30.209,1,0,0,0,1
23:18:30.209,1,0,0,0,0
23:18:30.209,1,0,0,0,0
23:18:30.209,1,0,0,1,0
23:18:30.831,1,0,0,1,0
23:18:30.831,1,0,0,1,1
23:18:30.831,1,0,0,1,1
23:18:30.831,1,0,0,0,1
23:18:31.633,1,0,0,0,1
23:18:31.633,1,0,0,0,0
23:18:31.633,1,0,0,0,0
23:18:31.633,1,0,0,1,0
23:18:31.633,1,0,0,1,0
23:18:31.633,0,0,0,1,0
23:18:32.241,0,0,0,1,0
23:18:32.241,0,0,0,1,1
23:18:32.241,0,0,0,1,1
23:18:32.241,0,0,0,0,1
23:18:32.893,0,0,0,0,1
23:18:32.893,0,0,0,0,0
23:18:32.893,0,0,0,0,0
23:18:32.893,0,0,0,1,0
23:18:33.624,0,0,0,1,0
23:18:33.624,1,0,0,1,0
23:18:33.624,1,0,0,1,0
23:18:33.624,1,0,0,1,1
23:18:33.624,1,0,0,1,1
23:18:33.624,1,0,0,0,1
23:18:34.297,1,0,0,0,1
23:18:34.297,1,0,0,0,0
23:18:34.297,1,0,0,0,0
23:18:34.297,1,0,0,1,0
23:18:34.977,1,0,0,1,0
23:18:34.977,1,0,0,1,1
23:18:34.978,1,0,0,1,1
23:18:34.978,1,0,0,0,1
23:18:35.459,1,0,0,0,1
23:18:35.459,0,0,0,0,1
23:18:35.732,0,0,0,0,1
23:18:35.732,0,0,0,0,0
23:18:35.734,0,0,0,0,0
23:18:35.734,0,0,0,1,0
23:18:36.468,0,0,0,1,0
23:18:36.468,0,0,0,1,1
23:18:36.468,0,0,0,1,1
23:18:36.468,0,0,0,0,1
23:18:37.160,0,0,0,0,1
23:18:37.160,0,0,0,0,0
23:18:37.160,0,0,0,0,0
23:18:37.160,0,0,0,1,0
23:18:37.332,0,0,0,1,0
23:18:37.332,1,0,0,1,0
23:18:37.802,1,0,0,1,0
23:18:37.802,1,0,0,1,1
23:18:37.806,1,0,0,1,1
23:18:37.806,1,0,0,0,1
23:18:38.505,1,0,0,0,1
23:18:38.505,1,0,0,0,0
23:18:38.505,1,0,0,0,0
23:18:38.505,1,0,0,1,0
23:18:39.152,1,0,0,1,0
23:18:39.152,1,0,0,1,1
23:18:39.152,1,0,0,1,1
23:18:39.152,1,0,0,0,1
23:18:39.152,1,0,0,0,1
23:18:39.152,0,0,0,0,1
23:18:39.795,0,0,0,0,1
23:18:39.795,0,0,0,0,0
23:18:39.797,0,0,0,0,0
23:18:39.797,0,0,0,1,0
23:18:40.404,0,0,0,1,0
23:18:40.404,0,0,0,1,1
23:18:40.404,0,0,0,1,1
23:18:40.404,0,0,0,0,1
23:18:41.001,0,0,0,0,1
23:18:41.001,1,0,0,0,1
23:18:41.001,1,0,0,0,1
23:18:41.001,1,0,0,0,0
23:18:41.072,1,0,0,0,0
23:18:41.072,1,0,0,1,0
23:18:41.647,1,0,0,1,0
23:18:41.647,1,0,0,1,1
23:18:41.707,1,0,0,1,1
23:18:41.707,1,0,0,0,1
23:18:42.272,1,0,0,0,1
23:18:42.272,1,0,0,0,0
23:18:42.337,1,0,0,0,0
23:18:42.337,1,0,0,1,0
23:18:42.863,1,0,0,1,0
23:18:42.863,0,0,0,1,0
23:18:42.939,0,0,0,1,0
23:18:42.939,0,0,0,1,1
23:18:42.939,0,0,0,1,1
23:18:42.939,0,0,0,0,1
23:18:43.556,0,0,0,0,1
23:18:43.556,0,0,0,0,0
23:18:43.556,0,0,0,0,0
23:18:43.556,0,0,0,1,0
23:18:44.156,0,0,0,1,0
23:18:44.156,0,0,0,1,1
23:18:44.156,0,0,0,1,1
23:18:44.156,0,0,0,0,1
23:18:44.836,0,0,0,0,1
23:18:44.836,1,0,0,0,1
23:18:44.838,1,0,0,0,1
23:18:44.838,1,0,0,0,0
23:18:44.838,1,0,0,0,0
23:18:44.838,1,0,0,1,0
23:18:45.570,1,0,0,1,0
23:18:45.570,1,0,0,1,1
23:18:45.572,1,0,0,1,1
23:18:45.572,1,0,0,0,1
23:18:46.267,1,0,0,0,1
23:18:46.267,1,0,0,0,0
23:18:46.267,1,0,0,0,0
23:18:46.267,1,0,0,1,0
23:18:46.715,1,0,0,1,0
23:18:46.715,0,0,0,1,0
23:18:46.998,0,0,0,1,0
23:18:46.998,0,0,0,1,1
23:18:46.998,0,0,0,1,1
23:18:46.998,0,0,0,0,1
23:18:47.671,0,0,0,0,1
23:18:47.671,0,0,0,0,0
23:18:47.671,0,0,0,0,0
23:18:47.671,0,0,0,1,0
23:18:48.313,0,0,0,1,0
23:18:48.313,0,0,0,1,1
23:18:48.313,0,0,0,1,1
23:18:48.313,0,0,0,0,1
23:18:48.646,0,0,0,0,1
23:18:48.646,1,0,0,0,1
23:18:49.125,1,0,0,0,1
23:18:49.125,1,0,0,0,0
23:18:49.125,1,0,0,0,0
23:18:49.125,1,0,0,1,0
23:18:49.843,1,0,0,1,0
23:18:49.843,1,0,0,1,1
23:18:49.843,1,0,0,1,1
23:18:49.843,1,0,0,0,1
23:18:50.498,1,0,0,0,1
23:18:50.498,1,0,0,0,0
23:18:50.499,1,0,0,0,0
23:18:50.499,1,0,0,1,0
23:18:50.499,1,0,0,1,0
23:18:50.499,0,0,0,1,0
23:18:51.105,0,0,0,1,0
23:18:51.105,0,0,0,1,1
23:18:51.105,0,0,0,1,1
23:18:51.105,0,0,0,0,1
23:18:51.733,0,0,0,0,1
23:18:51.733,0,0,0,0,0
23:18:51.733,0,0,0,0,0
23:18:51.733,0,0,0,1,0
23:18:52.415,0,0,0,1,0
23:18:52.415,1,0,0,1,0
23:18:52.415,1,0,0,1,0
23:18:52.415,1,0,0,1,1
23:18:52.415,1,0,0,1,1
23:18:52.415,1,0,0,0,1
23:18:53.016,1,0,0,0,1
23:18:53.016,1,0,0,0,0
23:18:53.017,1,0,0,0,0
23:18:53.017,1,0,0,1,0
23:18:53.617,1,0,0,1,0
23:18:53.617,1,0,0,1,1
23:18:53.681,1,0,0,1,1
23:18:53.681,1,0,0,0,1
23:18:54.319,1,0,0,0,1
23:18:54.319,0,0,0,0,1
23:18:54.319,0,0,0,0,1
23:18:54.319,0,0,0,0,0
23:18:54.319,0,0,0,0,0
23:18:54.319,0,0,0,1,0
23:18:54.927,0,0,0,1,0
23:18:54.927,0,0,0,1,1
23:18:54.927,0,0,0,1,1
23:18:54.927,0,0,0,0,1
23:18:55.551,0,0,0,0,1
23:18:55.551,0,0,0,0,0
23:18:55.551,0,0,0,0,0
23:18:55.551,0,0,0,1,0
23:18:56.145,0,0,0,1,0
23:18:56.145,1,0,0,1,0
23:18:56.206,1,0,0,1,0
23:18:56.206,1,0,0,1,1
23:18:56.206,1,0,0,1,1
23:18:56.206,1,0,0,0,1
23:18:57.014,1,0,0,0,1
23:18:57.014,1,0,0,0,0
23:18:57.017,1,0,0,0,0
23:18:57.017,1,0,0,1,0
23:18:57.613,1,0,0,1,0
23:18:57.613,1,0,0,1,1
23:18:57.613,1,0,0,1,1
23:18:57.613,1,0,0,0,1
23:18:57.955,1,0,0,0,1
23:18:57.955,0,0,0,0,1
23:18:58.309,0,0,0,0,1
23:18:58.309,0,0,0,0,0
23:18:58.309,0,0,0,0,0
23:18:58.309,0,0,0,1,0
23:18:59.114,0,0,0,1,0
23:18:59.114,0,0,0,1,1
23:18:59.114,0,0,0,1,1
23:18:59.114,0,0,0,0,1
23:18:59.891,0,0,0,0,1
23:18:59.891,0,0,0,0,0
23:18:59.891,0,0,0,0,0
23:18:59.891,0,0,0,1,0
23:18:59.891,0,0,0,1,0
23:18:59.891,1,0,0,1,0
23:19:00.536,1,0,0,1,0
23:19:00.536,1,0,0,1,1
23:19:00.536,1,0,0,1,1
23:19:00.536,1,0,0,0,1
23:19:01.145,1,0,0,0,1
23:19:01.145,1,0,0,0,0
23:19:01.145,1,0,0,0,0
23:19:01.145,1,0,0,1,0
23:19:01.758,1,0,0,1,0
23:19:01.758,0,0,0,1,0
23:19:01.758,0,0,0,1,0
23:19:01.758,0,0,0,1,1
23:19:01.758,0,0,0,1,1
23:19:01.758,0,0,0,0,1
23:19:02.374,0,0,0,0,1
23:19:02.374,0,0,0,0,0
23:19:02.374,0,0,0,0,0
23:19:02.374,0,0,0,1,0
23:19:03.156,0,0,0,1,0
23:19:03.156,0,0,0,1,1
23:19:03.157,0,0,0,1,1
23:19:03.157,0,0,0,0,1
23:19:03.775,0,0,0,0,1
23:19:03.775,1,0,0,0,1
23:19:03.775,1,0,0,0,1
23:19:03.775,1,0,0,0,0
23:19:03.777,1,0,0,0,0
23:19:03.777,1,0,0,1,0
23:19:04.376,1,0,0,1,0
23:19:04.376,1,0,0,1,1
23:19:04.376,1,0,0,1,1
23:19:04.376,1,0,0,0,1
23:19:04.979,1,0,0,0,1
23:19:04.979,1,0,0,0,0
23:19:04.979,1,0,0,0,0
23:19:04.979,1,0,0,1,0
23:19:05.597,1,0,0,1,0
23:19:05.597,0,0,0,1,0
23:19:05.597,0,0,0,1,0
23:19:05.597,0,0,0,1,1
23:19:05.597,0,0,0,1,1
23:19:05.597,0,0,0,0,1
23:19:06.523,0,0,0,0,1
23:19:06.523,0,0,0,0,0
23:19:06.523,0,0,0,0,0
23:19:06.523,0,0,0,1,0
23:19:07.307,0,0,0,1,0
23:19:07.307,0,0,0,1,1
23:19:07.309,0,0,0,1,1
23:19:07.309,0,0,0,0,1
23:19:07.455,0,0,0,0,1
23:19:07.455,1,0,0,0,1
23:19:07.930,1,0,0,0,1
23:19:07.930,1,0,0,0,0
23:19:07.930,1,0,0,0,0
23:19:07.930,1,0,0,1,0
23:19:08.545,1,0,0,1,0
23:19:08.545,1,0,0,1,1
23:19:08.545,1,0,0,1,1
23:19:08.545,1,0,0,0,1
23:19:09.149,1,0,0,0,1
23:19:09.149,1,0,0,0,0
23:19:09.149,1,0,0,0,0
23:19:09.149,1,0,0,1,0
23:19:09.298,1,0,0,1,0
23:19:09.298,0,0,0,1,0
23:19:09.848,0,0,0,1,0
23:19:09.848,0,0,0,1,1
23:19:09.849,0,0,0,1,1
23:19:09.849,0,0,0,0,1
23:19:10.457,0,0,0,0,1
23:19:10.457,0,0,0,0,0
23:19:10.457,0,0,0,0,0
23:19:10.457,0,0,0,1,0
23:19:11.078,0,0,0,1,0
23:19:11.078,0,0,0,1,1
23:19:11.078,0,0,0,1,1
23:19:11.078,0,0,0,0,1
23:19:11.198,0,0,0,0,1
23:19:11.198,1,0,0,0,1
23:19:11.701,1,0,0,0,1
23:19:11.701,1,0,0,0,0
23:19:11.701,1,0,0,0,0
23:19:11.701,1,0,0,1,0
23:19:12.314,1,0,0,1,0
23:19:12.314,1,0,0,1,1
23:19:12.314,1,0,0,1,1
23:19:12.314,1,0,0,0,1
23:19:12.918,1,0,0,0,1
23:19:12.918,1,0,0,0,0
23:19:12.918,1,0,0,0,0
23:19:12.918,1,0,0,1,0
23:19:13.061,1,0,0,1,0
23:19:13.061,0,0,0,1,0
23:19:13.538,0,0,0,1,0
23:19:13.538,0,0,0,1,1
23:19:13.538,0,0,0,1,1
23:19:13.538,0,0,0,0,1
23:19:14.138,0,0,0,0,1
23:19:14.138,0,0,0,0,0
23:19:14.154,0,0,0,0,0
23:19:14.154,0,0,0,1,0
23:19:14.739,0,0,0,1,0
23:19:14.739,0,0,0,1,1
23:19:14.771,0,0,0,1,1
23:19:14.771,0,0,0,0,1
23:19:14.905,0,0,0,0,1
23:19:14.905,1,0,0,0,1
23:19:15.340,1,0,0,0,1
23:19:15.340,1,0,0,0,0
23:19:15.437,1,0,0,0,0
23:19:15.437,1,0,0,1,0
23:19:15.957,1,0,0,1,0
23:19:15.957,1,0,0,1,1
23:19:16.068,1,0,0,1,1
23:19:16.068,1,0,0,0,1
23:19:16.576,1,0,0,0,1
23:19:16.576,1,0,0,0,0
23:19:16.671,1,0,0,0,0
23:19:16.671,1,0,0,1,0
23:19:16.726,1,0,0,1,0
23:19:16.726,0,0,0,1,0
23:19:17.222,0,0,0,1,0
23:19:17.222,0,0,0,1,1
23:19:17.381,0,0,0,1,1
23:19:17.381,0,0,0,0,1
23:19:17.839,0,0,0,0,1
23:19:17.839,0,0,0,0,0
23:19:17.983,0,0,0,0,0
23:19:17.983,0,0,0,1,0
23:19:18.441,0,0,0,1,0
23:19:18.441,0,0,0,1,1
23:19:18.536,0,0,0,1,1
23:19:18.536,1,0,0,1,1
23:19:18.656,1,0,0,1,1
23:19:18.656,1,0,0,0,1
23:19:19.060,1,0,0,0,1
23:19:19.060,1,0,0,0,0
23:19:19.266,1,0,0,0,0
23:19:19.266,1,0,0,1,0
23:19:19.695,1,0,0,1,0
23:19:19.695,1,0,0,1,1
23:19:19.883,1,0,0,1,1
23:19:19.883,1,0,0,0,1
23:19:20.310,1,0,0,0,1
23:19:20.310,1,0,0,0,0
23:19:20.408,1,0,0,0,0
23:19:20.408,0,0,0,0,0
23:19:20.531,0,0,0,0,0
23:19:20.531,0,0,0,1,0
23:19:20.951,0,0,0,1,0
23:19:20.951,0,0,0,1,1
23:19:21.151,0,0,0,1,1
23:19:21.151,0,0,0,0,1
23:19:21.562,0,0,0,0,1
23:19:21.562,0,0,0,0,0
23:19:21.799,0,0,0,0,0
23:19:21.799,0,0,0,1,0
23:19:22.210,0,0,0,1,0
23:19:22.210,0,0,0,1,1
23:19:22.210,0,0,0,1,1
23:19:22.210,1,0,0,1,1
23:19:22.400,1,0,0,1,1
23:19:22.400,1,0,0,0,1
23:19:22.826,1,0,0,0,1
23:19:22.826,1,0,0,0,0
23:19:23.036,1,0,0,0,0
23:19:23.036,1,0,0,1,0
23:19:23.428,1,0,0,1,0
23:19:23.428,1,0,0,1,1
23:19:23.649,1,0,0,1,1
23:19:23.649,1,0,0,0,1
23:19:24.030,1,0,0,0,1
23:19:24.030,0,0,0,0,1
23:19:24.046,0,0,0,0,1
23:19:24.046,0,0,0,0,0
23:19:24.285,0,0,0,0,0
23:19:24.285,0,0,0,1,0
23:19:24.714,0,0,0,1,0
23:19:24.714,0,0,0,1,1
23:19:24.900,0,0,0,1,1
23:19:24.900,0,0,0,0,1
23:19:25.327,0,0,0,0,1
23:19:25.327,0,0,0,0,0
23:19:25.565,0,0,0,0,0
23:19:25.565,0,0,0,1,0
23:19:25.834,0,0,0,1,0
23:19:25.834,1,0,0,1,0
23:19:25.976,1,0,0,1,0
23:19:25.976,1,0,0,1,1
23:19:26.181,1,0,0,1,1
23:19:26.181,1,0,0,0,1
23:19:26.594,1,0,0,0,1
23:19:26.594,1,0,0,0,0
23:19:26.830,1,0,0,0,0
23:19:26.830,1,0,0,1,0
23:19:27.243,1,0,0,1,0
23:19:27.243,1,0,0,1,1
23:19:27.447,1,0,0,1,1
23:19:27.447,1,0,0,0,1
23:19:27.772,1,0,0,0,1
23:19:27.772,0,0,0,0,1
23:19:27.964,0,0,0,0,1
23:19:27.964,0,0,0,0,0
23:19:28.165,0,0,0,0,0
23:19:28.165,0,0,0,1,0
23:19:28.572,0,0,0,1,0
23:19:28.572,0,0,0,1,1
23:19:28.999,0,0,0,1,1
23:19:28.999,0,0,0,0,1
23:19:29.175,0,0,0,0,1
23:19:29.175,0,0,0,0,0
23:19:29.574,0,0,0,0,0
23:19:29.574,1,0,0,0,0
23:19:29.611,1,0,0,0,0
23:19:29.611,1,0,0,1,0
23:19:29.789,1,0,0,1,0
23:19:29.789,1,0,0,1,1
23:19:30.227,1,0,0,1,1
23:19:30.227,1,0,0,0,1
23:19:30.405,1,0,0,0,1
23:19:30.405,1,0,0,0,0
23:19:30.829,1,0,0,0,0
23:19:30.829,1,0,0,1,0
23:19:31.017,1,0,0,1,0
23:19:31.017,1,0,0,1,1
23:19:31.380,1,0,0,1,1
23:19:31.380,0,0,0,1,1
23:19:31.571,0,0,0,1,1
23:19:31.571,0,0,0,0,1
23:19:31.650,0,0,0,0,1
23:19:31.650,0,0,0,0,0
23:19:32.191,0,0,0,0,0
23:19:32.191,0,0,0,1,0
23:19:32.404,0,0,0,1,0
23:19:32.404,0,0,0,1,1
23:19:32.802,0,0,0,1,1
23:19:32.802,0,0,0,0,1
23:19:33.080,0,0,0,0,1
23:19:33.080,0,0,0,0,0
23:19:33.198,0,0,0,0,0
23:19:33.198,1,0,0,0,0
23:19:33.484,1,0,0,0,0
23:19:33.484,1,0,0,1,0
23:19:33.690,1,0,0,1,0
23:19:33.690,1,0,0,1,1
23:19:34.087,1,0,0,1,1
23:19:34.087,1,0,0,0,1
23:19:34.318,1,0,0,0,1
23:19:34.318,1,0,0,0,0
23:19:34.742,1,0,0,0,0
23:19:34.742,1,0,0,1,0
23:19:35.134,1,0,0,1,0
23:19:35.134,1,0,0,1,1
23:19:35.134,1,0,0,1,1
23:19:35.134,0,0,0,1,1
23:19:35.355,0,0,0,1,1
23:19:35.355,0,0,0,0,1
23:19:35.750,0,0,0,0,1
23:19:35.750,0,0,0,0,0
23:19:35.957,0,0,0,0,0
23:19:35.957,0,0,0,1,0
23:19:36.353,0,0,0,1,0
23:19:36.353,0,0,0,1,1
23:19:36.558,0,0,0,1,1
23:19:36.558,0,0,0,0,1
23:19:36.938,0,0,0,0,1
23:19:36.938,1,0,0,0,1
23:19:36.965,1,0,0,0,1
23:19:36.965,1,0,0,0,0
23:19:37.159,1,0,0,0,0
23:19:37.159,1,0,0,1,0
23:19:37.571,1,0,0,1,0
23:19:37.571,1,0,0,1,1
23:19:37.761,1,0,0,1,1
23:19:37.761,1,0,0,0,1
23:19:38.174,1,0,0,0,1
23:19:38.174,1,0,0,0,0
23:19:38.364,1,0,0,0,0
23:19:38.364,1,0,0,1,0
23:19:38.744,1,0,0,1,0
23:19:38.744,0,0,0,1,0
23:19:38.856,0,0,0,1,0
23:19:38.856,0,0,0,1,1
23:19:39.045,0,0,0,1,1
23:19:39.045,0,0,0,0,1
23:19:39.472,0,0,0,0,1
23:19:39.472,0,0,0,0,0
23:19:39.646,0,0,0,0,0
23:19:39.646,0,0,0,1,0
23:19:40.075,0,0,0,1,0
23:19:40.075,0,0,0,1,1
23:19:40.297,0,0,0,1,1
23:19:40.297,0,0,0,0,1
23:19:40.551,0,0,0,0,1
23:19:40.551,1,0,0,0,1
23:19:40.699,1,0,0,0,1
23:19:40.699,1,0,0,0,0
23:19:40.901,1,0,0,0,0
23:19:40.901,1,0,0,1,0
23:19:41.311,1,0,0,1,0
23:19:41.311,1,0,0,1,1
23:19:41.512,1,0,0,1,1
23:19:41.512,1,0,0,0,1
23:19:41.926,1,0,0,0,1
23:19:41.926,1,0,0,0,0
23:19:42.116,1,0,0,0,0
23:19:42.116,1,0,0,1,0
23:19:42.456,1,0,0,1,0
23:19:42.456,0,0,0,1,0
23:19:42.609,0,0,0,1,0
23:19:42.609,0,0,0,1,1
23:19:42.766,0,0,0,1,1
23:19:42.766,0,0,0,0,1
23:19:43.302,0,0,0,0,1
23:19:43.302,0,0,0,0,0
23:19:43.444,0,0,0,0,0
23:19:43.444,0,0,0,1,0
23:19:44.046,0,0,0,1,0
23:19:44.046,0,0,0,1,1
23:19:44.046,0,0,0,1,1
23:19:44.046,0,0,0,0,1
23:19:44.268,0,0,0,0,1
23:19:44.268,1,0,0,0,1
23:19:44.661,1,0,0,0,1
23:19:44.661,1,0,0,0,0
23:19:44.661,1,0,0,0,0
23:19:44.661,1,0,0,1,0
23:19:45.262,1,0,0,1,0
23:19:45.262,1,0,0,1,1
23:19:45.278,1,0,0,1,1
23:19:45.278,1,0,0,0,1
23:19:45.863,1,0,0,0,1
23:19:45.863,1,0,0,0,0
23:19:45.890,1,0,0,0,0
23:19:45.890,1,0,0,1,0
23:19:46.069,1,0,0,1,0
23:19:46.069,0,0,0,1,0
23:19:46.464,0,0,0,1,0
23:19:46.464,0,0,0,1,1
23:19:46.497,0,0,0,1,1
23:19:46.497,0,0,0,0,1
23:19:47.068,0,0,0,0,1
23:19:47.068,0,0,0,0,0
23:19:47.101,0,0,0,0,0
23:19:47.101,0,0,0,1,0
23:19:47.682,0,0,0,1,0
23:19:47.682,0,0,0,1,1
23:19:47.721,0,0,0,1,1
23:19:47.721,0,0,0,0,1
23:19:47.890,0,0,0,0,1
23:19:47.890,1,0,0,0,1
23:19:48.283,1,0,0,0,1
23:19:48.283,1,0,0,0,0
23:19:48.315,1,0,0,0,0
23:19:48.315,1,0,0,1,0
23:19:48.900,1,0,0,1,0
23:19:48.900,1,0,0,1,1
23:19:48.930,1,0,0,1,1
23:19:48.930,1,0,0,0,1
23:19:49.502,1,0,0,0,1
23:19:49.502,1,0,0,0,0
23:19:49.533,1,0,0,0,0
23:19:49.533,1,0,0,1,0
23:19:49.730,1,0,0,1,0
23:19:49.730,0,0,0,1,0
23:19:50.103,0,0,0,1,0
23:19:50.103,0,0,0,1,1
23:19:50.198,0,0,0,1,1
23:19:50.198,0,0,0,0,1
23:19:50.705,0,0,0,0,1
23:19:50.705,0,0,0,0,0
23:19:50.815,0,0,0,0,0
23:19:50.815,0,0,0,1,0
23:19:51.354,0,0,0,1,0
23:19:51.354,0,0,0,1,1
23:19:51.500,0,0,0,1,1
23:19:51.500,0,0,0,0,1
23:19:51.531,0,0,0,0,1
23:19:51.531,1,0,0,0,1
23:19:51.967,1,0,0,0,1
23:19:51.967,1,0,0,0,0
23:19:52.136,1,0,0,0,0
23:19:52.136,1,0,0,1,0
23:19:52.599,1,0,0,1,0
23:19:52.599,1,0,0,1,1
23:19:52.788,1,0,0,1,1
23:19:52.788,1,0,0,0,1
23:19:53.216,1,0,0,0,1
23:19:53.216,1,0,0,0,0
23:19:53.405,1,0,0,0,0
23:19:53.405,0,0,0,0,0
23:19:53.405,0,0,0,0,0
23:19:53.405,0,0,0,1,0
23:19:53.817,0,0,0,1,0
23:19:53.817,0,0,0,1,1
23:19:54.022,0,0,0,1,1
23:19:54.022,0,0,0,0,1
23:19:54.417,0,0,0,0,1
23:19:54.417,0,0,0,0,0
23:19:54.622,0,0,0,0,0
23:19:54.622,0,0,0,1,0
23:19:55.018,0,0,0,1,0
23:19:55.018,0,0,0,1,1
23:19:55.324,0,0,0,1,1
23:19:55.324,1,0,0,1,1
23:19:55.324,1,0,0,1,1
23:19:55.324,1,0,0,0,1
23:19:55.713,1,0,0,0,1
23:19:55.713,1,0,0,0,0
23:19:55.935,1,0,0,0,0
23:19:55.935,1,0,0,1,0
23:19:56.330,1,0,0,1,0
23:19:56.330,1,0,0,1,1
23:19:56.536,1,0,0,1,1
23:19:56.536,1,0,0,0,1
23:19:56.936,1,0,0,0,1
23:19:56.936,1,0,0,0,0
23:19:57.137,1,0,0,0,0
23:19:57.137,0,0,0,0,0
23:19:57.169,0,0,0,0,0
23:19:57.169,0,0,0,1,0
23:19:57.548,0,0,0,1,0
23:19:57.548,0,0,0,1,1
23:19:57.849,0,0,0,1,1
23:19:57.849,0,0,0,0,1
23:19:58.149,0,0,0,0,1
23:19:58.149,0,0,0,0,0
23:19:58.465,0,0,0,0,0
23:19:58.465,0,0,0,1,0
23:19:58.781,0,0,0,1,0
23:19:58.781,0,0,0,1,1
23:19:58.939,0,0,0,1,1
23:19:58.939,1,0,0,1,1
23:19:59.146,1,0,0,1,1
23:19:59.146,1,0,0,0,1
23:19:59.398,1,0,0,0,1
23:19:59.398,1,0,0,0,0
23:19:59.769,1,0,0,0,0
23:19:59.769,1,0,0,1,0
23:20:00.026,1,0,0,1,0
23:20:00.026,1,0,0,1,1
23:20:00.376,1,0,0,1,1
23:20:00.376,1,0,0,0,1
23:20:00.629,1,0,0,0,1
23:20:00.629,1,0,0,0,0
23:20:00.818,1,0,0,0,0
23:20:00.818,0,0,0,0,0
23:20:01.071,0,0,0,0,0
23:20:01.071,0,0,0,1,0
23:20:01.250,0,0,0,1,0
23:20:01.250,0,0,0,1,1
23:20:01.688,0,0,0,1,1
23:20:01.688,0,0,0,0,1
23:20:01.862,0,0,0,0,1
23:20:01.862,0,0,0,0,0
23:20:02.310,0,0,0,0,0
23:20:02.310,0,0,0,1,0
23:20:02.811,0,0,0,1,0
23:20:02.811,0,0,0,1,1
23:20:02.811,0,0,0,1,1
23:20:02.811,1,0,0,1,1
23:20:02.953,1,0,0,1,1
23:20:02.953,1,0,0,0,1
23:20:03.428,1,0,0,0,1
23:20:03.428,1,0,0,0,0
23:20:03.572,1,0,0,0,0
23:20:03.572,1,0,0,1,0
23:20:04.029,1,0,0,1,0
23:20:04.029,1,0,0,1,1
23:20:04.218,1,0,0,1,1
23:20:04.218,1,0,0,0,1
23:20:04.614,1,0,0,0,1
23:20:04.614,0,0,0,0,1
23:20:04.661,0,0,0,0,1
23:20:04.661,0,0,0,0,0
23:20:04.836,0,0,0,0,0
23:20:04.836,0,0,0,1,0
23:20:05.280,0,0,0,1,0
23:20:05.280,0,0,0,1,1
23:20:05.437,0,0,0,1,1
23:20:05.437,0,0,0,0,1
23:20:05.897,0,0,0,0,1
23:20:05.897,0,0,0,0,0
23:20:06.039,0,0,0,0,0
23:20:06.039,0,0,0,1,0
23:20:06.435,0,0,0,1,0
23:20:06.435,1,0,0,1,0
23:20:06.562,1,0,0,1,0
23:20:06.562,1,0,0,1,1
23:20:06.753,1,0,0,1,1
23:20:06.753,1,0,0,0,1
23:20:07.180,1,0,0,0,1
23:20:07.180,1,0,0,0,0
23:20:07.354,1,0,0,0,0
23:20:07.354,1,0,0,1,0
23:20:07.781,1,0,0,1,0
23:20:07.781,1,0,0,1,1
23:20:07.987,1,0,0,1,1
23:20:07.987,1,0,0,0,1
23:20:08.256,1,0,0,0,1
23:20:08.256,0,0,0,0,1
23:20:08.383,0,0,0,0,1
23:20:08.383,0,0,0,0,0
23:20:08.590,0,0,0,0,0
23:20:08.590,0,0,0,1,0
23:20:08.986,0,0,0,1,0
23:20:08.986,0,0,0,1,1
23:20:09.191,0,0,0,1,1
23:20:09.191,0,0,0,0,1
23:20:09.588,0,0,0,0,1
23:20:09.588,0,0,0,0,0
23:20:09.795,0,0,0,0,0
23:20:09.795,0,0,0,1,0
23:20:10.079,0,0,0,1,0
23:20:10.079,1,0,0,1,0
23:20:10.206,1,0,0,1,0
23:20:10.206,1,0,0,1,1
23:20:10.395,1,0,0,1,1
23:20:10.395,1,0,0,0,1
23:20:10.822,1,0,0,0,1
23:20:10.822,1,0,0,0,0
23:20:10.996,1,0,0,0,0
23:20:10.996,1,0,0,1,0
