Time,WM1,WM2,WM3,WM4,WM5
13:47:40.630,0,0,0,0,0
13:47:40.630,0,1,0,0,0
13:47:40.754,0,1,0,0,0
13:47:40.754,0,0,0,0,0
13:47:41.284,0,0,0,0,0
13:47:41.284,0,0,1,0,0
13:47:41.790,0,0,1,0,0
13:47:41.790,0,0,0,0,0
13:47:42.355,0,0,0,0,0
13:47:42.355,0,0,1,0,0
13:47:42.862,0,0,1,0,0
13:47:42.862,0,0,0,0,0
13:47:43.213,0,0,0,0,0
13:47:43.213,1,0,0,0,0
13:47:43.245,1,0,0,0,0
13:47:43.245,0,0,0,0,0
13:47:43.401,0,0,0,0,0
13:47:43.401,0,0,1,0,0
13:47:43.903,0,0,1,0,0
13:47:43.903,0,0,0,0,0
13:47:44.424,0,0,0,0,0
13:47:44.424,0,0,1,0,0
13:47:44.925,0,0,1,0,0
13:47:44.925,0,0,0,0,0
13:47:45.436,0,0,0,0,0
13:47:45.436,0,0,1,0,0
13:47:45.942,0,0,1,0,0
13:47:45.942,0,0,0,0,0
13:47:46.481,0,0,0,0,0
13:47:46.481,0,0,1,0,0
13:47:46.987,0,0,1,0,0
13:47:46.987,0,0,0,0,0
13:47:47.494,0,0,0,0,0
13:47:47.494,0,0,1,0,0
13:47:47.997,0,0,1,0,0
13:47:47.997,0,0,0,0,0
13:47:48.508,0,0,0,0,0
13:47:48.508,0,0,1,0,0
13:47:49.010,0,0,1,0,0
13:47:49.010,0,0,0,0,0
13:47:49.515,0,0,0,0,0
13:47:49.515,0,0,1,0,0
13:47:50.019,0,0,1,0,0
13:47:50.019,0,0,0,0,0
13:47:50.516,0,0,0,0,0
13:47:50.516,0,0,1,0,0
13:47:51.033,0,0,1,0,0
13:47:51.033,0,0,0,0,0
13:47:51.541,0,0,0,0,0
13:47:51.541,0,0,1,0,0
13:47:52.048,0,0,1,0,0
13:47:52.048,0,0,0,0,0
13:47:52.553,0,0,0,0,0
13:47:52.553,0,0,1,0,0
13:47:53.065,0,0,1,0,0
13:47:53.065,0,0,0,0,0
13:47:53.571,0,0,0,0,0
13:47:53.571,0,0,1,0,0
13:47:54.068,0,0,1,0,0
13:47:54.068,0,0,0,0,0
13:47:54.582,0,0,0,0,0
13:47:54.582,0,0,1,0,0
13:47:55.078,0,0,1,0,0
13:47:55.078,0,0,0,0,0
13:47:55.594,0,0,0,0,0
13:47:55.594,0,0,1,0,0
13:47:56.100,0,0,1,0,0
13:47:56.100,0,0,0,0,0
13:47:56.606,0,0,0,0,0
13:47:56.606,0,0,1,0,0
13:47:57.112,0,0,1,0,0
13:47:57.112,0,0,0,0,0
13:47:57.616,0,0,0,0,0
13:47:57.616,0,0,1,0,0
13:47:58.123,0,0,1,0,0
13:47:58.123,0,0,0,0,0
13:47:58.630,0,0,0,0,0
13:47:58.630,0,0,1,0,0
13:47:58.773,0,0,1,0,0
13:47:58.773,0,1,1,0,0
13:47:59.140,0,1,1,0,0
13:47:59.140,0,1,0,0,0
13:47:59.644,0,1,0,0,0
13:47:59.644,0,1,1,0,0
13:48:00.154,0,1,1,0,0
13:48:00.154,0,1,0,0,0
13:48:00.662,0,1,0,0,0
13:48:00.662,0,1,1,0,0
13:48:01.156,0,1,1,0,0
13:48:01.156,0,1,0,0,0
13:48:01.249,0,1,0,0,0
13:48:01.249,1,1,0,0,0
13:48:01.674,1,1,0,0,0
13:48:01.674,1,1,1,0,0
13:48:02.182,1,1,1,0,0
13:48:02.182,1,1,0,0,0
13:48:02.689,1,1,0,0,0
13:48:02.689,1,1,1,0,0
13:48:03.195,1,1,1,0,0
13:48:03.195,1,1,0,0,0
13:48:03.705,1,1,0,0,0
13:48:03.705,1,1,1,0,0
13:48:04.211,1,1,1,0,0
13:48:04.211,1,1,0,0,0
13:48:04.719,1,1,0,0,0
13:48:04.719,1,1,1,0,0
13:48:05.225,1,1,1,0,0
13:48:05.225,1,1,0,0,0
13:48:05.745,1,1,0,0,0
13:48:05.745,1,1,1,0,0
13:48:06.245,1,1,1,0,0
13:48:06.245,1,1,0,0,0
13:48:06.759,1,1,0,0,0
13:48:06.759,1,1,1,0,0
13:48:07.263,1,1,1,0,0
13:48:07.263,1,1,0,0,0
13:48:07.792,1,1,0,0,0
13:48:07.792,1,1,1,0,0
13:48:08.298,1,1,1,0,0
13:48:08.298,1,1,0,0,0
13:48:08.809,1,1,0,0,0
13:48:08.809,1,1,1,0,0
13:48:09.315,1,1,1,0,0
13:48:09.315,1,1,0,0,0
13:48:09.876,1,1,0,0,0
13:48:09.876,1,1,1,0,0
13:48:10.379,1,1,1,0,0
13:48:10.379,1,1,0,0,0
13:48:10.884,1,1,0,0,0
13:48:10.884,1,1,1,0,0
13:48:11.391,1,1,1,0,0
13:48:11.391,1,1,0,0,0
13:48:11.917,1,1,0,0,0
13:48:11.917,1,1,1,0,0
13:48:12.435,1,1,1,0,0
13:48:12.435,1,1,0,0,0
13:48:12.942,1,1,0,0,0
13:48:12.942,1,1,1,0,0
13:48:13.448,1,1,1,0,0
13:48:13.448,1,1,0,0,0
13:48:13.954,1,1,0,0,0
13:48:13.954,1,1,1,0,0
13:48:14.462,1,1,1,0,0
13:48:14.462,1,1,0,0,0
13:48:14.969,1,1,0,0,0
13:48:14.969,1,1,1,0,0
13:48:15.475,1,1,1,0,0
13:48:15.475,1,1,0,0,0
13:48:15.979,1,1,0,0,0
13:48:15.979,1,1,1,0,0
13:48:16.488,1,1,1,0,0
13:48:16.488,1,1,0,0,0
13:48:16.786,1,1,0,0,0
13:48:16.786,1,0,0,0,0
13:48:16.992,1,0,0,0,0
13:48:16.992,1,0,1,0,0
13:48:17.499,1,0,1,0,0
13:48:17.499,1,0,0,0,0
13:48:18.006,1,0,0,0,0
13:48:18.006,1,0,1,0,0
13:48:18.506,1,0,1,0,0
13:48:18.506,1,0,0,0,0
13:48:19.009,1,0,0,0,0
13:48:19.009,1,0,1,0,0
13:48:19.255,1,0,1,0,0
13:48:19.255,0,0,1,0,0
13:48:19.525,0,0,1,0,0
13:48:19.525,0,0,0,0,0
13:48:20.029,0,0,0,0,0
13:48:20.029,0,0,1,0,0
13:48:20.532,0,0,1,0,0
13:48:20.532,0,0,0,0,0
13:48:21.038,0,0,0,0,0
13:48:21.038,0,0,1,0,0
13:48:21.546,0,0,1,0,0
13:48:21.546,0,0,0,0,0
13:48:22.051,0,0,0,0,0
13:48:22.051,0,0,1,0,0
13:48:22.559,0,0,1,0,0
13:48:22.559,0,0,0,0,0
13:48:23.060,0,0,0,0,0
13:48:23.060,0,0,1,0,0
13:48:23.566,0,0,1,0,0
13:48:23.566,0,0,0,0,0
13:48:24.074,0,0,0,0,0
13:48:24.074,0,0,1,0,0
13:48:24.583,0,0,1,0,0
13:48:24.583,0,0,0,0,0
13:48:25.090,0,0,0,0,0
13:48:25.090,0,0,1,0,0
13:48:25.594,0,0,1,0,0
13:48:25.594,0,0,0,0,0
13:48:26.107,0,0,0,0,0
13:48:26.107,0,0,1,0,0
13:48:26.615,0,0,1,0,0
13:48:26.615,0,0,0,0,0
13:48:27.121,0,0,0,0,0
13:48:27.121,0,0,1,0,0
13:48:27.628,0,0,1,0,0
13:48:27.628,0,0,0,0,0
13:48:28.132,0,0,0,0,0
13:48:28.132,0,0,1,0,0
13:48:28.637,0,0,1,0,0
13:48:28.637,0,0,0,0,0
13:48:29.146,0,0,0,0,0
13:48:29.146,0,0,1,0,0
13:48:29.706,0,0,1,0,0
13:48:29.706,0,0,0,0,0
13:48:30.222,0,0,0,0,0
13:48:30.222,0,0,1,0,0
13:48:30.729,0,0,1,0,0
13:48:30.729,0,0,0,0,0
13:48:31.236,0,0,0,0,0
13:48:31.236,0,0,1,0,0
13:48:31.791,0,0,1,0,0
13:48:31.791,0,0,0,0,0
13:48:32.296,0,0,0,0,0
13:48:32.296,0,0,1,0,0
13:48:32.803,0,0,1,0,0
13:48:32.803,0,0,0,0,0
13:48:33.312,0,0,0,0,0
13:48:33.312,0,0,1,0,0
13:48:33.814,0,0,1,0,0
13:48:33.814,0,0,0,0,0
13:48:34.323,0,0,0,0,0
13:48:34.323,0,0,1,0,0
13:48:34.798,0,0,1,0,0
13:48:34.798,0,1,1,0,0
13:48:34.861,0,1,1,0,0
13:48:34.861,0,1,0,0,0
13:48:35.369,0,1,0,0,0
13:48:35.369,0,1,1,0,0
13:48:35.876,0,1,1,0,0
13:48:35.876,0,1,0,0,0
13:48:36.381,0,1,0,0,0
13:48:36.381,0,1,1,0,0
13:48:36.888,0,1,1,0,0
13:48:36.888,0,1,0,0,0
13:48:37.254,0,1,0,0,0
13:48:37.254,1,1,0,0,0
13:48:37.396,1,1,0,0,0
13:48:37.396,1,1,1,0,0
13:48:37.930,1,1,1,0,0
13:48:37.930,1,1,0,0,0
13:48:38.431,1,1,0,0,0
13:48:38.431,1,1,1,0,0
13:48:38.938,1,1,1,0,0
13:48:38.938,1,1,0,0,0
13:48:39.444,1,1,0,0,0
13:48:39.444,1,1,1,0,0
13:48:39.974,1,1,1,0,0
13:48:39.974,1,1,0,0,0
13:48:40.491,1,1,0,0,0
13:48:40.491,1,1,1,0,0
13:48:40.999,1,1,1,0,0
13:48:40.999,1,1,0,0,0
13:48:41.505,1,1,0,0,0
13:48:41.505,1,1,1,0,0
13:48:42.040,1,1,1,0,0
13:48:42.040,1,1,0,0,0
13:48:42.555,1,1,0,0,0
13:48:42.555,1,1,1,0,0
13:48:43.062,1,1,1,0,0
13:48:43.062,1,1,0,0,0
13:48:43.566,1,1,0,0,0
13:48:43.566,1,1,1,0,0
13:48:44.102,1,1,1,0,0
13:48:44.102,1,1,0,0,0
13:48:44.613,1,1,0,0,0
13:48:44.613,1,1,1,0,0
13:48:45.121,1,1,1,0,0
13:48:45.121,1,1,0,0,0
13:48:45.628,1,1,0,0,0
13:48:45.628,1,1,1,0,0
13:48:46.145,1,1,1,0,0
13:48:46.145,1,1,0,0,0
13:48:46.655,1,1,0,0,0
13:48:46.655,1,1,1,0,0
13:48:47.162,1,1,1,0,0
13:48:47.162,1,1,0,0,0
13:48:47.671,1,1,0,0,0
13:48:47.671,1,1,1,0,0
13:48:48.180,1,1,1,0,0
13:48:48.180,1,1,0,0,0
13:48:48.687,1,1,0,0,0
13:48:48.687,1,1,1,0,0
13:48:49.196,1,1,1,0,0
13:48:49.196,1,1,0,0,0
13:48:49.704,1,1,0,0,0
13:48:49.704,1,1,1,0,0
13:48:50.212,1,1,1,0,0
13:48:50.212,1,1,0,0,0
13:48:50.718,1,1,0,0,0
13:48:50.718,1,1,1,0,0
13:48:51.224,1,1,1,0,0
13:48:51.224,1,1,0,0,0
13:48:51.730,1,1,0,0,0
13:48:51.730,1,1,1,0,0
13:48:52.237,1,1,1,0,0
13:48:52.237,1,1,0,0,0
13:48:52.734,1,1,0,0,0
13:48:52.734,1,1,1,0,0
13:48:52.795,1,1,1,0,0
13:48:52.795,1,0,1,0,0
13:48:53.248,1,0,1,0,0
13:48:53.248,1,0,0,0,0
13:48:53.756,1,0,0,0,0
13:48:53.756,1,0,1,0,0
13:48:54.264,1,0,1,0,0
13:48:54.264,1,0,0,0,0
13:48:54.772,1,0,0,0,0
13:48:54.772,1,0,1,0,0
13:48:55.261,1,0,1,0,0
13:48:55.261,0,0,1,0,0
13:48:55.265,0,0,1,0,0
13:48:55.265,0,0,0,0,0
13:48:55.786,0,0,0,0,0
13:48:55.786,0,0,1,0,0
13:48:56.293,0,0,1,0,0
13:48:56.293,0,0,0,0,0
13:48:56.799,0,0,0,0,0
13:48:56.799,0,0,1,0,0
13:48:57.361,0,0,1,0,0
13:48:57.361,0,0,0,0,0
13:48:57.871,0,0,0,0,0
13:48:57.871,0,0,1,0,0
13:48:58.377,0,0,1,0,0
13:48:58.377,0,0,0,0,0
13:48:58.884,0,0,0,0,0
13:48:58.884,0,0,1,0,0
13:48:59.422,0,0,1,0,0
13:48:59.422,0,0,0,0,0
13:48:59.930,0,0,0,0,0
13:48:59.930,0,0,1,0,0
13:49:00.433,0,0,1,0,0
13:49:00.433,0,0,0,0,0
13:49:00.939,0,0,0,0,0
13:49:00.939,0,0,1,0,0
13:49:01.484,0,0,1,0,0
13:49:01.484,0,0,0,0,0
13:49:01.999,0,0,0,0,0
13:49:01.999,0,0,1,0,0
13:49:02.506,0,0,1,0,0
13:49:02.506,0,0,0,0,0
13:49:03.012,0,0,0,0,0
13:49:03.012,0,0,1,0,0
13:49:03.524,0,0,1,0,0
13:49:03.524,0,0,0,0,0
13:49:04.026,0,0,0,0,0
13:49:04.026,0,0,1,0,0
13:49:04.528,0,0,1,0,0
13:49:04.528,0,0,0,0,0
13:49:05.036,0,0,0,0,0
13:49:05.036,0,0,1,0,0
13:49:05.544,0,0,1,0,0
13:49:05.544,0,0,0,0,0
13:49:06.052,0,0,0,0,0
13:49:06.052,0,0,1,0,0
13:49:06.557,0,0,1,0,0
13:49:06.557,0,0,0,0,0
13:49:07.063,0,0,0,0,0
13:49:07.063,0,0,1,0,0
13:49:07.568,0,0,1,0,0
13:49:07.568,0,0,0,0,0
13:49:08.106,0,0,0,0,0
13:49:08.106,0,0,1,0,0
13:49:08.620,0,0,1,0,0
13:49:08.620,0,0,0,0,0
13:49:09.127,0,0,0,0,0
13:49:09.127,0,0,1,0,0
13:49:09.636,0,0,1,0,0
13:49:09.636,0,0,0,0,0
13:49:10.144,0,0,0,0,0
13:49:10.144,0,0,1,0,0
13:49:10.653,0,0,1,0,0
13:49:10.653,0,0,0,0,0
13:49:10.812,0,0,0,0,0
13:49:10.812,0,1,0,0,0
13:49:11.159,0,1,0,0,0
13:49:11.159,0,1,1,0,0
13:49:11.666,0,1,1,0,0
13:49:11.666,0,1,0,0,0
13:49:12.213,0,1,0,0,0
13:49:12.213,0,1,1,0,0
13:49:12.725,0,1,1,0,0
13:49:12.725,0,1,0,0,0
13:49:13.229,0,1,0,0,0
13:49:13.229,0,1,1,0,0
13:49:13.292,0,1,1,0,0
13:49:13.292,1,1,1,0,0
13:49:13.734,1,1,1,0,0
13:49:13.734,1,1,0,0,0
13:49:14.256,1,1,0,0,0
13:49:14.256,1,1,1,0,0
13:49:14.762,1,1,1,0,0
13:49:14.762,1,1,0,0,0
13:49:15.268,1,1,0,0,0
13:49:15.268,1,1,1,0,0
13:49:15.775,1,1,1,0,0
13:49:15.775,1,1,0,0,0
13:49:16.281,1,1,0,0,0
13:49:16.281,1,1,1,0,0
13:49:16.789,1,1,1,0,0
13:49:16.789,1,1,0,0,0
13:49:17.297,1,1,0,0,0
13:49:17.297,1,1,1,0,0
13:49:17.802,1,1,1,0,0
13:49:17.802,1,1,0,0,0
13:49:18.308,1,1,0,0,0
13:49:18.308,1,1,1,0,0
13:49:18.820,1,1,1,0,0
13:49:18.820,1,1,0,0,0
13:49:19.339,1,1,0,0,0
13:49:19.339,1,1,1,0,0
13:49:19.844,1,1,1,0,0
13:49:19.844,1,1,0,0,0
13:49:20.350,1,1,0,0,0
13:49:20.350,1,1,1,0,0
13:49:20.901,1,1,1,0,0
13:49:20.901,1,1,0,0,0
13:49:21.408,1,1,0,0,0
13:49:21.408,1,1,1,0,0
13:49:21.904,1,1,1,0,0
13:49:21.904,1,1,0,0,0
13:49:22.424,1,1,0,0,0
13:49:22.424,1,1,1,0,0
13:49:22.953,1,1,1,0,0
13:49:22.953,1,1,0,0,0
13:49:23.471,1,1,0,0,0
13:49:23.471,1,1,1,0,0
13:49:23.978,1,1,1,0,0
13:49:23.978,1,1,0,0,0
13:49:24.485,1,1,0,0,0
13:49:24.485,1,1,1,0,0
13:49:24.994,1,1,1,0,0
13:49:24.994,1,1,0,0,0
13:49:25.497,1,1,0,0,0
13:49:25.497,1,1,1,0,0
13:49:26.005,1,1,1,0,0
13:49:26.005,1,1,0,0,0
13:49:26.513,1,1,0,0,0
13:49:26.513,1,1,1,0,0
13:49:27.018,1,1,1,0,0
13:49:27.018,1,1,0,0,0
13:49:27.516,1,1,0,0,0
13:49:27.516,1,1,1,0,0
13:49:28.033,1,1,1,0,0
13:49:28.033,1,1,0,0,0
13:49:28.538,1,1,0,0,0
13:49:28.538,1,1,1,0,0
13:49:28.822,1,1,1,0,0
13:49:28.822,1,0,1,0,0
13:49:29.044,1,0,1,0,0
13:49:29.044,1,0,0,0,0
13:49:29.548,1,0,0,0,0
13:49:29.548,1,0,1,0,0
13:49:30.056,1,0,1,0,0
13:49:30.056,1,0,0,0,0
13:49:30.564,1,0,0,0,0
13:49:30.564,1,0,1,0,0
13:49:31.073,1,0,1,0,0
13:49:31.073,1,0,0,0,0
13:49:31.296,1,0,0,0,0
13:49:31.296,0,0,0,0,0
13:49:31.581,0,0,0,0,0
13:49:31.581,0,0,1,0,0
13:49:32.086,0,0,1,0,0
13:49:32.086,0,0,0,0,0
13:49:32.597,0,0,0,0,0
13:49:32.597,0,0,1,0,0
13:49:33.104,0,0,1,0,0
13:49:33.104,0,0,0,0,0
13:49:33.612,0,0,0,0,0
13:49:33.612,0,0,1,0,0
13:49:34.143,0,0,1,0,0
13:49:34.143,0,0,0,0,0
13:49:34.658,0,0,0,0,0
13:49:34.658,0,0,1,0,0
13:49:35.165,0,0,1,0,0
13:49:35.165,0,0,0,0,0
13:49:35.673,0,0,0,0,0
13:49:35.673,0,0,1,0,0
13:49:36.215,0,0,1,0,0
13:49:36.215,0,0,0,0,0
13:49:36.731,0,0,0,0,0
13:49:36.731,0,0,1,0,0
13:49:37.235,0,0,1,0,0
13:49:37.235,0,0,0,0,0
13:49:37.742,0,0,0,0,0
13:49:37.742,0,0,1,0,0
13:49:38.280,0,0,1,0,0
13:49:38.280,0,0,0,0,0
13:49:38.789,0,0,0,0,0
13:49:38.789,0,0,1,0,0
13:49:39.297,0,0,1,0,0
13:49:39.297,0,0,0,0,0
13:49:39.807,0,0,0,0,0
13:49:39.807,0,0,1,0,0
13:49:40.344,0,0,1,0,0
13:49:40.344,0,0,0,0,0
13:49:40.847,0,0,0,0,0
13:49:40.847,0,0,1,0,0
13:49:41.353,0,0,1,0,0
13:49:41.353,0,0,0,0,0
13:49:41.859,0,0,0,0,0
13:49:41.859,0,0,1,0,0
13:49:42.386,0,0,1,0,0
13:49:42.386,0,0,0,0,0
13:49:42.906,0,0,0,0,0
13:49:42.906,0,0,1,0,0
13:49:43.412,0,0,1,0,0
13:49:43.412,0,0,0,0,0
13:49:43.921,0,0,0,0,0
13:49:43.921,0,0,1,0,0
13:49:44.460,0,0,1,0,0
13:49:44.460,0,0,0,0,0
13:49:44.966,0,0,0,0,0
13:49:44.966,0,0,1,0,0
13:49:45.474,0,0,1,0,0
13:49:45.474,0,0,0,0,0
13:49:45.982,0,0,0,0,0
13:49:45.982,0,0,1,0,0
13:49:46.523,0,0,1,0,0
13:49:46.523,0,0,0,0,0
13:49:46.837,0,0,0,0,0
13:49:46.837,0,1,0,0,0
13:49:47.026,0,1,0,0,0
13:49:47.026,0,1,1,0,0
13:49:47.531,0,1,1,0,0
13:49:47.531,0,1,0,0,0
13:49:48.039,0,1,0,0,0
13:49:48.039,0,1,1,0,0
13:49:48.547,0,1,1,0,0
13:49:48.547,0,1,0,0,0
13:49:49.054,0,1,0,0,0
13:49:49.054,0,1,1,0,0
13:49:49.308,0,1,1,0,0
13:49:49.308,1,1,1,0,0
13:49:49.562,1,1,1,0,0
13:49:49.562,1,1,0,0,0
13:49:50.072,1,1,0,0,0
13:49:50.072,1,1,1,0,0
13:49:50.579,1,1,1,0,0
13:49:50.579,1,1,0,0,0
13:49:51.076,1,1,0,0,0
13:49:51.076,1,1,1,0,0
13:49:51.579,1,1,1,0,0
13:49:51.579,1,1,0,0,0
13:49:52.085,1,1,0,0,0
13:49:52.085,1,1,1,0,0
13:49:52.592,1,1,1,0,0
13:49:52.592,1,1,0,0,0
13:49:53.140,1,1,0,0,0
13:49:53.140,1,1,1,0,0
13:49:53.653,1,1,1,0,0
13:49:53.653,1,1,0,0,0
13:49:54.159,1,1,0,0,0
13:49:54.159,1,1,1,0,0
13:49:54.667,1,1,1,0,0
13:49:54.667,1,1,0,0,0
13:49:55.180,1,1,0,0,0
13:49:55.180,1,1,1,0,0
13:49:55.693,1,1,1,0,0
13:49:55.693,1,1,0,0,0
13:49:56.190,1,1,0,0,0
13:49:56.190,1,1,1,0,0
13:49:56.320,1,1,1,0,0
13:49:56.320,0,1,1,0,0
13:49:56.704,0,1,1,0,0
13:49:56.704,0,1,0,0,0
13:49:57.232,0,1,0,0,0
13:49:57.232,0,1,1,0,0
13:49:57.747,0,1,1,0,0
13:49:57.747,0,1,0,0,0
13:49:58.085,0,1,0,0,0
13:49:58.085,0,0,0,0,0
13:49:58.159,0,0,0,0,0
13:49:58.159,1,0,0,0,0
13:49:58.254,1,0,0,0,0
13:49:58.254,1,0,1,0,0
13:49:58.760,1,0,1,0,0
13:49:58.760,1,0,0,0,0
13:49:59.266,1,0,0,0,0
13:49:59.266,1,0,1,0,0
13:49:59.771,1,0,1,0,0
13:49:59.771,1,0,0,0,0
13:49:59.898,1,0,0,0,0
13:49:59.898,1,1,0,0,0
13:49:59.978,1,1,0,0,0
13:49:59.978,0,1,0,0,0
13:50:00.283,0,1,0,0,0
13:50:00.283,0,1,1,0,0
13:50:00.791,0,1,1,0,0
13:50:00.791,0,1,0,0,0
13:50:01.294,0,1,0,0,0
13:50:01.294,0,1,1,0,0
13:50:01.710,0,1,1,0,0
13:50:01.710,0,0,1,0,0
13:50:01.775,0,0,1,0,0
13:50:01.775,1,0,1,0,0
13:50:01.838,1,0,1,0,0
13:50:01.838,1,0,0,0,0
13:50:02.345,1,0,0,0,0
13:50:02.345,1,0,1,0,0
13:50:02.853,1,0,1,0,0
13:50:02.853,1,0,0,0,0
13:50:03.359,1,0,0,0,0
13:50:03.359,1,0,1,0,0
13:50:03.517,1,0,1,0,0
13:50:03.517,1,1,1,0,0
13:50:03.581,1,1,1,0,0
13:50:03.581,0,1,1,0,0
13:50:03.867,0,1,1,0,0
13:50:03.867,0,1,0,0,0
13:50:04.372,0,1,0,0,0
13:50:04.372,0,1,1,0,0
13:50:04.879,0,1,1,0,0
13:50:04.879,0,1,0,0,0
13:50:05.324,0,1,0,0,0
13:50:05.324,0,0,0,0,0
13:50:05.395,0,0,0,0,0
13:50:05.395,0,0,1,0,0
13:50:05.395,0,0,1,0,0
13:50:05.395,1,0,1,0,0
13:50:05.911,1,0,1,0,0
13:50:05.911,1,0,0,0,0
13:50:06.412,1,0,0,0,0
13:50:06.412,1,0,1,0,0
13:50:06.725,1,1,1,0,0
13:50:06.725,1,0,1,0,0
13:50:06.792,1,1,1,0,0
13:50:06.792,1,0,1,0,0
13:50:06.918,1,0,1,0,0
13:50:06.918,1,0,0,0,0
13:50:07.204,1,0,0,0,0
13:50:07.204,0,0,0,0,0
13:50:07.299,0,0,1,0,0
13:50:07.299,0,0,0,0,0
13:50:09.007,0,0,0,0,0
13:50:09.007,1,0,0,0,0
13:50:10.824,1,0,0,0,0
13:50:10.824,0,0,0,0,0
13:50:12.634,0,0,0,0,0
13:50:12.634,1,0,0,0,0
13:50:14.446,1,0,0,0,0
13:50:14.446,0,0,0,0,0
13:50:16.250,0,0,0,0,0
13:50:16.250,1,0,0,0,0
13:50:17.972,1,0,0,0,0
13:50:17.972,0,0,0,0,0
13:50:18.047,1,0,0,0,0
13:50:18.047,0,0,0,0,0
13:51:14.560,1,0,0,0,0
13:51:14.560,0,0,0,0,0
13:51:15.009,0,1,0,0,0
13:51:15.009,0,0,0,0,0
13:51:22.704,0,0,0,0,0
13:51:22.704,0,1,0,0,0
13:51:22.787,0,1,0,0,0
13:51:22.787,0,0,0,0,0
13:51:23.315,0,0,0,0,0
13:51:23.315,0,0,1,0,0
13:51:23.816,0,0,1,0,0
13:51:23.816,0,0,0,0,0
13:51:24.324,0,0,0,0,0
13:51:24.324,0,0,1,0,0
13:51:24.599,0,0,1,0,0
13:51:24.599,0,1,1,0,0
13:51:24.831,0,1,1,0,0
13:51:24.831,0,1,0,0,0
13:51:24.896,0,1,0,0,0
13:51:24.896,1,1,0,0,0
13:51:24.967,1,1,0,0,0
13:51:24.967,0,1,0,0,0
13:51:25.333,0,1,0,0,0
13:51:25.333,0,1,1,0,0
13:51:25.845,0,1,1,0,0
13:51:25.845,0,1,0,0,0
13:51:26.351,0,1,0,0,0
13:51:26.351,0,1,1,0,0
13:51:26.415,0,1,1,0,0
13:51:26.415,0,0,1,0,0
13:51:26.767,0,0,1,0,0
13:51:26.767,1,0,1,0,0
13:51:26.856,1,0,1,0,0
13:51:26.856,1,0,0,0,0
13:51:27.367,1,0,0,0,0
13:51:27.367,1,0,1,0,0
13:51:27.874,1,0,1,0,0
13:51:27.874,1,0,0,0,0
13:51:28.227,1,0,0,0,0
13:51:28.227,1,1,0,0,0
13:51:28.387,1,1,0,0,0
13:51:28.387,1,1,1,0,0
13:51:28.574,1,1,1,0,0
13:51:28.574,0,1,1,0,0
13:51:28.893,0,1,1,0,0
13:51:28.893,0,1,0,0,0
13:51:29.402,0,1,0,0,0
13:51:29.402,0,1,1,0,0
13:51:29.908,0,1,1,0,0
13:51:29.908,0,1,0,0,0
13:51:30.035,0,1,0,0,0
13:51:30.035,0,0,0,0,0
13:51:30.385,0,0,0,0,0
13:51:30.385,1,0,0,0,0
13:51:30.442,1,0,0,0,0
13:51:30.442,1,0,1,0,0
13:51:30.955,1,0,1,0,0
13:51:30.955,1,0,0,0,0
13:51:31.467,1,0,0,0,0
13:51:31.467,1,0,1,0,0
13:51:31.846,1,0,1,0,0
13:51:31.846,1,1,1,0,0
13:51:31.974,1,1,1,0,0
13:51:31.974,1,1,0,0,0
13:51:32.191,1,1,0,0,0
13:51:32.191,0,1,0,0,0
13:51:32.485,0,1,0,0,0
13:51:32.485,0,1,1,0,0
13:51:32.987,0,1,1,0,0
13:51:32.987,0,1,0,0,0
13:51:33.500,0,1,0,0,0
13:51:33.500,0,1,1,0,0
13:51:33.658,0,1,1,0,0
13:51:33.658,0,0,1,0,0
13:51:34.007,0,0,1,0,0
13:51:34.007,1,0,1,0,0
13:51:34.007,1,0,1,0,0
13:51:34.007,1,0,0,0,0
13:51:34.512,1,0,0,0,0
13:51:34.512,1,0,1,0,0
13:51:35.019,1,0,1,0,0
13:51:35.019,1,0,0,0,0
13:51:35.459,1,0,0,0,0
13:51:35.459,1,1,0,0,0
13:51:35.521,1,1,0,0,0
13:51:35.521,1,1,1,0,0
13:51:35.841,1,1,1,0,0
13:51:35.841,0,1,1,0,0
13:51:36.031,0,1,1,0,0
13:51:36.031,0,1,0,0,0
13:51:36.537,0,1,0,0,0
13:51:36.537,0,1,1,0,0
13:51:37.035,0,1,1,0,0
13:51:37.035,0,1,0,0,0
13:51:37.273,0,1,0,0,0
13:51:37.273,0,0,0,0,0
13:51:37.541,0,0,0,0,0
13:51:37.541,0,0,1,0,0
13:51:37.652,0,0,1,0,0
13:51:37.652,1,0,1,0,0
13:51:38.041,1,0,1,0,0
13:51:38.041,1,0,0,0,0
13:51:38.553,1,0,0,0,0
13:51:38.553,1,0,1,0,0
13:51:39.059,1,0,1,0,0
13:51:39.059,1,0,0,0,0
13:51:39.075,1,0,0,0,0
13:51:39.075,1,1,0,0,0
13:51:39.459,1,1,0,0,0
13:51:39.459,0,1,0,0,0
13:51:39.569,0,1,0,0,0
13:51:39.569,0,1,1,0,0
13:51:40.078,0,1,1,0,0
13:51:40.078,0,1,0,0,0
13:51:40.588,0,1,0,0,0
13:51:40.588,0,1,1,0,0
13:51:40.889,0,1,1,0,0
13:51:40.889,0,0,1,0,0
13:51:41.099,0,0,1,0,0
13:51:41.099,0,0,0,0,0
13:51:41.273,0,0,0,0,0
13:51:41.273,1,0,0,0,0
13:51:41.651,1,0,0,0,0
13:51:41.651,1,0,1,0,0
13:51:42.159,1,0,1,0,0
13:51:42.159,1,0,0,0,0
13:51:42.659,1,0,0,0,0
13:51:42.659,1,0,1,0,0
13:51:42.752,1,0,1,0,0
13:51:42.752,1,1,1,0,0
13:51:43.084,1,1,1,0,0
13:51:43.084,0,1,1,0,0
13:51:43.164,0,1,1,0,0
13:51:43.164,0,1,0,0,0
13:51:43.675,0,1,0,0,0
13:51:43.675,0,1,1,0,0
13:51:44.185,0,1,1,0,0
13:51:44.185,0,1,0,0,0
13:51:44.582,0,1,0,0,0
13:51:44.582,0,0,0,0,0
13:51:44.691,0,0,0,0,0
13:51:44.691,0,0,1,0,0
13:51:44.897,0,0,1,0,0
13:51:44.897,1,0,1,0,0
13:51:45.199,1,0,1,0,0
13:51:45.199,1,0,0,0,0
13:51:45.705,1,0,0,0,0
13:51:45.705,1,0,1,0,0
13:51:46.196,1,0,1,0,0
13:51:46.196,1,0,0,0,0
13:51:46.388,1,0,0,0,0
13:51:46.388,1,1,0,0,0
13:51:46.699,1,1,0,0,0
13:51:46.699,0,1,0,0,0
13:51:46.710,0,1,0,0,0
13:51:46.710,0,1,1,0,0
13:51:47.211,0,1,1,0,0
13:51:47.211,0,1,0,0,0
13:51:47.717,0,1,0,0,0
13:51:47.717,0,1,1,0,0
13:51:48.209,0,1,1,0,0
13:51:48.209,0,0,1,0,0
13:51:48.229,0,0,1,0,0
13:51:48.229,0,0,0,0,0
13:51:48.511,0,0,0,0,0
13:51:48.511,1,0,0,0,0
13:51:48.733,1,0,0,0,0
13:51:48.733,1,0,1,0,0
13:51:49.245,1,0,1,0,0
13:51:49.245,1,0,0,0,0
13:51:49.755,1,0,0,0,0
13:51:49.755,1,0,1,0,0
13:51:50.010,1,0,1,0,0
13:51:50.010,1,1,1,0,0
13:51:50.266,1,1,1,0,0
13:51:50.266,1,1,0,0,0
13:51:50.365,1,1,0,0,0
13:51:50.365,0,1,0,0,0
13:51:50.763,0,1,0,0,0
13:51:50.763,0,1,1,0,0
13:51:51.280,0,1,1,0,0
13:51:51.280,0,1,0,0,0
13:51:51.792,0,1,0,0,0
13:51:51.792,0,1,1,0,0
13:51:51.855,0,1,1,0,0
13:51:51.855,0,0,1,0,0
13:51:52.176,0,0,1,0,0
13:51:52.176,1,0,1,0,0
13:51:52.301,1,0,1,0,0
13:51:52.301,1,0,0,0,0
13:51:52.809,1,0,0,0,0
13:51:52.809,1,0,1,0,0
13:51:53.320,1,0,1,0,0
13:51:53.320,1,0,0,0,0
13:51:53.664,1,0,0,0,0
13:51:53.664,1,1,0,0,0
13:51:53.833,1,1,0,0,0
13:51:53.833,1,1,1,0,0
13:51:54.017,1,1,1,0,0
13:51:54.017,0,1,1,0,0
13:51:54.334,0,1,1,0,0
13:51:54.334,0,1,0,0,0
13:51:54.827,0,1,0,0,0
13:51:54.827,0,1,1,0,0
13:51:55.335,0,1,1,0,0
13:51:55.335,0,1,0,0,0
13:51:55.478,0,1,0,0,0
13:51:55.478,0,0,0,0,0
13:51:55.827,0,0,0,0,0
13:51:55.827,1,0,0,0,0
13:51:55.840,1,0,0,0,0
13:51:55.840,1,0,1,0,0
13:51:56.347,1,0,1,0,0
13:51:56.347,1,0,0,0,0
13:51:56.923,1,0,0,0,0
13:51:56.923,1,0,1,0,0
13:51:57.307,1,0,1,0,0
13:51:57.307,1,1,1,0,0
13:51:57.426,1,1,1,0,0
13:51:57.426,1,1,0,0,0
13:51:57.631,1,1,0,0,0
13:51:57.631,0,1,0,0,0
13:51:57.933,0,1,0,0,0
13:51:57.933,0,1,1,0,0
13:51:58.443,0,1,1,0,0
13:51:58.443,0,1,0,0,0
13:51:58.963,0,1,0,0,0
13:51:58.963,0,1,1,0,0
13:51:59.113,0,1,1,0,0
13:51:59.113,0,0,1,0,0
13:51:59.445,0,0,1,0,0
13:51:59.445,1,0,1,0,0
13:51:59.530,1,0,1,0,0
13:51:59.530,1,0,0,0,0
13:52:00.038,1,0,0,0,0
13:52:00.038,1,0,1,0,0
13:52:00.551,1,0,1,0,0
13:52:00.551,1,0,0,0,0
13:52:00.913,1,0,0,0,0
13:52:00.913,1,1,0,0,0
13:52:01.057,1,1,0,0,0
13:52:01.057,1,1,1,0,0
13:52:01.252,1,1,1,0,0
13:52:01.252,0,1,1,0,0
13:52:01.568,0,1,1,0,0
13:52:01.568,0,1,0,0,0
13:52:02.071,0,1,0,0,0
13:52:02.071,0,1,1,0,0
13:52:02.577,0,1,1,0,0
13:52:02.577,0,1,0,0,0
13:52:02.721,0,1,0,0,0
13:52:02.721,0,0,0,0,0
13:52:03.094,0,0,0,0,0
13:52:03.094,1,0,0,0,0
13:52:03.094,1,0,0,0,0
13:52:03.094,1,0,1,0,0
13:52:03.596,1,0,1,0,0
13:52:03.596,1,0,0,0,0
13:52:04.106,1,0,0,0,0
13:52:04.106,1,0,1,0,0
13:52:04.533,1,0,1,0,0
13:52:04.533,1,1,1,0,0
13:52:04.613,1,1,1,0,0
13:52:04.613,1,1,0,0,0
13:52:04.897,1,1,0,0,0
13:52:04.897,0,1,0,0,0
13:52:05.141,0,1,0,0,0
13:52:05.141,0,1,1,0,0
13:52:05.643,0,1,1,0,0
13:52:05.643,0,1,0,0,0
13:52:06.155,0,1,0,0,0
13:52:06.155,0,1,1,0,0
13:52:06.361,0,1,1,0,0
13:52:06.361,0,0,1,0,0
13:52:06.663,0,0,1,0,0
13:52:06.663,0,0,0,0,0
13:52:06.729,0,0,0,0,0
13:52:06.729,1,0,0,0,0
13:52:07.208,1,0,0,0,0
13:52:07.208,1,0,1,0,0
13:52:07.712,1,0,1,0,0
13:52:07.712,1,0,0,0,0
13:52:08.172,1,0,0,0,0
13:52:08.172,1,1,0,0,0
13:52:08.255,1,1,0,0,0
13:52:08.255,1,1,1,0,0
13:52:08.541,1,1,1,0,0
13:52:08.541,0,1,1,0,0
13:52:08.762,0,1,1,0,0
13:52:08.762,0,1,0,0,0
13:52:09.263,0,1,0,0,0
13:52:09.263,0,1,1,0,0
13:52:09.771,0,1,1,0,0
13:52:09.771,0,1,0,0,0
13:52:09.977,0,1,0,0,0
13:52:09.977,0,0,0,0,0
13:52:10.278,0,0,0,0,0
13:52:10.278,0,0,1,0,0
13:52:10.376,0,0,1,0,0
13:52:10.376,1,0,1,0,0
13:52:10.784,1,0,1,0,0
13:52:10.784,1,0,0,0,0
13:52:11.286,1,0,0,0,0
13:52:11.286,1,0,1,0,0
13:52:11.791,1,0,1,0,0
13:52:11.791,1,1,1,0,0
13:52:11.791,1,1,1,0,0
13:52:11.791,1,1,0,0,0
13:52:12.193,1,1,0,0,0
13:52:12.193,0,1,0,0,0
13:52:12.304,0,1,0,0,0
13:52:12.304,0,1,1,0,0
13:52:12.812,0,1,1,0,0
13:52:12.812,0,1,0,0,0
13:52:13.317,0,1,0,0,0
13:52:13.317,0,1,1,0,0
13:52:13.601,0,1,1,0,0
13:52:13.601,0,0,1,0,0
13:52:13.823,0,0,1,0,0
13:52:13.823,0,0,0,0,0
13:52:13.998,0,0,0,0,0
13:52:13.998,1,0,0,0,0
13:52:14.336,1,0,0,0,0
13:52:14.336,1,0,1,0,0
13:52:14.849,1,0,1,0,0
13:52:14.849,1,0,0,0,0
13:52:15.376,1,0,0,0,0
13:52:15.376,1,0,1,0,0
13:52:15.438,1,0,1,0,0
13:52:15.438,1,1,1,0,0
13:52:15.811,1,1,1,0,0
13:52:15.811,0,1,1,0,0
13:52:15.891,0,1,1,0,0
13:52:15.891,0,1,0,0,0
13:52:16.404,0,1,0,0,0
13:52:16.404,0,1,1,0,0
13:52:16.910,0,1,1,0,0
13:52:16.910,0,1,0,0,0
13:52:17.242,0,1,0,0,0
13:52:17.242,0,0,0,0,0
13:52:17.417,0,0,0,0,0
13:52:17.417,0,0,1,0,0
13:52:17.622,0,0,1,0,0
13:52:17.622,1,0,1,0,0
13:52:17.923,1,0,1,0,0
13:52:17.923,1,0,0,0,0
13:52:18.435,1,0,0,0,0
13:52:18.435,1,0,1,0,0
13:52:18.941,1,0,1,0,0
13:52:18.941,1,0,0,0,0
13:52:19.048,1,0,0,0,0
13:52:19.048,1,1,0,0,0
13:52:19.437,1,1,0,0,0
13:52:19.437,0,1,0,0,0
13:52:19.455,0,1,0,0,0
13:52:19.455,0,1,1,0,0
13:52:19.965,0,1,1,0,0
13:52:19.965,0,1,0,0,0
13:52:20.483,0,1,0,0,0
13:52:20.483,0,1,1,0,0
13:52:20.861,0,1,1,0,0
13:52:20.861,0,0,1,0,0
13:52:20.987,0,0,1,0,0
13:52:20.987,0,0,0,0,0
13:52:21.251,0,0,0,0,0
13:52:21.251,1,0,0,0,0
13:52:21.521,1,0,0,0,0
13:52:21.521,1,0,1,0,0
13:52:22.024,1,0,1,0,0
13:52:22.024,1,0,0,0,0
13:52:22.533,1,0,0,0,0
13:52:22.533,1,0,1,0,0
13:52:22.675,1,0,1,0,0
13:52:22.675,1,1,1,0,0
13:52:23.040,1,1,1,0,0
13:52:23.040,1,1,0,0,0
13:52:23.054,1,1,0,0,0
13:52:23.054,0,1,0,0,0
13:52:23.605,0,1,0,0,0
13:52:23.605,0,1,1,0,0
13:52:24.113,0,1,1,0,0
13:52:24.113,0,1,0,0,0
13:52:24.477,0,1,0,0,0
13:52:24.477,0,0,0,0,0
13:52:24.620,0,0,0,0,0
13:52:24.620,0,0,1,0,0
13:52:24.858,0,0,1,0,0
13:52:24.858,1,0,1,0,0
13:52:25.126,1,0,1,0,0
13:52:25.126,1,0,0,0,0
13:52:25.653,1,0,0,0,0
13:52:25.653,1,0,1,0,0
13:52:26.176,1,0,1,0,0
13:52:26.176,1,0,0,0,0
13:52:26.286,1,0,0,0,0
13:52:26.286,1,1,0,0,0
13:52:26.667,1,1,0,0,0
13:52:26.667,0,1,0,0,0
13:52:26.681,0,1,0,0,0
13:52:26.681,0,1,1,0,0
13:52:27.189,0,1,1,0,0
13:52:27.189,0,1,0,0,0
13:52:27.687,0,1,0,0,0
13:52:27.687,0,1,1,0,0
13:52:28.092,0,1,1,0,0
13:52:28.092,0,0,1,0,0
13:52:28.206,0,0,1,0,0
13:52:28.206,0,0,0,0,0
13:52:28.473,0,0,0,0,0
13:52:28.473,1,0,0,0,0
13:52:28.710,1,0,0,0,0
13:52:28.710,1,0,1,0,0
13:52:29.212,1,0,1,0,0
13:52:29.212,1,0,0,0,0
13:52:29.713,1,0,0,0,0
13:52:29.713,1,0,1,0,0
13:52:29.902,1,0,1,0,0
13:52:29.902,1,1,1,0,0
13:52:30.227,1,1,1,0,0
13:52:30.227,1,1,0,0,0
13:52:30.307,1,1,0,0,0
13:52:30.307,0,1,0,0,0
13:52:30.731,0,1,0,0,0
13:52:30.731,0,1,1,0,0
13:52:31.237,0,1,1,0,0
13:52:31.237,0,1,0,0,0
13:52:31.711,0,1,0,0,0
13:52:31.711,0,0,0,0,0
13:52:31.769,0,0,0,0,0
13:52:31.769,0,0,1,0,0
13:52:32.111,0,0,1,0,0
13:52:32.111,1,0,1,0,0
13:52:32.318,1,0,1,0,0
13:52:32.318,1,0,0,0,0
13:52:32.823,1,0,0,0,0
13:52:32.823,1,0,1,0,0
13:52:33.336,1,0,1,0,0
13:52:33.336,1,0,0,0,0
13:52:33.511,1,0,0,0,0
13:52:33.511,1,1,0,0,0
13:52:33.841,1,1,0,0,0
13:52:33.841,1,1,1,0,0
13:52:33.921,1,1,1,0,0
13:52:33.921,0,1,1,0,0
13:52:34.354,0,1,1,0,0
13:52:34.354,0,1,0,0,0
13:52:34.861,0,1,0,0,0
13:52:34.861,0,1,1,0,0
13:52:35.325,0,1,1,0,0
13:52:35.325,0,0,1,0,0
13:52:35.383,0,0,1,0,0
13:52:35.383,0,0,0,0,0
13:52:35.736,0,0,0,0,0
13:52:35.736,1,0,0,0,0
13:52:35.893,1,0,0,0,0
13:52:35.893,1,0,1,0,0
13:52:36.404,1,0,1,0,0
13:52:36.404,1,0,0,0,0
13:52:36.907,1,0,0,0,0
13:52:36.907,1,0,1,0,0
13:52:37.129,1,0,1,0,0
13:52:37.129,1,1,1,0,0
13:52:37.410,1,1,1,0,0
13:52:37.410,1,1,0,0,0
13:52:37.536,1,1,0,0,0
13:52:37.536,0,1,0,0,0
13:52:37.916,0,1,0,0,0
13:52:37.916,0,1,1,0,0
13:52:38.417,0,1,1,0,0
13:52:38.417,0,1,0,0,0
13:52:38.923,0,1,0,0,0
13:52:38.923,0,1,1,0,0
13:52:38.937,0,1,1,0,0
13:52:38.937,0,0,1,0,0
13:52:39.354,0,0,1,0,0
13:52:39.354,1,0,1,0,0
13:52:39.434,1,0,1,0,0
13:52:39.434,1,0,0,0,0
13:52:39.932,1,0,0,0,0
13:52:39.932,1,0,1,0,0
13:52:40.437,1,0,1,0,0
13:52:40.437,1,0,0,0,0
13:52:40.742,1,0,0,0,0
13:52:40.742,1,1,0,0,0
13:52:40.948,1,1,0,0,0
13:52:40.948,1,1,1,0,0
13:52:41.159,1,1,1,0,0
13:52:41.159,0,1,1,0,0
13:52:41.461,0,1,1,0,0
13:52:41.461,0,1,0,0,0
13:52:41.969,0,1,0,0,0
13:52:41.969,0,1,1,0,0
13:52:42.524,0,1,1,0,0
13:52:42.524,0,1,0,0,0
13:52:42.543,0,1,0,0,0
13:52:42.543,0,0,0,0,0
13:52:42.970,0,0,0,0,0
13:52:42.970,1,0,0,0,0
13:52:43.040,1,0,0,0,0
13:52:43.040,1,0,1,0,0
13:52:43.555,1,0,1,0,0
13:52:43.555,1,0,0,0,0
13:52:44.062,1,0,0,0,0
13:52:44.062,1,0,1,0,0
13:52:44.348,1,0,1,0,0
13:52:44.348,1,1,1,0,0
13:52:44.608,1,1,1,0,0
13:52:44.608,1,1,0,0,0
13:52:44.776,1,1,0,0,0
13:52:44.776,0,1,0,0,0
13:52:45.129,0,1,0,0,0
13:52:45.129,0,1,1,0,0
13:52:45.636,0,1,1,0,0
13:52:45.636,0,1,0,0,0
13:52:46.140,0,1,0,0,0
13:52:46.140,0,1,1,0,0
13:52:46.155,0,1,1,0,0
13:52:46.155,0,0,1,0,0
13:52:46.584,0,0,1,0,0
13:52:46.584,1,0,1,0,0
13:52:46.666,1,0,1,0,0
13:52:46.666,1,0,0,0,0
13:52:47.177,1,0,0,0,0
13:52:47.177,1,0,1,0,0
13:52:47.685,1,0,1,0,0
13:52:47.685,1,0,0,0,0
13:52:47.956,1,0,0,0,0
13:52:47.956,1,1,0,0,0
13:52:48.199,1,1,0,0,0
13:52:48.199,1,1,1,0,0
13:52:48.389,1,1,1,0,0
13:52:48.389,0,1,1,0,0
13:52:48.712,0,1,1,0,0
13:52:48.712,0,1,0,0,0
13:52:49.219,0,1,0,0,0
13:52:49.219,0,1,1,0,0
13:52:49.727,0,1,1,0,0
13:52:49.727,0,1,0,0,0
13:52:49.781,0,1,0,0,0
13:52:49.781,0,0,0,0,0
13:52:50.193,0,0,0,0,0
13:52:50.193,1,0,0,0,0
13:52:50.273,1,0,0,0,0
13:52:50.273,1,0,1,0,0
13:52:50.780,1,0,1,0,0
13:52:50.780,1,0,0,0,0
13:52:51.280,1,0,0,0,0
13:52:51.280,1,0,1,0,0
13:52:51.590,1,0,1,0,0
13:52:51.590,1,1,1,0,0
13:52:51.780,1,1,1,0,0
13:52:51.780,1,1,0,0,0
13:52:51.993,1,1,0,0,0
13:52:51.993,0,1,0,0,0
13:52:52.289,0,1,0,0,0
13:52:52.289,0,1,1,0,0
13:52:52.804,0,1,1,0,0
13:52:52.804,0,1,0,0,0
13:52:53.314,0,1,0,0,0
13:52:53.314,0,1,1,0,0
13:52:53.394,0,1,1,0,0
13:52:53.394,0,0,1,0,0
13:52:53.805,0,0,1,0,0
13:52:53.805,1,0,1,0,0
13:52:53.810,1,0,1,0,0
13:52:53.810,1,0,0,0,0
13:52:54.318,1,0,0,0,0
13:52:54.318,1,0,1,0,0
13:52:54.821,1,0,1,0,0
13:52:54.821,1,0,0,0,0
13:52:55.208,1,0,0,0,0
13:52:55.208,1,1,0,0,0
13:52:55.239,1,1,0,0,0
13:52:55.239,0,1,0,0,0
13:52:55.335,0,1,0,0,0
13:52:55.335,0,1,1,0,0
13:52:55.446,0,1,1,0,0
13:52:55.446,1,1,1,0,0
13:52:55.675,1,1,1,0,0
13:52:55.675,0,1,1,0,0
13:52:55.841,0,1,1,0,0
13:52:55.841,0,1,0,0,0
13:52:55.910,0,1,0,0,0
13:52:55.910,1,1,0,0,0
13:52:56.242,1,1,0,0,0
13:52:56.242,0,1,0,0,0
13:52:56.353,0,1,0,0,0
13:52:56.353,0,1,1,0,0
13:52:56.893,0,1,1,0,0
13:52:56.893,0,1,0,0,0
13:52:57.020,0,1,0,0,0
13:52:57.020,0,0,0,0,0
13:52:57.340,1,0,0,0,0
13:52:57.340,0,0,0,0,0
13:52:57.397,0,0,0,0,0
13:52:57.397,0,0,1,0,0
13:52:57.920,0,0,1,0,0
13:52:57.920,0,0,0,0,0
13:52:58.009,0,0,0,0,0
13:52:58.009,1,0,0,0,0
13:52:58.433,1,0,0,0,0
13:52:58.433,1,0,1,0,0
13:52:58.821,1,0,1,0,0
13:52:58.821,1,1,1,0,0
13:52:58.958,1,1,1,0,0
13:52:58.958,1,1,0,0,0
13:52:59.467,1,1,0,0,0
13:52:59.467,1,1,1,0,0
13:52:59.973,1,1,1,0,0
13:52:59.973,1,1,0,0,0
13:53:00.037,1,1,0,0,0
13:53:00.037,0,1,0,0,0
13:53:00.479,0,1,0,0,0
13:53:00.479,0,1,1,0,0
13:53:00.621,0,1,1,0,0
13:53:00.621,0,0,1,0,0
13:53:01.021,0,0,1,0,0
13:53:01.021,0,0,0,0,0
13:53:01.534,0,0,0,0,0
13:53:01.534,0,0,1,0,0
13:53:02.041,0,0,1,0,0
13:53:02.041,0,0,0,0,0
13:53:02.041,0,0,0,0,0
13:53:02.041,1,0,0,0,0
13:53:02.425,1,0,0,0,0
13:53:02.425,1,1,0,0,0
13:53:02.551,1,1,0,0,0
13:53:02.551,1,1,1,0,0
13:53:03.072,1,1,1,0,0
13:53:03.072,1,1,0,0,0
13:53:03.585,1,1,0,0,0
13:53:03.585,1,1,1,0,0
13:53:04.046,1,1,1,0,0
13:53:04.046,0,1,1,0,0
13:53:04.103,0,1,1,0,0
13:53:04.103,0,1,0,0,0
13:53:04.226,0,1,0,0,0
13:53:04.226,0,0,0,0,0
13:53:04.619,0,0,0,0,0
13:53:04.619,0,0,1,0,0
13:53:05.131,0,0,1,0,0
13:53:05.131,0,0,0,0,0
13:53:05.640,0,0,0,0,0
13:53:05.640,0,0,1,0,0
13:53:06.037,0,0,1,0,0
13:53:06.037,0,1,1,0,0
13:53:06.053,0,1,1,0,0
13:53:06.053,1,1,1,0,0
13:53:06.142,1,1,1,0,0
13:53:06.142,1,1,0,0,0
13:53:06.650,1,1,0,0,0
13:53:06.650,1,1,1,0,0
13:53:07.161,1,1,1,0,0
13:53:07.161,1,1,0,0,0
13:53:07.669,1,1,0,0,0
13:53:07.669,1,1,1,0,0
13:53:07.842,1,1,1,0,0
13:53:07.842,1,0,1,0,0
13:53:08.063,1,0,1,0,0
13:53:08.063,0,0,1,0,0
13:53:08.171,0,0,1,0,0
13:53:08.171,0,0,0,0,0
13:53:08.683,0,0,0,0,0
13:53:08.683,0,0,1,0,0
13:53:09.212,0,0,1,0,0
13:53:09.212,0,0,0,0,0
13:53:09.648,0,0,0,0,0
13:53:09.648,0,1,0,0,0
13:53:09.734,0,1,0,0,0
13:53:09.734,0,1,1,0,0
13:53:10.075,0,1,1,0,0
13:53:10.075,1,1,1,0,0
13:53:10.241,1,1,1,0,0
13:53:10.241,1,1,0,0,0
13:53:10.749,1,1,0,0,0
13:53:10.749,1,1,1,0,0
13:53:11.258,1,1,1,0,0
13:53:11.258,1,1,0,0,0
13:53:11.463,1,1,0,0,0
13:53:11.463,1,0,0,0,0
13:53:11.764,1,0,0,0,0
13:53:11.764,1,0,1,0,0
13:53:12.085,1,0,1,0,0
13:53:12.085,0,0,1,0,0
13:53:12.275,0,0,1,0,0
13:53:12.275,0,0,0,0,0
13:53:12.782,0,0,0,0,0
13:53:12.782,0,0,1,0,0
13:53:13.272,0,0,1,0,0
13:53:13.272,0,1,1,0,0
13:53:13.304,0,1,1,0,0
13:53:13.304,0,1,0,0,0
13:53:13.811,0,1,0,0,0
13:53:13.811,0,1,1,0,0
13:53:14.090,0,1,1,0,0
13:53:14.090,1,1,1,0,0
13:53:14.325,1,1,1,0,0
13:53:14.325,1,1,0,0,0
13:53:14.824,1,1,0,0,0
13:53:14.824,1,1,1,0,0
13:53:15.074,1,1,1,0,0
13:53:15.074,1,0,1,0,0
13:53:15.323,1,0,1,0,0
13:53:15.323,1,0,0,0,0
13:53:15.826,1,0,0,0,0
13:53:15.826,1,0,1,0,0
13:53:16.091,1,0,1,0,0
13:53:16.091,0,0,1,0,0
13:53:16.345,0,0,1,0,0
13:53:16.345,0,0,0,0,0
13:53:16.850,0,0,0,0,0
13:53:16.850,0,0,1,0,0
13:53:16.945,0,0,1,0,0
13:53:16.945,0,1,1,0,0
13:53:17.360,0,1,1,0,0
13:53:17.360,0,1,0,0,0
13:53:17.869,0,1,0,0,0
13:53:17.869,0,1,1,0,0
13:53:18.096,0,1,1,0,0
13:53:18.096,1,1,1,0,0
13:53:18.382,1,1,1,0,0
13:53:18.382,1,1,0,0,0
13:53:18.751,1,1,0,0,0
13:53:18.751,1,0,0,0,0
13:53:18.889,1,0,0,0,0
13:53:18.889,1,0,1,0,0
13:53:19.390,1,0,1,0,0
13:53:19.390,1,0,0,0,0
13:53:19.899,1,0,0,0,0
13:53:19.899,1,0,1,0,0
13:53:20.109,1,0,1,0,0
13:53:20.109,0,0,1,0,0
13:53:20.396,0,0,1,0,0
13:53:20.396,0,0,0,0,0
13:53:20.553,0,0,0,0,0
13:53:20.553,0,1,0,0,0
13:53:20.901,0,1,0,0,0
13:53:20.901,0,1,1,0,0
13:53:21.414,0,1,1,0,0
13:53:21.414,0,1,0,0,0
13:53:21.921,0,1,0,0,0
13:53:21.921,0,1,1,0,0
13:53:22.117,0,1,1,0,0
13:53:22.117,1,1,1,0,0
13:53:22.354,1,1,1,0,0
13:53:22.354,1,0,1,0,0
13:53:22.435,1,0,1,0,0
13:53:22.435,1,0,0,0,0
13:53:22.941,1,0,0,0,0
13:53:22.941,1,0,1,0,0
13:53:23.448,1,0,1,0,0
13:53:23.448,1,0,0,0,0
13:53:23.954,1,0,0,0,0
13:53:23.954,1,0,1,0,0
13:53:24.171,1,0,1,0,0
13:53:24.171,0,0,1,0,0
13:53:24.171,0,0,1,0,0
13:53:24.171,0,1,1,0,0
13:53:24.458,0,1,1,0,0
13:53:24.458,0,1,0,0,0
13:53:24.966,0,1,0,0,0
13:53:24.966,0,1,1,0,0
13:53:25.478,0,1,1,0,0
13:53:25.478,0,1,0,0,0
13:53:25.986,0,1,0,0,0
13:53:25.986,0,0,0,0,0
13:53:25.986,0,0,0,0,0
13:53:25.986,0,0,1,0,0
13:53:26.172,0,0,1,0,0
13:53:26.172,1,0,1,0,0
13:53:26.495,1,0,1,0,0
13:53:26.495,1,0,0,0,0
13:53:27.026,1,0,0,0,0
13:53:27.026,1,0,1,0,0
13:53:27.542,1,0,1,0,0
13:53:27.542,1,0,0,0,0
13:53:27.796,1,0,0,0,0
13:53:27.796,1,1,0,0,0
13:53:28.049,1,1,0,0,0
13:53:28.049,1,1,1,0,0
13:53:28.188,1,1,1,0,0
13:53:28.188,0,1,1,0,0
13:53:28.559,0,1,1,0,0
13:53:28.559,0,1,0,0,0
13:53:29.092,0,1,0,0,0
13:53:29.092,0,1,1,0,0
13:53:29.599,0,1,1,0,0
13:53:29.599,0,1,0,0,0
13:53:29.599,0,1,0,0,0
13:53:29.599,0,0,0,0,0
13:53:30.113,0,0,0,0,0
13:53:30.113,0,0,1,0,0
13:53:30.192,0,0,1,0,0
13:53:30.192,1,0,1,0,0
13:53:30.621,1,0,1,0,0
13:53:30.621,1,0,0,0,0
13:53:31.145,1,0,0,0,0
13:53:31.145,1,0,1,0,0
13:53:31.410,1,0,1,0,0
13:53:31.410,1,1,1,0,0
13:53:31.648,1,1,1,0,0
13:53:31.648,1,1,0,0,0
13:53:32.160,1,1,0,0,0
13:53:32.160,1,1,1,0,0
13:53:32.220,1,1,1,0,0
13:53:32.220,0,1,1,0,0
13:53:32.665,0,1,1,0,0
13:53:32.665,0,1,0,0,0
13:53:33.207,0,1,0,0,0
13:53:33.207,0,1,1,0,0
13:53:33.223,0,1,1,0,0
13:53:33.223,0,0,1,0,0
13:53:33.712,0,0,1,0,0
13:53:33.712,0,0,0,0,0
13:53:34.221,0,0,0,0,0
13:53:34.221,0,0,1,0,0
13:53:34.223,0,0,1,0,0
13:53:34.223,1,0,1,0,0
13:53:34.729,1,0,1,0,0
13:53:34.729,1,0,0,0,0
13:53:35.030,1,0,0,0,0
13:53:35.030,1,1,0,0,0
13:53:35.273,1,1,0,0,0
13:53:35.273,1,1,1,0,0
13:53:35.783,1,1,1,0,0
13:53:35.783,1,1,0,0,0
13:53:36.228,1,1,0,0,0
13:53:36.228,0,1,0,0,0
13:53:36.299,0,1,0,0,0
13:53:36.299,0,1,1,0,0
13:53:36.801,0,1,1,0,0
13:53:36.801,0,1,0,0,0
13:53:36.864,0,1,0,0,0
13:53:36.864,0,0,0,0,0
13:53:37.336,0,0,0,0,0
13:53:37.336,0,0,1,0,0
13:53:37.850,0,0,1,0,0
13:53:37.850,0,0,0,0,0
13:53:38.237,0,0,0,0,0
13:53:38.237,1,0,0,0,0
13:53:38.364,1,0,0,0,0
13:53:38.364,1,0,1,0,0
13:53:38.668,1,0,1,0,0
13:53:38.668,1,1,1,0,0
13:53:38.873,1,1,1,0,0
13:53:38.873,1,1,0,0,0
13:53:39.410,1,1,0,0,0
13:53:39.410,1,1,1,0,0
13:53:39.922,1,1,1,0,0
13:53:39.922,1,1,0,0,0
13:53:40.244,1,1,0,0,0
13:53:40.244,0,1,0,0,0
13:53:40.435,0,1,0,0,0
13:53:40.435,0,1,1,0,0
13:53:40.506,0,1,1,0,0
13:53:40.506,0,0,1,0,0
13:53:40.942,0,0,1,0,0
13:53:40.942,0,0,0,0,0
13:53:41.494,0,0,0,0,0
13:53:41.494,0,0,1,0,0
13:53:42.009,0,0,1,0,0
13:53:42.009,0,0,0,0,0
13:53:42.291,0,0,0,0,0
13:53:42.291,1,0,0,0,0
13:53:42.358,1,0,0,0,0
13:53:42.358,1,1,0,0,0
13:53:42.520,1,1,0,0,0
13:53:42.520,1,1,1,0,0
13:53:43.025,1,1,1,0,0
13:53:43.025,1,1,0,0,0
13:53:43.536,1,1,0,0,0
13:53:43.536,1,1,1,0,0
13:53:44.043,1,1,1,0,0
13:53:44.043,1,1,0,0,0
13:53:44.159,1,1,0,0,0
13:53:44.159,1,0,0,0,0
13:53:44.295,1,0,0,0,0
13:53:44.295,0,0,0,0,0
13:53:44.555,0,0,0,0,0
13:53:44.555,0,0,1,0,0
13:53:45.061,0,0,1,0,0
13:53:45.061,0,0,0,0,0
13:53:45.572,0,0,0,0,0
13:53:45.572,0,0,1,0,0
13:53:45.970,0,0,1,0,0
13:53:45.970,0,1,1,0,0
13:53:46.085,0,1,1,0,0
13:53:46.085,0,1,0,0,0
13:53:46.305,0,1,0,0,0
13:53:46.305,1,1,0,0,0
13:53:46.587,1,1,0,0,0
13:53:46.587,1,1,1,0,0
13:53:47.095,1,1,1,0,0
13:53:47.095,1,1,0,0,0
13:53:47.158,1,1,0,0,0
13:53:47.158,1,0,0,0,0
13:53:47.320,1,1,0,0,0
13:53:47.320,1,0,0,0,0
13:53:47.596,1,0,0,0,0
13:53:47.596,1,0,1,0,0
13:53:47.760,1,0,1,0,0
13:53:47.760,1,0,0,0,0
13:53:48.308,1,0,0,0,0
13:53:48.308,0,0,0,0,0
13:53:50.314,0,0,0,0,0
13:53:50.314,1,0,0,0,0
13:53:52.325,1,0,0,0,0
13:53:52.325,0,0,0,0,0
13:53:54.329,0,0,0,0,0
13:53:54.329,1,0,0,0,0
13:53:56.332,1,0,0,0,0
13:53:56.332,0,0,0,0,0
13:53:58.336,0,0,0,0,0
13:53:58.336,1,0,0,0,0
13:53:58.428,1,0,0,0,0
13:53:58.428,0,0,0,0,0
13:53:58.499,1,0,0,0,0
13:53:58.499,0,0,0,0,0
14:00:23.632,0,0,0,0,0
14:00:23.632,0,0,1,0,0
14:00:24.138,0,0,1,0,0
14:00:24.138,0,0,0,0,0
14:00:24.268,0,0,0,0,0
14:00:24.268,1,0,0,0,0
14:00:24.334,1,0,0,0,0
14:00:24.334,0,0,0,0,0
14:00:24.637,0,0,0,0,0
14:00:24.637,0,0,1,0,0
14:00:25.139,0,0,1,0,0
14:00:25.139,0,0,0,0,0
14:00:25.641,0,0,0,0,0
14:00:25.641,0,0,1,0,0
14:00:26.140,0,0,1,0,0
14:00:26.140,0,0,0,0,0
14:00:26.339,0,0,0,0,0
14:00:26.339,1,0,0,0,0
14:00:26.643,1,0,0,0,0
14:00:26.643,1,0,1,0,0
14:00:27.157,1,0,1,0,0
14:00:27.157,1,0,0,0,0
14:00:27.672,1,0,0,0,0
14:00:27.672,1,0,1,0,0
14:00:28.205,1,0,1,0,0
14:00:28.205,1,0,0,0,0
14:00:28.339,1,0,0,0,0
14:00:28.339,0,0,0,0,0
14:00:28.718,0,0,0,0,0
14:00:28.718,0,0,1,0,0
14:00:29.218,0,0,1,0,0
14:00:29.218,0,0,0,0,0
14:00:29.721,0,0,0,0,0
14:00:29.721,0,0,1,0,0
14:00:30.247,0,0,1,0,0
14:00:30.247,0,0,0,0,0
14:00:30.340,0,0,0,0,0
14:00:30.340,1,0,0,0,0
14:00:30.751,1,0,0,0,0
14:00:30.751,1,0,1,0,0
14:00:31.265,1,0,1,0,0
14:00:31.265,1,0,0,0,0
14:00:31.766,1,0,0,0,0
14:00:31.766,1,0,1,0,0
14:00:32.282,1,0,1,0,0
14:00:32.282,1,0,0,0,0
14:00:32.344,1,0,0,0,0
14:00:32.344,0,0,0,0,0
14:00:32.782,0,0,0,0,0
14:00:32.782,0,0,1,0,0
14:00:33.284,0,0,1,0,0
14:00:33.284,0,0,0,0,0
14:00:33.796,0,0,0,0,0
14:00:33.796,0,0,1,0,0
14:00:34.321,0,0,1,0,0
14:00:34.321,0,0,0,0,0
14:00:34.383,0,0,0,0,0
14:00:34.383,1,0,0,0,0
14:00:34.829,1,0,0,0,0
14:00:34.829,1,0,1,0,0
14:00:35.329,1,0,1,0,0
14:00:35.329,1,0,0,0,0
14:00:35.831,1,0,0,0,0
14:00:35.831,1,0,1,0,0
14:00:36.371,1,0,1,0,0
14:00:36.371,1,0,0,0,0
14:00:36.387,1,0,0,0,0
14:00:36.387,0,0,0,0,0
14:00:36.877,0,0,0,0,0
14:00:36.877,0,0,1,0,0
14:00:37.380,0,0,1,0,0
14:00:37.380,0,0,0,0,0
14:00:37.888,0,0,0,0,0
14:00:37.888,0,0,1,0,0
14:00:38.421,0,0,1,0,0
14:00:38.421,0,0,0,0,0
14:00:38.421,0,0,0,0,0
14:00:38.421,1,0,0,0,0
14:00:38.933,1,0,0,0,0
14:00:38.933,1,0,1,0,0
14:00:39.435,1,0,1,0,0
14:00:39.435,1,0,0,0,0
14:00:39.936,1,0,0,0,0
14:00:39.936,1,0,1,0,0
14:00:40.465,1,0,1,0,0
14:00:40.465,0,0,1,0,0
14:00:40.465,0,0,1,0,0
14:00:40.465,0,0,0,0,0
14:00:40.967,0,0,0,0,0
14:00:40.967,0,0,1,0,0
14:00:41.480,0,0,1,0,0
14:00:41.480,0,0,0,0,0
14:00:41.994,0,0,0,0,0
14:00:41.994,0,0,1,0,0
14:00:42.476,0,0,1,0,0
14:00:42.476,1,0,1,0,0
14:00:42.540,1,0,1,0,0
14:00:42.540,1,0,0,0,0
14:00:43.050,1,0,0,0,0
14:00:43.050,1,0,1,0,0
14:00:43.552,1,0,1,0,0
14:00:43.552,1,0,0,0,0
14:00:44.065,1,0,0,0,0
14:00:44.065,1,0,1,0,0
14:00:44.487,1,0,1,0,0
14:00:44.487,0,0,1,0,0
14:00:44.570,0,0,1,0,0
14:00:44.570,0,0,0,0,0
14:00:45.076,0,0,0,0,0
14:00:45.076,0,0,1,0,0
14:00:45.577,0,0,1,0,0
14:00:45.577,0,0,0,0,0
14:00:46.078,0,0,0,0,0
14:00:46.078,0,0,1,0,0
14:00:46.488,0,0,1,0,0
14:00:46.488,1,0,1,0,0
14:00:46.579,1,0,1,0,0
14:00:46.579,1,0,0,0,0
14:00:47.110,1,0,0,0,0
14:00:47.110,1,0,1,0,0
14:00:47.614,1,0,1,0,0
14:00:47.614,1,0,0,0,0
14:00:48.115,1,0,0,0,0
14:00:48.115,1,0,1,0,0
14:00:48.492,1,0,1,0,0
14:00:48.492,0,0,1,0,0
14:00:48.627,0,0,1,0,0
14:00:48.627,0,0,0,0,0
14:00:49.164,0,0,0,0,0
14:00:49.164,0,0,1,0,0
14:00:49.671,0,0,1,0,0
14:00:49.671,0,0,0,0,0
14:00:50.173,0,0,0,0,0
14:00:50.173,0,0,1,0,0
14:00:50.493,0,0,1,0,0
14:00:50.493,1,0,1,0,0
14:00:50.675,1,0,1,0,0
14:00:50.675,1,0,0,0,0
14:00:51.220,1,0,0,0,0
14:00:51.220,1,0,1,0,0
14:00:51.725,1,0,1,0,0
14:00:51.725,1,0,0,0,0
14:00:52.226,1,0,0,0,0
14:00:52.226,1,0,1,0,0
14:00:52.501,1,0,1,0,0
14:00:52.501,0,0,1,0,0
14:00:52.728,0,0,1,0,0
14:00:52.728,0,0,0,0,0
14:00:53.266,0,0,0,0,0
14:00:53.266,0,0,1,0,0
14:00:53.774,0,0,1,0,0
14:00:53.774,0,0,0,0,0
14:00:54.289,0,0,0,0,0
14:00:54.289,0,0,1,0,0
14:00:54.501,0,0,1,0,0
14:00:54.501,1,0,1,0,0
14:00:54.789,1,0,1,0,0
14:00:54.789,1,0,0,0,0
14:00:55.325,1,0,0,0,0
14:00:55.325,1,0,1,0,0
14:00:55.825,1,0,1,0,0
14:00:55.825,1,0,0,0,0
14:00:56.339,1,0,0,0,0
14:00:56.339,1,0,1,0,0
14:00:56.507,1,0,1,0,0
14:00:56.507,0,0,1,0,0
14:00:56.841,0,0,1,0,0
14:00:56.841,0,0,0,0,0
14:00:57.378,0,0,0,0,0
14:00:57.378,0,0,1,0,0
14:00:57.886,0,0,1,0,0
14:00:57.886,0,0,0,0,0
14:00:58.386,0,0,0,0,0
14:00:58.386,0,0,1,0,0
14:00:58.507,0,0,1,0,0
14:00:58.507,1,0,1,0,0
14:00:58.889,1,0,1,0,0
14:00:58.889,1,0,0,0,0
14:00:59.404,1,0,0,0,0
14:00:59.404,1,0,1,0,0
14:00:59.918,1,0,1,0,0
14:00:59.918,1,0,0,0,0
14:01:00.422,1,0,0,0,0
14:01:00.422,1,0,1,0,0
14:01:00.512,1,0,1,0,0
14:01:00.512,0,0,1,0,0
14:01:00.921,0,0,1,0,0
14:01:00.921,0,0,0,0,0
14:01:01.422,0,0,0,0,0
14:01:01.422,0,0,1,0,0
14:01:01.986,0,0,1,0,0
14:01:01.986,0,0,0,0,0
14:01:02.498,0,0,0,0,0
14:01:02.498,0,0,1,0,0
14:01:02.516,0,0,1,0,0
14:01:02.516,1,0,1,0,0
14:01:03.010,1,0,1,0,0
14:01:03.010,1,0,0,0,0
14:01:03.513,1,0,0,0,0
14:01:03.513,1,0,1,0,0
14:01:04.069,1,0,1,0,0
14:01:04.069,1,0,0,0,0
14:01:04.516,1,0,0,0,0
14:01:04.516,0,0,0,0,0
14:01:04.585,0,0,0,0,0
14:01:04.585,0,0,1,0,0
14:01:05.091,0,0,1,0,0
14:01:05.091,0,0,0,0,0
14:01:05.604,0,0,0,0,0
14:01:05.604,0,0,1,0,0
14:01:06.106,0,0,1,0,0
14:01:06.106,0,0,0,0,0
14:01:06.528,0,0,0,0,0
14:01:06.528,1,0,0,0,0
14:01:06.627,1,0,0,0,0
14:01:06.627,1,0,1,0,0
14:01:07.130,1,0,1,0,0
14:01:07.130,1,0,0,0,0
14:01:07.645,1,0,0,0,0
14:01:07.645,1,0,1,0,0
14:01:08.166,1,0,1,0,0
14:01:08.166,1,0,0,0,0
14:01:08.560,1,0,0,0,0
14:01:08.560,0,0,0,0,0
14:01:08.676,0,0,0,0,0
14:01:08.676,0,0,1,0,0
14:01:09.176,0,0,1,0,0
14:01:09.176,0,0,0,0,0
14:01:09.681,0,0,0,0,0
14:01:09.681,0,0,1,0,0
14:01:10.186,0,0,1,0,0
14:01:10.186,0,0,0,0,0
14:01:10.574,0,0,0,0,0
14:01:10.574,1,0,0,0,0
14:01:10.695,1,0,0,0,0
14:01:10.695,1,0,1,0,0
14:01:11.209,1,0,1,0,0
14:01:11.209,1,0,0,0,0
14:01:11.710,1,0,0,0,0
14:01:11.710,1,0,1,0,0
14:01:12.265,1,0,1,0,0
14:01:12.265,1,0,0,0,0
14:01:12.585,1,0,0,0,0
14:01:12.585,0,0,0,0,0
14:01:12.766,0,0,0,0,0
14:01:12.766,0,0,1,0,0
14:01:13.281,0,0,1,0,0
14:01:13.281,0,0,0,0,0
14:01:13.782,0,0,0,0,0
14:01:13.782,0,0,1,0,0
14:01:14.282,0,0,1,0,0
14:01:14.282,0,0,0,0,0
14:01:14.586,0,0,0,0,0
14:01:14.586,1,0,0,0,0
14:01:14.787,1,0,0,0,0
14:01:14.787,1,0,1,0,0
14:01:15.298,1,0,1,0,0
14:01:15.298,1,0,0,0,0
14:01:15.800,1,0,0,0,0
14:01:15.800,1,0,1,0,0
14:01:16.302,1,0,1,0,0
14:01:16.302,1,0,0,0,0
14:01:16.589,1,0,0,0,0
14:01:16.589,0,0,0,0,0
14:01:16.835,0,0,0,0,0
14:01:16.835,0,0,1,0,0
14:01:17.348,0,0,1,0,0
14:01:17.348,0,0,0,0,0
14:01:17.848,0,0,0,0,0
14:01:17.848,0,0,1,0,0
14:01:18.351,0,0,1,0,0
14:01:18.351,0,0,0,0,0
14:01:18.592,0,0,0,0,0
14:01:18.592,1,0,0,0,0
14:01:18.926,1,0,0,0,0
14:01:18.926,1,0,1,0,0
14:01:19.427,1,0,1,0,0
14:01:19.427,1,0,0,0,0
14:01:19.927,1,0,0,0,0
14:01:19.927,1,0,1,0,0
14:01:20.429,1,0,1,0,0
14:01:20.429,1,0,0,0,0
14:01:20.597,1,0,0,0,0
14:01:20.597,0,0,0,0,0
14:01:20.931,0,0,0,0,0
14:01:20.931,0,0,1,0,0
14:01:21.430,0,0,1,0,0
14:01:21.430,0,0,0,0,0
14:01:21.932,0,0,0,0,0
14:01:21.932,0,0,1,0,0
14:01:22.433,0,0,1,0,0
14:01:22.433,0,0,0,0,0
14:01:22.638,0,0,0,0,0
14:01:22.638,1,0,0,0,0
14:01:22.933,1,0,0,0,0
14:01:22.933,1,0,1,0,0
14:01:23.436,1,0,1,0,0
14:01:23.436,1,0,0,0,0
14:01:23.947,1,0,0,0,0
14:01:23.947,1,0,1,0,0
14:01:24.447,1,0,1,0,0
14:01:24.447,1,0,0,0,0
14:01:24.645,1,0,0,0,0
14:01:24.645,0,0,0,0,0
14:01:24.950,0,0,0,0,0
14:01:24.950,0,0,1,0,0
14:01:25.452,0,0,1,0,0
14:01:25.452,0,0,0,0,0
14:01:25.965,0,0,0,0,0
14:01:25.965,0,0,1,0,0
14:01:26.476,0,0,1,0,0
14:01:26.476,0,0,0,0,0
14:01:26.645,0,0,0,0,0
14:01:26.645,1,0,0,0,0
14:01:26.981,1,0,0,0,0
14:01:26.981,1,0,1,0,0
14:01:27.492,1,0,1,0,0
14:01:27.492,1,0,0,0,0
14:01:28.080,1,0,0,0,0
14:01:28.080,1,0,1,0,0
14:01:28.586,1,0,1,0,0
14:01:28.586,1,0,0,0,0
14:01:28.679,1,0,0,0,0
14:01:28.679,0,0,0,0,0
14:01:29.088,0,0,0,0,0
14:01:29.088,0,0,1,0,0
14:01:29.594,0,0,1,0,0
14:01:29.594,0,0,0,0,0
14:01:30.091,0,0,0,0,0
14:01:30.091,0,0,1,0,0
14:01:30.600,0,0,1,0,0
14:01:30.600,0,0,0,0,0
14:01:30.682,0,0,0,0,0
14:01:30.682,1,0,0,0,0
14:01:31.106,1,0,0,0,0
14:01:31.106,1,0,1,0,0
14:01:31.617,1,0,1,0,0
14:01:31.617,1,0,0,0,0
14:01:32.125,1,0,0,0,0
14:01:32.125,1,0,1,0,0
14:01:32.641,1,0,1,0,0
14:01:32.641,1,0,0,0,0
14:01:32.694,1,0,0,0,0
14:01:32.694,0,0,0,0,0
14:01:33.144,0,0,0,0,0
14:01:33.144,0,0,1,0,0
14:01:33.650,0,0,1,0,0
14:01:33.650,0,0,0,0,0
14:01:34.149,0,0,0,0,0
14:01:34.149,0,0,1,0,0
14:01:34.657,0,0,1,0,0
14:01:34.657,0,0,0,0,0
14:01:34.742,0,0,0,0,0
14:01:34.742,1,0,0,0,0
14:01:35.156,1,0,0,0,0
14:01:35.156,1,0,1,0,0
14:01:35.674,1,0,1,0,0
14:01:35.674,1,0,0,0,0
14:01:36.176,1,0,0,0,0
14:01:36.176,1,0,1,0,0
14:01:36.688,1,0,1,0,0
14:01:36.688,1,0,0,0,0
14:01:36.752,1,0,0,0,0
14:01:36.752,0,0,0,0,0
14:01:37.195,0,0,0,0,0
14:01:37.195,0,0,1,0,0
14:01:37.704,0,0,1,0,0
14:01:37.704,0,0,0,0,0
14:01:38.230,0,0,0,0,0
14:01:38.230,0,0,1,0,0
14:01:38.740,0,0,1,0,0
14:01:38.740,0,0,0,0,0
14:01:38.757,0,0,0,0,0
14:01:38.757,1,0,0,0,0
14:01:39.253,1,0,0,0,0
14:01:39.253,1,0,1,0,0
14:01:39.760,1,0,1,0,0
14:01:39.760,1,0,0,0,0
14:01:40.259,1,0,0,0,0
14:01:40.259,1,0,1,0,0
14:01:40.775,1,0,1,0,0
14:01:40.775,0,0,1,0,0
14:01:40.775,0,0,1,0,0
14:01:40.775,0,0,0,0,0
14:01:41.283,0,0,0,0,0
14:01:41.283,0,0,1,0,0
14:01:41.790,0,0,1,0,0
14:01:41.790,0,0,0,0,0
14:01:42.306,0,0,0,0,0
14:01:42.306,0,0,1,0,0
14:01:42.776,0,0,1,0,0
14:01:42.776,1,0,1,0,0
14:01:42.840,1,0,1,0,0
14:01:42.840,1,0,0,0,0
14:01:43.349,1,0,0,0,0
14:01:43.349,1,0,1,0,0
14:01:43.859,1,0,1,0,0
14:01:43.859,1,0,0,0,0
14:01:44.357,1,0,0,0,0
14:01:44.357,1,0,1,0,0
14:01:44.770,1,0,1,0,0
14:01:44.770,0,0,1,0,0
14:01:44.876,0,0,1,0,0
14:01:44.876,0,0,0,0,0
14:01:45.383,0,0,0,0,0
14:01:45.383,0,0,1,0,0
14:01:45.893,0,0,1,0,0
14:01:45.893,0,0,0,0,0
14:01:46.400,0,0,0,0,0
14:01:46.400,0,0,1,0,0
14:01:46.782,0,0,1,0,0
14:01:46.782,1,0,1,0,0
14:01:46.951,1,0,1,0,0
14:01:46.951,1,0,0,0,0
14:01:47.467,1,0,0,0,0
14:01:47.467,1,0,1,0,0
14:01:47.973,1,0,1,0,0
14:01:47.973,1,0,0,0,0
14:01:48.481,1,0,0,0,0
14:01:48.481,1,0,1,0,0
14:01:48.783,1,0,1,0,0
14:01:48.783,0,0,1,0,0
14:01:48.993,0,0,1,0,0
14:01:48.993,0,0,0,0,0
14:01:49.512,0,0,0,0,0
14:01:49.512,0,0,1,0,0
14:01:50.027,0,0,1,0,0
14:01:50.027,0,0,0,0,0
14:01:50.535,0,0,0,0,0
14:01:50.535,0,0,1,0,0
14:01:50.791,0,0,1,0,0
14:01:50.791,1,0,1,0,0
14:01:51.045,1,0,1,0,0
14:01:51.045,1,0,0,0,0
14:01:51.553,1,0,0,0,0
14:01:51.553,1,0,1,0,0
14:01:52.061,1,0,1,0,0
14:01:52.061,1,0,0,0,0
14:01:52.566,1,0,0,0,0
14:01:52.566,1,0,1,0,0
14:01:52.805,1,0,1,0,0
14:01:52.805,0,0,1,0,0
14:01:53.076,0,0,1,0,0
14:01:53.076,0,0,0,0,0
14:01:53.586,0,0,0,0,0
14:01:53.586,0,0,1,0,0
14:01:54.096,0,0,1,0,0
14:01:54.096,0,0,0,0,0
14:01:54.604,0,0,0,0,0
14:01:54.604,0,0,1,0,0
14:01:54.811,0,0,1,0,0
14:01:54.811,1,0,1,0,0
14:01:55.160,1,0,1,0,0
14:01:55.160,1,0,0,0,0
14:01:55.670,1,0,0,0,0
14:01:55.670,1,0,1,0,0
14:01:56.180,1,0,1,0,0
14:01:56.180,1,0,0,0,0
14:01:56.690,1,0,0,0,0
14:01:56.690,1,0,1,0,0
14:01:56.817,1,0,1,0,0
14:01:56.817,0,0,1,0,0
14:01:57.198,0,0,1,0,0
14:01:57.198,0,0,0,0,0
14:01:57.705,0,0,0,0,0
14:01:57.705,0,0,1,0,0
14:01:58.213,0,0,1,0,0
14:01:58.213,0,0,0,0,0
14:01:58.717,0,0,0,0,0
14:01:58.717,0,0,1,0,0
14:01:58.849,0,0,1,0,0
14:01:58.849,1,0,1,0,0
14:01:59.259,1,0,1,0,0
14:01:59.259,1,0,0,0,0
14:01:59.761,1,0,0,0,0
14:01:59.761,1,0,1,0,0
14:02:00.270,1,0,1,0,0
14:02:00.270,1,0,0,0,0
14:02:00.777,1,0,0,0,0
14:02:00.777,1,0,1,0,0
14:02:00.856,1,0,1,0,0
14:02:00.856,0,0,1,0,0
14:02:01.308,0,0,1,0,0
14:02:01.308,0,0,0,0,0
14:02:01.827,0,0,0,0,0
14:02:01.827,0,0,1,0,0
14:02:02.336,0,0,1,0,0
14:02:02.336,0,0,0,0,0
14:02:02.846,0,0,0,0,0
14:02:02.846,0,0,1,0,0
14:02:02.901,0,0,1,0,0
14:02:02.901,1,0,1,0,0
14:02:03.363,1,0,1,0,0
14:02:03.363,1,0,0,0,0
14:02:03.881,1,0,0,0,0
14:02:03.881,1,0,1,0,0
14:02:04.392,1,0,1,0,0
14:02:04.392,1,0,0,0,0
14:02:04.897,1,0,0,0,0
14:02:04.897,1,0,1,0,0
14:02:04.902,1,0,1,0,0
14:02:04.902,0,0,1,0,0
14:02:05.427,0,0,1,0,0
14:02:05.427,0,0,0,0,0
14:02:05.948,0,0,0,0,0
14:02:05.948,0,0,1,0,0
14:02:06.458,0,0,1,0,0
14:02:06.458,0,0,0,0,0
14:02:06.919,0,0,0,0,0
14:02:06.919,1,0,0,0,0
14:02:06.999,1,0,0,0,0
14:02:06.999,1,0,1,0,0
14:02:07.509,1,0,1,0,0
14:02:07.509,1,0,0,0,0
14:02:08.020,1,0,0,0,0
14:02:08.020,1,0,1,0,0
14:02:08.533,1,0,1,0,0
14:02:08.533,1,0,0,0,0
14:02:08.931,1,0,0,0,0
14:02:08.931,0,0,0,0,0
14:02:09.042,0,0,0,0,0
14:02:09.042,0,0,1,0,0
14:02:09.539,0,0,1,0,0
14:02:09.539,0,0,0,0,0
14:02:10.055,0,0,0,0,0
14:02:10.055,0,0,1,0,0
14:02:10.562,0,0,1,0,0
14:02:10.562,0,0,0,0,0
14:02:10.944,0,0,0,0,0
14:02:10.944,1,0,0,0,0
14:02:11.071,1,0,0,0,0
14:02:11.071,1,0,1,0,0
14:02:11.611,1,0,1,0,0
14:02:11.611,1,0,0,0,0
14:02:12.120,1,0,0,0,0
14:02:12.120,1,0,1,0,0
14:02:12.627,1,0,1,0,0
14:02:12.627,1,0,0,0,0
14:02:12.944,1,0,0,0,0
14:02:12.944,0,0,0,0,0
14:02:13.135,0,0,0,0,0
14:02:13.135,0,0,1,0,0
14:02:13.705,0,0,1,0,0
14:02:13.705,0,0,0,0,0
14:02:14.210,0,0,0,0,0
14:02:14.210,0,0,1,0,0
14:02:14.718,0,0,1,0,0
14:02:14.718,0,0,0,0,0
14:02:14.956,0,0,0,0,0
14:02:14.956,1,0,0,0,0
14:02:15.223,1,0,0,0,0
14:02:15.223,1,0,1,0,0
14:02:15.748,1,0,1,0,0
14:02:15.748,1,0,0,0,0
14:02:16.254,1,0,0,0,0
14:02:16.254,1,0,1,0,0
14:02:16.757,1,0,1,0,0
14:02:16.757,1,0,0,0,0
14:02:16.985,1,0,0,0,0
14:02:16.985,0,0,0,0,0
14:02:17.265,0,0,0,0,0
14:02:17.265,0,0,1,0,0
14:02:17.567,0,0,1,0,0
14:02:17.567,0,0,0,0,0
14:02:18.988,0,0,0,0,0
14:02:18.988,1,0,0,0,0
14:02:20.999,1,0,0,0,0
14:02:20.999,0,0,0,0,0
14:02:23.005,0,0,0,0,0
14:02:23.005,1,0,0,0,0
14:02:25.013,1,0,0,0,0
14:02:25.013,0,0,0,0,0
14:02:27.022,0,0,0,0,0
14:02:27.022,1,0,0,0,0
14:02:29.032,1,0,0,0,0
14:02:29.032,0,0,0,0,0
14:02:31.038,0,0,0,0,0
14:02:31.038,1,0,0,0,0
14:02:33.040,1,0,0,0,0
14:02:33.040,0,0,0,0,0
14:02:35.042,0,0,0,0,0
14:02:35.042,1,0,0,0,0
14:02:37.071,1,0,0,0,0
14:02:37.071,0,0,0,0,0
14:02:39.117,0,0,0,0,0
14:02:39.117,1,0,0,0,0
14:02:41.160,1,0,0,0,0
14:02:41.160,0,0,0,0,0
14:02:43.154,0,0,0,0,0
14:02:43.154,1,0,0,0,0
14:02:45.163,1,0,0,0,0
14:02:45.163,0,0,0,0,0
14:02:47.177,0,0,0,0,0
14:02:47.177,1,0,0,0,0
14:02:49.189,1,0,0,0,0
14:02:49.189,0,0,0,0,0
14:02:51.198,0,0,0,0,0
14:02:51.198,1,0,0,0,0
14:02:53.210,1,0,0,0,0
14:02:53.210,0,0,0,0,0
14:02:55.212,0,0,0,0,0
14:02:55.212,1,0,0,0,0
14:02:57.284,1,0,0,0,0
14:02:57.284,0,0,0,0,0
14:02:59.300,0,0,0,0,0
14:02:59.300,1,0,0,0,0
14:03:00.540,1,0,0,0,0
14:03:00.540,0,0,0,0,0
14:03:00.735,1,0,0,0,0
14:03:00.735,0,0,0,0,0
14:06:39.389,0,0,0,0,0
14:06:39.389,1,0,0,0,0
14:06:39.512,1,0,0,0,0
14:06:39.512,0,0,0,0,0
14:06:57.514,0,0,0,0,0
14:06:57.514,1,0,0,0,0
14:07:15.526,1,0,0,0,0
14:07:15.526,0,0,0,0,0
14:07:33.537,0,0,0,0,0
14:07:33.537,1,0,0,0,0
14:07:51.545,1,0,0,0,0
14:07:51.545,0,0,0,0,0
14:08:09.517,1,0,0,0,0
14:08:09.517,0,0,0,0,0
14:08:10.305,0,1,0,0,0
14:08:10.305,0,0,0,0,0
14:08:12.238,0,0,0,0,0
14:08:12.238,1,0,0,0,0
14:08:23.048,1,0,0,0,0
14:08:23.048,0,0,0,0,0
14:08:23.964,1,0,0,0,0
14:08:23.964,0,0,0,0,0
14:08:24.400,0,0,0,0,0
14:08:24.400,1,0,0,0,0
14:08:26.210,1,0,0,0,0
14:08:26.210,0,0,0,0,0
14:08:28.010,0,0,0,0,0
14:08:28.010,1,0,0,0,0
14:08:28.230,1,1,0,0,0
14:08:28.230,1,0,0,0,0
14:08:29.814,1,0,0,0,0
14:08:29.814,0,0,0,0,0
14:08:31.621,0,0,0,0,0
14:08:31.621,1,0,0,0,0
14:08:33.434,1,0,0,0,0
14:08:33.434,0,0,0,0,0
14:08:35.243,0,0,0,0,0
14:08:35.243,1,0,0,0,0
14:08:37.054,1,0,0,0,0
14:08:37.054,0,0,0,0,0
14:08:38.866,0,0,0,0,0
14:08:38.866,1,0,0,0,0
14:08:40.678,1,0,0,0,0
14:08:40.678,0,0,0,0,0
14:08:42.478,0,0,0,0,0
14:08:42.478,1,0,0,0,0
14:08:44.285,1,0,0,0,0
14:08:44.285,0,0,0,0,0
14:08:46.098,0,0,0,0,0
14:08:46.098,1,0,0,0,0
14:08:47.936,1,0,0,0,0
14:08:47.936,0,0,0,0,0
14:08:49.745,0,0,0,0,0
14:08:49.745,1,0,0,0,0
14:08:51.553,1,0,0,0,0
14:08:51.553,0,0,0,0,0
14:08:53.359,0,0,0,0,0
14:08:53.359,1,0,0,0,0
14:08:55.168,1,0,0,0,0
14:08:55.168,0,0,0,0,0
14:08:56.977,0,0,0,0,0
14:08:56.977,1,0,0,0,0
14:08:58.781,1,0,0,0,0
14:08:58.781,0,0,0,0,0
14:09:00.572,0,0,0,0,0
14:09:00.572,1,0,0,0,0
14:09:02.390,1,0,0,0,0
14:09:02.390,0,0,0,0,0
14:09:04.191,0,0,0,0,0
14:09:04.191,1,0,0,0,0
14:09:05.997,1,0,0,0,0
14:09:05.997,0,0,0,0,0
14:09:07.812,0,0,0,0,0
14:09:07.812,1,0,0,0,0
14:09:09.639,1,0,0,0,0
14:09:09.639,0,0,0,0,0
14:09:10.742,1,0,0,0,0
14:09:10.742,0,0,0,0,0
14:09:10.856,1,0,0,0,0
14:09:10.856,0,0,0,0,0
14:10:57.056,1,0,0,0,0
14:10:57.056,0,0,0,0,0
14:10:57.481,0,1,0,0,0
14:10:57.481,0,0,0,0,0
14:10:57.960,0,0,1,0,0
14:10:57.960,0,0,0,0,0
14:13:33.949,1,0,0,0,0
14:13:33.949,0,0,0,0,0
14:13:34.376,0,1,0,0,0
14:13:34.376,0,0,0,0,0
14:13:34.728,0,0,1,0,0
14:13:34.728,0,0,0,0,0
14:15:33.102,0,0,0,0,0
14:15:33.102,0,0,1,0,0
14:15:33.204,0,0,1,0,0
14:15:33.204,0,0,0,0,0
14:15:33.704,0,0,0,0,0
14:15:33.704,0,0,1,0,0
14:15:34.220,0,0,1,0,0
14:15:34.220,0,0,0,0,0
14:15:34.726,0,0,0,0,0
14:15:34.726,0,0,1,0,0
14:15:35.210,0,0,1,0,0
14:15:35.210,1,0,1,0,0
14:15:35.222,1,0,1,0,0
14:15:35.222,1,0,0,0,0
14:15:35.256,1,0,0,0,0
14:15:35.256,0,0,0,0,0
14:15:35.737,0,0,0,0,0
14:15:35.737,0,0,1,0,0
14:15:36.239,0,0,1,0,0
14:15:36.239,0,0,0,0,0
14:15:36.739,0,0,0,0,0
14:15:36.739,0,0,1,0,0
14:15:37.244,0,0,1,0,0
14:15:37.244,0,0,0,0,0
14:15:37.754,0,0,0,0,0
14:15:37.754,0,0,1,0,0
14:15:38.256,0,0,1,0,0
14:15:38.256,0,0,0,0,0
14:15:38.757,0,0,0,0,0
14:15:38.757,0,0,1,0,0
14:15:39.269,0,0,1,0,0
14:15:39.269,0,0,0,0,0
14:15:39.779,0,0,0,0,0
14:15:39.779,0,0,1,0,0
14:15:40.283,0,0,1,0,0
14:15:40.283,0,0,0,0,0
14:15:40.789,0,0,0,0,0
14:15:40.789,0,0,1,0,0
14:15:41.291,0,0,1,0,0
14:15:41.291,0,0,0,0,0
14:15:41.799,0,0,0,0,0
14:15:41.799,0,0,1,0,0
14:15:42.309,0,0,1,0,0
14:15:42.309,0,0,0,0,0
14:15:42.809,0,0,0,0,0
14:15:42.809,0,0,1,0,0
14:15:43.310,0,0,1,0,0
14:15:43.310,0,0,0,0,0
14:15:43.839,0,0,0,0,0
14:15:43.839,0,0,1,0,0
14:15:44.338,0,0,1,0,0
14:15:44.338,0,0,0,0,0
14:15:44.841,0,0,0,0,0
14:15:44.841,0,0,1,0,0
14:15:45.350,0,0,1,0,0
14:15:45.350,0,0,0,0,0
14:15:45.863,0,0,0,0,0
14:15:45.863,0,0,1,0,0
14:15:46.368,0,0,1,0,0
14:15:46.368,0,0,0,0,0
14:15:46.872,0,0,0,0,0
14:15:46.872,0,0,1,0,0
14:15:47.381,0,0,1,0,0
14:15:47.381,0,0,0,0,0
14:15:47.882,0,0,0,0,0
14:15:47.882,0,0,1,0,0
14:15:48.392,0,0,1,0,0
14:15:48.392,0,0,0,0,0
14:15:48.900,0,0,0,0,0
14:15:48.900,0,0,1,0,0
14:15:49.407,0,0,1,0,0
14:15:49.407,0,0,0,0,0
14:15:49.914,0,0,0,0,0
14:15:49.914,0,0,1,0,0
14:15:50.415,0,0,1,0,0
14:15:50.415,0,0,0,0,0
14:15:50.916,0,0,0,0,0
14:15:50.916,0,0,1,0,0
14:15:51.432,0,0,1,0,0
14:15:51.432,0,0,0,0,0
14:15:51.939,0,0,0,0,0
14:15:51.939,0,0,1,0,0
14:15:52.437,0,0,1,0,0
14:15:52.437,0,0,0,0,0
14:15:52.950,0,0,0,0,0
14:15:52.950,0,0,1,0,0
14:15:53.286,0,0,1,0,0
14:15:53.286,1,0,1,0,0
14:15:53.450,1,0,1,0,0
14:15:53.450,1,0,0,0,0
14:15:53.961,1,0,0,0,0
14:15:53.961,1,0,1,0,0
14:15:54.502,1,0,1,0,0
14:15:54.502,1,0,0,0,0
14:15:55.008,1,0,0,0,0
14:15:55.008,1,0,1,0,0
14:15:55.521,1,0,1,0,0
14:15:55.521,1,0,0,0,0
14:15:56.025,1,0,0,0,0
14:15:56.025,1,0,1,0,0
14:15:56.558,1,0,1,0,0
14:15:56.558,1,0,0,0,0
14:15:57.068,1,0,0,0,0
14:15:57.068,1,0,1,0,0
14:15:57.570,1,0,1,0,0
14:15:57.570,1,0,0,0,0
14:15:58.070,1,0,0,0,0
14:15:58.070,1,0,1,0,0
14:15:58.571,1,0,1,0,0
14:15:58.571,1,0,0,0,0
14:15:59.073,1,0,0,0,0
14:15:59.073,1,0,1,0,0
14:15:59.581,1,0,1,0,0
14:15:59.581,1,0,0,0,0
14:16:00.084,1,0,0,0,0
14:16:00.084,1,0,1,0,0
14:16:00.590,1,0,1,0,0
14:16:00.590,1,0,0,0,0
14:16:01.092,1,0,0,0,0
14:16:01.092,1,0,1,0,0
14:16:01.593,1,0,1,0,0
14:16:01.593,1,0,0,0,0
14:16:02.106,1,0,0,0,0
14:16:02.106,1,0,1,0,0
14:16:02.607,1,0,1,0,0
14:16:02.607,1,0,0,0,0
14:16:03.145,1,0,0,0,0
14:16:03.145,1,0,1,0,0
14:16:03.657,1,0,1,0,0
14:16:03.657,1,0,0,0,0
14:16:04.158,1,0,0,0,0
14:16:04.158,1,0,1,0,0
14:16:04.666,1,0,1,0,0
14:16:04.666,1,0,0,0,0
14:16:05.194,1,0,0,0,0
14:16:05.194,1,0,1,0,0
14:16:05.707,1,0,1,0,0
14:16:05.707,1,0,0,0,0
14:16:06.216,1,0,0,0,0
14:16:06.216,1,0,1,0,0
14:16:06.725,1,0,1,0,0
14:16:06.725,1,0,0,0,0
14:16:07.225,1,0,0,0,0
14:16:07.225,1,0,1,0,0
14:16:07.725,1,0,1,0,0
14:16:07.725,1,0,0,0,0
14:16:08.225,1,0,0,0,0
14:16:08.225,1,0,1,0,0
14:16:08.728,1,0,1,0,0
14:16:08.728,1,0,0,0,0
14:16:09.247,1,0,0,0,0
14:16:09.247,1,0,1,0,0
14:16:09.761,1,0,1,0,0
14:16:09.761,1,0,0,0,0
14:16:10.271,1,0,0,0,0
14:16:10.271,1,0,1,0,0
14:16:10.779,1,0,1,0,0
14:16:10.779,1,0,0,0,0
14:16:11.302,1,0,0,0,0
14:16:11.302,1,0,1,0,0
14:16:11.302,1,0,1,0,0
14:16:11.302,0,0,1,0,0
14:16:11.812,0,0,1,0,0
14:16:11.812,0,0,0,0,0
14:16:12.312,0,0,0,0,0
14:16:12.312,0,0,1,0,0
14:16:12.813,0,0,1,0,0
14:16:12.813,0,0,0,0,0
14:16:13.314,0,0,0,0,0
14:16:13.314,0,0,1,0,0
14:16:13.814,0,0,1,0,0
14:16:13.814,0,0,0,0,0
14:16:14.315,0,0,0,0,0
14:16:14.315,0,0,1,0,0
14:16:14.849,0,0,1,0,0
14:16:14.849,0,0,0,0,0
14:16:15.361,0,0,0,0,0
14:16:15.361,0,0,1,0,0
14:16:15.866,0,0,1,0,0
14:16:15.866,0,0,0,0,0
14:16:16.379,0,0,0,0,0
14:16:16.379,0,0,1,0,0
14:16:16.887,0,0,1,0,0
14:16:16.887,0,0,0,0,0
14:16:17.398,0,0,0,0,0
14:16:17.398,0,0,1,0,0
14:16:17.898,0,0,1,0,0
14:16:17.898,0,0,0,0,0
14:16:18.399,0,0,0,0,0
14:16:18.399,0,0,1,0,0
14:16:18.922,0,0,1,0,0
14:16:18.922,0,0,0,0,0
14:16:19.424,0,0,0,0,0
14:16:19.424,0,0,1,0,0
14:16:19.932,0,0,1,0,0
14:16:19.932,0,0,0,0,0
14:16:20.448,0,0,0,0,0
14:16:20.448,0,0,1,0,0
14:16:21.002,0,0,1,0,0
14:16:21.002,0,0,0,0,0
14:16:21.518,0,0,0,0,0
14:16:21.518,0,0,1,0,0
14:16:22.019,0,0,1,0,0
14:16:22.019,0,0,0,0,0
14:16:22.522,0,0,0,0,0
14:16:22.522,0,0,1,0,0
14:16:23.078,0,0,1,0,0
14:16:23.078,0,0,0,0,0
14:16:23.586,0,0,0,0,0
14:16:23.586,0,0,1,0,0
14:16:24.090,0,0,1,0,0
14:16:24.090,0,0,0,0,0
14:16:24.591,0,0,0,0,0
14:16:24.591,0,0,1,0,0
14:16:25.126,0,0,1,0,0
14:16:25.126,0,0,0,0,0
14:16:25.644,0,0,0,0,0
14:16:25.644,0,0,1,0,0
14:16:26.144,0,0,1,0,0
14:16:26.144,0,0,0,0,0
14:16:26.649,0,0,0,0,0
14:16:26.649,0,0,1,0,0
14:16:27.215,0,0,1,0,0
14:16:27.215,0,0,0,0,0
14:16:27.719,0,0,0,0,0
14:16:27.719,0,0,1,0,0
14:16:28.223,0,0,1,0,0
14:16:28.223,0,0,0,0,0
14:16:28.730,0,0,0,0,0
14:16:28.730,0,0,1,0,0
14:16:29.238,0,0,1,0,0
14:16:29.238,0,0,0,0,0
14:16:29.324,0,0,0,0,0
14:16:29.324,1,0,0,0,0
14:16:29.740,1,0,0,0,0
14:16:29.740,1,0,1,0,0
14:16:30.241,1,0,1,0,0
14:16:30.241,1,0,0,0,0
14:16:30.749,1,0,0,0,0
14:16:30.749,1,0,1,0,0
14:16:31.264,1,0,1,0,0
14:16:31.264,1,0,0,0,0
14:16:31.776,1,0,0,0,0
14:16:31.776,1,0,1,0,0
14:16:32.293,1,0,1,0,0
14:16:32.293,1,0,0,0,0
14:16:32.794,1,0,0,0,0
14:16:32.794,1,0,1,0,0
14:16:33.305,1,0,1,0,0
14:16:33.305,1,0,0,0,0
14:16:33.810,1,0,0,0,0
14:16:33.810,1,0,1,0,0
14:16:34.310,1,0,1,0,0
14:16:34.310,1,0,0,0,0
14:16:34.811,1,0,0,0,0
14:16:34.811,1,0,1,0,0
14:16:35.355,1,0,1,0,0
14:16:35.355,1,0,0,0,0
14:16:35.861,1,0,0,0,0
14:16:35.861,1,0,1,0,0
14:16:36.363,1,0,1,0,0
14:16:36.363,1,0,0,0,0
14:16:36.863,1,0,0,0,0
14:16:36.863,1,0,1,0,0
14:16:37.409,1,0,1,0,0
14:16:37.409,1,0,0,0,0
14:16:37.913,1,0,0,0,0
14:16:37.913,1,0,1,0,0
14:16:38.413,1,0,1,0,0
14:16:38.413,1,0,0,0,0
14:16:38.914,1,0,0,0,0
14:16:38.914,1,0,1,0,0
14:16:39.469,1,0,1,0,0
14:16:39.469,1,0,0,0,0
14:16:39.982,1,0,0,0,0
14:16:39.982,1,0,1,0,0
14:16:40.482,1,0,1,0,0
14:16:40.482,1,0,0,0,0
14:16:40.983,1,0,0,0,0
14:16:40.983,1,0,1,0,0
14:16:41.483,1,0,1,0,0
14:16:41.483,1,0,0,0,0
14:16:41.984,1,0,0,0,0
14:16:41.984,1,0,1,0,0
14:16:42.483,1,0,1,0,0
14:16:42.483,1,0,0,0,0
14:16:42.984,1,0,0,0,0
14:16:42.984,1,0,1,0,0
14:16:43.509,1,0,1,0,0
14:16:43.509,1,0,0,0,0
14:16:44.016,1,0,0,0,0
14:16:44.016,1,0,1,0,0
14:16:44.518,1,0,1,0,0
14:16:44.518,1,0,0,0,0
14:16:45.019,1,0,0,0,0
14:16:45.019,1,0,1,0,0
14:16:45.538,1,0,1,0,0
14:16:45.538,1,0,0,0,0
14:16:45.604,1,1,0,0,0
14:16:45.604,1,0,0,0,0
14:16:46.044,1,0,0,0,0
14:16:46.044,1,0,1,0,0
14:16:46.551,1,0,1,0,0
14:16:46.551,1,0,0,0,0
14:16:47.052,1,0,0,0,0
14:16:47.052,1,0,1,0,0
14:16:47.336,1,0,1,0,0
14:16:47.336,0,0,1,0,0
14:16:47.580,0,0,1,0,0
14:16:47.580,0,0,0,0,0
14:16:48.087,0,0,0,0,0
14:16:48.087,0,0,1,0,0
14:16:48.587,0,0,1,0,0
14:16:48.587,0,0,0,0,0
14:16:49.088,0,0,0,0,0
14:16:49.088,0,0,1,0,0
14:16:49.619,0,0,1,0,0
14:16:49.619,0,0,0,0,0
14:16:50.121,0,0,0,0,0
14:16:50.121,0,0,1,0,0
14:16:50.622,0,0,1,0,0
14:16:50.622,0,0,0,0,0
14:16:51.123,0,0,0,0,0
14:16:51.123,0,0,1,0,0
14:16:51.674,0,0,1,0,0
14:16:51.674,0,0,0,0,0
14:16:52.189,0,0,0,0,0
14:16:52.189,0,0,1,0,0
14:16:52.690,0,0,1,0,0
14:16:52.690,0,0,0,0,0
14:16:53.200,0,0,0,0,0
14:16:53.200,0,0,1,0,0
14:16:53.738,0,0,1,0,0
14:16:53.738,0,0,0,0,0
14:16:54.238,0,0,0,0,0
14:16:54.238,0,0,1,0,0
14:16:54.746,0,0,1,0,0
14:16:54.746,0,0,0,0,0
14:16:55.258,0,0,0,0,0
14:16:55.258,0,0,1,0,0
14:16:55.783,0,0,1,0,0
14:16:55.783,0,0,0,0,0
14:16:56.293,0,0,0,0,0
14:16:56.293,0,0,1,0,0
14:16:56.794,0,0,1,0,0
14:16:56.794,0,0,0,0,0
14:16:57.294,0,0,0,0,0
14:16:57.294,0,0,1,0,0
14:16:57.827,0,0,1,0,0
14:16:57.827,0,0,0,0,0
14:16:58.328,0,0,0,0,0
14:16:58.328,0,0,1,0,0
14:16:58.828,0,0,1,0,0
14:16:58.828,0,0,0,0,0
14:16:59.344,0,0,0,0,0
14:16:59.344,0,0,1,0,0
14:16:59.883,0,0,1,0,0
14:16:59.883,0,0,0,0,0
14:17:00.395,0,0,0,0,0
14:17:00.395,0,0,1,0,0
14:17:00.895,0,0,1,0,0
14:17:00.895,0,0,0,0,0
14:17:01.394,0,0,0,0,0
14:17:01.394,0,0,1,0,0
14:17:01.921,0,0,1,0,0
14:17:01.921,0,0,0,0,0
14:17:02.429,0,0,0,0,0
14:17:02.429,0,0,1,0,0
14:17:02.932,0,0,1,0,0
14:17:02.932,0,0,0,0,0
14:17:03.432,0,0,0,0,0
14:17:03.432,0,0,1,0,0
14:17:03.939,0,0,1,0,0
14:17:03.939,0,0,0,0,0
14:17:04.448,0,0,0,0,0
14:17:04.448,0,0,1,0,0
14:17:04.949,0,0,1,0,0
14:17:04.949,0,0,0,0,0
14:17:05.348,0,0,0,0,0
14:17:05.348,1,0,0,0,0
14:17:05.449,1,0,0,0,0
14:17:05.449,1,0,1,0,0
14:17:06.033,1,0,1,0,0
14:17:06.033,1,0,0,0,0
14:17:06.534,1,0,0,0,0
14:17:06.534,1,0,1,0,0
14:17:07.034,1,0,1,0,0
14:17:07.034,1,0,0,0,0
14:17:07.545,1,0,0,0,0
14:17:07.545,1,0,1,0,0
14:17:08.051,1,0,1,0,0
14:17:08.051,1,0,0,0,0
14:17:08.551,1,0,0,0,0
14:17:08.551,1,0,1,0,0
14:17:09.052,1,0,1,0,0
14:17:09.052,1,0,0,0,0
14:17:09.565,1,0,0,0,0
14:17:09.565,1,0,1,0,0
14:17:10.067,1,0,1,0,0
14:17:10.067,1,0,0,0,0
14:17:10.583,1,0,0,0,0
14:17:10.583,1,0,1,0,0
14:17:11.087,1,0,1,0,0
14:17:11.087,1,0,0,0,0
14:17:11.604,1,0,0,0,0
14:17:11.604,1,0,1,0,0
14:17:12.110,1,0,1,0,0
14:17:12.110,1,0,0,0,0
14:17:12.627,1,0,0,0,0
14:17:12.627,1,0,1,0,0
14:17:13.128,1,0,1,0,0
14:17:13.128,1,0,0,0,0
14:17:13.643,1,0,0,0,0
14:17:13.643,1,0,1,0,0
14:17:14.151,1,0,1,0,0
14:17:14.151,1,0,0,0,0
14:17:14.651,1,0,0,0,0
14:17:14.651,1,0,1,0,0
14:17:15.158,1,0,1,0,0
14:17:15.158,1,0,0,0,0
14:17:15.665,1,0,0,0,0
14:17:15.665,1,0,1,0,0
14:17:16.165,1,0,1,0,0
14:17:16.165,1,0,0,0,0
14:17:16.677,1,0,0,0,0
14:17:16.677,1,0,1,0,0
14:17:17.185,1,0,1,0,0
14:17:17.185,1,0,0,0,0
14:17:17.692,1,0,0,0,0
14:17:17.692,1,0,1,0,0
14:17:18.198,1,0,1,0,0
14:17:18.198,1,0,0,0,0
14:17:18.707,1,0,0,0,0
14:17:18.707,1,0,1,0,0
14:17:19.207,1,0,1,0,0
14:17:19.207,1,0,0,0,0
14:17:19.721,1,0,0,0,0
14:17:19.721,1,0,1,0,0
14:17:20.230,1,0,1,0,0
14:17:20.230,1,0,0,0,0
14:17:20.727,1,0,0,0,0
14:17:20.727,1,0,1,0,0
14:17:21.240,1,0,1,0,0
14:17:21.240,1,0,0,0,0
14:17:21.744,1,0,0,0,0
14:17:21.744,1,0,1,0,0
14:17:22.245,1,0,1,0,0
14:17:22.245,1,0,0,0,0
14:17:22.750,1,0,0,0,0
14:17:22.750,1,0,1,0,0
14:17:23.273,1,0,1,0,0
14:17:23.273,1,0,0,0,0
14:17:23.370,1,0,0,0,0
14:17:23.370,0,0,0,0,0
14:17:23.776,0,0,0,0,0
14:17:23.776,0,0,1,0,0
14:17:24.280,0,0,1,0,0
14:17:24.280,0,0,0,0,0
14:17:24.789,0,0,0,0,0
14:17:24.789,0,0,1,0,0
14:17:25.300,0,0,1,0,0
14:17:25.300,0,0,0,0,0
14:17:25.800,0,0,0,0,0
14:17:25.800,0,0,1,0,0
14:17:26.319,0,0,1,0,0
14:17:26.319,0,0,0,0,0
14:17:26.825,0,0,0,0,0
14:17:26.825,0,0,1,0,0
14:17:27.326,0,0,1,0,0
14:17:27.326,0,0,0,0,0
14:17:27.832,0,1,0,0,0
14:17:27.832,0,0,0,0,0
14:17:27.832,0,0,0,0,0
14:17:27.832,0,0,1,0,0
14:17:28.344,0,0,1,0,0
14:17:28.344,0,0,0,0,0
14:17:28.849,0,0,0,0,0
14:17:28.849,0,0,1,0,0
14:17:29.389,0,0,1,0,0
14:17:29.389,0,0,0,0,0
14:17:29.891,0,0,0,0,0
14:17:29.891,0,0,1,0,0
14:17:30.398,0,0,1,0,0
14:17:30.398,0,0,0,0,0
14:17:30.904,0,0,0,0,0
14:17:30.904,0,0,1,0,0
14:17:31.419,0,0,1,0,0
14:17:31.419,0,0,0,0,0
14:17:31.924,0,0,0,0,0
14:17:31.924,0,0,1,0,0
14:17:32.425,0,0,1,0,0
14:17:32.425,0,0,0,0,0
14:17:32.926,0,0,0,0,0
14:17:32.926,0,0,1,0,0
14:17:33.442,0,0,1,0,0
14:17:33.442,0,0,0,0,0
14:17:33.958,0,0,0,0,0
14:17:33.958,0,0,1,0,0
14:17:34.455,0,0,1,0,0
14:17:34.455,0,0,0,0,0
14:17:34.969,0,0,0,0,0
14:17:34.969,0,0,1,0,0
14:17:35.492,0,0,1,0,0
14:17:35.492,0,0,0,0,0
14:17:36.006,0,0,0,0,0
14:17:36.006,0,0,1,0,0
14:17:36.515,0,0,1,0,0
14:17:36.515,0,0,0,0,0
14:17:37.022,0,0,0,0,0
14:17:37.022,0,0,1,0,0
14:17:37.536,0,0,1,0,0
14:17:37.536,0,0,0,0,0
14:17:38.050,0,0,0,0,0
14:17:38.050,0,0,1,0,0
14:17:38.563,0,0,1,0,0
14:17:38.563,0,0,0,0,0
14:17:39.070,0,0,0,0,0
14:17:39.070,0,0,1,0,0
14:17:39.608,0,0,1,0,0
14:17:39.608,0,0,0,0,0
14:17:40.115,0,0,0,0,0
14:17:40.115,0,0,1,0,0
14:17:40.621,0,0,1,0,0
14:17:40.621,0,0,0,0,0
14:17:41.127,0,0,0,0,0
14:17:41.127,0,0,1,0,0
14:17:41.381,0,0,1,0,0
14:17:41.381,1,0,1,0,0
14:17:41.653,1,0,1,0,0
14:17:41.653,1,0,0,0,0
14:17:42.157,1,0,0,0,0
14:17:42.157,1,0,1,0,0
14:17:42.663,1,0,1,0,0
14:17:42.663,1,0,0,0,0
14:17:43.170,1,0,0,0,0
14:17:43.170,1,0,1,0,0
14:17:43.681,1,0,1,0,0
14:17:43.681,1,0,0,0,0
14:17:44.200,1,0,0,0,0
14:17:44.200,1,0,1,0,0
14:17:44.708,1,0,1,0,0
14:17:44.708,1,0,0,0,0
14:17:45.211,1,0,0,0,0
14:17:45.211,1,0,1,0,0
14:17:45.733,1,0,1,0,0
14:17:45.733,1,0,0,0,0
14:17:46.238,1,0,0,0,0
14:17:46.238,1,0,1,0,0
14:17:46.742,1,0,1,0,0
14:17:46.742,1,0,0,0,0
14:17:47.249,1,0,0,0,0
14:17:47.249,1,0,1,0,0
14:17:47.766,1,0,1,0,0
14:17:47.766,1,0,0,0,0
14:17:48.277,1,0,0,0,0
14:17:48.277,1,0,1,0,0
14:17:48.782,1,0,1,0,0
14:17:48.782,1,0,0,0,0
14:17:49.287,1,0,0,0,0
14:17:49.287,1,0,1,0,0
14:17:49.795,1,0,1,0,0
14:17:49.795,1,0,0,0,0
14:17:50.316,1,0,0,0,0
14:17:50.316,1,0,1,0,0
14:17:50.823,1,0,1,0,0
14:17:50.823,1,0,0,0,0
14:17:51.329,1,0,0,0,0
14:17:51.329,1,0,1,0,0
14:17:51.881,1,0,1,0,0
14:17:51.881,1,0,0,0,0
14:17:52.385,1,0,0,0,0
14:17:52.385,1,0,1,0,0
14:17:52.896,1,0,1,0,0
14:17:52.896,1,0,0,0,0
14:17:53.401,1,0,0,0,0
14:17:53.401,1,0,1,0,0
14:17:53.946,1,0,1,0,0
14:17:53.946,1,0,0,0,0
14:17:54.451,1,0,0,0,0
14:17:54.451,1,0,1,0,0
14:17:54.957,1,0,1,0,0
14:17:54.957,1,0,0,0,0
14:17:55.465,1,0,0,0,0
14:17:55.465,1,0,1,0,0
14:17:55.974,1,0,1,0,0
14:17:55.974,1,0,0,0,0
14:17:56.473,1,0,0,0,0
14:17:56.473,1,0,1,0,0
14:17:56.975,1,0,1,0,0
14:17:56.975,1,0,0,0,0
14:17:57.483,1,0,0,0,0
14:17:57.483,1,0,1,0,0
14:17:57.983,1,0,1,0,0
14:17:57.983,1,0,0,0,0
14:17:58.475,1,0,0,0,0
14:17:58.475,1,0,1,0,0
14:17:58.995,1,0,1,0,0
14:17:58.995,1,0,0,0,0
14:17:59.387,1,0,0,0,0
14:17:59.387,0,0,0,0,0
14:17:59.500,0,0,0,0,0
14:17:59.500,0,0,1,0,0
14:18:00.004,0,0,1,0,0
14:18:00.004,0,0,0,0,0
14:18:00.509,0,0,0,0,0
14:18:00.509,0,0,1,0,0
14:18:01.023,0,0,1,0,0
14:18:01.023,0,0,0,0,0
14:18:01.089,0,0,1,0,0
14:18:01.089,0,0,0,0,0
14:18:01.159,0,0,1,0,0
14:18:01.159,0,0,0,0,0
14:18:10.815,0,0,0,0,0
14:18:10.815,1,0,0,0,0
14:18:11.095,1,0,0,0,0
14:18:11.095,0,0,0,0,0
14:18:11.179,1,0,0,0,0
14:18:11.179,0,0,0,0,0
14:18:45.856,1,0,0,0,0
14:18:45.856,0,0,0,0,0
14:18:59.356,0,0,1,0,0
14:18:59.356,0,0,0,0,0
14:18:59.806,0,1,0,0,0
14:18:59.806,0,0,0,0,0
14:19:00.145,1,0,0,0,0
14:19:00.145,0,0,0,0,0
14:19:21.567,0,0,0,0,0
14:19:21.567,1,0,0,0,0
14:19:21.673,1,0,0,0,0
14:19:21.673,0,0,0,0,0
14:19:22.173,0,0,0,0,0
14:19:22.173,1,0,0,0,0
14:19:22.674,1,0,0,0,0
14:19:22.674,0,0,0,0,0
14:19:23.175,0,0,0,0,0
14:19:23.175,1,0,0,0,0
14:19:23.692,1,0,0,0,0
14:19:23.692,0,0,0,0,0
14:19:24.192,0,0,0,0,0
14:19:24.192,1,0,0,0,0
14:19:24.692,1,0,0,0,0
14:19:24.692,0,0,0,0,0
14:19:25.193,0,0,0,0,0
14:19:25.193,1,0,0,0,0
14:19:25.707,1,0,0,0,0
14:19:25.707,0,0,0,0,0
14:19:26.209,0,0,0,0,0
14:19:26.209,1,0,0,0,0
14:19:26.710,1,0,0,0,0
14:19:26.710,0,0,0,0,0
14:19:27.210,0,0,0,0,0
14:19:27.210,1,0,0,0,0
14:19:27.751,1,0,0,0,0
14:19:27.751,0,0,0,0,0
14:19:28.261,0,0,0,0,0
14:19:28.261,1,0,0,0,0
14:19:28.762,1,0,0,0,0
14:19:28.762,0,0,0,0,0
14:19:29.282,0,0,0,0,0
14:19:29.282,1,0,0,0,0
14:19:29.796,1,0,0,0,0
14:19:29.796,0,0,0,0,0
14:19:30.297,0,0,0,0,0
14:19:30.297,1,0,0,0,0
14:19:30.797,1,0,0,0,0
14:19:30.797,0,0,0,0,0
14:19:31.299,0,0,0,0,0
14:19:31.299,1,0,0,0,0
14:19:31.814,1,0,0,0,0
14:19:31.814,0,0,0,0,0
14:19:32.315,0,0,0,0,0
14:19:32.315,1,0,0,0,0
14:19:32.815,1,0,0,0,0
14:19:32.815,0,0,0,0,0
14:19:33.318,0,0,0,0,0
14:19:33.318,1,0,0,0,0
14:19:33.831,1,0,0,0,0
14:19:33.831,0,0,0,0,0
14:19:34.333,0,0,0,0,0
14:19:34.333,1,0,0,0,0
14:19:34.833,1,0,0,0,0
14:19:34.833,0,0,0,0,0
14:19:35.404,0,0,0,0,0
14:19:35.404,1,0,0,0,0
14:19:35.916,1,0,0,0,0
14:19:35.916,0,0,0,0,0
14:19:36.417,0,0,0,0,0
14:19:36.417,1,0,0,0,0
14:19:36.932,1,0,0,0,0
14:19:36.932,0,0,0,0,0
14:19:37.437,0,0,0,0,0
14:19:37.437,1,0,0,0,0
14:19:37.937,1,0,0,0,0
14:19:37.937,0,0,0,0,0
14:19:38.451,0,0,0,0,0
14:19:38.451,1,0,0,0,0
14:19:38.955,1,0,0,0,0
14:19:38.955,0,0,0,0,0
14:19:39.462,0,0,0,0,0
14:19:39.462,1,0,0,0,0
14:19:39.966,1,0,0,0,0
14:19:39.966,0,0,0,0,0
14:19:40.475,0,0,0,0,0
14:19:40.475,1,0,0,0,0
14:19:40.983,1,0,0,0,0
14:19:40.983,0,0,0,0,0
14:19:41.555,0,0,0,0,0
14:19:41.555,1,0,0,0,0
14:19:42.065,1,0,0,0,0
14:19:42.065,0,0,0,0,0
14:19:42.571,0,0,0,0,0
14:19:42.571,1,0,0,0,0
14:19:43.078,1,0,0,0,0
14:19:43.078,0,0,0,0,0
14:19:43.583,0,0,0,0,0
14:19:43.583,1,0,0,0,0
14:19:44.092,1,0,0,0,0
14:19:44.092,0,0,0,0,0
14:19:44.599,0,0,0,0,0
14:19:44.599,1,0,0,0,0
14:19:45.105,1,0,0,0,0
14:19:45.105,0,0,0,0,0
14:19:45.601,0,0,0,0,0
14:19:45.601,1,0,0,0,0
14:19:46.118,1,0,0,0,0
14:19:46.118,0,0,0,0,0
14:19:46.625,0,0,0,0,0
14:19:46.625,1,0,0,0,0
14:19:47.131,1,0,0,0,0
14:19:47.131,0,0,0,0,0
14:19:47.638,0,0,0,0,0
14:19:47.638,1,0,0,0,0
14:19:48.147,1,0,0,0,0
14:19:48.147,0,0,0,0,0
14:19:48.653,0,0,0,0,0
14:19:48.653,1,0,0,0,0
14:19:49.158,1,0,0,0,0
14:19:49.158,0,0,0,0,0
14:19:49.661,0,0,0,0,0
14:19:49.661,1,0,0,0,0
14:19:50.168,1,0,0,0,0
14:19:50.168,0,0,0,0,0
14:19:50.665,0,0,0,0,0
14:19:50.665,1,0,0,0,0
14:19:51.180,1,0,0,0,0
14:19:51.180,0,0,0,0,0
14:19:51.685,0,0,0,0,0
14:19:51.685,1,0,0,0,0
14:19:52.189,1,0,0,0,0
14:19:52.189,0,0,0,0,0
14:19:52.717,0,0,0,0,0
14:19:52.717,1,0,0,0,0
14:19:53.219,1,0,0,0,0
14:19:53.219,0,0,0,0,0
14:19:53.725,0,0,0,0,0
14:19:53.725,1,0,0,0,0
14:19:54.234,1,0,0,0,0
14:19:54.234,0,0,0,0,0
14:19:54.740,0,0,0,0,0
14:19:54.740,1,0,0,0,0
14:19:55.249,1,0,0,0,0
14:19:55.249,0,0,0,0,0
14:19:55.764,0,0,0,0,0
14:19:55.764,1,0,0,0,0
14:19:56.267,1,0,0,0,0
14:19:56.267,0,0,0,0,0
14:19:56.775,0,0,0,0,0
14:19:56.775,1,0,0,0,0
14:19:57.281,1,0,0,0,0
14:19:57.281,0,0,0,0,0
14:19:57.784,0,0,0,0,0
14:19:57.784,1,0,0,0,0
14:19:58.288,1,0,0,0,0
14:19:58.288,0,0,0,0,0
14:19:58.794,0,0,0,0,0
14:19:58.794,1,0,0,0,0
14:19:59.300,1,0,0,0,0
14:19:59.300,0,0,0,0,0
14:19:59.809,0,0,0,0,0
14:19:59.809,1,0,0,0,0
14:20:00.319,1,0,0,0,0
14:20:00.319,0,0,0,0,0
14:20:00.825,0,0,0,0,0
14:20:00.825,1,0,0,0,0
14:20:01.342,1,0,0,0,0
14:20:01.342,0,0,0,0,0
14:20:01.856,0,0,0,0,0
14:20:01.856,1,0,0,0,0
14:20:02.362,1,0,0,0,0
14:20:02.362,0,0,0,0,0
14:20:02.867,0,0,0,0,0
14:20:02.867,1,0,0,0,0
14:20:03.403,1,0,0,0,0
14:20:03.403,0,0,0,0,0
14:20:03.908,0,0,0,0,0
14:20:03.908,1,0,0,0,0
14:20:04.411,1,0,0,0,0
14:20:04.411,0,0,0,0,0
14:20:04.918,0,0,0,0,0
14:20:04.918,1,0,0,0,0
14:20:05.410,1,0,0,0,0
14:20:05.410,0,0,0,0,0
14:20:05.932,0,0,0,0,0
14:20:05.932,1,0,0,0,0
14:20:06.439,1,0,0,0,0
14:20:06.439,0,0,0,0,0
14:20:06.948,0,0,0,0,0
14:20:06.948,1,0,0,0,0
14:20:07.454,1,0,0,0,0
14:20:07.454,0,0,0,0,0
14:20:07.947,0,0,0,0,0
14:20:07.947,1,0,0,0,0
14:20:08.455,1,0,0,0,0
14:20:08.455,0,0,0,0,0
14:20:08.958,0,0,0,0,0
14:20:08.958,1,0,0,0,0
14:20:09.467,1,0,0,0,0
14:20:09.467,0,0,0,0,0
14:20:09.973,0,0,0,0,0
14:20:09.973,1,0,0,0,0
14:20:10.487,1,0,0,0,0
14:20:10.487,0,0,0,0,0
14:20:11.000,0,0,0,0,0
14:20:11.000,1,0,0,0,0
14:20:11.507,1,0,0,0,0
14:20:11.507,0,0,0,0,0
14:20:12.013,0,0,0,0,0
14:20:12.013,1,0,0,0,0
14:20:12.535,1,0,0,0,0
14:20:12.535,0,0,0,0,0
14:20:13.055,0,0,0,0,0
14:20:13.055,1,0,0,0,0
14:20:13.560,1,0,0,0,0
14:20:13.560,0,0,0,0,0
14:20:14.056,0,0,0,0,0
14:20:14.056,1,0,0,0,0
14:20:14.666,1,0,0,0,0
14:20:14.666,0,0,0,0,0
14:20:15.180,0,0,0,0,0
14:20:15.180,1,0,0,0,0
14:20:15.686,1,0,0,0,0
14:20:15.686,0,0,0,0,0
14:20:16.195,0,0,0,0,0
14:20:16.195,1,0,0,0,0
14:20:16.734,1,0,0,0,0
14:20:16.734,0,0,0,0,0
14:20:17.255,0,0,0,0,0
14:20:17.255,1,0,0,0,0
14:20:17.758,1,0,0,0,0
14:20:17.758,0,0,0,0,0
14:20:18.266,0,0,0,0,0
14:20:18.266,1,0,0,0,0
14:20:18.774,1,0,0,0,0
14:20:18.774,0,0,0,0,0
14:20:19.279,0,0,0,0,0
14:20:19.279,1,0,0,0,0
14:20:19.787,1,0,0,0,0
14:20:19.787,0,0,0,0,0
14:20:20.292,0,0,0,0,0
14:20:20.292,1,0,0,0,0
14:20:20.798,1,0,0,0,0
14:20:20.798,0,0,0,0,0
14:20:21.301,0,0,0,0,0
14:20:21.301,1,0,0,0,0
14:20:21.807,1,0,0,0,0
14:20:21.807,0,0,0,0,0
14:20:22.114,0,0,0,0,0
14:20:22.114,0,0,1,0,0
14:20:22.281,0,0,1,0,0
14:20:22.281,0,0,0,0,0
14:20:22.345,0,0,0,0,0
14:20:22.345,1,0,0,0,0
14:20:22.910,1,0,0,0,0
14:20:22.910,0,0,0,0,0
14:20:23.420,0,0,0,0,0
14:20:23.420,1,0,0,0,0
14:20:23.927,1,0,0,0,0
14:20:23.927,0,0,0,0,0
14:20:24.434,0,0,0,0,0
14:20:24.434,1,0,0,0,0
14:20:24.945,1,0,0,0,0
14:20:24.945,0,0,0,0,0
14:20:25.461,0,0,0,0,0
14:20:25.461,1,0,0,0,0
14:20:25.970,1,0,0,0,0
14:20:25.970,0,0,0,0,0
14:20:26.477,0,0,0,0,0
14:20:26.477,1,0,0,0,0
14:20:26.982,1,0,0,0,0
14:20:26.982,0,0,0,0,0
14:20:27.589,0,0,0,0,0
14:20:27.589,1,0,0,0,0
14:20:28.104,1,0,0,0,0
14:20:28.104,0,0,0,0,0
14:20:28.607,0,0,0,0,0
14:20:28.607,1,0,0,0,0
14:20:29.112,1,0,0,0,0
14:20:29.112,0,0,0,0,0
14:20:29.679,0,0,0,0,0
14:20:29.679,1,0,0,0,0
14:20:30.189,1,0,0,0,0
14:20:30.189,0,0,0,0,0
14:20:30.688,0,0,0,0,0
14:20:30.688,1,0,0,0,0
14:20:31.199,1,0,0,0,0
14:20:31.199,0,0,0,0,0
14:20:31.763,0,0,0,0,0
14:20:31.763,1,0,0,0,0
14:20:32.275,1,0,0,0,0
14:20:32.275,0,0,0,0,0
14:20:32.781,0,0,0,0,0
14:20:32.781,1,0,0,0,0
14:20:33.276,1,0,0,0,0
14:20:33.276,0,0,0,0,0
14:20:33.859,0,0,0,0,0
14:20:33.859,1,0,0,0,0
14:20:34.366,1,0,0,0,0
14:20:34.366,0,0,0,0,0
14:20:34.873,0,0,0,0,0
14:20:34.873,1,0,0,0,0
14:20:35.380,1,0,0,0,0
14:20:35.380,0,0,0,0,0
14:20:35.886,0,0,0,0,0
14:20:35.886,1,0,0,0,0
14:20:36.392,1,0,0,0,0
14:20:36.392,0,0,0,0,0
14:20:36.963,0,0,0,0,0
14:20:36.963,1,0,0,0,0
14:20:37.465,1,0,0,0,0
14:20:37.465,0,0,0,0,0
14:20:37.972,0,0,0,0,0
14:20:37.972,1,0,0,0,0
14:20:38.476,1,0,0,0,0
14:20:38.476,0,0,0,0,0
14:20:38.989,0,0,0,0,0
14:20:38.989,1,0,0,0,0
14:20:39.497,1,0,0,0,0
14:20:39.497,0,0,0,0,0
14:20:40.002,0,0,0,0,0
14:20:40.002,1,0,0,0,0
14:20:40.298,1,0,0,0,0
14:20:40.298,1,0,1,0,0
14:20:40.510,1,0,1,0,0
14:20:40.510,0,0,1,0,0
14:20:41.015,0,0,1,0,0
14:20:41.015,1,0,1,0,0
14:20:41.522,1,0,1,0,0
14:20:41.522,0,0,1,0,0
14:20:42.028,0,0,1,0,0
14:20:42.028,1,0,1,0,0
14:20:42.536,1,0,1,0,0
14:20:42.536,0,0,1,0,0
14:20:43.043,0,0,1,0,0
14:20:43.043,1,0,1,0,0
14:20:43.551,1,0,1,0,0
14:20:43.551,0,0,1,0,0
14:20:44.057,0,0,1,0,0
14:20:44.057,1,0,1,0,0
14:20:44.567,1,0,1,0,0
14:20:44.567,0,0,1,0,0
14:20:45.073,0,0,1,0,0
14:20:45.073,1,0,1,0,0
14:20:45.596,1,0,1,0,0
14:20:45.596,0,0,1,0,0
14:20:46.103,0,0,1,0,0
14:20:46.103,1,0,1,0,0
14:20:46.609,1,0,1,0,0
14:20:46.609,0,0,1,0,0
14:20:47.116,0,0,1,0,0
14:20:47.116,1,0,1,0,0
14:20:47.622,1,0,1,0,0
14:20:47.622,0,0,1,0,0
14:20:48.127,0,0,1,0,0
14:20:48.127,1,0,1,0,0
14:20:48.635,1,0,1,0,0
14:20:48.635,0,0,1,0,0
14:20:49.140,0,0,1,0,0
14:20:49.140,1,0,1,0,0
14:20:49.646,1,0,1,0,0
14:20:49.646,0,0,1,0,0
14:20:50.203,0,0,1,0,0
14:20:50.203,1,0,1,0,0
14:20:50.706,1,0,1,0,0
14:20:50.706,0,0,1,0,0
14:20:51.216,0,0,1,0,0
14:20:51.216,1,0,1,0,0
14:20:51.721,1,0,1,0,0
14:20:51.721,0,0,1,0,0
14:20:52.223,0,0,1,0,0
14:20:52.223,1,0,1,0,0
14:20:52.734,1,0,1,0,0
14:20:52.734,0,0,1,0,0
14:20:53.239,0,0,1,0,0
14:20:53.239,1,0,1,0,0
14:20:53.743,1,0,1,0,0
14:20:53.743,0,0,1,0,0
14:20:54.250,0,0,1,0,0
14:20:54.250,1,0,1,0,0
14:20:54.755,1,0,1,0,0
14:20:54.755,0,0,1,0,0
14:20:55.262,0,0,1,0,0
14:20:55.262,1,0,1,0,0
14:20:55.770,1,0,1,0,0
14:20:55.770,0,0,1,0,0
14:20:56.277,0,0,1,0,0
14:20:56.277,1,0,1,0,0
14:20:56.783,1,0,1,0,0
14:20:56.783,0,0,1,0,0
14:20:57.290,0,0,1,0,0
14:20:57.290,1,0,1,0,0
14:20:57.794,1,0,1,0,0
14:20:57.794,0,0,1,0,0
14:20:58.300,0,0,1,0,0
14:20:58.300,1,0,1,0,0
14:20:58.307,1,0,1,0,0
14:20:58.307,1,0,0,0,0
14:20:58.807,1,0,0,0,0
14:20:58.807,0,0,0,0,0
14:20:59.313,0,0,0,0,0
14:20:59.313,1,0,0,0,0
14:20:59.820,1,0,0,0,0
14:20:59.820,0,0,0,0,0
14:21:00.326,0,0,0,0,0
14:21:00.326,1,0,0,0,0
14:21:00.832,1,0,0,0,0
14:21:00.832,0,0,0,0,0
14:21:01.337,0,0,0,0,0
14:21:01.337,1,0,0,0,0
14:21:01.843,1,0,0,0,0
14:21:01.843,0,0,0,0,0
14:21:02.351,0,0,0,0,0
14:21:02.351,1,0,0,0,0
14:21:02.859,1,0,0,0,0
14:21:02.859,0,0,0,0,0
14:21:03.364,0,0,0,0,0
14:21:03.364,1,0,0,0,0
14:21:03.857,1,0,0,0,0
14:21:03.857,0,0,0,0,0
14:21:04.376,0,0,0,0,0
14:21:04.376,1,0,0,0,0
14:21:04.881,1,0,0,0,0
14:21:04.881,0,0,0,0,0
14:21:05.388,0,0,0,0,0
14:21:05.388,1,0,0,0,0
14:21:05.895,1,0,0,0,0
14:21:05.895,0,0,0,0,0
14:21:06.404,0,0,0,0,0
14:21:06.404,1,0,0,0,0
14:21:06.911,1,0,0,0,0
14:21:06.911,0,0,0,0,0
14:21:07.418,0,0,0,0,0
14:21:07.418,1,0,0,0,0
14:21:07.926,1,0,0,0,0
14:21:07.926,0,0,0,0,0
14:21:08.459,0,0,0,0,0
14:21:08.459,1,0,0,0,0
14:21:08.979,1,0,0,0,0
14:21:08.979,0,0,0,0,0
14:21:09.488,0,0,0,0,0
14:21:09.488,1,0,0,0,0
14:21:09.993,1,0,0,0,0
14:21:09.993,0,0,0,0,0
14:21:10.489,0,0,0,0,0
14:21:10.489,1,0,0,0,0
14:21:11.006,1,0,0,0,0
14:21:11.006,0,0,0,0,0
14:21:11.510,0,0,0,0,0
14:21:11.510,1,0,0,0,0
14:21:12.018,1,0,0,0,0
14:21:12.018,0,0,0,0,0
14:21:12.525,0,0,0,0,0
14:21:12.525,1,0,0,0,0
14:21:13.033,1,0,0,0,0
14:21:13.033,0,0,0,0,0
14:21:13.538,0,0,0,0,0
14:21:13.538,1,0,0,0,0
14:21:14.043,1,0,0,0,0
14:21:14.043,0,0,0,0,0
14:21:14.553,0,0,0,0,0
14:21:14.553,1,0,0,0,0
14:21:15.082,1,0,0,0,0
14:21:15.082,0,0,0,0,0
14:21:15.597,0,0,0,0,0
14:21:15.597,1,0,0,0,0
14:21:16.106,1,0,0,0,0
14:21:16.106,0,0,0,0,0
14:21:16.321,0,0,0,0,0
14:21:16.321,0,0,1,0,0
14:21:16.609,0,0,1,0,0
14:21:16.609,1,0,1,0,0
14:21:17.146,1,0,1,0,0
14:21:17.146,0,0,1,0,0
14:21:17.649,0,0,1,0,0
14:21:17.649,1,0,1,0,0
14:21:18.152,1,0,1,0,0
14:21:18.152,0,0,1,0,0
14:21:18.659,0,0,1,0,0
14:21:18.659,1,0,1,0,0
14:21:19.187,1,0,1,0,0
14:21:19.187,0,0,1,0,0
14:21:19.703,0,0,1,0,0
14:21:19.703,1,0,1,0,0
14:21:20.206,1,0,1,0,0
14:21:20.206,0,0,1,0,0
14:21:20.711,0,0,1,0,0
14:21:20.711,1,0,1,0,0
14:21:21.255,1,0,1,0,0
14:21:21.255,0,0,1,0,0
14:21:21.757,0,0,1,0,0
14:21:21.757,1,0,1,0,0
14:21:22.264,1,0,1,0,0
14:21:22.264,0,0,1,0,0
14:21:22.770,0,0,1,0,0
14:21:22.770,1,0,1,0,0
14:21:23.274,1,0,1,0,0
14:21:23.274,0,0,1,0,0
14:21:23.782,0,0,1,0,0
14:21:23.782,1,0,1,0,0
14:21:24.291,1,0,1,0,0
14:21:24.291,0,0,1,0,0
14:21:24.799,0,0,1,0,0
14:21:24.799,1,0,1,0,0
14:21:25.307,1,0,1,0,0
14:21:25.307,0,0,1,0,0
14:21:25.928,0,0,1,0,0
14:21:25.928,1,0,1,0,0
14:21:26.441,1,0,1,0,0
14:21:26.441,0,0,1,0,0
14:21:26.942,0,0,1,0,0
14:21:26.942,1,0,1,0,0
14:21:27.562,1,0,1,0,0
14:21:27.562,0,0,1,0,0
14:21:28.071,0,0,1,0,0
14:21:28.071,1,0,1,0,0
14:21:28.576,1,0,1,0,0
14:21:28.576,0,0,1,0,0
14:21:29.077,0,0,1,0,0
14:21:29.077,1,0,1,0,0
14:21:29.578,1,0,1,0,0
14:21:29.578,0,0,1,0,0
14:21:30.093,0,0,1,0,0
14:21:30.093,1,0,1,0,0
14:21:30.594,1,0,1,0,0
14:21:30.594,0,0,1,0,0
14:21:31.208,0,0,1,0,0
14:21:31.208,1,0,1,0,0
14:21:31.713,1,0,1,0,0
14:21:31.713,0,0,1,0,0
14:21:32.220,0,0,1,0,0
14:21:32.220,1,0,1,0,0
14:21:32.723,1,0,1,0,0
14:21:32.723,0,0,1,0,0
14:21:33.226,0,0,1,0,0
14:21:33.226,1,0,1,0,0
14:21:33.730,1,0,1,0,0
14:21:33.730,0,0,1,0,0
14:21:34.243,0,0,1,0,0
14:21:34.243,1,0,1,0,0
14:21:34.376,1,0,1,0,0
14:21:34.376,1,0,0,0,0
14:21:34.749,1,0,0,0,0
14:21:34.749,0,0,0,0,0
14:21:35.400,0,0,0,0,0
14:21:35.400,1,0,0,0,0
14:21:35.913,1,0,0,0,0
14:21:35.913,0,0,0,0,0
14:21:36.415,0,0,0,0,0
14:21:36.415,1,0,0,0,0
14:21:36.930,1,0,0,0,0
14:21:36.930,0,0,0,0,0
14:21:37.445,0,0,0,0,0
14:21:37.445,1,0,0,0,0
14:21:37.949,1,0,0,0,0
14:21:37.949,0,0,0,0,0
14:21:38.456,0,0,0,0,0
14:21:38.456,1,0,0,0,0
14:21:38.966,1,0,0,0,0
14:21:38.966,0,0,0,0,0
14:21:39.479,0,0,0,0,0
14:21:39.479,1,0,0,0,0
14:21:39.991,1,0,0,0,0
14:21:39.991,0,0,0,0,0
14:21:40.496,0,0,0,0,0
14:21:40.496,1,0,0,0,0
14:21:41.001,1,0,0,0,0
14:21:41.001,0,0,0,0,0
14:21:41.607,0,0,0,0,0
14:21:41.607,1,0,0,0,0
14:21:42.116,1,0,0,0,0
14:21:42.116,0,0,0,0,0
14:21:42.630,0,0,0,0,0
14:21:42.630,1,0,0,0,0
14:21:43.132,1,0,0,0,0
14:21:43.132,0,0,0,0,0
14:21:43.636,0,0,0,0,0
14:21:43.636,1,0,0,0,0
14:21:44.140,1,0,0,0,0
14:21:44.140,0,0,0,0,0
14:21:44.717,0,0,0,0,0
14:21:44.717,1,0,0,0,0
14:21:45.238,1,0,0,0,0
14:21:45.238,0,0,0,0,0
14:21:45.749,0,0,0,0,0
14:21:45.749,1,0,0,0,0
14:21:46.249,1,0,0,0,0
14:21:46.249,0,0,0,0,0
14:21:46.753,0,0,0,0,0
14:21:46.753,1,0,0,0,0
14:21:47.255,1,0,0,0,0
14:21:47.255,0,0,0,0,0
14:21:47.759,0,0,0,0,0
14:21:47.759,1,0,0,0,0
14:21:48.269,1,0,0,0,0
14:21:48.269,0,0,0,0,0
14:21:48.768,0,0,0,0,0
14:21:48.768,1,0,0,0,0
14:21:49.271,1,0,0,0,0
14:21:49.271,0,0,0,0,0
14:21:49.773,0,0,0,0,0
14:21:49.773,1,0,0,0,0
14:21:50.286,1,0,0,0,0
14:21:50.286,0,0,0,0,0
14:21:50.797,0,0,0,0,0
14:21:50.797,1,0,0,0,0
14:21:51.446,1,0,0,0,0
14:21:51.446,0,0,0,0,0
14:21:51.957,0,0,0,0,0
14:21:51.957,1,0,0,0,0
14:21:52.391,1,0,0,0,0
14:21:52.391,1,0,1,0,0
14:21:52.598,1,0,1,0,0
14:21:52.598,0,0,1,0,0
14:21:53.207,0,0,1,0,0
14:21:53.207,1,0,1,0,0
14:21:53.710,1,0,1,0,0
14:21:53.710,0,0,1,0,0
14:21:54.210,0,0,1,0,0
14:21:54.210,1,0,1,0,0
14:21:54.710,1,0,1,0,0
14:21:54.710,0,0,1,0,0
14:21:55.227,0,0,1,0,0
14:21:55.227,1,0,1,0,0
14:21:55.728,1,0,1,0,0
14:21:55.728,0,0,1,0,0
14:21:56.229,0,0,1,0,0
14:21:56.229,1,0,1,0,0
14:21:56.730,1,0,1,0,0
14:21:56.730,0,0,1,0,0
14:21:57.245,0,0,1,0,0
14:21:57.245,1,0,1,0,0
14:21:57.760,1,0,1,0,0
14:21:57.760,0,0,1,0,0
14:21:58.268,0,0,1,0,0
14:21:58.268,1,0,1,0,0
14:21:58.776,1,0,1,0,0
14:21:58.776,0,0,1,0,0
14:21:59.279,0,0,1,0,0
14:21:59.279,1,0,1,0,0
14:21:59.780,1,0,1,0,0
14:21:59.780,0,0,1,0,0
14:22:00.285,0,0,1,0,0
14:22:00.285,1,0,1,0,0
14:22:00.890,1,0,1,0,0
14:22:00.890,0,0,1,0,0
14:22:01.397,0,0,1,0,0
14:22:01.397,1,0,1,0,0
14:22:01.899,1,0,1,0,0
14:22:01.899,0,0,1,0,0
14:22:02.399,0,0,1,0,0
14:22:02.399,1,0,1,0,0
14:22:02.900,1,0,1,0,0
14:22:02.900,0,0,1,0,0
14:22:03.400,0,0,1,0,0
14:22:03.400,1,0,1,0,0
14:22:03.901,1,0,1,0,0
14:22:03.901,0,0,1,0,0
14:22:04.417,0,0,1,0,0
14:22:04.417,1,0,1,0,0
14:22:04.917,1,0,1,0,0
14:22:04.917,0,0,1,0,0
14:22:05.417,0,0,1,0,0
14:22:05.417,1,0,1,0,0
14:22:05.933,1,0,1,0,0
14:22:05.933,0,0,1,0,0
14:22:06.433,0,0,1,0,0
14:22:06.433,1,0,1,0,0
14:22:06.948,1,0,1,0,0
14:22:06.948,0,0,1,0,0
14:22:07.450,0,0,1,0,0
14:22:07.450,1,0,1,0,0
14:22:07.952,1,0,1,0,0
14:22:07.952,0,0,1,0,0
14:22:08.452,0,0,1,0,0
14:22:08.452,1,0,1,0,0
14:22:08.954,1,0,1,0,0
14:22:08.954,0,0,1,0,0
14:22:09.454,0,0,1,0,0
14:22:09.454,1,0,1,0,0
14:22:09.954,1,0,1,0,0
14:22:09.954,0,0,1,0,0
14:22:10.393,0,0,1,0,0
14:22:10.393,0,0,0,0,0
14:22:10.602,0,0,0,0,0
14:22:10.602,1,0,0,0,0
14:22:11.224,1,0,0,0,0
14:22:11.224,0,0,0,0,0
14:22:11.736,0,0,0,0,0
14:22:11.736,1,0,0,0,0
14:22:12.251,1,0,0,0,0
14:22:12.251,0,0,0,0,0
14:22:12.753,0,0,0,0,0
14:22:12.753,1,0,0,0,0
14:22:13.254,1,0,0,0,0
14:22:13.254,0,0,0,0,0
14:22:13.756,0,0,0,0,0
14:22:13.756,1,0,0,0,0
14:22:14.258,1,0,0,0,0
14:22:14.258,0,0,0,0,0
14:22:14.758,0,0,0,0,0
14:22:14.758,1,0,0,0,0
14:22:15.271,1,0,0,0,0
14:22:15.271,0,0,0,0,0
14:22:15.773,0,0,0,0,0
14:22:15.773,1,0,0,0,0
14:22:16.290,1,0,0,0,0
14:22:16.290,0,0,0,0,0
14:22:16.804,0,0,0,0,0
14:22:16.804,1,0,0,0,0
14:22:17.305,1,0,0,0,0
14:22:17.305,0,0,0,0,0
14:22:17.821,0,0,0,0,0
14:22:17.821,1,0,0,0,0
14:22:18.331,1,0,0,0,0
14:22:18.331,0,0,0,0,0
14:22:18.838,0,0,0,0,0
14:22:18.838,1,0,0,0,0
14:22:19.339,1,0,0,0,0
14:22:19.339,0,0,0,0,0
14:22:19.841,0,0,0,0,0
14:22:19.841,1,0,0,0,0
14:22:20.353,1,0,0,0,0
14:22:20.353,0,0,0,0,0
14:22:20.864,0,0,0,0,0
14:22:20.864,1,0,0,0,0
14:22:21.371,1,0,0,0,0
14:22:21.371,0,0,0,0,0
14:22:21.878,0,0,0,0,0
14:22:21.878,1,0,0,0,0
14:22:22.379,1,0,0,0,0
14:22:22.379,0,0,0,0,0
14:22:22.893,0,0,0,0,0
14:22:22.893,1,0,0,0,0
14:22:23.396,1,0,0,0,0
14:22:23.396,0,0,0,0,0
14:22:23.909,0,0,0,0,0
14:22:23.909,1,0,0,0,0
14:22:24.412,1,0,0,0,0
14:22:24.412,0,0,0,0,0
14:22:24.913,0,0,0,0,0
14:22:24.913,1,0,0,0,0
14:22:25.415,1,0,0,0,0
14:22:25.415,0,0,0,0,0
14:22:25.915,0,0,0,0,0
14:22:25.915,1,0,0,0,0
14:22:26.428,1,0,0,0,0
14:22:26.428,0,0,0,0,0
14:22:26.944,0,0,0,0,0
14:22:26.944,1,0,0,0,0
14:22:27.445,1,0,0,0,0
14:22:27.445,0,0,0,0,0
14:22:27.947,0,0,0,0,0
14:22:27.947,1,0,0,0,0
14:22:28.399,1,0,0,0,0
14:22:28.399,1,0,1,0,0
14:22:28.564,1,0,1,0,0
14:22:28.564,0,0,1,0,0
14:22:29.182,0,0,1,0,0
14:22:29.182,1,0,1,0,0
14:22:29.682,1,0,1,0,0
14:22:29.682,0,0,1,0,0
14:22:30.183,0,0,1,0,0
14:22:30.183,1,0,1,0,0
14:22:30.685,1,0,1,0,0
14:22:30.685,0,0,1,0,0
14:22:31.194,0,0,1,0,0
14:22:31.194,1,0,1,0,0
14:22:31.700,1,0,1,0,0
14:22:31.700,0,0,1,0,0
14:22:32.201,0,0,1,0,0
14:22:32.201,1,0,1,0,0
14:22:32.701,1,0,1,0,0
14:22:32.701,0,0,1,0,0
14:22:33.217,0,0,1,0,0
14:22:33.217,1,0,1,0,0
14:22:33.723,1,0,1,0,0
14:22:33.723,0,0,1,0,0
14:22:34.233,0,0,1,0,0
14:22:34.233,1,0,1,0,0
14:22:34.736,1,0,1,0,0
14:22:34.736,0,0,1,0,0
14:22:35.237,0,0,1,0,0
14:22:35.237,1,0,1,0,0
14:22:35.747,1,0,1,0,0
14:22:35.747,0,0,1,0,0
14:22:36.251,0,0,1,0,0
14:22:36.251,1,0,1,0,0
14:22:36.762,1,0,1,0,0
14:22:36.762,0,0,1,0,0
14:22:37.263,0,0,1,0,0
14:22:37.263,1,0,1,0,0
14:22:37.764,1,0,1,0,0
14:22:37.764,0,0,1,0,0
14:22:38.269,0,0,1,0,0
14:22:38.269,1,0,1,0,0
14:22:38.771,1,0,1,0,0
14:22:38.771,0,0,1,0,0
14:22:39.286,0,0,1,0,0
14:22:39.286,1,0,1,0,0
14:22:39.788,1,0,1,0,0
14:22:39.788,0,0,1,0,0
14:22:40.288,0,0,1,0,0
14:22:40.288,1,0,1,0,0
14:22:40.791,1,0,1,0,0
14:22:40.791,0,0,1,0,0
14:22:41.307,0,0,1,0,0
14:22:41.307,1,0,1,0,0
14:22:41.807,1,0,1,0,0
14:22:41.807,0,0,1,0,0
14:22:42.314,0,0,1,0,0
14:22:42.314,1,0,1,0,0
14:22:42.814,1,0,1,0,0
14:22:42.814,0,0,1,0,0
14:22:43.327,0,0,1,0,0
14:22:43.327,1,0,1,0,0
14:22:43.827,1,0,1,0,0
14:22:43.827,0,0,1,0,0
14:22:44.328,0,0,1,0,0
14:22:44.328,1,0,1,0,0
14:22:44.828,1,0,1,0,0
14:22:44.828,0,0,1,0,0
14:22:45.331,0,0,1,0,0
14:22:45.331,1,0,1,0,0
14:22:45.844,1,0,1,0,0
14:22:45.844,0,0,1,0,0
14:22:46.346,0,0,1,0,0
14:22:46.346,1,0,1,0,0
14:22:46.515,1,0,1,0,0
14:22:46.515,1,0,0,0,0
14:22:46.846,1,0,0,0,0
14:22:46.846,0,0,0,0,0
14:22:47.346,0,0,0,0,0
14:22:47.346,1,0,0,0,0
14:22:47.846,1,0,0,0,0
14:22:47.846,0,0,0,0,0
14:22:48.362,0,0,0,0,0
14:22:48.362,1,0,0,0,0
14:22:48.547,1,0,1,0,0
14:22:48.547,1,0,0,0,0
14:22:48.614,1,0,1,0,0
14:22:48.614,1,0,0,0,0
14:22:48.863,1,0,0,0,0
14:22:48.863,0,0,0,0,0
14:22:49.365,0,0,0,0,0
14:22:49.365,1,0,0,0,0
14:22:49.880,1,0,0,0,0
14:22:49.880,0,0,0,0,0
14:22:50.380,0,0,0,0,0
14:22:50.380,1,0,0,0,0
14:22:50.881,1,0,0,0,0
14:22:50.881,0,0,0,0,0
14:22:51.463,0,0,0,0,0
14:22:51.463,1,0,0,0,0
14:22:51.966,1,0,0,0,0
14:22:51.966,0,0,0,0,0
14:22:52.476,0,0,0,0,0
14:22:52.476,1,0,0,0,0
14:22:52.980,1,0,0,0,0
14:22:52.980,0,0,0,0,0
14:22:53.484,0,0,0,0,0
14:22:53.484,1,0,0,0,0
14:22:53.997,1,0,0,0,0
14:22:53.997,0,0,0,0,0
14:22:54.500,0,0,0,0,0
14:22:54.500,1,0,0,0,0
14:22:54.999,1,0,0,0,0
14:22:54.999,0,0,0,0,0
14:22:55.500,0,0,0,0,0
14:22:55.500,1,0,0,0,0
14:22:56.002,1,0,0,0,0
14:22:56.002,0,0,0,0,0
14:22:56.502,0,0,0,0,0
14:22:56.502,1,0,0,0,0
14:22:57.009,1,0,0,0,0
14:22:57.009,0,0,0,0,0
14:22:57.529,0,0,0,0,0
14:22:57.529,1,0,0,0,0
14:22:58.080,1,0,0,0,0
14:22:58.080,0,0,0,0,0
14:22:58.586,0,0,0,0,0
14:22:58.586,1,0,0,0,0
14:22:59.088,1,0,0,0,0
14:22:59.088,0,0,0,0,0
14:22:59.588,0,0,0,0,0
14:22:59.588,1,0,0,0,0
14:23:00.088,1,0,0,0,0
14:23:00.088,0,0,0,0,0
14:23:00.603,0,0,0,0,0
14:23:00.603,1,0,0,0,0
14:23:01.104,1,0,0,0,0
14:23:01.104,0,0,0,0,0
14:23:01.436,1,0,0,0,0
14:23:01.436,0,0,0,0,0
14:23:01.573,1,0,0,0,0
14:23:01.573,0,0,0,0,0
14:24:55.643,1,0,0,0,0
14:24:55.643,0,0,0,0,0
14:24:56.208,0,1,0,0,0
14:24:56.208,0,0,0,0,0
14:24:56.639,0,0,1,0,0
14:24:56.639,0,0,0,0,0
14:25:27.566,0,0,0,0,0
14:25:27.566,0,0,1,0,0
14:25:27.638,0,0,1,0,0
14:25:27.638,0,0,0,0,0
14:25:29.629,0,0,0,0,0
14:25:29.629,1,0,0,0,0
14:25:29.690,1,0,0,0,0
14:25:29.690,0,0,0,0,0
14:25:29.715,0,0,0,0,0
14:25:29.715,1,0,0,0,0
14:25:29.795,1,0,0,0,0
14:25:29.795,0,0,0,0,0
14:25:29.873,0,0,0,0,0
14:25:29.873,1,0,0,0,0
14:25:29.943,1,0,0,0,0
14:25:29.943,0,0,0,0,0
14:25:30.012,0,0,0,0,0
14:25:30.012,1,0,0,0,0
14:25:30.088,1,0,0,0,0
14:25:30.088,0,0,0,0,0
14:25:30.153,0,0,0,0,0
14:25:30.153,1,0,0,0,0
14:25:30.219,1,0,0,0,0
14:25:30.219,0,0,0,0,0
14:25:30.287,0,0,0,0,0
14:25:30.287,1,0,0,0,0
14:25:30.352,1,0,0,0,0
14:25:30.352,0,0,0,0,0
14:25:30.420,0,0,0,0,0
14:25:30.420,1,0,0,0,0
14:25:30.500,1,0,0,0,0
14:25:30.500,0,0,0,0,0
14:25:30.563,0,0,0,0,0
14:25:30.563,1,0,0,0,0
14:25:30.624,1,0,0,0,0
14:25:30.624,0,0,0,0,0
14:25:30.697,0,0,0,0,0
14:25:30.697,1,0,0,0,0
14:25:30.772,1,0,0,0,0
14:25:30.772,0,0,0,0,0
14:25:30.848,0,0,0,0,0
14:25:30.848,1,0,0,0,0
14:25:30.932,1,0,0,0,0
14:25:30.932,0,0,0,0,0
14:25:31.000,0,0,0,0,0
14:25:31.000,1,0,0,0,0
14:25:31.060,1,0,0,0,0
14:25:31.060,0,0,0,0,0
14:25:31.130,0,0,0,0,0
14:25:31.130,1,0,0,0,0
14:25:31.192,1,0,0,0,0
14:25:31.192,0,0,0,0,0
14:25:31.258,0,0,0,0,0
14:25:31.258,1,0,0,0,0
14:25:31.341,1,0,0,0,0
14:25:31.341,0,0,0,0,0
14:25:31.408,0,0,0,0,0
14:25:31.408,1,0,0,0,0
14:25:31.474,1,0,0,0,0
14:25:31.474,0,0,0,0,0
14:25:31.541,0,0,0,0,0
14:25:31.541,1,0,0,0,0
14:25:31.613,1,0,0,0,0
14:25:31.613,0,0,0,0,0
14:25:31.683,0,0,0,0,0
14:25:31.683,1,0,0,0,0
14:25:31.768,1,0,0,0,0
14:25:31.768,0,0,0,0,0
14:25:31.841,0,0,0,0,0
14:25:31.841,1,0,0,0,0
14:25:31.907,1,0,0,0,0
14:25:31.907,0,0,0,0,0
14:25:31.980,0,0,0,0,0
14:25:31.980,1,0,0,0,0
14:25:32.041,1,0,0,0,0
14:25:32.041,0,0,0,0,0
14:25:32.099,0,0,0,0,0
14:25:32.099,1,0,0,0,0
14:25:32.184,1,0,0,0,0
14:25:32.184,0,0,0,0,0
14:25:32.241,0,0,0,0,0
14:25:32.241,1,0,0,0,0
14:25:32.309,1,0,0,0,0
14:25:32.309,0,0,0,0,0
14:25:32.372,0,0,0,0,0
14:25:32.372,1,0,0,0,0
14:25:32.432,1,0,0,0,0
14:25:32.432,0,0,0,0,0
14:25:32.500,0,0,0,0,0
14:25:32.500,1,0,0,0,0
14:25:32.583,1,0,0,0,0
14:25:32.583,0,0,0,0,0
14:25:32.650,0,0,0,0,0
14:25:32.650,1,0,0,0,0
14:25:32.717,1,0,0,0,0
14:25:32.717,0,0,0,0,0
14:25:32.780,0,0,0,0,0
14:25:32.780,1,0,0,0,0
14:25:32.846,1,0,0,0,0
14:25:32.846,0,0,0,0,0
14:25:32.909,0,0,0,0,0
14:25:32.909,1,0,0,0,0
14:25:32.986,1,0,0,0,0
14:25:32.986,0,0,0,0,0
14:25:33.063,0,0,0,0,0
14:25:33.063,1,0,0,0,0
14:25:33.128,1,0,0,0,0
14:25:33.128,0,0,0,0,0
14:25:33.194,0,0,0,0,0
14:25:33.194,1,0,0,0,0
14:25:33.256,1,0,0,0,0
14:25:33.256,0,0,0,0,0
14:25:33.321,0,0,0,0,0
14:25:33.321,1,0,0,0,0
14:25:33.397,1,0,0,0,0
14:25:33.397,0,0,0,0,0
14:25:33.461,0,0,0,0,0
14:25:33.461,1,0,0,0,0
14:25:33.526,1,0,0,0,0
14:25:33.526,0,0,0,0,0
14:25:33.593,0,0,0,0,0
14:25:33.593,1,0,0,0,0
14:25:33.659,1,0,0,0,0
14:25:33.659,0,0,0,0,0
14:25:33.726,0,0,0,0,0
14:25:33.726,1,0,0,0,0
14:25:33.809,1,0,0,0,0
14:25:33.809,0,0,0,0,0
14:25:33.876,0,0,0,0,0
14:25:33.876,1,0,0,0,0
14:25:33.942,1,0,0,0,0
14:25:33.942,0,0,0,0,0
14:25:34.007,0,0,0,0,0
14:25:34.007,1,0,0,0,0
14:25:34.068,1,0,0,0,0
14:25:34.068,0,0,0,0,0
14:25:34.133,0,0,0,0,0
14:25:34.133,1,0,0,0,0
14:25:34.210,1,0,0,0,0
14:25:34.210,0,0,0,0,0
14:25:34.274,0,0,0,0,0
14:25:34.274,1,0,0,0,0
14:25:34.340,1,0,0,0,0
14:25:34.340,0,0,0,0,0
14:25:34.406,0,0,0,0,0
14:25:34.406,1,0,0,0,0
14:25:34.471,1,0,0,0,0
14:25:34.471,0,0,0,0,0
14:25:34.539,0,0,0,0,0
14:25:34.539,1,0,0,0,0
14:25:34.615,1,0,0,0,0
14:25:34.615,0,0,0,0,0
14:25:34.680,0,0,0,0,0
14:25:34.680,1,0,0,0,0
14:25:34.755,1,0,0,0,0
14:25:34.755,0,0,0,0,0
14:25:34.821,0,0,0,0,0
14:25:34.821,1,0,0,0,0
14:25:34.902,1,0,0,0,0
14:25:34.902,0,0,0,0,0
14:25:34.969,0,0,0,0,0
14:25:34.969,1,0,0,0,0
14:25:35.045,1,0,0,0,0
14:25:35.045,0,0,0,0,0
14:25:35.114,0,0,0,0,0
14:25:35.114,1,0,0,0,0
14:25:35.218,1,0,0,0,0
14:25:35.218,0,0,0,0,0
14:25:35.284,0,0,0,0,0
14:25:35.284,1,0,0,0,0
14:25:35.360,1,0,0,0,0
14:25:35.360,0,0,0,0,0
14:25:35.434,0,0,0,0,0
14:25:35.434,1,0,0,0,0
14:25:35.515,1,0,0,0,0
14:25:35.515,0,0,0,0,0
14:25:35.582,0,0,0,0,0
14:25:35.582,1,0,0,0,0
14:25:35.650,1,0,0,0,0
14:25:35.650,0,0,0,0,0
14:25:35.719,0,0,0,0,0
14:25:35.719,1,0,0,0,0
14:25:35.793,1,0,0,0,0
14:25:35.793,0,0,0,0,0
14:25:35.876,0,0,0,0,0
14:25:35.876,1,0,0,0,0
14:25:35.947,1,0,0,0,0
14:25:35.947,0,0,0,0,0
14:25:36.019,0,0,0,0,0
14:25:36.019,1,0,0,0,0
14:25:36.080,1,0,0,0,0
14:25:36.080,0,0,0,0,0
14:25:36.147,0,0,0,0,0
14:25:36.147,1,0,0,0,0
14:25:36.217,1,0,0,0,0
14:25:36.217,0,0,0,0,0
14:25:36.296,0,0,0,0,0
14:25:36.296,1,0,0,0,0
14:25:36.363,1,0,0,0,0
14:25:36.363,0,0,0,0,0
14:25:36.435,0,0,0,0,0
14:25:36.435,1,0,0,0,0
14:25:36.498,1,0,0,0,0
14:25:36.498,0,0,0,0,0
14:25:36.578,0,0,0,0,0
14:25:36.578,1,0,0,0,0
14:25:36.644,1,0,0,0,0
14:25:36.644,0,0,0,0,0
14:25:36.748,0,0,0,0,0
14:25:36.748,1,0,0,0,0
14:25:36.837,1,0,0,0,0
14:25:36.837,0,0,0,0,0
14:25:36.911,0,0,0,0,0
14:25:36.911,1,0,0,0,0
14:25:36.994,1,0,0,0,0
14:25:36.994,0,0,0,0,0
14:25:37.064,0,0,0,0,0
14:25:37.064,1,0,0,0,0
14:25:37.148,1,0,0,0,0
14:25:37.148,0,0,0,0,0
14:25:37.213,0,0,0,0,0
14:25:37.213,1,0,0,0,0
14:25:37.297,1,0,0,0,0
14:25:37.297,0,0,0,0,0
14:25:37.371,0,0,0,0,0
14:25:37.371,1,0,0,0,0
14:25:37.444,1,0,0,0,0
14:25:37.444,0,0,0,0,0
14:25:37.512,0,0,0,0,0
14:25:37.512,1,0,0,0,0
14:25:37.598,1,0,0,0,0
14:25:37.598,0,0,0,0,0
14:25:37.667,0,0,0,0,0
14:25:37.667,1,0,0,0,0
14:25:37.736,1,0,0,0,0
14:25:37.736,0,0,0,0,0
14:25:37.806,0,0,0,0,0
14:25:37.806,1,0,0,0,0
14:25:37.875,1,0,0,0,0
14:25:37.875,0,0,0,0,0
14:25:37.946,0,0,0,0,0
14:25:37.946,1,0,0,0,0
14:25:38.029,1,0,0,0,0
14:25:38.029,0,0,0,0,0
14:25:38.095,0,0,0,0,0
14:25:38.095,1,0,0,0,0
14:25:38.162,1,0,0,0,0
14:25:38.162,0,0,0,0,0
14:25:38.229,0,0,0,0,0
14:25:38.229,1,0,0,0,0
14:25:38.295,1,0,0,0,0
14:25:38.295,0,0,0,0,0
14:25:38.373,0,0,0,0,0
14:25:38.373,1,0,0,0,0
14:25:38.451,1,0,0,0,0
14:25:38.451,0,0,0,0,0
14:25:38.526,0,0,0,0,0
14:25:38.526,1,0,0,0,0
14:25:38.592,1,0,0,0,0
14:25:38.592,0,0,0,0,0
14:25:38.675,0,0,0,0,0
14:25:38.675,1,0,0,0,0
14:25:38.746,1,0,0,0,0
14:25:38.746,0,0,0,0,0
14:25:38.816,0,0,0,0,0
14:25:38.816,1,0,0,0,0
14:25:38.914,1,0,0,0,0
14:25:38.914,0,0,0,0,0
14:25:38.982,0,0,0,0,0
14:25:38.982,1,0,0,0,0
14:25:39.048,1,0,0,0,0
14:25:39.048,0,0,0,0,0
14:25:39.115,0,0,0,0,0
14:25:39.115,1,0,0,0,0
14:25:39.186,1,0,0,0,0
14:25:39.186,0,0,0,0,0
14:25:39.280,0,0,0,0,0
14:25:39.280,1,0,0,0,0
14:25:39.338,1,0,0,0,0
14:25:39.338,0,0,0,0,0
14:25:39.495,0,0,0,0,0
14:25:39.495,1,0,0,0,0
14:25:39.638,1,0,0,0,0
14:25:39.638,0,0,0,0,0
14:25:39.779,0,0,0,0,0
14:25:39.779,1,0,0,0,0
14:25:39.843,1,0,0,0,0
14:25:39.843,0,0,0,0,0
14:25:39.967,0,0,0,0,0
14:25:39.967,1,0,0,0,0
14:25:40.121,1,0,0,0,0
14:25:40.121,0,0,0,0,0
14:25:40.273,0,0,0,0,0
14:25:40.273,1,0,0,0,0
14:25:40.328,1,0,0,0,0
14:25:40.328,0,0,0,0,0
14:25:40.467,0,0,0,0,0
14:25:40.467,1,0,0,0,0
14:25:40.613,1,0,0,0,0
14:25:40.613,0,0,0,0,0
14:25:40.752,0,0,0,0,0
14:25:40.752,1,0,0,0,0
14:25:40.804,1,0,0,0,0
14:25:40.804,0,0,0,0,0
14:25:40.939,0,0,0,0,0
14:25:40.939,1,0,0,0,0
14:25:41.071,1,0,0,0,0
14:25:41.071,0,0,0,0,0
14:25:41.219,0,0,0,0,0
14:25:41.219,1,0,0,0,0
14:25:41.279,1,0,0,0,0
14:25:41.279,0,0,0,0,0
14:25:41.407,0,0,0,0,0
14:25:41.407,1,0,0,0,0
14:25:41.566,1,0,0,0,0
14:25:41.566,0,0,0,0,0
14:25:41.714,0,0,0,0,0
14:25:41.714,1,0,0,0,0
14:25:41.772,1,0,0,0,0
14:25:41.772,0,0,0,0,0
14:25:41.922,0,0,0,0,0
14:25:41.922,1,0,0,0,0
14:25:42.072,1,0,0,0,0
14:25:42.072,0,0,0,0,0
14:25:42.242,0,0,0,0,0
14:25:42.242,1,0,0,0,0
14:25:42.298,1,0,0,0,0
14:25:42.298,0,0,0,0,0
14:25:42.452,0,0,0,0,0
14:25:42.452,1,0,0,0,0
14:25:42.574,1,0,0,0,0
14:25:42.574,0,0,0,0,0
14:25:42.765,0,0,0,0,0
14:25:42.765,1,0,0,0,0
14:25:42.842,1,0,0,0,0
14:25:42.842,0,0,0,0,0
14:25:43.022,0,0,0,0,0
14:25:43.022,1,0,0,0,0
14:25:43.165,1,0,0,0,0
14:25:43.165,0,0,0,0,0
14:25:43.222,0,0,0,0,0
14:25:43.222,1,0,0,0,0
14:25:43.372,1,0,0,0,0
14:25:43.372,0,0,0,0,0
14:25:43.533,0,0,0,0,0
14:25:43.533,1,0,0,0,0
14:25:43.707,1,0,0,0,0
14:25:43.707,0,0,0,0,0
14:25:43.772,0,0,0,0,0
14:25:43.772,1,0,0,0,0
14:25:43.946,1,0,0,0,0
14:25:43.946,0,0,0,0,0
14:25:44.122,0,0,0,0,0
14:25:44.122,1,0,0,0,0
14:25:44.183,1,0,0,0,0
14:25:44.183,0,0,0,0,0
14:25:44.362,0,0,0,0,0
14:25:44.362,1,0,0,0,0
14:25:44.509,1,0,0,0,0
14:25:44.509,0,0,0,0,0
14:25:44.566,0,0,0,0,0
14:25:44.566,1,0,0,0,0
14:25:44.747,1,0,0,0,0
14:25:44.747,0,0,0,0,0
14:25:44.916,0,0,0,0,0
14:25:44.916,1,0,0,0,0
14:25:44.972,1,0,0,0,0
14:25:44.972,0,0,0,0,0
14:25:45.116,0,0,0,0,0
14:25:45.116,1,0,0,0,0
14:25:45.252,1,0,0,0,0
14:25:45.252,0,0,0,0,0
14:25:45.387,0,0,0,0,0
14:25:45.387,1,0,0,0,0
14:25:45.445,1,0,0,0,0
14:25:45.445,0,0,0,0,0
14:25:45.554,0,0,0,0,0
14:25:45.554,1,0,0,0,0
14:25:45.683,1,0,0,0,0
14:25:45.683,0,0,0,0,0
14:25:45.684,0,0,0,0,0
14:25:45.684,0,0,1,0,0
14:25:45.734,0,0,1,0,0
14:25:45.734,1,0,1,0,0
14:25:45.888,1,0,1,0,0
14:25:45.888,0,0,1,0,0
14:25:45.952,0,0,1,0,0
14:25:45.952,1,0,1,0,0
14:25:46.026,1,0,1,0,0
14:25:46.026,0,0,1,0,0
14:25:46.184,0,0,1,0,0
14:25:46.184,1,0,1,0,0
14:25:46.356,1,0,1,0,0
14:25:46.356,0,0,1,0,0
14:25:46.415,0,0,1,0,0
14:25:46.415,1,0,1,0,0
14:25:46.561,1,0,1,0,0
14:25:46.561,0,0,1,0,0
14:25:46.702,0,0,1,0,0
14:25:46.702,1,0,1,0,0
14:25:46.877,1,0,1,0,0
14:25:46.877,0,0,1,0,0
14:25:46.948,0,0,1,0,0
14:25:46.948,1,0,1,0,0
14:25:47.103,1,0,1,0,0
14:25:47.103,0,0,1,0,0
14:25:47.271,0,0,1,0,0
14:25:47.271,1,0,1,0,0
14:25:47.335,1,0,1,0,0
14:25:47.335,0,0,1,0,0
14:25:47.470,0,0,1,0,0
14:25:47.470,1,0,1,0,0
14:25:47.619,1,0,1,0,0
14:25:47.619,0,0,1,0,0
14:25:47.769,0,0,1,0,0
14:25:47.769,1,0,1,0,0
14:25:47.834,1,0,1,0,0
14:25:47.834,0,0,1,0,0
14:25:47.985,0,0,1,0,0
14:25:47.985,1,0,1,0,0
14:25:48.124,1,0,1,0,0
14:25:48.124,0,0,1,0,0
14:25:48.268,0,0,1,0,0
14:25:48.268,1,0,1,0,0
14:25:48.335,1,0,1,0,0
14:25:48.335,0,0,1,0,0
14:25:48.473,0,0,1,0,0
14:25:48.473,1,0,1,0,0
14:25:48.619,1,0,1,0,0
14:25:48.619,0,0,1,0,0
14:25:48.769,0,0,1,0,0
14:25:48.769,1,0,1,0,0
14:25:48.838,1,0,1,0,0
14:25:48.838,0,0,1,0,0
14:25:48.976,0,0,1,0,0
14:25:48.976,1,0,1,0,0
14:25:49.143,1,0,1,0,0
14:25:49.143,0,0,1,0,0
14:25:49.214,0,0,1,0,0
14:25:49.214,1,0,1,0,0
14:25:49.397,1,0,1,0,0
14:25:49.397,0,0,1,0,0
14:25:49.546,0,0,1,0,0
14:25:49.546,1,0,1,0,0
14:25:49.709,1,0,1,0,0
14:25:49.709,0,0,1,0,0
14:25:49.762,0,0,1,0,0
14:25:49.762,1,0,1,0,0
14:25:49.914,1,0,1,0,0
14:25:49.914,0,0,1,0,0
14:25:50.076,0,0,1,0,0
14:25:50.076,1,0,1,0,0
14:25:50.223,1,0,1,0,0
14:25:50.223,0,0,1,0,0
14:25:50.287,0,0,1,0,0
14:25:50.287,1,0,1,0,0
14:25:50.463,1,0,1,0,0
14:25:50.463,0,0,1,0,0
14:25:50.637,0,0,1,0,0
14:25:50.637,1,0,1,0,0
14:25:50.701,1,0,1,0,0
14:25:50.701,0,0,1,0,0
14:25:50.842,0,0,1,0,0
14:25:50.842,1,0,1,0,0
14:25:50.988,1,0,1,0,0
14:25:50.988,0,0,1,0,0
14:25:51.113,0,0,1,0,0
14:25:51.113,1,0,1,0,0
14:25:51.176,1,0,1,0,0
14:25:51.176,0,0,1,0,0
14:25:51.320,0,0,1,0,0
14:25:51.320,1,0,1,0,0
14:25:51.462,1,0,1,0,0
14:25:51.462,0,0,1,0,0
14:25:51.596,0,0,1,0,0
14:25:51.596,1,0,1,0,0
14:25:51.655,1,0,1,0,0
14:25:51.655,0,0,1,0,0
14:25:51.792,0,0,1,0,0
14:25:51.792,1,0,1,0,0
14:25:51.924,1,0,1,0,0
14:25:51.924,0,0,1,0,0
14:25:52.071,0,0,1,0,0
14:25:52.071,1,0,1,0,0
14:25:52.155,1,0,1,0,0
14:25:52.155,0,0,1,0,0
14:25:52.279,0,0,1,0,0
14:25:52.279,1,0,1,0,0
14:25:52.404,1,0,1,0,0
14:25:52.404,0,0,1,0,0
14:25:52.542,0,0,1,0,0
14:25:52.542,1,0,1,0,0
14:25:52.598,1,0,1,0,0
14:25:52.598,0,0,1,0,0
14:25:52.733,0,0,1,0,0
14:25:52.733,1,0,1,0,0
14:25:52.874,1,0,1,0,0
14:25:52.874,0,0,1,0,0
14:25:53.006,0,0,1,0,0
14:25:53.006,1,0,1,0,0
14:25:53.056,1,0,1,0,0
14:25:53.056,0,0,1,0,0
14:25:53.205,0,0,1,0,0
14:25:53.205,1,0,1,0,0
14:25:53.343,1,0,1,0,0
14:25:53.343,0,0,1,0,0
14:25:53.489,0,0,1,0,0
14:25:53.489,1,0,1,0,0
14:25:53.547,1,0,1,0,0
14:25:53.547,0,0,1,0,0
14:25:53.691,0,0,1,0,0
14:25:53.691,1,0,1,0,0
14:25:53.845,1,0,1,0,0
14:25:53.845,0,0,1,0,0
14:25:54.001,0,0,1,0,0
14:25:54.001,1,0,1,0,0
14:25:54.067,1,0,1,0,0
14:25:54.067,0,0,1,0,0
14:25:54.222,0,0,1,0,0
14:25:54.222,1,0,1,0,0
14:25:54.389,1,0,1,0,0
14:25:54.389,0,0,1,0,0
14:25:54.452,0,0,1,0,0
14:25:54.452,1,0,1,0,0
14:25:54.615,1,0,1,0,0
14:25:54.615,0,0,1,0,0
14:25:54.780,0,0,1,0,0
14:25:54.780,1,0,1,0,0
14:25:54.955,1,0,1,0,0
14:25:54.955,0,0,1,0,0
14:25:55.027,0,0,1,0,0
14:25:55.027,1,0,1,0,0
14:25:55.225,1,0,1,0,0
14:25:55.225,0,0,1,0,0
14:25:55.431,0,0,1,0,0
14:25:55.431,1,0,1,0,0
14:25:55.510,1,0,1,0,0
14:25:55.510,0,0,1,0,0
14:25:55.698,0,0,1,0,0
14:25:55.698,1,0,1,0,0
14:25:55.895,1,0,1,0,0
14:25:55.895,0,0,1,0,0
14:25:55.967,0,0,1,0,0
14:25:55.967,1,0,1,0,0
14:25:56.173,1,0,1,0,0
14:25:56.173,0,0,1,0,0
14:25:56.381,0,0,1,0,0
14:25:56.381,1,0,1,0,0
14:25:56.461,1,0,1,0,0
14:25:56.461,0,0,1,0,0
14:25:56.646,0,0,1,0,0
14:25:56.646,1,0,1,0,0
14:25:56.831,1,0,1,0,0
14:25:56.831,0,0,1,0,0
14:25:56.903,0,0,1,0,0
14:25:56.903,1,0,1,0,0
14:25:57.091,1,0,1,0,0
14:25:57.091,0,0,1,0,0
14:25:57.285,0,0,1,0,0
14:25:57.285,1,0,1,0,0
14:25:57.363,1,0,1,0,0
14:25:57.363,0,0,1,0,0
14:25:57.583,0,0,1,0,0
14:25:57.583,1,0,1,0,0
14:25:57.806,1,0,1,0,0
14:25:57.806,0,0,1,0,0
14:25:57.886,0,0,1,0,0
14:25:57.886,1,0,1,0,0
14:25:58.082,1,0,1,0,0
14:25:58.082,0,0,1,0,0
14:25:58.284,0,0,1,0,0
14:25:58.284,1,0,1,0,0
14:25:58.364,1,0,1,0,0
14:25:58.364,0,0,1,0,0
14:25:58.496,0,0,1,0,0
14:25:58.496,1,0,1,0,0
14:25:58.658,1,0,1,0,0
14:25:58.658,0,0,1,0,0
14:25:58.804,0,0,1,0,0
14:25:58.804,1,0,1,0,0
14:25:58.863,1,0,1,0,0
14:25:58.863,0,0,1,0,0
14:25:59.043,0,0,1,0,0
14:25:59.043,1,0,1,0,0
14:25:59.199,1,0,1,0,0
14:25:59.199,0,0,1,0,0
14:25:59.267,0,0,1,0,0
14:25:59.267,1,0,1,0,0
14:25:59.392,1,0,1,0,0
14:25:59.392,0,0,1,0,0
14:25:59.549,0,0,1,0,0
14:25:59.549,1,0,1,0,0
14:25:59.699,1,0,1,0,0
14:25:59.699,0,0,1,0,0
14:25:59.757,0,0,1,0,0
14:25:59.757,1,0,1,0,0
14:25:59.912,1,0,1,0,0
14:25:59.912,0,0,1,0,0
14:26:00.042,0,0,1,0,0
14:26:00.042,1,0,1,0,0
14:26:00.200,1,0,1,0,0
14:26:00.200,0,0,1,0,0
14:26:00.261,0,0,1,0,0
14:26:00.261,1,0,1,0,0
14:26:00.428,1,0,1,0,0
14:26:00.428,0,0,1,0,0
14:26:00.593,0,0,1,0,0
14:26:00.593,1,0,1,0,0
14:26:00.758,1,0,1,0,0
14:26:00.758,0,0,1,0,0
14:26:00.903,0,0,1,0,0
14:26:00.903,1,0,1,0,0
14:26:01.120,1,0,1,0,0
14:26:01.120,0,0,1,0,0
14:26:01.199,0,0,1,0,0
14:26:01.199,1,0,1,0,0
14:26:01.407,1,0,1,0,0
14:26:01.407,0,0,1,0,0
14:26:01.600,0,0,1,0,0
14:26:01.600,1,0,1,0,0
14:26:01.652,1,0,1,0,0
14:26:01.652,0,0,1,0,0
14:26:01.855,0,0,1,0,0
14:26:01.855,1,0,1,0,0
14:26:02.048,1,0,1,0,0
14:26:02.048,0,0,1,0,0
14:26:02.115,0,0,1,0,0
14:26:02.115,1,0,1,0,0
14:26:02.315,1,0,1,0,0
14:26:02.315,0,0,1,0,0
14:26:02.521,0,0,1,0,0
14:26:02.521,1,0,1,0,0
14:26:02.600,1,0,1,0,0
14:26:02.600,0,0,1,0,0
14:26:02.807,0,0,1,0,0
14:26:02.807,1,0,1,0,0
14:26:02.975,1,0,1,0,0
14:26:02.975,0,0,1,0,0
14:26:03.037,0,0,1,0,0
14:26:03.037,1,0,1,0,0
14:26:03.220,1,0,1,0,0
14:26:03.220,0,0,1,0,0
14:26:03.349,0,0,1,0,0
14:26:03.349,1,0,1,0,0
14:26:03.421,1,0,1,0,0
14:26:03.421,0,0,1,0,0
14:26:03.573,0,0,1,0,0
14:26:03.573,1,0,1,0,0
14:26:03.709,1,0,1,0,0
14:26:03.709,0,0,1,0,0
14:26:03.709,0,0,1,0,0
14:26:03.709,0,0,0,0,0
14:26:03.780,0,0,0,0,0
14:26:03.780,1,0,0,0,0
14:26:03.858,1,0,0,0,0
14:26:03.858,0,0,0,0,0
14:26:04.065,0,0,0,0,0
14:26:04.065,1,0,0,0,0
14:26:04.261,1,0,0,0,0
14:26:04.261,0,0,0,0,0
14:26:04.335,0,0,0,0,0
14:26:04.335,1,0,0,0,0
14:26:04.514,1,0,0,0,0
14:26:04.514,0,0,0,0,0
14:26:04.729,0,0,0,0,0
14:26:04.729,1,0,0,0,0
14:26:04.804,1,0,0,0,0
14:26:04.804,0,0,0,0,0
14:26:04.991,0,0,0,0,0
14:26:04.991,1,0,0,0,0
14:26:05.186,1,0,0,0,0
14:26:05.186,0,0,0,0,0
14:26:05.292,0,0,0,0,0
14:26:05.292,1,0,0,0,0
14:26:05.465,1,0,0,0,0
14:26:05.465,0,0,0,0,0
14:26:05.668,0,0,0,0,0
14:26:05.668,1,0,0,0,0
14:26:05.761,1,0,0,0,0
14:26:05.761,0,0,0,0,0
14:26:05.959,0,0,0,0,0
14:26:05.959,1,0,0,0,0
14:26:06.169,1,0,0,0,0
14:26:06.169,0,0,0,0,0
14:26:06.253,0,0,0,0,0
14:26:06.253,1,0,0,0,0
14:26:06.460,1,0,0,0,0
14:26:06.460,0,0,0,0,0
14:26:06.683,0,0,0,0,0
14:26:06.683,1,0,0,0,0
14:26:06.767,1,0,0,0,0
14:26:06.767,0,0,0,0,0
14:26:06.977,0,0,0,0,0
14:26:06.977,1,0,0,0,0
14:26:07.171,1,0,0,0,0
14:26:07.171,0,0,0,0,0
14:26:07.254,0,0,0,0,0
14:26:07.254,1,0,0,0,0
14:26:07.407,1,0,0,0,0
14:26:07.407,0,0,0,0,0
14:26:07.608,0,0,0,0,0
14:26:07.608,1,0,0,0,0
14:26:07.687,1,0,0,0,0
14:26:07.687,0,0,0,0,0
14:26:07.893,0,0,0,0,0
14:26:07.893,1,0,0,0,0
14:26:08.093,1,0,0,0,0
14:26:08.093,0,0,0,0,0
14:26:08.171,0,0,0,0,0
14:26:08.171,1,0,0,0,0
14:26:08.367,1,0,0,0,0
14:26:08.367,0,0,0,0,0
14:26:08.573,0,0,0,0,0
14:26:08.573,1,0,0,0,0
14:26:08.655,1,0,0,0,0
14:26:08.655,0,0,0,0,0
14:26:08.854,0,0,0,0,0
14:26:08.854,1,0,0,0,0
14:26:09.062,1,0,0,0,0
14:26:09.062,0,0,0,0,0
14:26:09.133,0,0,0,0,0
14:26:09.133,1,0,0,0,0
14:26:09.342,1,0,0,0,0
14:26:09.342,0,0,0,0,0
14:26:09.563,0,0,0,0,0
14:26:09.563,1,0,0,0,0
14:26:09.630,1,0,0,0,0
14:26:09.630,0,0,0,0,0
14:26:09.851,0,0,0,0,0
14:26:09.851,1,0,0,0,0
14:26:10.053,1,0,0,0,0
14:26:10.053,0,0,0,0,0
14:26:10.139,0,0,0,0,0
14:26:10.139,1,0,0,0,0
14:26:10.328,1,0,0,0,0
14:26:10.328,0,0,0,0,0
14:26:10.513,0,0,0,0,0
14:26:10.513,1,0,0,0,0
14:26:10.575,1,0,0,0,0
14:26:10.575,0,0,0,0,0
14:26:10.754,0,0,0,0,0
14:26:10.754,1,0,0,0,0
14:26:10.959,1,0,0,0,0
14:26:10.959,0,0,0,0,0
14:26:11.044,0,0,0,0,0
14:26:11.044,1,0,0,0,0
14:26:11.265,1,0,0,0,0
14:26:11.265,0,0,0,0,0
14:26:11.464,0,0,0,0,0
14:26:11.464,1,0,0,0,0
14:26:11.557,1,0,0,0,0
14:26:11.557,0,0,0,0,0
14:26:11.775,0,0,0,0,0
14:26:11.775,1,0,0,0,0
14:26:11.828,1,0,0,0,0
14:26:11.828,0,0,0,0,0
14:26:12.027,0,0,0,0,0
14:26:12.027,1,0,0,0,0
14:26:12.121,1,0,0,0,0
14:26:12.121,0,0,0,0,0
14:26:12.336,0,0,0,0,0
14:26:12.336,1,0,0,0,0
14:26:12.401,1,0,0,0,0
14:26:12.401,0,0,0,0,0
14:26:12.482,0,0,0,0,0
14:26:12.482,1,0,0,0,0
14:26:12.694,1,0,0,0,0
14:26:12.694,0,0,0,0,0
14:26:12.887,0,0,0,0,0
14:26:12.887,1,0,0,0,0
14:26:12.952,1,0,0,0,0
14:26:12.952,0,0,0,0,0
14:26:13.164,0,0,0,0,0
14:26:13.164,1,0,0,0,0
14:26:13.372,1,0,0,0,0
14:26:13.372,0,0,0,0,0
14:26:13.443,0,0,0,0,0
14:26:13.443,1,0,0,0,0
14:26:13.650,1,0,0,0,0
14:26:13.650,0,0,0,0,0
14:26:13.840,0,0,0,0,0
14:26:13.840,1,0,0,0,0
14:26:13.909,1,0,0,0,0
14:26:13.909,0,0,0,0,0
14:26:14.132,0,0,0,0,0
14:26:14.132,1,0,0,0,0
14:26:14.345,1,0,0,0,0
14:26:14.345,0,0,0,0,0
14:26:14.419,0,0,0,0,0
14:26:14.419,1,0,0,0,0
14:26:14.578,1,0,0,0,0
14:26:14.578,0,0,0,0,0
14:26:14.794,0,0,0,0,0
14:26:14.794,1,0,0,0,0
14:26:14.871,1,0,0,0,0
14:26:14.871,0,0,0,0,0
14:26:15.046,0,0,0,0,0
14:26:15.046,1,0,0,0,0
14:26:15.226,1,0,0,0,0
14:26:15.226,0,0,0,0,0
14:26:15.378,0,0,0,0,0
14:26:15.378,1,0,0,0,0
14:26:15.499,1,0,0,0,0
14:26:15.499,0,0,0,0,0
14:26:15.649,0,0,0,0,0
14:26:15.649,1,0,0,0,0
14:26:15.734,1,0,0,0,0
14:26:15.734,0,0,0,0,0
14:26:15.852,0,0,0,0,0
14:26:15.852,1,0,0,0,0
14:26:15.958,1,0,0,0,0
14:26:15.958,0,0,0,0,0
14:26:16.071,0,0,0,0,0
14:26:16.071,1,0,0,0,0
14:26:16.193,1,0,0,0,0
14:26:16.193,0,0,0,0,0
14:26:16.358,0,0,0,0,0
14:26:16.358,1,0,0,0,0
14:26:16.535,1,0,0,0,0
14:26:16.535,0,0,0,0,0
14:26:16.600,0,0,0,0,0
14:26:16.600,1,0,0,0,0
14:26:16.805,1,0,0,0,0
14:26:16.805,0,0,0,0,0
14:26:17.011,0,0,0,0,0
14:26:17.011,1,0,0,0,0
14:26:17.090,1,0,0,0,0
14:26:17.090,0,0,0,0,0
14:26:17.301,0,0,0,0,0
14:26:17.301,1,0,0,0,0
14:26:17.490,1,0,0,0,0
14:26:17.490,0,0,0,0,0
14:26:17.555,0,0,0,0,0
14:26:17.555,1,0,0,0,0
14:26:17.759,1,0,0,0,0
14:26:17.759,0,0,0,0,0
14:26:17.959,0,0,0,0,0
14:26:17.959,1,0,0,0,0
14:26:18.033,1,0,0,0,0
14:26:18.033,0,0,0,0,0
14:26:18.231,0,0,0,0,0
14:26:18.231,1,0,0,0,0
14:26:18.383,1,0,0,0,0
14:26:18.383,0,0,0,0,0
14:26:18.452,0,0,0,0,0
14:26:18.452,1,0,0,0,0
14:26:18.588,1,0,0,0,0
14:26:18.588,0,0,0,0,0
14:26:18.707,0,0,0,0,0
14:26:18.707,1,0,0,0,0
14:26:18.855,1,0,0,0,0
14:26:18.855,0,0,0,0,0
14:26:18.949,0,0,0,0,0
14:26:18.949,1,0,0,0,0
14:26:19.121,1,0,0,0,0
14:26:19.121,0,0,0,0,0
14:26:19.311,0,0,0,0,0
14:26:19.311,1,0,0,0,0
14:26:19.376,1,0,0,0,0
14:26:19.376,0,0,0,0,0
14:26:19.531,0,0,0,0,0
14:26:19.531,1,0,0,0,0
14:26:19.684,1,0,0,0,0
14:26:19.684,0,0,0,0,0
14:26:19.800,0,0,0,0,0
14:26:19.800,1,0,0,0,0
14:26:19.866,1,0,0,0,0
14:26:19.866,0,0,0,0,0
14:26:20.024,0,0,0,0,0
14:26:20.024,1,0,0,0,0
14:26:20.153,1,0,0,0,0
14:26:20.153,0,0,0,0,0
14:26:20.295,0,0,0,0,0
14:26:20.295,1,0,0,0,0
14:26:20.367,1,0,0,0,0
14:26:20.367,0,0,0,0,0
14:26:20.559,0,0,0,0,0
14:26:20.559,1,0,0,0,0
14:26:20.750,1,0,0,0,0
14:26:20.750,0,0,0,0,0
14:26:20.816,0,0,0,0,0
14:26:20.816,1,0,0,0,0
14:26:20.953,1,0,0,0,0
14:26:20.953,0,0,0,0,0
14:26:21.106,0,0,0,0,0
14:26:21.106,1,0,0,0,0
14:26:21.233,1,0,0,0,0
14:26:21.233,0,0,0,0,0
14:26:21.396,0,0,0,0,0
14:26:21.396,1,0,0,0,0
14:26:21.568,1,0,0,0,0
14:26:21.568,0,0,0,0,0
14:26:21.781,0,0,0,0,0
14:26:21.781,1,0,0,0,0
14:26:21.781,1,0,0,0,0
14:26:21.781,1,0,1,0,0
14:26:21.901,1,0,1,0,0
14:26:21.901,0,0,1,0,0
14:26:22.109,0,0,1,0,0
14:26:22.109,1,0,1,0,0
14:26:22.325,1,0,1,0,0
14:26:22.325,0,0,1,0,0
14:26:22.409,0,0,1,0,0
14:26:22.409,1,0,1,0,0
14:26:22.616,1,0,1,0,0
14:26:22.616,0,0,1,0,0
14:26:22.849,0,0,1,0,0
14:26:22.849,1,0,1,0,0
14:26:22.927,1,0,1,0,0
14:26:22.927,0,0,1,0,0
14:26:23.153,0,0,1,0,0
14:26:23.153,1,0,1,0,0
14:26:23.383,1,0,1,0,0
14:26:23.383,0,0,1,0,0
14:26:23.471,0,0,1,0,0
14:26:23.471,1,0,1,0,0
14:26:23.676,1,0,1,0,0
14:26:23.676,0,0,1,0,0
14:26:23.845,0,0,1,0,0
14:26:23.845,1,0,1,0,0
14:26:23.904,1,0,1,0,0
14:26:23.904,0,0,1,0,0
14:26:24.055,0,0,1,0,0
14:26:24.055,1,0,1,0,0
14:26:24.227,1,0,1,0,0
14:26:24.227,0,0,1,0,0
14:26:24.298,0,0,1,0,0
14:26:24.298,1,0,1,0,0
14:26:24.472,1,0,1,0,0
14:26:24.472,0,0,1,0,0
14:26:24.674,0,0,1,0,0
14:26:24.674,1,0,1,0,0
14:26:24.762,1,0,1,0,0
14:26:24.762,0,0,1,0,0
14:26:24.936,0,0,1,0,0
14:26:24.936,1,0,1,0,0
14:26:25.099,1,0,1,0,0
14:26:25.099,0,0,1,0,0
14:26:25.171,0,0,1,0,0
14:26:25.171,1,0,1,0,0
14:26:25.240,1,0,1,0,0
14:26:25.240,0,0,1,0,0
14:26:25.406,0,0,1,0,0
14:26:25.406,1,0,1,0,0
14:26:25.539,1,0,1,0,0
14:26:25.539,0,0,1,0,0
14:26:25.706,0,0,1,0,0
14:26:25.706,1,0,1,0,0
14:26:25.893,1,0,1,0,0
14:26:25.893,0,0,1,0,0
14:26:26.066,0,0,1,0,0
14:26:26.066,1,0,1,0,0
14:26:26.141,1,0,1,0,0
14:26:26.141,0,0,1,0,0
14:26:26.345,0,0,1,0,0
14:26:26.345,1,0,1,0,0
14:26:26.488,1,0,1,0,0
14:26:26.488,0,0,1,0,0
14:26:26.549,0,0,1,0,0
14:26:26.549,1,0,1,0,0
14:26:26.679,1,0,1,0,0
14:26:26.679,0,0,1,0,0
14:26:26.806,0,0,1,0,0
14:26:26.806,1,0,1,0,0
14:26:26.913,1,0,1,0,0
14:26:26.913,0,0,1,0,0
14:26:27.062,0,0,1,0,0
14:26:27.062,1,0,1,0,0
14:26:27.204,1,0,1,0,0
14:26:27.204,0,0,1,0,0
14:26:27.331,0,0,1,0,0
14:26:27.331,1,0,1,0,0
14:26:27.379,1,0,1,0,0
14:26:27.379,0,0,1,0,0
14:26:27.555,0,0,1,0,0
14:26:27.555,1,0,1,0,0
14:26:27.747,1,0,1,0,0
14:26:27.747,0,0,1,0,0
14:26:27.823,0,0,1,0,0
14:26:27.823,1,0,1,0,0
14:26:28.021,1,0,1,0,0
14:26:28.021,0,0,1,0,0
14:26:28.209,0,0,1,0,0
14:26:28.209,1,0,1,0,0
14:26:28.293,1,0,1,0,0
14:26:28.293,0,0,1,0,0
14:26:28.497,0,0,1,0,0
14:26:28.497,1,0,1,0,0
14:26:28.710,1,0,1,0,0
14:26:28.710,0,0,1,0,0
14:26:28.803,0,0,1,0,0
14:26:28.803,1,0,1,0,0
14:26:29.015,1,0,1,0,0
14:26:29.015,0,0,1,0,0
14:26:29.189,0,0,1,0,0
14:26:29.189,1,0,1,0,0
14:26:29.257,1,0,1,0,0
14:26:29.257,0,0,1,0,0
14:26:29.432,0,0,1,0,0
14:26:29.432,1,0,1,0,0
14:26:29.628,1,0,1,0,0
14:26:29.628,0,0,1,0,0
14:26:29.719,0,0,1,0,0
14:26:29.719,1,0,1,0,0
14:26:29.917,1,0,1,0,0
14:26:29.917,0,0,1,0,0
14:26:30.125,0,0,1,0,0
14:26:30.125,1,0,1,0,0
14:26:30.197,1,0,1,0,0
14:26:30.197,0,0,1,0,0
14:26:30.375,0,0,1,0,0
14:26:30.375,1,0,1,0,0
14:26:30.555,1,0,1,0,0
14:26:30.555,0,0,1,0,0
14:26:30.621,0,0,1,0,0
14:26:30.621,1,0,1,0,0
14:26:30.786,1,0,1,0,0
14:26:30.786,0,0,1,0,0
14:26:30.940,0,0,1,0,0
14:26:30.940,1,0,1,0,0
14:26:30.996,1,0,1,0,0
14:26:30.996,0,0,1,0,0
14:26:31.164,0,0,1,0,0
14:26:31.164,1,0,1,0,0
14:26:31.359,1,0,1,0,0
14:26:31.359,0,0,1,0,0
14:26:31.475,0,0,1,0,0
14:26:31.475,1,0,1,0,0
14:26:31.665,1,0,1,0,0
14:26:31.665,0,0,1,0,0
14:26:31.818,0,0,1,0,0
14:26:31.818,1,0,1,0,0
14:26:31.969,1,0,1,0,0
14:26:31.969,0,0,1,0,0
14:26:32.112,0,0,1,0,0
14:26:32.112,1,0,1,0,0
14:26:32.279,1,0,1,0,0
14:26:32.279,0,0,1,0,0
14:26:32.354,0,0,1,0,0
14:26:32.354,1,0,1,0,0
14:26:32.529,1,0,1,0,0
14:26:32.529,0,0,1,0,0
14:26:32.699,0,0,1,0,0
14:26:32.699,1,0,1,0,0
14:26:32.771,1,0,1,0,0
14:26:32.771,0,0,1,0,0
14:26:32.953,0,0,1,0,0
14:26:32.953,1,0,1,0,0
14:26:33.132,1,0,1,0,0
14:26:33.132,0,0,1,0,0
14:26:33.200,0,0,1,0,0
14:26:33.200,1,0,1,0,0
14:26:33.403,1,0,1,0,0
14:26:33.403,0,0,1,0,0
14:26:33.609,0,0,1,0,0
14:26:33.609,1,0,1,0,0
14:26:33.667,1,0,1,0,0
14:26:33.667,0,0,1,0,0
14:26:33.840,0,0,1,0,0
14:26:33.840,1,0,1,0,0
14:26:33.987,1,0,1,0,0
14:26:33.987,0,0,1,0,0
14:26:34.051,0,0,1,0,0
14:26:34.051,1,0,1,0,0
14:26:34.195,1,0,1,0,0
14:26:34.195,0,0,1,0,0
14:26:34.350,0,0,1,0,0
14:26:34.350,1,0,1,0,0
14:26:34.497,1,0,1,0,0
14:26:34.497,0,0,1,0,0
14:26:34.552,0,0,1,0,0
14:26:34.552,1,0,1,0,0
14:26:34.722,1,0,1,0,0
14:26:34.722,0,0,1,0,0
14:26:34.874,0,0,1,0,0
14:26:34.874,1,0,1,0,0
14:26:34.917,1,0,1,0,0
14:26:34.917,0,0,1,0,0
14:26:35.061,0,0,1,0,0
14:26:35.061,1,0,1,0,0
14:26:35.213,1,0,1,0,0
14:26:35.213,0,0,1,0,0
14:26:35.343,0,0,1,0,0
14:26:35.343,1,0,1,0,0
14:26:35.414,1,0,1,0,0
14:26:35.414,0,0,1,0,0
14:26:35.579,0,0,1,0,0
14:26:35.579,1,0,1,0,0
14:26:35.731,1,0,1,0,0
14:26:35.731,0,0,1,0,0
14:26:35.804,0,0,1,0,0
14:26:35.804,1,0,1,0,0
14:26:35.953,1,0,1,0,0
14:26:35.953,0,0,1,0,0
14:26:36.095,0,0,1,0,0
14:26:36.095,1,0,1,0,0
14:26:36.255,1,0,1,0,0
14:26:36.255,0,0,1,0,0
14:26:36.428,0,0,1,0,0
14:26:36.428,1,0,1,0,0
14:26:36.583,1,0,1,0,0
14:26:36.583,0,0,1,0,0
14:26:36.734,0,0,1,0,0
14:26:36.734,1,0,1,0,0
14:26:36.795,1,0,1,0,0
14:26:36.795,0,0,1,0,0
14:26:36.935,0,0,1,0,0
14:26:36.935,1,0,1,0,0
14:26:37.093,1,0,1,0,0
14:26:37.093,0,0,1,0,0
14:26:37.234,0,0,1,0,0
14:26:37.234,1,0,1,0,0
14:26:37.287,1,0,1,0,0
14:26:37.287,0,0,1,0,0
14:26:37.425,0,0,1,0,0
14:26:37.425,1,0,1,0,0
14:26:37.577,1,0,1,0,0
14:26:37.577,0,0,1,0,0
14:26:37.644,0,0,1,0,0
14:26:37.644,1,0,1,0,0
14:26:37.703,1,0,1,0,0
14:26:37.703,0,0,1,0,0
14:26:37.887,0,0,1,0,0
14:26:37.887,1,0,1,0,0
14:26:38.062,1,0,1,0,0
14:26:38.062,0,0,1,0,0
14:26:38.131,0,0,1,0,0
14:26:38.131,1,0,1,0,0
14:26:38.280,1,0,1,0,0
14:26:38.280,0,0,1,0,0
14:26:38.434,0,0,1,0,0
14:26:38.434,1,0,1,0,0
14:26:38.557,1,0,1,0,0
14:26:38.557,0,0,1,0,0
14:26:38.615,0,0,1,0,0
14:26:38.615,1,0,1,0,0
14:26:38.743,1,0,1,0,0
14:26:38.743,0,0,1,0,0
14:26:38.879,0,0,1,0,0
14:26:38.879,1,0,1,0,0
14:26:39.027,1,0,1,0,0
14:26:39.027,0,0,1,0,0
14:26:39.189,0,0,1,0,0
14:26:39.189,1,0,1,0,0
14:26:39.328,1,0,1,0,0
14:26:39.328,0,0,1,0,0
14:26:39.489,0,0,1,0,0
14:26:39.489,1,0,1,0,0
14:26:39.540,1,0,1,0,0
14:26:39.540,0,0,1,0,0
14:26:39.724,0,0,1,0,0
14:26:39.724,1,0,1,0,0
14:26:39.872,1,0,1,0,0
14:26:39.872,0,0,1,0,0
14:26:39.872,0,0,1,0,0
14:26:39.872,0,0,0,0,0
14:26:39.932,0,0,0,0,0
14:26:39.932,1,0,0,0,0
14:26:39.993,1,0,0,0,0
14:26:39.993,0,0,0,0,0
14:26:40.112,0,0,0,0,0
14:26:40.112,1,0,0,0,0
14:26:40.235,1,0,0,0,0
14:26:40.235,0,0,0,0,0
14:26:40.366,0,0,0,0,0
14:26:40.366,1,0,0,0,0
14:26:40.434,1,0,0,0,0
14:26:40.434,0,0,0,0,0
14:26:40.623,0,0,0,0,0
14:26:40.623,1,0,0,0,0
14:26:40.795,1,0,0,0,0
14:26:40.795,0,0,0,0,0
14:26:40.867,0,0,0,0,0
14:26:40.867,1,0,0,0,0
14:26:41.032,1,0,0,0,0
14:26:41.032,0,0,0,0,0
14:26:41.217,0,0,0,0,0
14:26:41.217,1,0,0,0,0
14:26:41.291,1,0,0,0,0
14:26:41.291,0,0,0,0,0
14:26:41.461,0,0,0,0,0
14:26:41.461,1,0,0,0,0
14:26:41.580,1,0,0,0,0
14:26:41.580,0,0,0,0,0
14:26:41.734,0,0,0,0,0
14:26:41.734,1,0,0,0,0
14:26:41.825,1,0,0,0,0
14:26:41.825,0,0,0,0,0
14:26:42.021,0,0,0,0,0
14:26:42.021,1,0,0,0,0
14:26:42.173,1,0,0,0,0
14:26:42.173,0,0,0,0,0
14:26:42.249,0,0,0,0,0
14:26:42.249,1,0,0,0,0
14:26:42.408,1,0,0,0,0
14:26:42.408,0,0,0,0,0
14:26:42.547,0,0,0,0,0
14:26:42.547,1,0,0,0,0
14:26:42.677,1,0,0,0,0
14:26:42.677,0,0,0,0,0
14:26:42.730,0,0,0,0,0
14:26:42.730,1,0,0,0,0
14:26:42.874,1,0,0,0,0
14:26:42.874,0,0,0,0,0
14:26:43.015,0,0,0,0,0
14:26:43.015,1,0,0,0,0
14:26:43.171,1,0,0,0,0
14:26:43.171,0,0,0,0,0
14:26:43.291,0,0,0,0,0
14:26:43.291,1,0,0,0,0
14:26:43.427,1,0,0,0,0
14:26:43.427,0,0,0,0,0
14:26:43.556,0,0,0,0,0
14:26:43.556,1,0,0,0,0
14:26:43.611,1,0,0,0,0
14:26:43.611,0,0,0,0,0
14:26:43.750,0,0,0,0,0
14:26:43.750,1,0,0,0,0
14:26:43.921,1,0,0,0,0
14:26:43.921,0,0,0,0,0
14:26:44.078,0,0,0,0,0
14:26:44.078,1,0,0,0,0
14:26:44.129,1,0,0,0,0
14:26:44.129,0,0,0,0,0
14:26:44.279,0,0,0,0,0
14:26:44.279,1,0,0,0,0
14:26:44.412,1,0,0,0,0
14:26:44.412,0,0,0,0,0
14:26:44.557,0,0,0,0,0
14:26:44.557,1,0,0,0,0
14:26:44.615,1,0,0,0,0
14:26:44.615,0,0,0,0,0
14:26:44.755,0,0,0,0,0
14:26:44.755,1,0,0,0,0
14:26:44.924,1,0,0,0,0
14:26:44.924,0,0,0,0,0
14:26:45.076,0,0,0,0,0
14:26:45.076,1,0,0,0,0
14:26:45.219,1,0,0,0,0
14:26:45.219,0,0,0,0,0
14:26:45.333,0,0,0,0,0
14:26:45.333,1,0,0,0,0
14:26:45.479,1,0,0,0,0
14:26:45.479,0,0,0,0,0
14:26:45.631,0,0,0,0,0
14:26:45.631,1,0,0,0,0
14:26:45.769,1,0,0,0,0
14:26:45.769,0,0,0,0,0
14:26:45.895,0,0,0,0,0
14:26:45.895,1,0,0,0,0
14:26:46.072,1,0,0,0,0
14:26:46.072,0,0,0,0,0
14:26:46.208,0,0,0,0,0
14:26:46.208,1,0,0,0,0
14:26:46.355,1,0,0,0,0
14:26:46.355,0,0,0,0,0
14:26:46.408,0,0,0,0,0
14:26:46.408,1,0,0,0,0
14:26:46.538,1,0,0,0,0
14:26:46.538,0,0,0,0,0
14:26:46.694,0,0,0,0,0
14:26:46.694,1,0,0,0,0
14:26:46.843,1,0,0,0,0
14:26:46.843,0,0,0,0,0
14:26:46.895,0,0,0,0,0
14:26:46.895,1,0,0,0,0
14:26:47.020,1,0,0,0,0
14:26:47.020,0,0,0,0,0
14:26:47.154,0,0,0,0,0
14:26:47.154,1,0,0,0,0
14:26:47.297,1,0,0,0,0
14:26:47.297,0,0,0,0,0
14:26:47.449,0,0,0,0,0
14:26:47.449,1,0,0,0,0
14:26:47.599,1,0,0,0,0
14:26:47.599,0,0,0,0,0
14:26:47.755,0,0,0,0,0
14:26:47.755,1,0,0,0,0
14:26:47.822,1,0,0,0,0
14:26:47.822,0,0,0,0,0
14:26:47.982,0,0,0,0,0
14:26:47.982,1,0,0,0,0
14:26:48.133,1,0,0,0,0
14:26:48.133,0,0,0,0,0
14:26:48.180,0,0,0,0,0
14:26:48.180,1,0,0,0,0
14:26:48.338,1,0,0,0,0
14:26:48.338,0,0,0,0,0
14:26:48.529,0,0,0,0,0
14:26:48.529,1,0,0,0,0
14:26:48.593,1,0,0,0,0
14:26:48.593,0,0,0,0,0
14:26:48.798,0,0,0,0,0
14:26:48.798,1,0,0,0,0
14:26:49.013,1,0,0,0,0
14:26:49.013,0,0,0,0,0
14:26:49.088,0,0,0,0,0
14:26:49.088,1,0,0,0,0
14:26:49.240,1,0,0,0,0
14:26:49.240,0,0,0,0,0
14:26:49.401,0,0,0,0,0
14:26:49.401,1,0,0,0,0
14:26:49.458,1,0,0,0,0
14:26:49.458,0,0,0,0,0
14:26:49.537,0,0,0,0,0
14:26:49.537,1,0,0,0,0
14:26:49.744,1,0,0,0,0
14:26:49.744,0,0,0,0,0
14:26:49.950,0,0,0,0,0
14:26:49.950,1,0,0,0,0
14:26:50.038,1,0,0,0,0
14:26:50.038,0,0,0,0,0
14:26:50.190,0,0,0,0,0
14:26:50.190,1,0,0,0,0
14:26:50.398,1,0,0,0,0
14:26:50.398,0,0,0,0,0
14:26:50.477,0,0,0,0,0
14:26:50.477,1,0,0,0,0
14:26:50.675,1,0,0,0,0
14:26:50.675,0,0,0,0,0
14:26:50.809,0,0,0,0,0
14:26:50.809,1,0,0,0,0
14:26:50.978,1,0,0,0,0
14:26:50.978,0,0,0,0,0
14:26:51.115,0,0,0,0,0
14:26:51.115,1,0,0,0,0
14:26:51.246,1,0,0,0,0
14:26:51.246,0,0,0,0,0
14:26:51.299,0,0,0,0,0
14:26:51.299,1,0,0,0,0
14:26:51.449,1,0,0,0,0
14:26:51.449,0,0,0,0,0
14:26:51.601,0,0,0,0,0
14:26:51.601,1,0,0,0,0
14:26:51.689,1,0,0,0,0
14:26:51.689,0,0,0,0,0
14:26:51.889,0,0,0,0,0
14:26:51.889,1,0,0,0,0
14:26:52.091,1,0,0,0,0
14:26:52.091,0,0,0,0,0
14:26:52.169,0,0,0,0,0
14:26:52.169,1,0,0,0,0
14:26:52.350,1,0,0,0,0
14:26:52.350,0,0,0,0,0
14:26:52.513,0,0,0,0,0
14:26:52.513,1,0,0,0,0
14:26:52.591,1,0,0,0,0
14:26:52.591,0,0,0,0,0
14:26:52.785,0,0,0,0,0
14:26:52.785,1,0,0,0,0
14:26:52.949,1,0,0,0,0
14:26:52.949,0,0,0,0,0
14:26:53.013,0,0,0,0,0
14:26:53.013,1,0,0,0,0
14:26:53.224,1,0,0,0,0
14:26:53.224,0,0,0,0,0
14:26:53.429,0,0,0,0,0
14:26:53.429,1,0,0,0,0
14:26:53.479,1,0,0,0,0
14:26:53.479,0,0,0,0,0
14:26:53.641,0,0,0,0,0
14:26:53.641,1,0,0,0,0
14:26:53.825,1,0,0,0,0
14:26:53.825,0,0,0,0,0
14:26:53.887,0,0,0,0,0
14:26:53.887,1,0,0,0,0
14:26:54.064,1,0,0,0,0
14:26:54.064,0,0,0,0,0
14:26:54.280,0,0,0,0,0
14:26:54.280,1,0,0,0,0
14:26:54.363,1,0,0,0,0
14:26:54.363,0,0,0,0,0
14:26:54.593,0,0,0,0,0
14:26:54.593,1,0,0,0,0
14:26:54.804,1,0,0,0,0
14:26:54.804,0,0,0,0,0
14:26:54.880,0,0,0,0,0
14:26:54.880,1,0,0,0,0
14:26:55.025,1,0,0,0,0
14:26:55.025,0,0,0,0,0
14:26:55.198,0,0,0,0,0
14:26:55.198,1,0,0,0,0
14:26:55.281,1,0,0,0,0
14:26:55.281,0,0,0,0,0
14:26:55.508,0,0,0,0,0
14:26:55.508,1,0,0,0,0
14:26:55.651,1,0,0,0,0
14:26:55.651,0,0,0,0,0
14:26:55.766,0,0,0,0,0
14:26:55.766,1,0,0,0,0
14:26:55.981,1,0,0,0,0
14:26:55.981,0,0,0,0,0
14:26:56.207,0,0,0,0,0
14:26:56.207,1,0,0,0,0
14:26:56.282,1,0,0,0,0
14:26:56.282,0,0,0,0,0
14:26:56.476,0,0,0,0,0
14:26:56.476,1,0,0,0,0
14:26:56.649,1,0,0,0,0
14:26:56.649,0,0,0,0,0
14:26:56.708,0,0,0,0,0
14:26:56.708,1,0,0,0,0
14:26:56.874,1,0,0,0,0
14:26:56.874,0,0,0,0,0
14:26:57.021,0,0,0,0,0
14:26:57.021,1,0,0,0,0
14:26:57.089,1,0,0,0,0
14:26:57.089,0,0,0,0,0
14:26:57.241,0,0,0,0,0
14:26:57.241,1,0,0,0,0
14:26:57.381,1,0,0,0,0
14:26:57.381,0,0,0,0,0
14:26:57.570,0,0,0,0,0
14:26:57.570,1,0,0,0,0
14:26:57.733,1,0,0,0,0
14:26:57.733,0,0,0,0,0
14:26:57.878,0,0,0,0,0
14:26:57.878,1,0,0,0,0
14:26:57.878,1,0,0,0,0
14:26:57.878,1,0,1,0,0
14:26:57.949,1,0,1,0,0
14:26:57.949,0,0,1,0,0
14:26:58.035,0,0,1,0,0
14:26:58.035,1,0,1,0,0
14:26:58.249,1,0,1,0,0
14:26:58.249,0,0,1,0,0
14:26:58.460,0,0,1,0,0
14:26:58.460,1,0,1,0,0
14:26:58.549,1,0,1,0,0
14:26:58.549,0,0,1,0,0
14:26:58.704,0,0,1,0,0
14:26:58.704,1,0,1,0,0
14:26:58.842,1,0,1,0,0
14:26:58.842,0,0,1,0,0
14:26:58.895,0,0,1,0,0
14:26:58.895,1,0,1,0,0
14:26:59.031,1,0,1,0,0
14:26:59.031,0,0,1,0,0
14:26:59.213,0,0,1,0,0
14:26:59.213,1,0,1,0,0
14:26:59.367,1,0,1,0,0
14:26:59.367,0,0,1,0,0
14:26:59.433,0,0,1,0,0
14:26:59.433,1,0,1,0,0
14:26:59.602,1,0,1,0,0
14:26:59.602,0,0,1,0,0
14:26:59.764,0,0,1,0,0
14:26:59.764,1,0,1,0,0
14:26:59.828,1,0,1,0,0
14:26:59.828,0,0,1,0,0
14:26:59.959,0,0,1,0,0
14:26:59.959,1,0,1,0,0
14:27:00.116,1,0,1,0,0
14:27:00.116,0,0,1,0,0
14:27:00.269,0,0,1,0,0
14:27:00.269,1,0,1,0,0
14:27:00.355,1,0,1,0,0
14:27:00.355,0,0,1,0,0
14:27:00.530,0,0,1,0,0
14:27:00.530,1,0,1,0,0
14:27:00.676,1,0,1,0,0
14:27:00.676,0,0,1,0,0
14:27:00.741,0,0,1,0,0
14:27:00.741,1,0,1,0,0
14:27:00.876,1,0,1,0,0
14:27:00.876,0,0,1,0,0
14:27:01.016,0,0,1,0,0
14:27:01.016,1,0,1,0,0
14:27:01.220,1,0,1,0,0
14:27:01.220,0,0,1,0,0
14:27:01.306,0,0,1,0,0
14:27:01.306,1,0,1,0,0
14:27:01.481,1,0,1,0,0
14:27:01.481,0,0,1,0,0
14:27:01.669,0,0,1,0,0
14:27:01.669,1,0,1,0,0
14:27:01.736,1,0,1,0,0
14:27:01.736,0,0,1,0,0
14:27:01.802,0,0,1,0,0
14:27:01.802,1,0,1,0,0
14:27:01.994,1,0,1,0,0
14:27:01.994,0,0,1,0,0
14:27:02.201,0,0,1,0,0
14:27:02.201,1,0,1,0,0
14:27:02.257,1,0,1,0,0
14:27:02.257,0,0,1,0,0
14:27:02.398,0,0,1,0,0
14:27:02.398,1,0,1,0,0
14:27:02.555,1,0,1,0,0
14:27:02.555,0,0,1,0,0
14:27:02.721,0,0,1,0,0
14:27:02.721,1,0,1,0,0
14:27:02.777,1,0,1,0,0
14:27:02.777,0,0,1,0,0
14:27:02.934,0,0,1,0,0
14:27:02.934,1,0,1,0,0
14:27:03.087,1,0,1,0,0
14:27:03.087,0,0,1,0,0
14:27:03.211,0,0,1,0,0
14:27:03.211,1,0,1,0,0
14:27:03.391,1,0,1,0,0
14:27:03.391,0,0,1,0,0
14:27:03.587,0,0,1,0,0
14:27:03.587,1,0,1,0,0
14:27:03.646,1,0,1,0,0
14:27:03.646,0,0,1,0,0
14:27:03.804,0,0,1,0,0
14:27:03.804,1,0,1,0,0
14:27:03.983,1,0,1,0,0
14:27:03.983,0,0,1,0,0
14:27:04.062,0,0,1,0,0
14:27:04.062,1,0,1,0,0
14:27:04.220,1,0,1,0,0
14:27:04.220,0,0,1,0,0
14:27:04.369,0,0,1,0,0
14:27:04.369,1,0,1,0,0
14:27:04.560,1,0,1,0,0
14:27:04.560,0,0,1,0,0
14:27:04.624,0,0,1,0,0
14:27:04.624,1,0,1,0,0
14:27:04.821,1,0,1,0,0
14:27:04.821,0,0,1,0,0
14:27:04.973,0,0,1,0,0
14:27:04.973,1,0,1,0,0
14:27:05.036,1,0,1,0,0
14:27:05.036,0,0,1,0,0
14:27:05.192,0,0,1,0,0
14:27:05.192,1,0,1,0,0
14:27:05.328,1,0,1,0,0
14:27:05.328,0,0,1,0,0
14:27:05.537,0,0,1,0,0
14:27:05.537,1,0,1,0,0
14:27:05.595,1,0,1,0,0
14:27:05.595,0,0,1,0,0
14:27:05.758,0,0,1,0,0
14:27:05.758,1,0,1,0,0
14:27:05.898,1,0,1,0,0
14:27:05.898,0,0,1,0,0
14:27:05.978,0,0,1,0,0
14:27:05.978,1,0,1,0,0
14:27:06.169,1,0,1,0,0
14:27:06.169,0,0,1,0,0
14:27:06.367,0,0,1,0,0
14:27:06.367,1,0,1,0,0
14:27:06.562,1,0,1,0,0
14:27:06.562,0,0,1,0,0
14:27:06.707,0,0,1,0,0
14:27:06.707,1,0,1,0,0
14:27:06.867,1,0,1,0,0
14:27:06.867,0,0,1,0,0
14:27:06.911,0,0,1,0,0
14:27:06.911,1,0,1,0,0
14:27:07.108,1,0,1,0,0
14:27:07.108,0,0,1,0,0
14:27:07.298,0,0,1,0,0
14:27:07.298,1,0,1,0,0
14:27:07.384,1,0,1,0,0
14:27:07.384,0,0,1,0,0
14:27:07.554,0,0,1,0,0
14:27:07.554,1,0,1,0,0
14:27:07.692,1,0,1,0,0
14:27:07.692,0,0,1,0,0
14:27:07.756,0,0,1,0,0
14:27:07.756,1,0,1,0,0
14:27:07.914,1,0,1,0,0
14:27:07.914,0,0,1,0,0
14:27:08.074,0,0,1,0,0
14:27:08.074,1,0,1,0,0
14:27:08.260,1,0,1,0,0
14:27:08.260,0,0,1,0,0
14:27:08.312,0,0,1,0,0
14:27:08.312,1,0,1,0,0
14:27:08.493,1,0,1,0,0
14:27:08.493,0,0,1,0,0
14:27:08.644,0,0,1,0,0
14:27:08.644,1,0,1,0,0
14:27:08.834,1,0,1,0,0
14:27:08.834,0,0,1,0,0
14:27:08.973,0,0,1,0,0
14:27:08.973,1,0,1,0,0
14:27:09.137,1,0,1,0,0
14:27:09.137,0,0,1,0,0
14:27:09.191,0,0,1,0,0
14:27:09.191,1,0,1,0,0
14:27:09.334,1,0,1,0,0
14:27:09.334,0,0,1,0,0
14:27:09.493,0,0,1,0,0
14:27:09.493,1,0,1,0,0
14:27:09.666,1,0,1,0,0
14:27:09.666,0,0,1,0,0
14:27:09.858,0,0,1,0,0
14:27:09.858,1,0,1,0,0
14:27:10.036,1,0,1,0,0
14:27:10.036,0,0,1,0,0
14:27:10.118,0,0,1,0,0
14:27:10.118,1,0,1,0,0
14:27:10.269,1,0,1,0,0
14:27:10.269,0,0,1,0,0
14:27:10.465,0,0,1,0,0
14:27:10.465,1,0,1,0,0
14:27:10.644,1,0,1,0,0
14:27:10.644,0,0,1,0,0
14:27:10.827,0,0,1,0,0
14:27:10.827,1,0,1,0,0
14:27:11.045,1,0,1,0,0
14:27:11.045,0,0,1,0,0
14:27:11.130,0,0,1,0,0
14:27:11.130,1,0,1,0,0
14:27:11.346,1,0,1,0,0
14:27:11.346,0,0,1,0,0
14:27:11.513,0,0,1,0,0
14:27:11.513,1,0,1,0,0
14:27:11.612,1,0,1,0,0
14:27:11.612,0,0,1,0,0
14:27:11.833,0,0,1,0,0
14:27:11.833,1,0,1,0,0
14:27:12.019,1,0,1,0,0
14:27:12.019,0,0,1,0,0
14:27:12.078,0,0,1,0,0
14:27:12.078,1,0,1,0,0
14:27:12.240,1,0,1,0,0
14:27:12.240,0,0,1,0,0
14:27:12.433,0,0,1,0,0
14:27:12.433,1,0,1,0,0
14:27:12.495,1,0,1,0,0
14:27:12.495,0,0,1,0,0
14:27:12.663,0,0,1,0,0
14:27:12.663,1,0,1,0,0
14:27:12.847,1,0,1,0,0
14:27:12.847,0,0,1,0,0
14:27:13.011,0,0,1,0,0
14:27:13.011,1,0,1,0,0
14:27:13.212,1,0,1,0,0
14:27:13.212,0,0,1,0,0
14:27:13.293,0,0,1,0,0
14:27:13.293,1,0,1,0,0
14:27:13.494,1,0,1,0,0
14:27:13.494,0,0,1,0,0
14:27:13.727,0,0,1,0,0
14:27:13.727,1,0,1,0,0
14:27:13.810,1,0,1,0,0
14:27:13.810,0,0,1,0,0
14:27:14.018,0,0,1,0,0
14:27:14.018,1,0,1,0,0
14:27:14.184,1,0,1,0,0
14:27:14.184,0,0,1,0,0
14:27:14.249,0,0,1,0,0
14:27:14.249,1,0,1,0,0
14:27:14.378,1,0,1,0,0
14:27:14.378,0,0,1,0,0
14:27:14.544,0,0,1,0,0
14:27:14.544,1,0,1,0,0
14:27:14.691,1,0,1,0,0
14:27:14.691,0,0,1,0,0
14:27:14.794,0,0,1,0,0
14:27:14.794,1,0,1,0,0
14:27:14.937,1,0,1,0,0
14:27:14.937,0,0,1,0,0
14:27:15.094,0,0,1,0,0
14:27:15.094,1,0,1,0,0
14:27:15.153,1,0,1,0,0
14:27:15.153,0,0,1,0,0
14:27:15.298,0,0,1,0,0
14:27:15.298,1,0,1,0,0
14:27:15.445,1,0,1,0,0
14:27:15.445,0,0,1,0,0
14:27:15.641,0,0,1,0,0
14:27:15.641,1,0,1,0,0
14:27:15.717,1,0,1,0,0
14:27:15.717,0,0,1,0,0
14:27:15.883,0,0,1,0,0
14:27:15.883,1,0,1,0,0
14:27:15.883,1,0,1,0,0
14:27:15.883,1,0,0,0,0
14:27:15.944,1,0,0,0,0
14:27:15.944,0,0,0,0,0
14:27:16.069,0,0,0,0,0
14:27:16.069,1,0,0,0,0
14:27:16.127,1,0,0,0,0
14:27:16.127,0,0,0,0,0
14:27:16.288,0,0,0,0,0
14:27:16.288,1,0,0,0,0
14:27:16.414,1,0,0,0,0
14:27:16.414,0,0,0,0,0
14:27:16.575,0,0,0,0,0
14:27:16.575,1,0,0,0,0
14:27:16.625,1,0,0,0,0
14:27:16.625,0,0,0,0,0
14:27:16.829,0,0,0,0,0
14:27:16.829,1,0,0,0,0
14:27:16.979,1,0,0,0,0
14:27:16.979,0,0,0,0,0
14:27:17.043,0,0,0,0,0
14:27:17.043,1,0,0,0,0
14:27:17.213,1,0,0,0,0
14:27:17.213,0,0,0,0,0
14:27:17.383,0,0,0,0,0
14:27:17.383,1,0,0,0,0
14:27:17.446,1,0,0,0,0
14:27:17.446,0,0,0,0,0
14:27:17.623,0,0,0,0,0
14:27:17.623,1,0,0,0,0
14:27:17.787,1,0,0,0,0
14:27:17.787,0,0,0,0,0
14:27:17.850,0,0,0,0,0
14:27:17.850,1,0,0,0,0
14:27:18.004,1,0,0,0,0
14:27:18.004,0,0,0,0,0
14:27:18.146,0,0,0,0,0
14:27:18.146,1,0,0,0,0
14:27:18.286,1,0,0,0,0
14:27:18.286,0,0,0,0,0
14:27:18.356,0,0,0,0,0
14:27:18.356,1,0,0,0,0
14:27:18.525,1,0,0,0,0
14:27:18.525,0,0,0,0,0
14:27:18.692,0,0,0,0,0
14:27:18.692,1,0,0,0,0
14:27:18.775,1,0,0,0,0
14:27:18.775,0,0,0,0,0
14:27:18.983,0,0,0,0,0
14:27:18.983,1,0,0,0,0
14:27:19.180,1,0,0,0,0
14:27:19.180,0,0,0,0,0
14:27:19.236,0,0,0,0,0
14:27:19.236,1,0,0,0,0
14:27:19.410,1,0,0,0,0
14:27:19.410,0,0,0,0,0
14:27:19.567,0,0,0,0,0
14:27:19.567,1,0,0,0,0
14:27:19.631,1,0,0,0,0
14:27:19.631,0,0,0,0,0
14:27:19.815,0,0,0,0,0
14:27:19.815,1,0,0,0,0
14:27:20.009,1,0,0,0,0
14:27:20.009,0,0,0,0,0
14:27:20.064,0,0,0,0,0
14:27:20.064,1,0,0,0,0
14:27:20.227,1,0,0,0,0
14:27:20.227,0,0,0,0,0
14:27:20.389,0,0,0,0,0
14:27:20.389,1,0,0,0,0
14:27:20.565,1,0,0,0,0
14:27:20.565,0,0,0,0,0
14:27:20.731,0,0,0,0,0
14:27:20.731,1,0,0,0,0
14:27:20.808,1,0,0,0,0
14:27:20.808,0,0,0,0,0
14:27:20.865,0,0,0,0,0
14:27:20.865,1,0,0,0,0
14:27:21.007,1,0,0,0,0
14:27:21.007,0,0,0,0,0
14:27:21.181,0,0,0,0,0
14:27:21.181,1,0,0,0,0
14:27:21.376,1,0,0,0,0
14:27:21.376,0,0,0,0,0
14:27:21.431,0,0,0,0,0
14:27:21.431,1,0,0,0,0
14:27:21.601,1,0,0,0,0
14:27:21.601,0,0,0,0,0
14:27:21.781,0,0,0,0,0
14:27:21.781,1,0,0,0,0
14:27:21.854,1,0,0,0,0
14:27:21.854,0,0,0,0,0
14:27:22.027,0,0,0,0,0
14:27:22.027,1,0,0,0,0
14:27:22.225,1,0,0,0,0
14:27:22.225,0,0,0,0,0
14:27:22.299,0,0,0,0,0
14:27:22.299,1,0,0,0,0
14:27:22.486,1,0,0,0,0
14:27:22.486,0,0,0,0,0
14:27:22.651,0,0,0,0,0
14:27:22.651,1,0,0,0,0
14:27:22.721,1,0,0,0,0
14:27:22.721,0,0,0,0,0
14:27:22.899,0,0,0,0,0
14:27:22.899,1,0,0,0,0
14:27:23.058,1,0,0,0,0
14:27:23.058,0,0,0,0,0
14:27:23.205,0,0,0,0,0
14:27:23.205,1,0,0,0,0
14:27:23.356,1,0,0,0,0
14:27:23.356,0,0,0,0,0
14:27:23.524,0,0,0,0,0
14:27:23.524,1,0,0,0,0
14:27:23.597,1,0,0,0,0
14:27:23.597,0,0,0,0,0
14:27:23.783,0,0,0,0,0
14:27:23.783,1,0,0,0,0
14:27:23.943,1,0,0,0,0
14:27:23.943,0,0,0,0,0
14:27:23.997,0,0,0,0,0
14:27:23.997,1,0,0,0,0
14:27:24.172,1,0,0,0,0
14:27:24.172,0,0,0,0,0
14:27:24.393,0,0,0,0,0
14:27:24.393,1,0,0,0,0
14:27:24.462,1,0,0,0,0
14:27:24.462,0,0,0,0,0
14:27:24.661,0,0,0,0,0
14:27:24.661,1,0,0,0,0
14:27:24.879,1,0,0,0,0
14:27:24.879,0,0,0,0,0
14:27:25.110,0,0,0,0,0
14:27:25.110,1,0,0,0,0
14:27:25.270,1,0,0,0,0
14:27:25.270,0,0,0,0,0
14:27:25.328,0,0,0,0,0
14:27:25.328,1,0,0,0,0
14:27:25.491,1,0,0,0,0
14:27:25.491,0,0,0,0,0
14:27:25.648,0,0,0,0,0
14:27:25.648,1,0,0,0,0
14:27:25.781,1,0,0,0,0
14:27:25.781,0,0,0,0,0
14:27:25.843,0,0,0,0,0
14:27:25.843,1,0,0,0,0
14:27:25.976,1,0,0,0,0
14:27:25.976,0,0,0,0,0
14:27:26.155,0,0,0,0,0
14:27:26.155,1,0,0,0,0
14:27:26.334,1,0,0,0,0
14:27:26.334,0,0,0,0,0
14:27:26.385,0,0,0,0,0
14:27:26.385,1,0,0,0,0
14:27:26.551,1,0,0,0,0
14:27:26.551,0,0,0,0,0
14:27:26.693,0,0,0,0,0
14:27:26.693,1,0,0,0,0
14:27:26.859,1,0,0,0,0
14:27:26.859,0,0,0,0,0
14:27:26.913,0,0,0,0,0
14:27:26.913,1,0,0,0,0
14:27:26.969,1,0,0,0,0
14:27:26.969,0,0,0,0,0
14:27:27.124,0,0,0,0,0
14:27:27.124,1,0,0,0,0
14:27:27.307,1,0,0,0,0
14:27:27.307,0,0,0,0,0
14:27:27.375,0,0,0,0,0
14:27:27.375,1,0,0,0,0
14:27:27.597,1,0,0,0,0
14:27:27.597,0,0,0,0,0
14:27:27.768,0,0,0,0,0
14:27:27.768,1,0,0,0,0
14:27:27.828,1,0,0,0,0
14:27:27.828,0,0,0,0,0
14:27:28.059,0,0,0,0,0
14:27:28.059,1,0,0,0,0
14:27:28.269,1,0,0,0,0
14:27:28.269,0,0,0,0,0
14:27:28.326,0,0,0,0,0
14:27:28.326,1,0,0,0,0
14:27:28.485,1,0,0,0,0
14:27:28.485,0,0,0,0,0
14:27:28.622,0,0,0,0,0
14:27:28.622,1,0,0,0,0
14:27:28.739,1,0,0,0,0
14:27:28.739,0,0,0,0,0
14:27:28.873,0,0,0,0,0
14:27:28.873,1,0,0,0,0
14:27:29.015,1,0,0,0,0
14:27:29.015,0,0,0,0,0
14:27:29.172,0,0,0,0,0
14:27:29.172,1,0,0,0,0
14:27:29.227,1,0,0,0,0
14:27:29.227,0,0,0,0,0
14:27:29.386,0,0,0,0,0
14:27:29.386,1,0,0,0,0
14:27:29.523,1,0,0,0,0
14:27:29.523,0,0,0,0,0
14:27:29.672,0,0,0,0,0
14:27:29.672,1,0,0,0,0
14:27:29.850,1,0,0,0,0
14:27:29.850,0,0,0,0,0
14:27:30.012,0,0,0,0,0
14:27:30.012,1,0,0,0,0
14:27:30.162,1,0,0,0,0
14:27:30.162,0,0,0,0,0
14:27:30.315,0,0,0,0,0
14:27:30.315,1,0,0,0,0
14:27:30.499,1,0,0,0,0
14:27:30.499,0,0,0,0,0
14:27:30.640,0,0,0,0,0
14:27:30.640,1,0,0,0,0
14:27:30.714,1,0,0,0,0
14:27:30.714,0,0,0,0,0
14:27:30.928,0,0,0,0,0
14:27:30.928,1,0,0,0,0
14:27:31.129,1,0,0,0,0
14:27:31.129,0,0,0,0,0
14:27:31.197,0,0,0,0,0
14:27:31.197,1,0,0,0,0
14:27:31.398,1,0,0,0,0
14:27:31.398,0,0,0,0,0
14:27:31.588,0,0,0,0,0
14:27:31.588,1,0,0,0,0
14:27:31.640,1,0,0,0,0
14:27:31.640,0,0,0,0,0
14:27:31.827,0,0,0,0,0
14:27:31.827,1,0,0,0,0
14:27:31.976,1,0,0,0,0
14:27:31.976,0,0,0,0,0
14:27:32.063,0,0,0,0,0
14:27:32.063,1,0,0,0,0
14:27:32.259,1,0,0,0,0
14:27:32.259,0,0,0,0,0
14:27:32.397,0,0,0,0,0
14:27:32.397,1,0,0,0,0
14:27:32.463,1,0,0,0,0
14:27:32.463,0,0,0,0,0
14:27:32.600,0,0,0,0,0
14:27:32.600,1,0,0,0,0
14:27:32.756,1,0,0,0,0
14:27:32.756,0,0,0,0,0
14:27:32.898,0,0,0,0,0
14:27:32.898,1,0,0,0,0
14:27:33.039,1,0,0,0,0
14:27:33.039,0,0,0,0,0
14:27:33.214,0,0,0,0,0
14:27:33.214,1,0,0,0,0
14:27:33.381,1,0,0,0,0
14:27:33.381,0,0,0,0,0
14:27:33.489,0,0,0,0,0
14:27:33.489,1,0,0,0,0
14:27:33.659,1,0,0,0,0
14:27:33.659,0,0,0,0,0
14:27:33.833,0,0,0,0,0
14:27:33.833,1,0,0,0,0
14:27:33.908,1,0,0,0,0
14:27:33.908,1,0,1,0,0
14:27:33.908,1,0,1,0,0
14:27:33.908,0,0,1,0,0
14:27:33.984,0,0,1,0,0
14:27:33.984,1,0,1,0,0
14:27:34.173,1,0,1,0,0
14:27:34.173,0,0,1,0,0
14:27:34.319,0,0,1,0,0
14:27:34.319,1,0,1,0,0
14:27:34.374,1,0,1,0,0
14:27:34.374,0,0,1,0,0
14:27:34.536,0,0,1,0,0
14:27:34.536,1,0,1,0,0
14:27:34.702,1,0,1,0,0
14:27:34.702,0,0,1,0,0
14:27:34.776,0,0,1,0,0
14:27:34.776,1,0,1,0,0
14:27:34.931,1,0,1,0,0
14:27:34.931,0,0,1,0,0
14:27:35.079,0,0,1,0,0
14:27:35.079,1,0,1,0,0
14:27:35.224,1,0,1,0,0
14:27:35.224,0,0,1,0,0
14:27:35.380,0,0,1,0,0
14:27:35.380,1,0,1,0,0
14:27:35.546,1,0,1,0,0
14:27:35.546,0,0,1,0,0
14:27:35.694,0,0,1,0,0
14:27:35.694,1,0,1,0,0
14:27:35.753,1,0,1,0,0
14:27:35.753,0,0,1,0,0
14:27:35.878,0,0,1,0,0
14:27:35.878,1,0,1,0,0
14:27:36.019,1,0,1,0,0
14:27:36.019,0,0,1,0,0
14:27:36.163,0,0,1,0,0
14:27:36.163,1,0,1,0,0
14:27:36.243,1,0,1,0,0
14:27:36.243,0,0,1,0,0
14:27:36.428,0,0,1,0,0
14:27:36.428,1,0,1,0,0
14:27:36.562,1,0,1,0,0
14:27:36.562,0,0,1,0,0
14:27:36.733,0,0,1,0,0
14:27:36.733,1,0,1,0,0
14:27:36.903,1,0,1,0,0
14:27:36.903,0,0,1,0,0
14:27:37.041,0,0,1,0,0
14:27:37.041,1,0,1,0,0
14:27:37.099,1,0,1,0,0
14:27:37.099,0,0,1,0,0
14:27:37.242,0,0,1,0,0
14:27:37.242,1,0,1,0,0
14:27:37.388,1,0,1,0,0
14:27:37.388,0,0,1,0,0
14:27:37.537,0,0,1,0,0
14:27:37.537,1,0,1,0,0
14:27:37.590,1,0,1,0,0
14:27:37.590,0,0,1,0,0
14:27:37.745,0,0,1,0,0
14:27:37.745,1,0,1,0,0
14:27:37.915,1,0,1,0,0
14:27:37.915,0,0,1,0,0
14:27:38.033,0,0,1,0,0
14:27:38.033,1,0,1,0,0
14:27:38.211,1,0,1,0,0
14:27:38.211,0,0,1,0,0
14:27:38.399,0,0,1,0,0
14:27:38.399,1,0,1,0,0
14:27:38.470,1,0,1,0,0
14:27:38.470,0,0,1,0,0
14:27:38.655,0,0,1,0,0
14:27:38.655,1,0,1,0,0
14:27:38.837,1,0,1,0,0
14:27:38.837,0,0,1,0,0
14:27:39.003,0,0,1,0,0
14:27:39.003,1,0,1,0,0
14:27:39.133,1,0,1,0,0
14:27:39.133,0,0,1,0,0
14:27:39.301,0,0,1,0,0
14:27:39.301,1,0,1,0,0
14:27:39.378,1,0,1,0,0
14:27:39.378,0,0,1,0,0
14:27:39.599,0,0,1,0,0
14:27:39.599,1,0,1,0,0
14:27:39.756,1,0,1,0,0
14:27:39.756,0,0,1,0,0
14:27:39.856,0,0,1,0,0
14:27:39.856,1,0,1,0,0
14:27:40.065,1,0,1,0,0
14:27:40.065,0,0,1,0,0
14:27:40.240,0,0,1,0,0
14:27:40.240,1,0,1,0,0
14:27:40.305,1,0,1,0,0
14:27:40.305,0,0,1,0,0
14:27:40.464,0,0,1,0,0
14:27:40.464,1,0,1,0,0
14:27:40.624,1,0,1,0,0
14:27:40.624,0,0,1,0,0
14:27:40.830,0,0,1,0,0
14:27:40.830,1,0,1,0,0
14:27:40.996,1,0,1,0,0
14:27:40.996,0,0,1,0,0
14:27:41.177,0,0,1,0,0
14:27:41.177,1,0,1,0,0
14:27:41.230,1,0,1,0,0
14:27:41.230,0,0,1,0,0
14:27:41.390,0,0,1,0,0
14:27:41.390,1,0,1,0,0
14:27:41.555,1,0,1,0,0
14:27:41.555,0,0,1,0,0
14:27:41.602,0,0,1,0,0
14:27:41.602,1,0,1,0,0
14:27:41.770,1,0,1,0,0
14:27:41.770,0,0,1,0,0
14:27:41.930,0,0,1,0,0
14:27:41.930,1,0,1,0,0
14:27:42.090,1,0,1,0,0
14:27:42.090,0,0,1,0,0
14:27:42.145,0,0,1,0,0
14:27:42.145,1,0,1,0,0
14:27:42.304,1,0,1,0,0
14:27:42.304,0,0,1,0,0
14:27:42.458,0,0,1,0,0
14:27:42.458,1,0,1,0,0
14:27:42.611,1,0,1,0,0
14:27:42.611,0,0,1,0,0
14:27:42.672,0,0,1,0,0
14:27:42.672,1,0,1,0,0
14:27:42.831,1,0,1,0,0
14:27:42.831,0,0,1,0,0
14:27:42.981,0,0,1,0,0
14:27:42.981,1,0,1,0,0
14:27:43.104,1,0,1,0,0
14:27:43.104,0,0,1,0,0
14:27:43.261,0,0,1,0,0
14:27:43.261,1,0,1,0,0
14:27:43.413,1,0,1,0,0
14:27:43.413,0,0,1,0,0
14:27:43.552,0,0,1,0,0
14:27:43.552,1,0,1,0,0
14:27:43.604,1,0,1,0,0
14:27:43.604,0,0,1,0,0
14:27:43.753,0,0,1,0,0
14:27:43.753,1,0,1,0,0
14:27:43.913,1,0,1,0,0
14:27:43.913,0,0,1,0,0
14:27:44.075,0,0,1,0,0
14:27:44.075,1,0,1,0,0
14:27:44.128,1,0,1,0,0
14:27:44.128,0,0,1,0,0
14:27:44.266,0,0,1,0,0
14:27:44.266,1,0,1,0,0
14:27:44.413,1,0,1,0,0
14:27:44.413,0,0,1,0,0
14:27:44.543,0,0,1,0,0
14:27:44.543,1,0,1,0,0
14:27:44.712,1,0,1,0,0
14:27:44.712,0,0,1,0,0
14:27:44.853,0,0,1,0,0
14:27:44.853,1,0,1,0,0
14:27:44.905,1,0,1,0,0
14:27:44.905,0,0,1,0,0
14:27:44.981,0,0,1,0,0
14:27:44.981,1,0,1,0,0
14:27:45.148,1,0,1,0,0
14:27:45.148,0,0,1,0,0
14:27:45.377,0,0,1,0,0
14:27:45.377,1,0,1,0,0
14:27:45.498,1,0,1,0,0
14:27:45.498,0,0,1,0,0
14:27:45.698,0,0,1,0,0
14:27:45.698,1,0,1,0,0
14:27:45.856,1,0,1,0,0
14:27:45.856,0,0,1,0,0
14:27:45.924,0,0,1,0,0
14:27:45.924,1,0,1,0,0
14:27:46.081,1,0,1,0,0
14:27:46.081,0,0,1,0,0
14:27:46.318,0,0,1,0,0
14:27:46.318,1,0,1,0,0
14:27:46.417,1,0,1,0,0
14:27:46.417,0,0,1,0,0
14:27:46.660,0,0,1,0,0
14:27:46.660,1,0,1,0,0
14:27:46.896,1,0,1,0,0
14:27:46.896,0,0,1,0,0
14:27:46.966,0,0,1,0,0
14:27:46.966,1,0,1,0,0
14:27:47.171,1,0,1,0,0
14:27:47.171,0,0,1,0,0
14:27:47.360,0,0,1,0,0
14:27:47.360,1,0,1,0,0
14:27:47.456,1,0,1,0,0
14:27:47.456,0,0,1,0,0
14:27:47.698,0,0,1,0,0
14:27:47.698,1,0,1,0,0
14:27:47.931,1,0,1,0,0
14:27:47.931,0,0,1,0,0
14:27:48.016,0,0,1,0,0
14:27:48.016,1,0,1,0,0
14:27:48.189,1,0,1,0,0
14:27:48.189,0,0,1,0,0
14:27:48.311,0,0,1,0,0
14:27:48.311,1,0,1,0,0
14:27:48.429,1,0,1,0,0
14:27:48.429,0,0,1,0,0
14:27:48.630,0,0,1,0,0
14:27:48.630,1,0,1,0,0
14:27:48.754,1,0,1,0,0
14:27:48.754,0,0,1,0,0
14:27:48.882,0,0,1,0,0
14:27:48.882,1,0,1,0,0
14:27:48.954,1,0,1,0,0
14:27:48.954,0,0,1,0,0
14:27:49.113,0,0,1,0,0
14:27:49.113,1,0,1,0,0
14:27:49.273,1,0,1,0,0
14:27:49.273,0,0,1,0,0
14:27:49.429,0,0,1,0,0
14:27:49.429,1,0,1,0,0
14:27:49.548,1,0,1,0,0
14:27:49.548,0,0,1,0,0
14:27:49.691,0,0,1,0,0
14:27:49.691,1,0,1,0,0
14:27:49.857,1,0,1,0,0
14:27:49.857,0,0,1,0,0
14:27:50.006,0,0,1,0,0
14:27:50.006,1,0,1,0,0
14:27:50.145,1,0,1,0,0
14:27:50.145,0,0,1,0,0
14:27:50.199,0,0,1,0,0
14:27:50.199,1,0,1,0,0
14:27:50.385,1,0,1,0,0
14:27:50.385,0,0,1,0,0
14:27:50.517,0,0,1,0,0
14:27:50.517,1,0,1,0,0
14:27:50.643,1,0,1,0,0
14:27:50.643,0,0,1,0,0
14:27:50.818,0,0,1,0,0
14:27:50.818,1,0,1,0,0
14:27:50.936,1,0,1,0,0
14:27:50.936,0,0,1,0,0
14:27:51.070,0,0,1,0,0
14:27:51.070,1,0,1,0,0
14:27:51.206,1,0,1,0,0
14:27:51.206,0,0,1,0,0
14:27:51.336,0,0,1,0,0
14:27:51.336,1,0,1,0,0
14:27:51.455,1,0,1,0,0
14:27:51.455,0,0,1,0,0
14:27:51.589,0,0,1,0,0
14:27:51.589,1,0,1,0,0
14:27:51.589,1,0,1,0,0
14:27:51.589,1,0,0,0,0
14:27:51.772,1,0,0,0,0
14:27:51.772,0,0,0,0,0
14:27:51.795,0,0,1,0,0
14:27:51.795,0,0,0,0,0
14:27:51.827,0,0,0,0,0
14:27:51.827,1,0,0,0,0
14:27:51.959,1,0,0,0,0
14:27:51.959,0,0,0,0,0
14:27:52.063,0,0,0,0,0
14:27:52.063,1,0,0,0,0
14:27:52.226,1,0,0,0,0
14:27:52.226,0,0,0,0,0
14:27:52.374,0,0,0,0,0
14:27:52.374,1,0,0,0,0
14:27:52.530,1,0,0,0,0
14:27:52.530,0,0,0,0,0
14:27:52.651,0,0,0,0,0
14:27:52.651,1,0,0,0,0
14:27:52.787,1,0,0,0,0
14:27:52.787,0,0,0,0,0
14:27:52.859,0,0,0,0,0
14:27:52.859,1,0,0,0,0
14:27:53.044,1,0,0,0,0
14:27:53.044,0,0,0,0,0
14:27:53.097,0,0,0,0,0
14:27:53.097,1,0,0,0,0
14:27:53.286,1,0,0,0,0
14:27:53.286,0,0,0,0,0
14:27:53.352,0,0,0,0,0
14:27:53.352,1,0,0,0,0
14:27:53.578,1,0,0,0,0
14:27:53.578,0,0,0,0,0
14:27:53.630,0,0,0,0,0
14:27:53.630,1,0,0,0,0
14:27:53.682,1,0,0,0,0
14:27:53.682,0,0,0,0,0
14:27:53.773,0,0,0,0,0
14:27:53.773,1,0,0,0,0
14:27:53.995,1,0,0,0,0
14:27:53.995,0,0,0,0,0
14:27:54.141,0,0,0,0,0
14:27:54.141,1,0,0,0,0
14:27:54.193,1,0,0,0,0
14:27:54.193,0,0,0,0,0
14:27:54.313,0,0,0,0,0
14:27:54.313,1,0,0,0,0
14:27:54.476,1,0,0,0,0
14:27:54.476,0,0,0,0,0
14:27:54.697,0,0,0,0,0
14:27:54.697,1,0,0,0,0
14:27:54.754,1,0,0,0,0
14:27:54.754,0,0,0,0,0
14:27:54.919,0,0,0,0,0
14:27:54.919,1,0,0,0,0
14:27:55.086,1,0,0,0,0
14:27:55.086,0,0,0,0,0
14:27:55.189,0,0,0,0,0
14:27:55.189,1,0,0,0,0
14:27:55.247,1,0,0,0,0
14:27:55.247,0,0,0,0,0
14:27:55.445,0,0,0,0,0
14:27:55.445,1,0,0,0,0
14:27:55.643,1,0,0,0,0
14:27:55.643,0,0,0,0,0
14:27:55.722,0,0,0,0,0
14:27:55.722,1,0,0,0,0
14:27:55.970,1,0,0,0,0
14:27:55.970,0,0,0,0,0
14:27:56.180,0,0,0,0,0
14:27:56.180,1,0,0,0,0
14:27:56.226,1,0,0,0,0
14:27:56.226,0,0,0,0,0
14:27:56.418,0,0,0,0,0
14:27:56.418,1,0,0,0,0
14:27:56.571,1,0,0,0,0
14:27:56.571,0,0,0,0,0
14:27:56.640,0,0,0,0,0
14:27:56.640,1,0,0,0,0
14:27:56.791,1,0,0,0,0
14:27:56.791,0,0,0,0,0
14:27:56.946,0,0,0,0,0
14:27:56.946,1,0,0,0,0
14:27:57.097,1,0,0,0,0
14:27:57.097,0,0,0,0,0
14:27:57.267,0,0,0,0,0
14:27:57.267,1,0,0,0,0
14:27:57.448,1,0,0,0,0
14:27:57.448,0,0,0,0,0
14:27:57.649,0,0,0,0,0
14:27:57.649,1,0,0,0,0
14:27:57.717,1,0,0,0,0
14:27:57.717,0,0,0,0,0
14:27:57.859,0,0,0,0,0
14:27:57.859,1,0,0,0,0
14:27:58.047,1,0,0,0,0
14:27:58.047,0,0,0,0,0
14:27:58.127,0,0,0,0,0
14:27:58.127,1,0,0,0,0
14:27:58.269,1,0,0,0,0
14:27:58.269,0,0,0,0,0
14:27:58.427,0,0,0,0,0
14:27:58.427,1,0,0,0,0
14:27:58.582,1,0,0,0,0
14:27:58.582,0,0,0,0,0
14:27:58.647,0,0,0,0,0
14:27:58.647,1,0,0,0,0
14:27:58.777,1,0,0,0,0
14:27:58.777,0,0,0,0,0
14:27:58.927,0,0,0,0,0
14:27:58.927,1,0,0,0,0
14:27:59.087,1,0,0,0,0
14:27:59.087,0,0,0,0,0
14:27:59.219,0,0,0,0,0
14:27:59.219,1,0,0,0,0
14:27:59.427,1,0,0,0,0
14:27:59.427,0,0,0,0,0
14:27:59.646,0,0,0,0,0
14:27:59.646,1,0,0,0,0
14:27:59.712,1,0,0,0,0
14:27:59.712,0,0,0,0,0
14:27:59.928,0,0,0,0,0
14:27:59.928,1,0,0,0,0
14:28:00.122,1,0,0,0,0
14:28:00.122,0,0,0,0,0
14:28:00.177,0,0,0,0,0
14:28:00.177,1,0,0,0,0
14:28:00.317,1,0,0,0,0
14:28:00.317,0,0,0,0,0
14:28:00.459,0,0,0,0,0
14:28:00.459,1,0,0,0,0
14:28:00.590,1,0,0,0,0
14:28:00.590,0,0,0,0,0
14:28:00.674,0,0,0,0,0
14:28:00.674,1,0,0,0,0
14:28:00.834,1,0,0,0,0
14:28:00.834,0,0,0,0,0
14:28:00.993,0,0,0,0,0
14:28:00.993,1,0,0,0,0
14:28:01.061,1,0,0,0,0
14:28:01.061,0,0,0,0,0
14:28:01.227,0,0,0,0,0
14:28:01.227,1,0,0,0,0
14:28:01.367,1,0,0,0,0
14:28:01.367,0,0,0,0,0
14:28:01.497,0,0,0,0,0
14:28:01.497,1,0,0,0,0
14:28:01.680,1,0,0,0,0
14:28:01.680,0,0,0,0,0
14:28:01.682,1,0,0,0,0
14:28:01.682,0,0,0,0,0
14:28:01.737,1,0,0,0,0
14:28:01.737,0,0,0,0,0
14:29:57.990,1,0,0,0,0
14:29:57.990,0,0,0,0,0
14:29:58.459,0,1,0,0,0
14:29:58.459,0,0,0,0,0
14:30:33.362,0,0,0,0,0
14:30:33.362,0,0,1,0,0
14:30:33.453,0,0,1,0,0
14:30:33.453,0,0,0,0,0
14:30:35.521,0,0,0,0,0
14:30:35.521,1,0,0,0,0
14:30:35.618,1,0,0,0,0
14:30:35.618,0,0,0,0,0
14:30:35.639,0,0,0,0,0
14:30:35.639,1,0,0,0,0
14:30:35.757,1,0,0,0,0
14:30:35.757,0,0,0,0,0
14:30:35.872,0,0,0,0,0
14:30:35.872,1,0,0,0,0
14:30:35.978,1,0,0,0,0
14:30:35.978,0,0,0,0,0
14:30:36.047,0,0,0,0,0
14:30:36.047,1,0,0,0,0
14:30:36.133,1,0,0,0,0
14:30:36.133,0,0,0,0,0
14:30:36.224,0,0,0,0,0
14:30:36.224,1,0,0,0,0
14:30:36.316,1,0,0,0,0
14:30:36.316,0,0,0,0,0
14:30:36.425,0,0,0,0,0
14:30:36.425,1,0,0,0,0
14:30:36.583,1,0,0,0,0
14:30:36.583,0,0,0,0,0
14:30:36.794,0,0,0,0,0
14:30:36.794,1,0,0,0,0
14:30:36.898,1,0,0,0,0
14:30:36.898,0,0,0,0,0
14:30:37.052,0,0,0,0,0
14:30:37.052,1,0,0,0,0
14:30:37.261,1,0,0,0,0
14:30:37.261,0,0,0,0,0
14:30:37.325,0,0,0,0,0
14:30:37.325,1,0,0,0,0
14:30:37.480,1,0,0,0,0
14:30:37.480,0,0,0,0,0
14:30:37.641,0,0,0,0,0
14:30:37.641,1,0,0,0,0
14:30:37.704,1,0,0,0,0
14:30:37.704,0,0,0,0,0
14:30:37.837,0,0,0,0,0
14:30:37.837,1,0,0,0,0
14:30:38.002,1,0,0,0,0
14:30:38.002,0,0,0,0,0
14:30:38.148,0,0,0,0,0
14:30:38.148,1,0,0,0,0
14:30:38.208,1,0,0,0,0
14:30:38.208,0,0,0,0,0
14:30:38.281,0,0,0,0,0
14:30:38.281,1,0,0,0,0
14:30:38.455,1,0,0,0,0
14:30:38.455,0,0,0,0,0
14:30:38.601,0,0,0,0,0
14:30:38.601,1,0,0,0,0
14:30:38.668,1,0,0,0,0
14:30:38.668,0,0,0,0,0
14:30:38.731,0,0,0,0,0
14:30:38.731,1,0,0,0,0
14:30:38.831,1,0,0,0,0
14:30:38.831,0,0,0,0,0
14:30:39.092,0,0,0,0,0
14:30:39.092,1,0,0,0,0
14:30:39.193,1,0,0,0,0
14:30:39.193,0,0,0,0,0
14:30:39.331,0,0,0,0,0
14:30:39.331,1,0,0,0,0
14:30:39.491,1,0,0,0,0
14:30:39.491,0,0,0,0,0
14:30:39.544,0,0,0,0,0
14:30:39.544,1,0,0,0,0
14:30:39.684,1,0,0,0,0
14:30:39.684,0,0,0,0,0
14:30:39.833,0,0,0,0,0
14:30:39.833,1,0,0,0,0
14:30:39.965,1,0,0,0,0
14:30:39.965,0,0,0,0,0
14:30:40.110,0,0,0,0,0
14:30:40.110,1,0,0,0,0
14:30:40.228,1,0,0,0,0
14:30:40.228,0,0,0,0,0
14:30:40.337,0,0,0,0,0
14:30:40.337,1,0,0,0,0
14:30:40.445,1,0,0,0,0
14:30:40.445,0,0,0,0,0
14:30:40.538,0,0,0,0,0
14:30:40.538,1,0,0,0,0
14:30:40.623,1,0,0,0,0
14:30:40.623,0,0,0,0,0
14:30:40.752,0,0,0,0,0
14:30:40.752,1,0,0,0,0
14:30:40.878,1,0,0,0,0
14:30:40.878,0,0,0,0,0
14:30:40.972,0,0,0,0,0
14:30:40.972,1,0,0,0,0
14:30:41.061,1,0,0,0,0
14:30:41.061,0,0,0,0,0
14:30:41.130,0,0,0,0,0
14:30:41.130,1,0,0,0,0
14:30:41.201,1,0,0,0,0
14:30:41.201,0,0,0,0,0
14:30:41.284,0,0,0,0,0
14:30:41.284,1,0,0,0,0
14:30:41.367,1,0,0,0,0
14:30:41.367,0,0,0,0,0
14:30:41.448,0,0,0,0,0
14:30:41.448,1,0,0,0,0
14:30:41.547,1,0,0,0,0
14:30:41.547,0,0,0,0,0
14:30:41.640,0,0,0,0,0
14:30:41.640,1,0,0,0,0
14:30:41.728,1,0,0,0,0
14:30:41.728,0,0,0,0,0
14:30:41.841,0,0,0,0,0
14:30:41.841,1,0,0,0,0
14:30:41.940,1,0,0,0,0
14:30:41.940,0,0,0,0,0
14:30:42.044,0,0,0,0,0
14:30:42.044,1,0,0,0,0
14:30:42.129,1,0,0,0,0
14:30:42.129,0,0,0,0,0
14:30:42.229,0,0,0,0,0
14:30:42.229,1,0,0,0,0
14:30:42.310,1,0,0,0,0
14:30:42.310,0,0,0,0,0
14:30:42.386,0,0,0,0,0
14:30:42.386,1,0,0,0,0
14:30:42.476,1,0,0,0,0
14:30:42.476,0,0,0,0,0
14:30:42.557,0,0,0,0,0
14:30:42.557,1,0,0,0,0
14:30:42.641,1,0,0,0,0
14:30:42.641,0,0,0,0,0
14:30:42.715,0,0,0,0,0
14:30:42.715,1,0,0,0,0
14:30:42.792,1,0,0,0,0
14:30:42.792,0,0,0,0,0
14:30:42.864,0,0,0,0,0
14:30:42.864,1,0,0,0,0
14:30:42.931,1,0,0,0,0
14:30:42.931,0,0,0,0,0
14:30:42.999,0,0,0,0,0
14:30:42.999,1,0,0,0,0
14:30:43.094,1,0,0,0,0
14:30:43.094,0,0,0,0,0
14:30:43.174,0,0,0,0,0
14:30:43.174,1,0,0,0,0
14:30:43.256,1,0,0,0,0
14:30:43.256,0,0,0,0,0
14:30:43.338,0,0,0,0,0
14:30:43.338,1,0,0,0,0
14:30:43.417,1,0,0,0,0
14:30:43.417,0,0,0,0,0
14:30:43.551,0,0,0,0,0
14:30:43.551,1,0,0,0,0
14:30:43.660,1,0,0,0,0
14:30:43.660,0,0,0,0,0
14:30:43.752,0,0,0,0,0
14:30:43.752,1,0,0,0,0
14:30:43.890,1,0,0,0,0
14:30:43.890,0,0,0,0,0
14:30:44.018,0,0,0,0,0
14:30:44.018,1,0,0,0,0
14:30:44.117,1,0,0,0,0
14:30:44.117,0,0,0,0,0
14:30:44.197,0,0,0,0,0
14:30:44.197,1,0,0,0,0
14:30:44.327,1,0,0,0,0
14:30:44.327,0,0,0,0,0
14:30:44.437,0,0,0,0,0
14:30:44.437,1,0,0,0,0
14:30:44.521,1,0,0,0,0
14:30:44.521,0,0,0,0,0
14:30:44.594,0,0,0,0,0
14:30:44.594,1,0,0,0,0
14:30:44.690,1,0,0,0,0
14:30:44.690,0,0,0,0,0
14:30:44.782,0,0,0,0,0
14:30:44.782,1,0,0,0,0
14:30:44.879,1,0,0,0,0
14:30:44.879,0,0,0,0,0
14:30:44.941,0,0,0,0,0
14:30:44.941,1,0,0,0,0
14:30:45.033,1,0,0,0,0
14:30:45.033,0,0,0,0,0
14:30:45.127,0,0,0,0,0
14:30:45.127,1,0,0,0,0
14:30:45.208,1,0,0,0,0
14:30:45.208,0,0,0,0,0
14:30:45.308,0,0,0,0,0
14:30:45.308,1,0,0,0,0
14:30:45.400,1,0,0,0,0
14:30:45.400,0,0,0,0,0
14:30:45.511,0,0,0,0,0
14:30:45.511,1,0,0,0,0
14:30:45.596,1,0,0,0,0
14:30:45.596,0,0,0,0,0
14:30:45.691,0,0,0,0,0
14:30:45.691,1,0,0,0,0
14:30:45.773,1,0,0,0,0
14:30:45.773,0,0,0,0,0
14:30:45.866,0,0,0,0,0
14:30:45.866,1,0,0,0,0
14:30:45.993,1,0,0,0,0
14:30:45.993,0,0,0,0,0
14:30:46.057,0,0,0,0,0
14:30:46.057,1,0,0,0,0
14:30:46.149,1,0,0,0,0
14:30:46.149,0,0,0,0,0
14:30:46.251,0,0,0,0,0
14:30:46.251,1,0,0,0,0
14:30:46.313,1,0,0,0,0
14:30:46.313,0,0,0,0,0
14:30:46.419,0,0,0,0,0
14:30:46.419,1,0,0,0,0
14:30:46.508,1,0,0,0,0
14:30:46.508,0,0,0,0,0
14:30:46.593,0,0,0,0,0
14:30:46.593,1,0,0,0,0
14:30:46.657,1,0,0,0,0
14:30:46.657,0,0,0,0,0
14:30:46.740,0,0,0,0,0
14:30:46.740,1,0,0,0,0
14:30:46.815,1,0,0,0,0
14:30:46.815,0,0,0,0,0
14:30:46.883,0,0,0,0,0
14:30:46.883,1,0,0,0,0
14:30:46.966,1,0,0,0,0
14:30:46.966,0,0,0,0,0
14:30:47.065,0,0,0,0,0
14:30:47.065,1,0,0,0,0
14:30:47.158,1,0,0,0,0
14:30:47.158,0,0,0,0,0
14:30:47.236,0,0,0,0,0
14:30:47.236,1,0,0,0,0
14:30:47.323,1,0,0,0,0
14:30:47.323,0,0,0,0,0
14:30:47.411,0,0,0,0,0
14:30:47.411,1,0,0,0,0
14:30:47.529,1,0,0,0,0
14:30:47.529,0,0,0,0,0
14:30:47.605,0,0,0,0,0
14:30:47.605,1,0,0,0,0
14:30:47.709,1,0,0,0,0
14:30:47.709,0,0,0,0,0
14:30:47.805,0,0,0,0,0
14:30:47.805,1,0,0,0,0
14:30:47.922,1,0,0,0,0
14:30:47.922,0,0,0,0,0
14:30:48.002,0,0,0,0,0
14:30:48.002,1,0,0,0,0
14:30:48.077,1,0,0,0,0
14:30:48.077,0,0,0,0,0
14:30:48.162,0,0,0,0,0
14:30:48.162,1,0,0,0,0
14:30:48.280,1,0,0,0,0
14:30:48.280,0,0,0,0,0
14:30:48.385,0,0,0,0,0
14:30:48.385,1,0,0,0,0
14:30:48.433,1,0,0,0,0
14:30:48.433,0,0,0,0,0
14:30:48.485,0,0,0,0,0
14:30:48.485,1,0,0,0,0
14:30:48.593,1,0,0,0,0
14:30:48.593,0,0,0,0,0
14:30:48.689,0,0,0,0,0
14:30:48.689,1,0,0,0,0
14:30:48.806,1,0,0,0,0
14:30:48.806,0,0,0,0,0
14:30:48.890,0,0,0,0,0
14:30:48.890,1,0,0,0,0
14:30:48.983,1,0,0,0,0
14:30:48.983,0,0,0,0,0
14:30:49.045,0,0,0,0,0
14:30:49.045,1,0,0,0,0
14:30:49.133,1,0,0,0,0
14:30:49.133,0,0,0,0,0
14:30:49.229,0,0,0,0,0
14:30:49.229,1,0,0,0,0
14:30:49.313,1,0,0,0,0
14:30:49.313,0,0,0,0,0
14:30:49.386,0,0,0,0,0
14:30:49.386,1,0,0,0,0
14:30:49.476,1,0,0,0,0
14:30:49.476,0,0,0,0,0
14:30:49.564,0,0,0,0,0
14:30:49.564,1,0,0,0,0
14:30:49.656,1,0,0,0,0
14:30:49.656,0,0,0,0,0
14:30:49.733,0,0,0,0,0
14:30:49.733,1,0,0,0,0
14:30:49.802,1,0,0,0,0
14:30:49.802,0,0,0,0,0
14:30:49.876,0,0,0,0,0
14:30:49.876,1,0,0,0,0
14:30:49.958,1,0,0,0,0
14:30:49.958,0,0,0,0,0
14:30:50.072,0,0,0,0,0
14:30:50.072,1,0,0,0,0
14:30:50.150,1,0,0,0,0
14:30:50.150,0,0,0,0,0
14:30:50.221,0,0,0,0,0
14:30:50.221,1,0,0,0,0
14:30:50.294,1,0,0,0,0
14:30:50.294,0,0,0,0,0
14:30:50.374,0,0,0,0,0
14:30:50.374,1,0,0,0,0
14:30:50.457,1,0,0,0,0
14:30:50.457,0,0,0,0,0
14:30:50.540,0,0,0,0,0
14:30:50.540,1,0,0,0,0
14:30:50.635,1,0,0,0,0
14:30:50.635,0,0,0,0,0
14:30:50.709,0,0,0,0,0
14:30:50.709,1,0,0,0,0
14:30:50.817,1,0,0,0,0
14:30:50.817,0,0,0,0,0
14:30:50.913,0,0,0,0,0
14:30:50.913,1,0,0,0,0
14:30:50.994,1,0,0,0,0
14:30:50.994,0,0,0,0,0
14:30:51.097,0,0,0,0,0
14:30:51.097,1,0,0,0,0
14:30:51.184,1,0,0,0,0
14:30:51.184,0,0,0,0,0
14:30:51.252,0,0,0,0,0
14:30:51.252,1,0,0,0,0
14:30:51.355,1,0,0,0,0
14:30:51.355,0,0,0,0,0
14:30:51.444,0,0,0,0,0
14:30:51.444,1,0,0,0,0
14:30:51.471,1,0,0,0,0
14:30:51.471,1,0,1,0,0
14:30:51.547,1,0,1,0,0
14:30:51.547,0,0,1,0,0
14:30:51.625,0,0,1,0,0
14:30:51.625,1,0,1,0,0
14:30:51.707,1,0,1,0,0
14:30:51.707,0,0,1,0,0
14:30:51.833,0,0,1,0,0
14:30:51.833,1,0,1,0,0
14:30:51.930,1,0,1,0,0
14:30:51.930,0,0,1,0,0
14:30:52.031,0,0,1,0,0
14:30:52.031,1,0,1,0,0
14:30:52.108,1,0,1,0,0
14:30:52.108,0,0,1,0,0
14:30:52.198,0,0,1,0,0
14:30:52.198,1,0,1,0,0
14:30:52.306,1,0,1,0,0
14:30:52.306,0,0,1,0,0
14:30:52.387,0,0,1,0,0
14:30:52.387,1,0,1,0,0
14:30:52.470,1,0,1,0,0
14:30:52.470,0,0,1,0,0
14:30:52.532,0,0,1,0,0
14:30:52.532,1,0,1,0,0
14:30:52.626,1,0,1,0,0
14:30:52.626,0,0,1,0,0
14:30:52.692,0,0,1,0,0
14:30:52.692,1,0,1,0,0
14:30:52.768,1,0,1,0,0
14:30:52.768,0,0,1,0,0
14:30:52.839,0,0,1,0,0
14:30:52.839,1,0,1,0,0
14:30:52.908,1,0,1,0,0
14:30:52.908,0,0,1,0,0
14:30:53.005,0,0,1,0,0
14:30:53.005,1,0,1,0,0
14:30:53.087,1,0,1,0,0
14:30:53.087,0,0,1,0,0
14:30:53.163,0,0,1,0,0
14:30:53.163,1,0,1,0,0
14:30:53.260,1,0,1,0,0
14:30:53.260,0,0,1,0,0
14:30:53.337,0,0,1,0,0
14:30:53.337,1,0,1,0,0
14:30:53.418,1,0,1,0,0
14:30:53.418,0,0,1,0,0
14:30:53.510,0,0,1,0,0
14:30:53.510,1,0,1,0,0
14:30:53.612,1,0,1,0,0
14:30:53.612,0,0,1,0,0
14:30:53.717,0,0,1,0,0
14:30:53.717,1,0,1,0,0
14:30:53.811,1,0,1,0,0
14:30:53.811,0,0,1,0,0
14:30:53.927,0,0,1,0,0
14:30:53.927,1,0,1,0,0
14:30:54.030,1,0,1,0,0
14:30:54.030,0,0,1,0,0
14:30:54.108,0,0,1,0,0
14:30:54.108,1,0,1,0,0
14:30:54.188,1,0,1,0,0
14:30:54.188,0,0,1,0,0
14:30:54.281,0,0,1,0,0
14:30:54.281,1,0,1,0,0
14:30:54.370,1,0,1,0,0
14:30:54.370,0,0,1,0,0
14:30:54.470,0,0,1,0,0
14:30:54.470,1,0,1,0,0
14:30:54.544,1,0,1,0,0
14:30:54.544,0,0,1,0,0
14:30:54.624,0,0,1,0,0
14:30:54.624,1,0,1,0,0
14:30:54.694,1,0,1,0,0
14:30:54.694,0,0,1,0,0
14:30:54.799,0,0,1,0,0
14:30:54.799,1,0,1,0,0
14:30:54.865,1,0,1,0,0
14:30:54.865,0,0,1,0,0
14:30:54.956,0,0,1,0,0
14:30:54.956,1,0,1,0,0
14:30:55.032,1,0,1,0,0
14:30:55.032,0,0,1,0,0
14:30:55.137,0,0,1,0,0
14:30:55.137,1,0,1,0,0
14:30:55.241,1,0,1,0,0
14:30:55.241,0,0,1,0,0
14:30:55.342,0,0,1,0,0
14:30:55.342,1,0,1,0,0
14:30:55.436,1,0,1,0,0
14:30:55.436,0,0,1,0,0
14:30:55.533,0,0,1,0,0
14:30:55.533,1,0,1,0,0
14:30:55.644,1,0,1,0,0
14:30:55.644,0,0,1,0,0
14:30:55.733,0,0,1,0,0
14:30:55.733,1,0,1,0,0
14:30:55.816,1,0,1,0,0
14:30:55.816,0,0,1,0,0
14:30:55.916,0,0,1,0,0
14:30:55.916,1,0,1,0,0
14:30:55.998,1,0,1,0,0
14:30:55.998,0,0,1,0,0
14:30:56.089,0,0,1,0,0
14:30:56.089,1,0,1,0,0
14:30:56.162,1,0,1,0,0
14:30:56.162,0,0,1,0,0
14:30:56.238,0,0,1,0,0
14:30:56.238,1,0,1,0,0
14:30:56.366,1,0,1,0,0
14:30:56.366,0,0,1,0,0
14:30:56.469,0,0,1,0,0
14:30:56.469,1,0,1,0,0
14:30:56.589,1,0,1,0,0
14:30:56.589,0,0,1,0,0
14:30:56.698,0,0,1,0,0
14:30:56.698,1,0,1,0,0
14:30:56.804,1,0,1,0,0
14:30:56.804,0,0,1,0,0
14:30:56.930,0,0,1,0,0
14:30:56.930,1,0,1,0,0
14:30:57.063,1,0,1,0,0
14:30:57.063,0,0,1,0,0
14:30:57.180,0,0,1,0,0
14:30:57.180,1,0,1,0,0
14:30:57.277,1,0,1,0,0
14:30:57.277,0,0,1,0,0
14:30:57.377,0,0,1,0,0
14:30:57.377,1,0,1,0,0
14:30:57.481,1,0,1,0,0
14:30:57.481,0,0,1,0,0
14:30:57.592,0,0,1,0,0
14:30:57.592,1,0,1,0,0
14:30:57.701,1,0,1,0,0
14:30:57.701,0,0,1,0,0
14:30:57.813,0,0,1,0,0
14:30:57.813,1,0,1,0,0
14:30:57.916,1,0,1,0,0
14:30:57.916,0,0,1,0,0
14:30:57.999,0,0,1,0,0
14:30:57.999,1,0,1,0,0
14:30:58.079,1,0,1,0,0
14:30:58.079,0,0,1,0,0
14:30:58.169,0,0,1,0,0
14:30:58.169,1,0,1,0,0
14:30:58.258,1,0,1,0,0
14:30:58.258,0,0,1,0,0
14:30:58.385,0,0,1,0,0
14:30:58.385,1,0,1,0,0
14:30:58.500,1,0,1,0,0
14:30:58.500,0,0,1,0,0
14:30:58.578,0,0,1,0,0
14:30:58.578,1,0,1,0,0
14:30:58.654,1,0,1,0,0
14:30:58.654,0,0,1,0,0
14:30:58.733,0,0,1,0,0
14:30:58.733,1,0,1,0,0
14:30:58.828,1,0,1,0,0
14:30:58.828,0,0,1,0,0
14:30:58.907,0,0,1,0,0
14:30:58.907,1,0,1,0,0
14:30:58.986,1,0,1,0,0
14:30:58.986,0,0,1,0,0
14:30:59.068,0,0,1,0,0
14:30:59.068,1,0,1,0,0
14:30:59.184,1,0,1,0,0
14:30:59.184,0,0,1,0,0
14:30:59.289,0,0,1,0,0
14:30:59.289,1,0,1,0,0
14:30:59.388,1,0,1,0,0
14:30:59.388,0,0,1,0,0
14:30:59.489,0,0,1,0,0
14:30:59.489,1,0,1,0,0
14:30:59.575,1,0,1,0,0
14:30:59.575,0,0,1,0,0
14:30:59.677,0,0,1,0,0
14:30:59.677,1,0,1,0,0
14:30:59.781,1,0,1,0,0
14:30:59.781,0,0,1,0,0
14:30:59.902,0,0,1,0,0
14:30:59.902,1,0,1,0,0
14:31:00.006,1,0,1,0,0
14:31:00.006,0,0,1,0,0
14:31:00.119,0,0,1,0,0
14:31:00.119,1,0,1,0,0
14:31:00.205,1,0,1,0,0
14:31:00.205,0,0,1,0,0
14:31:00.298,0,0,1,0,0
14:31:00.298,1,0,1,0,0
14:31:00.417,1,0,1,0,0
14:31:00.417,0,0,1,0,0
14:31:00.513,0,0,1,0,0
14:31:00.513,1,0,1,0,0
14:31:00.600,1,0,1,0,0
14:31:00.600,0,0,1,0,0
14:31:00.668,0,0,1,0,0
14:31:00.668,1,0,1,0,0
14:31:00.751,1,0,1,0,0
14:31:00.751,0,0,1,0,0
14:31:00.819,0,0,1,0,0
14:31:00.819,1,0,1,0,0
14:31:00.885,1,0,1,0,0
14:31:00.885,0,0,1,0,0
14:31:00.951,0,0,1,0,0
14:31:00.951,1,0,1,0,0
14:31:01.019,1,0,1,0,0
14:31:01.019,0,0,1,0,0
14:31:01.107,0,0,1,0,0
14:31:01.107,1,0,1,0,0
14:31:01.221,1,0,1,0,0
14:31:01.221,0,0,1,0,0
14:31:01.328,0,0,1,0,0
14:31:01.328,1,0,1,0,0
14:31:01.422,1,0,1,0,0
14:31:01.422,0,0,1,0,0
14:31:01.502,0,0,1,0,0
14:31:01.502,1,0,1,0,0
14:31:01.569,1,0,1,0,0
14:31:01.569,0,0,1,0,0
14:31:01.643,0,0,1,0,0
14:31:01.643,1,0,1,0,0
14:31:01.722,1,0,1,0,0
14:31:01.722,0,0,1,0,0
14:31:01.786,0,0,1,0,0
14:31:01.786,1,0,1,0,0
14:31:01.857,1,0,1,0,0
14:31:01.857,0,0,1,0,0
14:31:01.928,0,0,1,0,0
14:31:01.928,1,0,1,0,0
14:31:02.004,1,0,1,0,0
14:31:02.004,0,0,1,0,0
14:31:02.073,0,0,1,0,0
14:31:02.073,1,0,1,0,0
14:31:02.150,1,0,1,0,0
14:31:02.150,0,0,1,0,0
14:31:02.221,0,0,1,0,0
14:31:02.221,1,0,1,0,0
14:31:02.281,1,0,1,0,0
14:31:02.281,0,0,1,0,0
14:31:02.360,0,0,1,0,0
14:31:02.360,1,0,1,0,0
14:31:02.420,1,0,1,0,0
14:31:02.420,0,0,1,0,0
14:31:02.487,0,0,1,0,0
14:31:02.487,1,0,1,0,0
14:31:02.568,1,0,1,0,0
14:31:02.568,0,0,1,0,0
14:31:02.642,0,0,1,0,0
14:31:02.642,1,0,1,0,0
14:31:02.708,1,0,1,0,0
14:31:02.708,0,0,1,0,0
14:31:02.772,0,0,1,0,0
14:31:02.772,1,0,1,0,0
14:31:02.838,1,0,1,0,0
14:31:02.838,0,0,1,0,0
14:31:02.910,0,0,1,0,0
14:31:02.910,1,0,1,0,0
14:31:02.999,1,0,1,0,0
14:31:02.999,0,0,1,0,0
14:31:03.067,0,0,1,0,0
14:31:03.067,1,0,1,0,0
14:31:03.148,1,0,1,0,0
14:31:03.148,0,0,1,0,0
14:31:03.223,0,0,1,0,0
14:31:03.223,1,0,1,0,0
14:31:03.289,1,0,1,0,0
14:31:03.289,0,0,1,0,0
14:31:03.357,0,0,1,0,0
14:31:03.357,1,0,1,0,0
14:31:03.441,1,0,1,0,0
14:31:03.441,0,0,1,0,0
14:31:03.548,0,0,1,0,0
14:31:03.548,1,0,1,0,0
14:31:03.622,1,0,1,0,0
14:31:03.622,0,0,1,0,0
14:31:03.707,0,0,1,0,0
14:31:03.707,1,0,1,0,0
14:31:03.779,1,0,1,0,0
14:31:03.779,0,0,1,0,0
14:31:03.879,0,0,1,0,0
14:31:03.879,1,0,1,0,0
14:31:03.948,1,0,1,0,0
14:31:03.948,0,0,1,0,0
14:31:04.025,0,0,1,0,0
14:31:04.025,1,0,1,0,0
14:31:04.099,1,0,1,0,0
14:31:04.099,0,0,1,0,0
14:31:04.190,0,0,1,0,0
14:31:04.190,1,0,1,0,0
14:31:04.288,1,0,1,0,0
14:31:04.288,0,0,1,0,0
14:31:04.363,0,0,1,0,0
14:31:04.363,1,0,1,0,0
14:31:04.427,1,0,1,0,0
14:31:04.427,0,0,1,0,0
14:31:04.491,0,0,1,0,0
14:31:04.491,1,0,1,0,0
14:31:04.553,1,0,1,0,0
14:31:04.553,0,0,1,0,0
14:31:04.621,0,0,1,0,0
14:31:04.621,1,0,1,0,0
14:31:04.711,1,0,1,0,0
14:31:04.711,0,0,1,0,0
14:31:04.781,0,0,1,0,0
14:31:04.781,1,0,1,0,0
14:31:04.859,1,0,1,0,0
14:31:04.859,0,0,1,0,0
14:31:04.932,0,0,1,0,0
14:31:04.932,1,0,1,0,0
14:31:04.995,1,0,1,0,0
14:31:04.995,0,0,1,0,0
14:31:05.090,0,0,1,0,0
14:31:05.090,1,0,1,0,0
14:31:05.160,1,0,1,0,0
14:31:05.160,0,0,1,0,0
14:31:05.255,0,0,1,0,0
14:31:05.255,1,0,1,0,0
14:31:05.328,1,0,1,0,0
14:31:05.328,0,0,1,0,0
14:31:05.405,0,0,1,0,0
14:31:05.405,1,0,1,0,0
14:31:05.471,1,0,1,0,0
14:31:05.471,0,0,1,0,0
14:31:05.550,0,0,1,0,0
14:31:05.550,1,0,1,0,0
14:31:05.635,1,0,1,0,0
14:31:05.635,0,0,1,0,0
14:31:05.709,0,0,1,0,0
14:31:05.709,1,0,1,0,0
14:31:05.773,1,0,1,0,0
14:31:05.773,0,0,1,0,0
14:31:05.840,0,0,1,0,0
14:31:05.840,1,0,1,0,0
14:31:05.915,1,0,1,0,0
14:31:05.915,0,0,1,0,0
14:31:05.995,0,0,1,0,0
14:31:05.995,1,0,1,0,0
14:31:06.060,1,0,1,0,0
14:31:06.060,0,0,1,0,0
14:31:06.138,0,0,1,0,0
14:31:06.138,1,0,1,0,0
14:31:06.205,1,0,1,0,0
14:31:06.205,0,0,1,0,0
14:31:06.282,0,0,1,0,0
14:31:06.282,1,0,1,0,0
14:31:06.351,1,0,1,0,0
14:31:06.351,0,0,1,0,0
14:31:06.424,0,0,1,0,0
14:31:06.424,1,0,1,0,0
14:31:06.504,1,0,1,0,0
14:31:06.504,0,0,1,0,0
14:31:06.564,0,0,1,0,0
14:31:06.564,1,0,1,0,0
14:31:06.645,1,0,1,0,0
14:31:06.645,0,0,1,0,0
14:31:06.715,0,0,1,0,0
14:31:06.715,1,0,1,0,0
14:31:06.802,1,0,1,0,0
14:31:06.802,0,0,1,0,0
14:31:06.896,0,0,1,0,0
14:31:06.896,1,0,1,0,0
14:31:06.979,1,0,1,0,0
14:31:06.979,0,0,1,0,0
14:31:07.079,0,0,1,0,0
14:31:07.079,1,0,1,0,0
14:31:07.142,1,0,1,0,0
14:31:07.142,0,0,1,0,0
14:31:07.229,0,0,1,0,0
14:31:07.229,1,0,1,0,0
14:31:07.330,1,0,1,0,0
14:31:07.330,0,0,1,0,0
14:31:07.412,0,0,1,0,0
14:31:07.412,1,0,1,0,0
14:31:07.485,1,0,1,0,0
14:31:07.485,0,0,1,0,0
14:31:07.566,0,0,1,0,0
14:31:07.566,1,0,1,0,0
14:31:07.626,1,0,1,0,0
14:31:07.626,0,0,1,0,0
14:31:07.706,0,0,1,0,0
14:31:07.706,1,0,1,0,0
14:31:07.790,1,0,1,0,0
14:31:07.790,0,0,1,0,0
14:31:07.874,0,0,1,0,0
14:31:07.874,1,0,1,0,0
14:31:07.973,1,0,1,0,0
14:31:07.973,0,0,1,0,0
14:31:08.060,0,0,1,0,0
14:31:08.060,1,0,1,0,0
14:31:08.160,1,0,1,0,0
14:31:08.160,0,0,1,0,0
14:31:08.227,0,0,1,0,0
14:31:08.227,1,0,1,0,0
14:31:08.307,1,0,1,0,0
14:31:08.307,0,0,1,0,0
14:31:08.389,0,0,1,0,0
14:31:08.389,1,0,1,0,0
14:31:08.464,1,0,1,0,0
14:31:08.464,0,0,1,0,0
14:31:08.549,0,0,1,0,0
14:31:08.549,1,0,1,0,0
14:31:08.624,1,0,1,0,0
14:31:08.624,0,0,1,0,0
14:31:08.736,0,0,1,0,0
14:31:08.736,1,0,1,0,0
14:31:08.819,1,0,1,0,0
14:31:08.819,0,0,1,0,0
14:31:08.908,0,0,1,0,0
14:31:08.908,1,0,1,0,0
14:31:09.020,1,0,1,0,0
14:31:09.020,0,0,1,0,0
14:31:09.107,0,0,1,0,0
14:31:09.107,1,0,1,0,0
14:31:09.197,1,0,1,0,0
14:31:09.197,0,0,1,0,0
14:31:09.275,0,0,1,0,0
14:31:09.275,1,0,1,0,0
14:31:09.355,1,0,1,0,0
14:31:09.355,0,0,1,0,0
14:31:09.437,0,0,1,0,0
14:31:09.437,1,0,1,0,0
14:31:09.529,1,0,1,0,0
14:31:09.529,1,0,0,0,0
14:31:09.529,1,0,0,0,0
14:31:09.529,0,0,0,0,0
14:31:09.650,0,0,0,0,0
14:31:09.650,1,0,0,0,0
14:31:09.752,1,0,0,0,0
14:31:09.752,0,0,0,0,0
14:31:09.873,0,0,0,0,0
14:31:09.873,1,0,0,0,0
14:31:09.965,1,0,0,0,0
14:31:09.965,0,0,0,0,0
14:31:10.058,0,0,0,0,0
14:31:10.058,1,0,0,0,0
14:31:10.157,1,0,0,0,0
14:31:10.157,0,0,0,0,0
14:31:10.268,0,0,0,0,0
14:31:10.268,1,0,0,0,0
14:31:10.379,1,0,0,0,0
14:31:10.379,0,0,0,0,0
14:31:10.486,0,0,0,0,0
14:31:10.486,1,0,0,0,0
14:31:10.592,1,0,0,0,0
14:31:10.592,0,0,0,0,0
14:31:10.716,0,0,0,0,0
14:31:10.716,1,0,0,0,0
14:31:10.785,1,0,0,0,0
14:31:10.785,0,0,0,0,0
14:31:10.876,0,0,0,0,0
14:31:10.876,1,0,0,0,0
14:31:10.942,1,0,0,0,0
14:31:10.942,0,0,0,0,0
14:31:11.021,0,0,0,0,0
14:31:11.021,1,0,0,0,0
14:31:11.111,1,0,0,0,0
14:31:11.111,0,0,0,0,0
14:31:11.190,0,0,0,0,0
14:31:11.190,1,0,0,0,0
14:31:11.267,1,0,0,0,0
14:31:11.267,0,0,0,0,0
14:31:11.339,0,0,0,0,0
14:31:11.339,1,0,0,0,0
14:31:11.420,1,0,0,0,0
14:31:11.420,0,0,0,0,0
14:31:11.519,0,0,0,0,0
14:31:11.519,1,0,0,0,0
14:31:11.608,1,0,0,0,0
14:31:11.608,0,0,0,0,0
14:31:11.706,0,0,0,0,0
14:31:11.706,1,0,0,0,0
14:31:11.800,1,0,0,0,0
14:31:11.800,0,0,0,0,0
14:31:11.864,0,0,0,0,0
14:31:11.864,1,0,0,0,0
14:31:11.974,1,0,0,0,0
14:31:11.974,0,0,0,0,0
14:31:12.085,0,0,0,0,0
14:31:12.085,1,0,0,0,0
14:31:12.164,1,0,0,0,0
14:31:12.164,0,0,0,0,0
14:31:12.229,0,0,0,0,0
14:31:12.229,1,0,0,0,0
14:31:12.311,1,0,0,0,0
14:31:12.311,0,0,0,0,0
14:31:12.418,0,0,0,0,0
14:31:12.418,1,0,0,0,0
14:31:12.497,1,0,0,0,0
14:31:12.497,0,0,0,0,0
14:31:12.561,0,0,0,0,0
14:31:12.561,1,0,0,0,0
14:31:12.658,1,0,0,0,0
14:31:12.658,0,0,0,0,0
14:31:12.769,0,0,0,0,0
14:31:12.769,1,0,0,0,0
14:31:12.829,1,0,0,0,0
14:31:12.829,0,0,0,0,0
14:31:12.924,0,0,0,0,0
14:31:12.924,1,0,0,0,0
14:31:13.020,1,0,0,0,0
14:31:13.020,0,0,0,0,0
14:31:13.120,0,0,0,0,0
14:31:13.120,1,0,0,0,0
14:31:13.194,1,0,0,0,0
14:31:13.194,0,0,0,0,0
14:31:13.288,0,0,0,0,0
14:31:13.288,1,0,0,0,0
14:31:13.368,1,0,0,0,0
14:31:13.368,0,0,0,0,0
14:31:13.463,0,0,0,0,0
14:31:13.463,1,0,0,0,0
14:31:13.547,1,0,0,0,0
14:31:13.547,0,0,0,0,0
14:31:13.639,0,0,0,0,0
14:31:13.639,1,0,0,0,0
14:31:13.735,1,0,0,0,0
14:31:13.735,0,0,0,0,0
14:31:13.798,0,0,0,0,0
14:31:13.798,1,0,0,0,0
14:31:13.892,1,0,0,0,0
14:31:13.892,0,0,0,0,0
14:31:13.989,0,0,0,0,0
14:31:13.989,1,0,0,0,0
14:31:14.081,1,0,0,0,0
14:31:14.081,0,0,0,0,0
14:31:14.177,0,0,0,0,0
14:31:14.177,1,0,0,0,0
14:31:14.256,1,0,0,0,0
14:31:14.256,0,0,0,0,0
14:31:14.335,0,0,0,0,0
14:31:14.335,1,0,0,0,0
14:31:14.399,1,0,0,0,0
14:31:14.399,0,0,0,0,0
14:31:14.481,0,0,0,0,0
14:31:14.481,1,0,0,0,0
14:31:14.606,1,0,0,0,0
14:31:14.606,0,0,0,0,0
14:31:14.695,0,0,0,0,0
14:31:14.695,1,0,0,0,0
14:31:14.795,1,0,0,0,0
14:31:14.795,0,0,0,0,0
14:31:14.901,0,0,0,0,0
14:31:14.901,1,0,0,0,0
14:31:15.017,1,0,0,0,0
14:31:15.017,0,0,0,0,0
14:31:15.096,0,0,0,0,0
14:31:15.096,1,0,0,0,0
14:31:15.185,1,0,0,0,0
14:31:15.185,0,0,0,0,0
14:31:15.290,0,0,0,0,0
14:31:15.290,1,0,0,0,0
14:31:15.397,1,0,0,0,0
14:31:15.397,0,0,0,0,0
14:31:15.497,0,0,0,0,0
14:31:15.497,1,0,0,0,0
14:31:15.602,1,0,0,0,0
14:31:15.602,0,0,0,0,0
14:31:15.705,0,0,0,0,0
14:31:15.705,1,0,0,0,0
14:31:15.830,1,0,0,0,0
14:31:15.830,0,0,0,0,0
14:31:15.919,0,0,0,0,0
14:31:15.919,1,0,0,0,0
14:31:16.017,1,0,0,0,0
14:31:16.017,0,0,0,0,0
14:31:16.094,0,0,0,0,0
14:31:16.094,1,0,0,0,0
14:31:16.197,1,0,0,0,0
14:31:16.197,0,0,0,0,0
14:31:16.316,0,0,0,0,0
14:31:16.316,1,0,0,0,0
14:31:16.430,1,0,0,0,0
14:31:16.430,0,0,0,0,0
14:31:16.533,0,0,0,0,0
14:31:16.533,1,0,0,0,0
14:31:16.619,1,0,0,0,0
14:31:16.619,0,0,0,0,0
14:31:16.712,0,0,0,0,0
14:31:16.712,1,0,0,0,0
14:31:16.783,1,0,0,0,0
14:31:16.783,0,0,0,0,0
14:31:16.849,0,0,0,0,0
14:31:16.849,1,0,0,0,0
14:31:16.920,1,0,0,0,0
14:31:16.920,0,0,0,0,0
14:31:17.000,0,0,0,0,0
14:31:17.000,1,0,0,0,0
14:31:17.089,1,0,0,0,0
14:31:17.089,0,0,0,0,0
14:31:17.142,0,0,0,0,0
14:31:17.142,1,0,0,0,0
14:31:17.222,1,0,0,0,0
14:31:17.222,0,0,0,0,0
14:31:17.306,0,0,0,0,0
14:31:17.306,1,0,0,0,0
14:31:17.412,1,0,0,0,0
14:31:17.412,0,0,0,0,0
14:31:17.504,0,0,0,0,0
14:31:17.504,1,0,0,0,0
14:31:17.591,1,0,0,0,0
14:31:17.591,0,0,0,0,0
14:31:17.660,0,0,0,0,0
14:31:17.660,1,0,0,0,0
14:31:17.732,1,0,0,0,0
14:31:17.732,0,0,0,0,0
14:31:17.801,0,0,0,0,0
14:31:17.801,1,0,0,0,0
14:31:17.875,1,0,0,0,0
14:31:17.875,0,0,0,0,0
14:31:17.958,0,0,0,0,0
14:31:17.958,1,0,0,0,0
14:31:18.048,1,0,0,0,0
14:31:18.048,0,0,0,0,0
14:31:18.116,0,0,0,0,0
14:31:18.116,1,0,0,0,0
14:31:18.181,1,0,0,0,0
14:31:18.181,0,0,0,0,0
14:31:18.255,0,0,0,0,0
14:31:18.255,1,0,0,0,0
14:31:18.352,1,0,0,0,0
14:31:18.352,0,0,0,0,0
14:31:18.466,0,0,0,0,0
14:31:18.466,1,0,0,0,0
14:31:18.573,1,0,0,0,0
14:31:18.573,0,0,0,0,0
14:31:18.659,0,0,0,0,0
14:31:18.659,1,0,0,0,0
14:31:18.726,1,0,0,0,0
14:31:18.726,0,0,0,0,0
14:31:18.803,0,0,0,0,0
14:31:18.803,1,0,0,0,0
14:31:18.920,1,0,0,0,0
14:31:18.920,0,0,0,0,0
14:31:19.019,0,0,0,0,0
14:31:19.019,1,0,0,0,0
14:31:19.110,1,0,0,0,0
14:31:19.110,0,0,0,0,0
14:31:19.189,0,0,0,0,0
14:31:19.189,1,0,0,0,0
14:31:19.294,1,0,0,0,0
14:31:19.294,0,0,0,0,0
14:31:19.389,0,0,0,0,0
14:31:19.389,1,0,0,0,0
14:31:19.495,1,0,0,0,0
14:31:19.495,0,0,0,0,0
14:31:19.576,0,0,0,0,0
14:31:19.576,1,0,0,0,0
14:31:19.670,1,0,0,0,0
14:31:19.670,0,0,0,0,0
14:31:19.748,0,0,0,0,0
14:31:19.748,1,0,0,0,0
14:31:19.846,1,0,0,0,0
14:31:19.846,0,0,0,0,0
14:31:19.924,0,0,0,0,0
14:31:19.924,1,0,0,0,0
14:31:20.022,1,0,0,0,0
14:31:20.022,0,0,0,0,0
14:31:20.139,0,0,0,0,0
14:31:20.139,1,0,0,0,0
14:31:20.279,1,0,0,0,0
14:31:20.279,0,0,0,0,0
14:31:20.421,0,0,0,0,0
14:31:20.421,1,0,0,0,0
14:31:20.539,1,0,0,0,0
14:31:20.539,0,0,0,0,0
14:31:20.651,0,0,0,0,0
14:31:20.651,1,0,0,0,0
14:31:20.734,1,0,0,0,0
14:31:20.734,0,0,0,0,0
14:31:20.824,0,0,0,0,0
14:31:20.824,1,0,0,0,0
14:31:20.897,1,0,0,0,0
14:31:20.897,0,0,0,0,0
14:31:20.971,0,0,0,0,0
14:31:20.971,1,0,0,0,0
14:31:21.071,1,0,0,0,0
14:31:21.071,0,0,0,0,0
14:31:21.144,0,0,0,0,0
14:31:21.144,1,0,0,0,0
14:31:21.229,1,0,0,0,0
14:31:21.229,0,0,0,0,0
14:31:21.312,0,0,0,0,0
14:31:21.312,1,0,0,0,0
14:31:21.394,1,0,0,0,0
14:31:21.394,0,0,0,0,0
14:31:21.519,0,0,0,0,0
14:31:21.519,1,0,0,0,0
14:31:21.628,1,0,0,0,0
14:31:21.628,0,0,0,0,0
14:31:21.719,0,0,0,0,0
14:31:21.719,1,0,0,0,0
14:31:21.803,1,0,0,0,0
14:31:21.803,0,0,0,0,0
14:31:21.908,0,0,0,0,0
14:31:21.908,1,0,0,0,0
14:31:21.987,1,0,0,0,0
14:31:21.987,0,0,0,0,0
14:31:22.061,0,0,0,0,0
14:31:22.061,1,0,0,0,0
14:31:22.146,1,0,0,0,0
14:31:22.146,0,0,0,0,0
14:31:22.235,0,0,0,0,0
14:31:22.235,1,0,0,0,0
14:31:22.356,1,0,0,0,0
14:31:22.356,0,0,0,0,0
14:31:22.465,0,0,0,0,0
14:31:22.465,1,0,0,0,0
14:31:22.553,1,0,0,0,0
14:31:22.553,0,0,0,0,0
14:31:22.655,0,0,0,0,0
14:31:22.655,1,0,0,0,0
14:31:22.758,1,0,0,0,0
14:31:22.758,0,0,0,0,0
14:31:22.843,0,0,0,0,0
14:31:22.843,1,0,0,0,0
14:31:22.937,1,0,0,0,0
14:31:22.937,0,0,0,0,0
14:31:23.046,0,0,0,0,0
14:31:23.046,1,0,0,0,0
14:31:23.148,1,0,0,0,0
14:31:23.148,0,0,0,0,0
14:31:23.228,0,0,0,0,0
14:31:23.228,1,0,0,0,0
14:31:23.301,1,0,0,0,0
14:31:23.301,0,0,0,0,0
14:31:23.368,0,0,0,0,0
14:31:23.368,1,0,0,0,0
14:31:23.455,1,0,0,0,0
14:31:23.455,0,0,0,0,0
14:31:23.546,0,0,0,0,0
14:31:23.546,1,0,0,0,0
14:31:23.619,1,0,0,0,0
14:31:23.619,0,0,0,0,0
14:31:23.697,0,0,0,0,0
14:31:23.697,1,0,0,0,0
14:31:23.778,1,0,0,0,0
14:31:23.778,0,0,0,0,0
14:31:23.857,0,0,0,0,0
14:31:23.857,1,0,0,0,0
14:31:23.949,1,0,0,0,0
14:31:23.949,0,0,0,0,0
14:31:24.020,0,0,0,0,0
14:31:24.020,1,0,0,0,0
14:31:24.115,1,0,0,0,0
14:31:24.115,0,0,0,0,0
14:31:24.207,0,0,0,0,0
14:31:24.207,1,0,0,0,0
14:31:24.304,1,0,0,0,0
14:31:24.304,0,0,0,0,0
14:31:24.406,0,0,0,0,0
14:31:24.406,1,0,0,0,0
14:31:24.514,1,0,0,0,0
14:31:24.514,0,0,0,0,0
14:31:24.618,0,0,0,0,0
14:31:24.618,1,0,0,0,0
14:31:24.709,1,0,0,0,0
14:31:24.709,0,0,0,0,0
14:31:24.823,0,0,0,0,0
14:31:24.823,1,0,0,0,0
14:31:24.926,1,0,0,0,0
14:31:24.926,0,0,0,0,0
14:31:25.016,0,0,0,0,0
14:31:25.016,1,0,0,0,0
14:31:25.076,1,0,0,0,0
14:31:25.076,0,0,0,0,0
14:31:25.159,0,0,0,0,0
14:31:25.159,1,0,0,0,0
14:31:25.243,1,0,0,0,0
14:31:25.243,0,0,0,0,0
14:31:25.306,0,0,0,0,0
14:31:25.306,1,0,0,0,0
14:31:25.389,1,0,0,0,0
14:31:25.389,0,0,0,0,0
14:31:25.464,0,0,0,0,0
14:31:25.464,1,0,0,0,0
14:31:25.537,1,0,0,0,0
14:31:25.537,0,0,0,0,0
14:31:25.634,0,0,0,0,0
14:31:25.634,1,0,0,0,0
14:31:25.725,1,0,0,0,0
14:31:25.725,0,0,0,0,0
14:31:25.829,0,0,0,0,0
14:31:25.829,1,0,0,0,0
14:31:25.916,1,0,0,0,0
14:31:25.916,0,0,0,0,0
14:31:26.010,0,0,0,0,0
14:31:26.010,1,0,0,0,0
14:31:26.129,1,0,0,0,0
14:31:26.129,0,0,0,0,0
14:31:26.224,0,0,0,0,0
14:31:26.224,1,0,0,0,0
14:31:26.306,1,0,0,0,0
14:31:26.306,0,0,0,0,0
14:31:26.387,0,0,0,0,0
14:31:26.387,1,0,0,0,0
14:31:26.463,1,0,0,0,0
14:31:26.463,0,0,0,0,0
14:31:26.583,0,0,0,0,0
14:31:26.583,1,0,0,0,0
14:31:26.683,1,0,0,0,0
14:31:26.683,0,0,0,0,0
14:31:26.781,0,0,0,0,0
14:31:26.781,1,0,0,0,0
14:31:26.875,1,0,0,0,0
14:31:26.875,0,0,0,0,0
14:31:27.001,0,0,0,0,0
14:31:27.001,1,0,0,0,0
14:31:27.111,1,0,0,0,0
14:31:27.111,0,0,0,0,0
14:31:27.219,0,0,0,0,0
14:31:27.219,1,0,0,0,0
14:31:27.315,1,0,0,0,0
14:31:27.315,0,0,0,0,0
14:31:27.430,0,0,0,0,0
14:31:27.430,1,0,0,0,0
14:31:27.535,1,0,0,0,0
14:31:27.535,0,0,0,0,0
14:31:27.536,0,0,0,0,0
14:31:27.536,0,0,1,0,0
14:31:27.664,0,0,1,0,0
14:31:27.664,1,0,1,0,0
14:31:27.749,1,0,1,0,0
14:31:27.749,0,0,1,0,0
14:31:27.872,0,0,1,0,0
14:31:27.872,1,0,1,0,0
14:31:27.950,1,0,1,0,0
14:31:27.950,0,0,1,0,0
14:31:28.026,0,0,1,0,0
14:31:28.026,1,0,1,0,0
14:31:28.100,1,0,1,0,0
14:31:28.100,0,0,1,0,0
14:31:28.203,0,0,1,0,0
14:31:28.203,1,0,1,0,0
14:31:28.355,1,0,1,0,0
14:31:28.355,0,0,1,0,0
14:31:28.467,0,0,1,0,0
14:31:28.467,1,0,1,0,0
14:31:28.591,1,0,1,0,0
14:31:28.591,0,0,1,0,0
14:31:28.717,0,0,1,0,0
14:31:28.717,1,0,1,0,0
14:31:28.816,1,0,1,0,0
14:31:28.816,0,0,1,0,0
14:31:28.937,0,0,1,0,0
14:31:28.937,1,0,1,0,0
14:31:29.031,1,0,1,0,0
14:31:29.031,0,0,1,0,0
14:31:29.154,0,0,1,0,0
14:31:29.154,1,0,1,0,0
14:31:29.281,1,0,1,0,0
14:31:29.281,0,0,1,0,0
14:31:29.400,0,0,1,0,0
14:31:29.400,1,0,1,0,0
14:31:29.500,1,0,1,0,0
14:31:29.500,0,0,1,0,0
14:31:29.633,0,0,1,0,0
14:31:29.633,1,0,1,0,0
14:31:29.733,1,0,1,0,0
14:31:29.733,0,0,1,0,0
14:31:29.843,0,0,1,0,0
14:31:29.843,1,0,1,0,0
14:31:29.943,1,0,1,0,0
14:31:29.943,0,0,1,0,0
14:31:29.999,0,0,1,0,0
14:31:29.999,1,0,1,0,0
14:31:30.087,1,0,1,0,0
14:31:30.087,0,0,1,0,0
14:31:30.176,0,0,1,0,0
14:31:30.176,1,0,1,0,0
14:31:30.271,1,0,1,0,0
14:31:30.271,0,0,1,0,0
14:31:30.359,0,0,1,0,0
14:31:30.359,1,0,1,0,0
14:31:30.452,1,0,1,0,0
14:31:30.452,0,0,1,0,0
14:31:30.520,0,0,1,0,0
14:31:30.520,1,0,1,0,0
14:31:30.612,1,0,1,0,0
14:31:30.612,0,0,1,0,0
14:31:30.697,0,0,1,0,0
14:31:30.697,1,0,1,0,0
14:31:30.791,1,0,1,0,0
14:31:30.791,0,0,1,0,0
14:31:30.909,0,0,1,0,0
14:31:30.909,1,0,1,0,0
14:31:30.983,1,0,1,0,0
14:31:30.983,0,0,1,0,0
14:31:31.071,0,0,1,0,0
14:31:31.071,1,0,1,0,0
14:31:31.162,1,0,1,0,0
14:31:31.162,0,0,1,0,0
14:31:31.271,0,0,1,0,0
14:31:31.271,1,0,1,0,0
14:31:31.385,1,0,1,0,0
14:31:31.385,0,0,1,0,0
14:31:31.467,0,0,1,0,0
14:31:31.467,1,0,1,0,0
14:31:31.575,1,0,1,0,0
14:31:31.575,0,0,1,0,0
14:31:31.687,0,0,1,0,0
14:31:31.687,1,0,1,0,0
14:31:31.801,1,0,1,0,0
14:31:31.801,0,0,1,0,0
14:31:31.907,0,0,1,0,0
14:31:31.907,1,0,1,0,0
14:31:32.021,1,0,1,0,0
14:31:32.021,0,0,1,0,0
14:31:32.125,0,0,1,0,0
14:31:32.125,1,0,1,0,0
14:31:32.224,1,0,1,0,0
14:31:32.224,0,0,1,0,0
14:31:32.305,0,0,1,0,0
14:31:32.305,1,0,1,0,0
14:31:32.400,1,0,1,0,0
14:31:32.400,0,0,1,0,0
14:31:32.495,0,0,1,0,0
14:31:32.495,1,0,1,0,0
14:31:32.570,1,0,1,0,0
14:31:32.570,0,0,1,0,0
14:31:32.675,0,0,1,0,0
14:31:32.675,1,0,1,0,0
14:31:32.746,1,0,1,0,0
14:31:32.746,0,0,1,0,0
14:31:32.818,0,0,1,0,0
14:31:32.818,1,0,1,0,0
14:31:32.915,1,0,1,0,0
14:31:32.915,0,0,1,0,0
14:31:32.986,0,0,1,0,0
14:31:32.986,1,0,1,0,0
14:31:33.105,1,0,1,0,0
14:31:33.105,0,0,1,0,0
14:31:33.219,0,0,1,0,0
14:31:33.219,1,0,1,0,0
14:31:33.341,1,0,1,0,0
14:31:33.341,0,0,1,0,0
14:31:33.469,0,0,1,0,0
14:31:33.469,1,0,1,0,0
14:31:33.607,1,0,1,0,0
14:31:33.607,0,0,1,0,0
14:31:33.709,0,0,1,0,0
14:31:33.709,1,0,1,0,0
14:31:33.811,1,0,1,0,0
14:31:33.811,0,0,1,0,0
14:31:33.927,0,0,1,0,0
14:31:33.927,1,0,1,0,0
14:31:34.025,1,0,1,0,0
14:31:34.025,0,0,1,0,0
14:31:34.123,0,0,1,0,0
14:31:34.123,1,0,1,0,0
14:31:34.238,1,0,1,0,0
14:31:34.238,0,0,1,0,0
14:31:34.336,0,0,1,0,0
14:31:34.336,1,0,1,0,0
14:31:34.492,1,0,1,0,0
14:31:34.492,0,0,1,0,0
14:31:34.642,0,0,1,0,0
14:31:34.642,1,0,1,0,0
14:31:34.771,1,0,1,0,0
14:31:34.771,0,0,1,0,0
14:31:34.926,0,0,1,0,0
14:31:34.926,1,0,1,0,0
14:31:35.079,1,0,1,0,0
14:31:35.079,0,0,1,0,0
14:31:35.223,0,0,1,0,0
14:31:35.223,1,0,1,0,0
14:31:35.282,1,0,1,0,0
14:31:35.282,0,0,1,0,0
14:31:35.436,0,0,1,0,0
14:31:35.436,1,0,1,0,0
14:31:35.583,1,0,1,0,0
14:31:35.583,0,0,1,0,0
14:31:35.719,0,0,1,0,0
14:31:35.719,1,0,1,0,0
14:31:35.845,1,0,1,0,0
14:31:35.845,0,0,1,0,0
14:31:35.965,0,0,1,0,0
14:31:35.965,1,0,1,0,0
14:31:36.080,1,0,1,0,0
14:31:36.080,0,0,1,0,0
14:31:36.189,0,0,1,0,0
14:31:36.189,1,0,1,0,0
14:31:36.311,1,0,1,0,0
14:31:36.311,0,0,1,0,0
14:31:36.405,0,0,1,0,0
14:31:36.405,1,0,1,0,0
14:31:36.490,1,0,1,0,0
14:31:36.490,0,0,1,0,0
14:31:36.584,0,0,1,0,0
14:31:36.584,1,0,1,0,0
14:31:36.635,1,0,1,0,0
14:31:36.635,0,0,1,0,0
14:31:36.757,0,0,1,0,0
14:31:36.757,1,0,1,0,0
14:31:36.870,1,0,1,0,0
14:31:36.870,0,0,1,0,0
14:31:36.965,0,0,1,0,0
14:31:36.965,1,0,1,0,0
14:31:37.060,1,0,1,0,0
14:31:37.060,0,0,1,0,0
14:31:37.170,0,0,1,0,0
14:31:37.170,1,0,1,0,0
14:31:37.273,1,0,1,0,0
14:31:37.273,0,0,1,0,0
14:31:37.384,0,0,1,0,0
14:31:37.384,1,0,1,0,0
14:31:37.505,1,0,1,0,0
14:31:37.505,0,0,1,0,0
14:31:37.648,0,0,1,0,0
14:31:37.648,1,0,1,0,0
14:31:37.807,1,0,1,0,0
14:31:37.807,0,0,1,0,0
14:31:37.954,0,0,1,0,0
14:31:37.954,1,0,1,0,0
14:31:38.095,1,0,1,0,0
14:31:38.095,0,0,1,0,0
14:31:38.261,0,0,1,0,0
14:31:38.261,1,0,1,0,0
14:31:38.419,1,0,1,0,0
14:31:38.419,0,0,1,0,0
14:31:38.489,0,0,1,0,0
14:31:38.489,1,0,1,0,0
14:31:38.649,1,0,1,0,0
14:31:38.649,0,0,1,0,0
14:31:38.821,0,0,1,0,0
14:31:38.821,1,0,1,0,0
14:31:38.884,1,0,1,0,0
14:31:38.884,0,0,1,0,0
14:31:39.046,0,0,1,0,0
14:31:39.046,1,0,1,0,0
14:31:39.182,1,0,1,0,0
14:31:39.182,0,0,1,0,0
14:31:39.319,0,0,1,0,0
14:31:39.319,1,0,1,0,0
14:31:39.448,1,0,1,0,0
14:31:39.448,0,0,1,0,0
14:31:39.588,0,0,1,0,0
14:31:39.588,1,0,1,0,0
14:31:39.742,1,0,1,0,0
14:31:39.742,0,0,1,0,0
14:31:39.799,0,0,1,0,0
14:31:39.799,1,0,1,0,0
14:31:39.931,1,0,1,0,0
14:31:39.931,0,0,1,0,0
14:31:40.030,0,0,1,0,0
14:31:40.030,1,0,1,0,0
14:31:40.160,1,0,1,0,0
14:31:40.160,0,0,1,0,0
14:31:40.320,0,0,1,0,0
14:31:40.320,1,0,1,0,0
14:31:40.450,1,0,1,0,0
14:31:40.450,0,0,1,0,0
14:31:40.582,0,0,1,0,0
14:31:40.582,1,0,1,0,0
14:31:40.710,1,0,1,0,0
14:31:40.710,0,0,1,0,0
14:31:40.808,0,0,1,0,0
14:31:40.808,1,0,1,0,0
14:31:40.940,1,0,1,0,0
14:31:40.940,0,0,1,0,0
14:31:41.040,0,0,1,0,0
14:31:41.040,1,0,1,0,0
14:31:41.173,1,0,1,0,0
14:31:41.173,0,0,1,0,0
14:31:41.281,0,0,1,0,0
14:31:41.281,1,0,1,0,0
14:31:41.375,1,0,1,0,0
14:31:41.375,0,0,1,0,0
14:31:41.462,0,0,1,0,0
14:31:41.462,1,0,1,0,0
14:31:41.566,1,0,1,0,0
14:31:41.566,0,0,1,0,0
14:31:41.660,0,0,1,0,0
14:31:41.660,1,0,1,0,0
14:31:41.750,1,0,1,0,0
14:31:41.750,0,0,1,0,0
14:31:41.854,0,0,1,0,0
14:31:41.854,1,0,1,0,0
14:31:41.965,1,0,1,0,0
14:31:41.965,0,0,1,0,0
14:31:42.070,0,0,1,0,0
14:31:42.070,1,0,1,0,0
14:31:42.163,1,0,1,0,0
14:31:42.163,0,0,1,0,0
14:31:42.260,0,0,1,0,0
14:31:42.260,1,0,1,0,0
14:31:42.368,1,0,1,0,0
14:31:42.368,0,0,1,0,0
14:31:42.472,0,0,1,0,0
14:31:42.472,1,0,1,0,0
14:31:42.554,1,0,1,0,0
14:31:42.554,0,0,1,0,0
14:31:42.682,0,0,1,0,0
14:31:42.682,1,0,1,0,0
14:31:42.791,1,0,1,0,0
14:31:42.791,0,0,1,0,0
14:31:42.882,0,0,1,0,0
14:31:42.882,1,0,1,0,0
14:31:42.960,1,0,1,0,0
14:31:42.960,0,0,1,0,0
14:31:43.048,0,0,1,0,0
14:31:43.048,1,0,1,0,0
14:31:43.127,1,0,1,0,0
14:31:43.127,0,0,1,0,0
14:31:43.240,0,0,1,0,0
14:31:43.240,1,0,1,0,0
14:31:43.319,1,0,1,0,0
14:31:43.319,0,0,1,0,0
14:31:43.409,0,0,1,0,0
14:31:43.409,1,0,1,0,0
14:31:43.487,1,0,1,0,0
14:31:43.487,0,0,1,0,0
14:31:43.562,0,0,1,0,0
14:31:43.562,1,0,1,0,0
14:31:43.658,1,0,1,0,0
14:31:43.658,0,0,1,0,0
14:31:43.742,0,0,1,0,0
14:31:43.742,1,0,1,0,0
14:31:43.830,1,0,1,0,0
14:31:43.830,0,0,1,0,0
14:31:43.921,0,0,1,0,0
14:31:43.921,1,0,1,0,0
14:31:44.008,1,0,1,0,0
14:31:44.008,0,0,1,0,0
14:31:44.108,0,0,1,0,0
14:31:44.108,1,0,1,0,0
14:31:44.179,1,0,1,0,0
14:31:44.179,0,0,1,0,0
14:31:44.259,0,0,1,0,0
14:31:44.259,1,0,1,0,0
14:31:44.331,1,0,1,0,0
14:31:44.331,0,0,1,0,0
14:31:44.408,0,0,1,0,0
14:31:44.408,1,0,1,0,0
14:31:44.540,1,0,1,0,0
14:31:44.540,0,0,1,0,0
14:31:44.678,0,0,1,0,0
14:31:44.678,1,0,1,0,0
14:31:44.830,1,0,1,0,0
14:31:44.830,0,0,1,0,0
14:31:44.882,0,0,1,0,0
14:31:44.882,1,0,1,0,0
14:31:45.022,1,0,1,0,0
14:31:45.022,0,0,1,0,0
14:31:45.154,0,0,1,0,0
14:31:45.154,1,0,1,0,0
14:31:45.267,1,0,1,0,0
14:31:45.267,0,0,1,0,0
14:31:45.346,0,0,1,0,0
14:31:45.346,1,0,1,0,0
14:31:45.458,1,0,1,0,0
14:31:45.458,0,0,1,0,0
14:31:45.591,0,0,1,0,0
14:31:45.591,1,0,1,0,0
14:31:45.592,1,0,1,0,0
14:31:45.592,1,0,0,0,0
14:31:45.757,1,0,0,0,0
14:31:45.757,0,0,0,0,0
14:31:45.812,0,0,0,0,0
14:31:45.812,1,0,0,0,0
14:31:45.957,1,0,0,0,0
14:31:45.957,0,0,0,0,0
14:31:46.089,0,0,0,0,0
14:31:46.089,1,0,0,0,0
14:31:46.212,1,0,0,0,0
14:31:46.212,0,0,0,0,0
14:31:46.276,0,0,0,0,0
14:31:46.276,1,0,0,0,0
14:31:46.388,1,0,0,0,0
14:31:46.388,0,0,0,0,0
14:31:46.509,0,0,0,0,0
14:31:46.509,1,0,0,0,0
14:31:46.621,1,0,0,0,0
14:31:46.621,0,0,0,0,0
14:31:46.767,0,0,0,0,0
14:31:46.767,1,0,0,0,0
14:31:46.882,1,0,0,0,0
14:31:46.882,0,0,0,0,0
14:31:46.985,0,0,0,0,0
14:31:46.985,1,0,0,0,0
14:31:47.077,1,0,0,0,0
14:31:47.077,0,0,0,0,0
14:31:47.291,0,0,0,0,0
14:31:47.291,1,0,0,0,0
14:31:47.469,1,0,0,0,0
14:31:47.469,0,0,0,0,0
14:31:47.537,0,0,0,0,0
14:31:47.537,1,0,0,0,0
14:31:47.736,1,0,0,0,0
14:31:47.736,0,0,0,0,0
14:31:47.934,0,0,0,0,0
14:31:47.934,1,0,0,0,0
14:31:48.001,1,0,0,0,0
14:31:48.001,0,0,0,0,0
14:31:48.210,0,0,0,0,0
14:31:48.210,1,0,0,0,0
14:31:48.400,1,0,0,0,0
14:31:48.400,0,0,0,0,0
14:31:48.462,0,0,0,0,0
14:31:48.462,1,0,0,0,0
14:31:48.675,1,0,0,0,0
14:31:48.675,0,0,0,0,0
14:31:48.872,0,0,0,0,0
14:31:48.872,1,0,0,0,0
14:31:48.955,1,0,0,0,0
14:31:48.955,0,0,0,0,0
14:31:49.107,0,0,0,0,0
14:31:49.107,1,0,0,0,0
14:31:49.275,1,0,0,0,0
14:31:49.275,0,0,0,0,0
14:31:49.335,0,0,0,0,0
14:31:49.335,1,0,0,0,0
14:31:49.479,1,0,0,0,0
14:31:49.479,0,0,0,0,0
14:31:49.662,0,0,0,0,0
14:31:49.662,1,0,0,0,0
14:31:49.731,1,0,0,0,0
14:31:49.731,0,0,0,0,0
14:31:49.950,0,0,0,0,0
14:31:49.950,1,0,0,0,0
14:31:50.165,1,0,0,0,0
14:31:50.165,0,0,0,0,0
14:31:50.234,0,0,0,0,0
14:31:50.234,1,0,0,0,0
14:31:50.394,1,0,0,0,0
14:31:50.394,0,0,0,0,0
14:31:50.563,0,0,0,0,0
14:31:50.563,1,0,0,0,0
14:31:50.630,1,0,0,0,0
14:31:50.630,0,0,0,0,0
14:31:50.825,0,0,0,0,0
14:31:50.825,1,0,0,0,0
14:31:51.059,1,0,0,0,0
14:31:51.059,0,0,0,0,0
14:31:51.122,0,0,0,0,0
14:31:51.122,1,0,0,0,0
14:31:51.291,1,0,0,0,0
14:31:51.291,0,0,0,0,0
14:31:51.451,0,0,0,0,0
14:31:51.451,1,0,0,0,0
14:31:51.553,1,0,0,0,0
14:31:51.553,0,0,0,0,0
14:31:51.725,0,0,0,0,0
14:31:51.725,1,0,0,0,0
14:31:51.915,1,0,0,0,0
14:31:51.915,0,0,0,0,0
14:31:51.983,0,0,0,0,0
14:31:51.983,1,0,0,0,0
14:31:52.165,1,0,0,0,0
14:31:52.165,0,0,0,0,0
14:31:52.390,0,0,0,0,0
14:31:52.390,1,0,0,0,0
14:31:52.458,1,0,0,0,0
14:31:52.458,0,0,0,0,0
14:31:52.631,0,0,0,0,0
14:31:52.631,1,0,0,0,0
14:31:52.804,1,0,0,0,0
14:31:52.804,0,0,0,0,0
14:31:52.880,0,0,0,0,0
14:31:52.880,1,0,0,0,0
14:31:53.068,1,0,0,0,0
14:31:53.068,0,0,0,0,0
14:31:53.239,0,0,0,0,0
14:31:53.239,1,0,0,0,0
14:31:53.304,1,0,0,0,0
14:31:53.304,0,0,0,0,0
14:31:53.488,0,0,0,0,0
14:31:53.488,1,0,0,0,0
14:31:53.679,1,0,0,0,0
14:31:53.679,0,0,0,0,0
14:31:53.749,0,0,0,0,0
14:31:53.749,1,0,0,0,0
14:31:53.933,1,0,0,0,0
14:31:53.933,0,0,0,0,0
14:31:54.128,0,0,0,0,0
14:31:54.128,1,0,0,0,0
14:31:54.204,1,0,0,0,0
14:31:54.204,0,0,0,0,0
14:31:54.558,0,0,0,0,0
14:31:54.558,1,0,0,0,0
14:31:54.660,1,0,0,0,0
14:31:54.660,0,0,0,0,0
14:31:54.869,0,0,0,0,0
14:31:54.869,1,0,0,0,0
14:31:55.090,1,0,0,0,0
14:31:55.090,0,0,0,0,0
14:31:55.169,0,0,0,0,0
14:31:55.169,1,0,0,0,0
14:31:55.367,1,0,0,0,0
14:31:55.367,0,0,0,0,0
14:31:55.546,0,0,0,0,0
14:31:55.546,1,0,0,0,0
14:31:55.601,1,0,0,0,0
14:31:55.601,0,0,0,0,0
14:31:55.771,0,0,0,0,0
14:31:55.771,1,0,0,0,0
14:31:55.934,1,0,0,0,0
14:31:55.934,0,0,0,0,0
14:31:56.014,0,0,0,0,0
14:31:56.014,1,0,0,0,0
14:31:56.234,1,0,0,0,0
14:31:56.234,0,0,0,0,0
14:31:56.439,0,0,0,0,0
14:31:56.439,1,0,0,0,0
14:31:56.522,1,0,0,0,0
14:31:56.522,0,0,0,0,0
14:31:56.712,0,0,0,0,0
14:31:56.712,1,0,0,0,0
14:31:56.872,1,0,0,0,0
14:31:56.872,0,0,0,0,0
14:31:56.943,0,0,0,0,0
14:31:56.943,1,0,0,0,0
14:31:57.122,1,0,0,0,0
14:31:57.122,0,0,0,0,0
14:31:57.317,0,0,0,0,0
14:31:57.317,1,0,0,0,0
14:31:57.387,1,0,0,0,0
14:31:57.387,0,0,0,0,0
14:31:57.587,0,0,0,0,0
14:31:57.587,1,0,0,0,0
14:31:57.722,1,0,0,0,0
14:31:57.722,0,0,0,0,0
14:31:57.778,0,0,0,0,0
14:31:57.778,1,0,0,0,0
14:31:57.907,1,0,0,0,0
14:31:57.907,0,0,0,0,0
14:31:58.069,0,0,0,0,0
14:31:58.069,1,0,0,0,0
14:31:58.137,1,0,0,0,0
14:31:58.137,0,0,0,0,0
14:31:58.306,0,0,0,0,0
14:31:58.306,1,0,0,0,0
14:31:58.445,1,0,0,0,0
14:31:58.445,0,0,0,0,0
14:31:58.593,0,0,0,0,0
14:31:58.593,1,0,0,0,0
14:31:58.645,1,0,0,0,0
14:31:58.645,0,0,0,0,0
14:31:58.803,0,0,0,0,0
14:31:58.803,1,0,0,0,0
14:31:58.996,1,0,0,0,0
14:31:58.996,0,0,0,0,0
14:31:59.072,0,0,0,0,0
14:31:59.072,1,0,0,0,0
14:31:59.309,1,0,0,0,0
14:31:59.309,0,0,0,0,0
14:31:59.538,0,0,0,0,0
14:31:59.538,1,0,0,0,0
14:31:59.609,1,0,0,0,0
14:31:59.609,0,0,0,0,0
14:31:59.834,0,0,0,0,0
14:31:59.834,1,0,0,0,0
14:31:59.887,1,0,0,0,0
14:31:59.887,0,0,0,0,0
14:31:59.939,0,0,0,0,0
14:31:59.939,1,0,0,0,0
14:32:00.012,1,0,0,0,0
14:32:00.012,0,0,0,0,0
14:32:00.194,0,0,0,0,0
14:32:00.194,1,0,0,0,0
14:32:00.444,1,0,0,0,0
14:32:00.444,0,0,0,0,0
14:32:00.534,0,0,0,0,0
14:32:00.534,1,0,0,0,0
14:32:00.736,1,0,0,0,0
14:32:00.736,0,0,0,0,0
14:32:00.977,0,0,0,0,0
14:32:00.977,1,0,0,0,0
14:32:01.057,1,0,0,0,0
14:32:01.057,0,0,0,0,0
14:32:01.211,0,0,0,0,0
14:32:01.211,1,0,0,0,0
14:32:01.375,1,0,0,0,0
14:32:01.375,0,0,0,0,0
14:32:01.458,0,0,0,0,0
14:32:01.458,1,0,0,0,0
14:32:01.699,1,0,0,0,0
14:32:01.699,0,0,0,0,0
14:32:01.852,0,0,0,0,0
14:32:01.852,1,0,0,0,0
14:32:01.919,1,0,0,0,0
14:32:01.919,0,0,0,0,0
14:32:02.091,0,0,0,0,0
14:32:02.091,1,0,0,0,0
14:32:02.297,1,0,0,0,0
14:32:02.297,0,0,0,0,0
14:32:02.378,0,0,0,0,0
14:32:02.378,1,0,0,0,0
14:32:02.558,1,0,0,0,0
14:32:02.558,0,0,0,0,0
14:32:02.790,0,0,0,0,0
14:32:02.790,1,0,0,0,0
14:32:02.864,1,0,0,0,0
14:32:02.864,0,0,0,0,0
14:32:03.048,0,0,0,0,0
14:32:03.048,1,0,0,0,0
14:32:03.208,1,0,0,0,0
14:32:03.208,0,0,0,0,0
14:32:03.271,0,0,0,0,0
14:32:03.271,1,0,0,0,0
14:32:03.459,1,0,0,0,0
14:32:03.459,0,0,0,0,0
14:32:03.605,0,0,0,0,0
14:32:03.605,1,0,0,0,0
14:32:03.605,1,0,0,0,0
14:32:03.605,1,0,1,0,0
14:32:03.698,1,0,1,0,0
14:32:03.698,0,0,1,0,0
14:32:03.887,0,0,1,0,0
14:32:03.887,1,0,1,0,0
14:32:04.085,1,0,1,0,0
14:32:04.085,0,0,1,0,0
14:32:04.168,0,0,1,0,0
14:32:04.168,1,0,1,0,0
14:32:04.359,1,0,1,0,0
14:32:04.359,0,0,1,0,0
14:32:04.542,0,0,1,0,0
14:32:04.542,1,0,1,0,0
14:32:04.614,1,0,1,0,0
14:32:04.614,0,0,1,0,0
14:32:04.798,0,0,1,0,0
14:32:04.798,1,0,1,0,0
14:32:04.997,1,0,1,0,0
14:32:04.997,0,0,1,0,0
14:32:05.089,0,0,1,0,0
14:32:05.089,1,0,1,0,0
14:32:05.310,1,0,1,0,0
14:32:05.310,0,0,1,0,0
14:32:05.508,0,0,1,0,0
14:32:05.508,1,0,1,0,0
14:32:05.598,1,0,1,0,0
14:32:05.598,0,0,1,0,0
14:32:05.790,0,0,1,0,0
14:32:05.790,1,0,1,0,0
14:32:06.006,1,0,1,0,0
14:32:06.006,0,0,1,0,0
14:32:06.084,0,0,1,0,0
14:32:06.084,1,0,1,0,0
14:32:06.323,1,0,1,0,0
14:32:06.323,0,0,1,0,0
14:32:06.567,0,0,1,0,0
14:32:06.567,1,0,1,0,0
14:32:06.653,1,0,1,0,0
14:32:06.653,0,0,1,0,0
14:32:06.868,0,0,1,0,0
14:32:06.868,1,0,1,0,0
14:32:07.094,1,0,1,0,0
14:32:07.094,0,0,1,0,0
14:32:07.176,0,0,1,0,0
14:32:07.176,1,0,1,0,0
14:32:07.224,1,0,1,0,0
14:32:07.224,0,0,1,0,0
14:32:07.282,0,0,1,0,0
14:32:07.282,1,0,1,0,0
14:32:07.510,1,0,1,0,0
14:32:07.510,0,0,1,0,0
14:32:07.559,0,0,1,0,0
14:32:07.559,1,0,1,0,0
14:32:07.737,1,0,1,0,0
14:32:07.737,0,0,1,0,0
14:32:07.937,0,0,1,0,0
14:32:07.937,1,0,1,0,0
14:32:08.005,1,0,1,0,0
14:32:08.005,0,0,1,0,0
14:32:08.194,0,0,1,0,0
14:32:08.194,1,0,1,0,0
14:32:08.378,1,0,1,0,0
14:32:08.378,0,0,1,0,0
14:32:08.444,0,0,1,0,0
14:32:08.444,1,0,1,0,0
14:32:08.587,1,0,1,0,0
14:32:08.587,0,0,1,0,0
14:32:08.760,0,0,1,0,0
14:32:08.760,1,0,1,0,0
14:32:08.825,1,0,1,0,0
14:32:08.825,0,0,1,0,0
14:32:09.027,0,0,1,0,0
14:32:09.027,1,0,1,0,0
14:32:09.183,1,0,1,0,0
14:32:09.183,0,0,1,0,0
14:32:09.267,0,0,1,0,0
14:32:09.267,1,0,1,0,0
14:32:09.470,1,0,1,0,0
14:32:09.470,0,0,1,0,0
14:32:09.640,0,0,1,0,0
14:32:09.640,1,0,1,0,0
14:32:09.702,1,0,1,0,0
14:32:09.702,0,0,1,0,0
14:32:09.876,0,0,1,0,0
14:32:09.876,1,0,1,0,0
14:32:10.032,1,0,1,0,0
14:32:10.032,0,0,1,0,0
14:32:10.236,0,0,1,0,0
14:32:10.236,1,0,1,0,0
14:32:10.443,1,0,1,0,0
14:32:10.443,0,0,1,0,0
14:32:10.522,0,0,1,0,0
14:32:10.522,1,0,1,0,0
14:32:10.748,1,0,1,0,0
14:32:10.748,0,0,1,0,0
14:32:10.934,0,0,1,0,0
14:32:10.934,1,0,1,0,0
14:32:10.990,1,0,1,0,0
14:32:10.990,0,0,1,0,0
14:32:11.046,0,0,1,0,0
14:32:11.046,1,0,1,0,0
14:32:11.217,1,0,1,0,0
14:32:11.217,0,0,1,0,0
14:32:11.446,0,0,1,0,0
14:32:11.446,1,0,1,0,0
14:32:11.528,1,0,1,0,0
14:32:11.528,0,0,1,0,0
14:32:11.695,0,0,1,0,0
14:32:11.695,1,0,1,0,0
14:32:11.886,1,0,1,0,0
14:32:11.886,0,0,1,0,0
14:32:11.969,0,0,1,0,0
14:32:11.969,1,0,1,0,0
14:32:12.131,1,0,1,0,0
14:32:12.131,0,0,1,0,0
14:32:12.291,0,0,1,0,0
14:32:12.291,1,0,1,0,0
14:32:12.499,1,0,1,0,0
14:32:12.499,0,0,1,0,0
14:32:12.741,0,0,1,0,0
14:32:12.741,1,0,1,0,0
14:32:12.817,1,0,1,0,0
14:32:12.817,0,0,1,0,0
14:32:12.994,0,0,1,0,0
14:32:12.994,1,0,1,0,0
14:32:13.248,1,0,1,0,0
14:32:13.248,0,0,1,0,0
14:32:13.311,0,0,1,0,0
14:32:13.311,1,0,1,0,0
14:32:13.528,1,0,1,0,0
14:32:13.528,0,0,1,0,0
14:32:13.737,0,0,1,0,0
14:32:13.737,1,0,1,0,0
14:32:13.823,1,0,1,0,0
14:32:13.823,0,0,1,0,0
14:32:14.052,0,0,1,0,0
14:32:14.052,1,0,1,0,0
14:32:14.254,1,0,1,0,0
14:32:14.254,0,0,1,0,0
14:32:14.327,0,0,1,0,0
14:32:14.327,1,0,1,0,0
14:32:14.562,1,0,1,0,0
14:32:14.562,0,0,1,0,0
14:32:14.759,0,0,1,0,0
14:32:14.759,1,0,1,0,0
14:32:14.845,1,0,1,0,0
14:32:14.845,0,0,1,0,0
14:32:15.042,0,0,1,0,0
14:32:15.042,1,0,1,0,0
14:32:15.242,1,0,1,0,0
14:32:15.242,0,0,1,0,0
14:32:15.314,0,0,1,0,0
14:32:15.314,1,0,1,0,0
14:32:15.480,1,0,1,0,0
14:32:15.480,0,0,1,0,0
14:32:15.646,0,0,1,0,0
14:32:15.646,1,0,1,0,0
14:32:15.717,1,0,1,0,0
14:32:15.717,0,0,1,0,0
14:32:15.906,0,0,1,0,0
14:32:15.906,1,0,1,0,0
14:32:16.069,1,0,1,0,0
14:32:16.069,0,0,1,0,0
14:32:16.130,0,0,1,0,0
14:32:16.130,1,0,1,0,0
14:32:16.300,1,0,1,0,0
14:32:16.300,0,0,1,0,0
14:32:16.493,0,0,1,0,0
14:32:16.493,1,0,1,0,0
14:32:16.566,1,0,1,0,0
14:32:16.566,0,0,1,0,0
14:32:16.721,0,0,1,0,0
14:32:16.721,1,0,1,0,0
14:32:16.892,1,0,1,0,0
14:32:16.892,0,0,1,0,0
14:32:16.946,0,0,1,0,0
14:32:16.946,1,0,1,0,0
14:32:17.108,1,0,1,0,0
14:32:17.108,0,0,1,0,0
14:32:17.252,0,0,1,0,0
14:32:17.252,1,0,1,0,0
14:32:17.414,1,0,1,0,0
14:32:17.414,0,0,1,0,0
14:32:17.465,0,0,1,0,0
14:32:17.465,1,0,1,0,0
14:32:17.587,1,0,1,0,0
14:32:17.587,0,0,1,0,0
14:32:17.649,0,0,1,0,0
14:32:17.649,1,0,1,0,0
14:32:17.800,1,0,1,0,0
14:32:17.800,0,0,1,0,0
14:32:17.850,0,0,1,0,0
14:32:17.850,1,0,1,0,0
14:32:17.984,1,0,1,0,0
14:32:17.984,0,0,1,0,0
14:32:18.136,0,0,1,0,0
14:32:18.136,1,0,1,0,0
14:32:18.331,1,0,1,0,0
14:32:18.331,0,0,1,0,0
14:32:18.400,0,0,1,0,0
14:32:18.400,1,0,1,0,0
14:32:18.533,1,0,1,0,0
14:32:18.533,0,0,1,0,0
14:32:18.660,0,0,1,0,0
14:32:18.660,1,0,1,0,0
14:32:18.806,1,0,1,0,0
14:32:18.806,0,0,1,0,0
14:32:18.861,0,0,1,0,0
14:32:18.861,1,0,1,0,0
14:32:19.033,1,0,1,0,0
14:32:19.033,0,0,1,0,0
14:32:19.237,0,0,1,0,0
14:32:19.237,1,0,1,0,0
14:32:19.315,1,0,1,0,0
14:32:19.315,0,0,1,0,0
14:32:19.490,0,0,1,0,0
14:32:19.490,1,0,1,0,0
14:32:19.675,1,0,1,0,0
14:32:19.675,0,0,1,0,0
14:32:19.725,0,0,1,0,0
14:32:19.725,1,0,1,0,0
14:32:19.857,1,0,1,0,0
14:32:19.857,0,0,1,0,0
14:32:20.032,0,0,1,0,0
14:32:20.032,1,0,1,0,0
14:32:20.220,1,0,1,0,0
14:32:20.220,0,0,1,0,0
14:32:20.300,0,0,1,0,0
14:32:20.300,1,0,1,0,0
14:32:20.480,1,0,1,0,0
14:32:20.480,0,0,1,0,0
14:32:20.683,0,0,1,0,0
14:32:20.683,1,0,1,0,0
14:32:20.750,1,0,1,0,0
14:32:20.750,0,0,1,0,0
14:32:20.930,0,0,1,0,0
14:32:20.930,1,0,1,0,0
14:32:21.121,1,0,1,0,0
14:32:21.121,0,0,1,0,0
14:32:21.194,0,0,1,0,0
14:32:21.194,1,0,1,0,0
14:32:21.333,1,0,1,0,0
14:32:21.333,0,0,1,0,0
14:32:21.540,0,0,1,0,0
14:32:21.540,1,0,1,0,0
14:32:21.610,1,0,1,0,0
14:32:21.610,0,0,1,0,0
14:32:21.610,0,0,1,0,0
14:32:21.610,0,0,0,0,0
14:32:21.693,0,0,0,0,0
14:32:21.693,1,0,0,0,0
14:32:21.893,1,0,0,0,0
14:32:21.893,0,0,0,0,0
14:32:21.982,0,0,0,0,0
14:32:21.982,1,0,0,0,0
14:32:22.222,1,0,0,0,0
14:32:22.222,0,0,0,0,0
14:32:22.462,0,0,0,0,0
14:32:22.462,1,0,0,0,0
14:32:22.557,1,0,0,0,0
14:32:22.557,0,0,0,0,0
14:32:22.782,0,0,0,0,0
14:32:22.782,1,0,0,0,0
14:32:22.988,1,0,0,0,0
14:32:22.988,0,0,0,0,0
14:32:23.071,0,0,0,0,0
14:32:23.071,1,0,0,0,0
14:32:23.278,1,0,0,0,0
14:32:23.278,0,0,0,0,0
14:32:23.489,0,0,0,0,0
14:32:23.489,1,0,0,0,0
14:32:23.553,1,0,0,0,0
14:32:23.553,0,0,0,0,0
14:32:23.711,0,0,0,0,0
14:32:23.711,1,0,0,0,0
14:32:23.894,1,0,0,0,0
14:32:23.894,0,0,0,0,0
14:32:24.075,0,0,0,0,0
14:32:24.075,1,0,0,0,0
14:32:24.302,1,0,0,0,0
14:32:24.302,0,0,0,0,0
14:32:24.391,0,0,0,0,0
14:32:24.391,1,0,0,0,0
14:32:24.558,1,0,0,0,0
14:32:24.558,0,0,0,0,0
14:32:24.783,0,0,0,0,0
14:32:24.783,1,0,0,0,0
14:32:24.869,1,0,0,0,0
14:32:24.869,0,0,0,0,0
14:32:25.069,0,0,0,0,0
14:32:25.069,1,0,0,0,0
14:32:25.294,1,0,0,0,0
14:32:25.294,0,0,0,0,0
14:32:25.396,0,0,0,0,0
14:32:25.396,1,0,0,0,0
14:32:25.450,1,0,0,0,0
14:32:25.450,0,0,0,0,0
14:32:25.688,0,0,0,0,0
14:32:25.688,1,0,0,0,0
14:32:25.775,1,0,0,0,0
14:32:25.775,0,0,0,0,0
14:32:25.976,0,0,0,0,0
14:32:25.976,1,0,0,0,0
14:32:26.196,1,0,0,0,0
14:32:26.196,0,0,0,0,0
14:32:26.288,0,0,0,0,0
14:32:26.288,1,0,0,0,0
14:32:26.537,1,0,0,0,0
14:32:26.537,0,0,0,0,0
14:32:26.775,0,0,0,0,0
14:32:26.775,1,0,0,0,0
14:32:26.859,1,0,0,0,0
14:32:26.859,0,0,0,0,0
14:32:27.036,0,0,0,0,0
14:32:27.036,1,0,0,0,0
14:32:27.211,1,0,0,0,0
14:32:27.211,0,0,0,0,0
14:32:27.400,0,0,0,0,0
14:32:27.400,1,0,0,0,0
14:32:27.592,1,0,0,0,0
14:32:27.592,0,0,0,0,0
14:32:27.665,0,0,0,0,0
14:32:27.665,1,0,0,0,0
14:32:27.812,1,0,0,0,0
14:32:27.812,0,0,0,0,0
14:32:27.999,0,0,0,0,0
14:32:27.999,1,0,0,0,0
14:32:28.077,1,0,0,0,0
14:32:28.077,0,0,0,0,0
14:32:28.267,0,0,0,0,0
14:32:28.267,1,0,0,0,0
14:32:28.444,1,0,0,0,0
14:32:28.444,0,0,0,0,0
14:32:28.524,0,0,0,0,0
14:32:28.524,1,0,0,0,0
14:32:28.780,1,0,0,0,0
14:32:28.780,0,0,0,0,0
14:32:28.994,0,0,0,0,0
14:32:28.994,1,0,0,0,0
14:32:29.097,1,0,0,0,0
14:32:29.097,0,0,0,0,0
14:32:29.317,0,0,0,0,0
14:32:29.317,1,0,0,0,0
14:32:29.548,1,0,0,0,0
14:32:29.548,0,0,0,0,0
14:32:29.630,0,0,0,0,0
14:32:29.630,1,0,0,0,0
14:32:29.837,1,0,0,0,0
14:32:29.837,0,0,0,0,0
14:32:30.005,0,0,0,0,0
14:32:30.005,1,0,0,0,0
14:32:30.057,1,0,0,0,0
14:32:30.057,0,0,0,0,0
14:32:30.252,0,0,0,0,0
14:32:30.252,1,0,0,0,0
14:32:30.444,1,0,0,0,0
14:32:30.444,0,0,0,0,0
14:32:30.523,0,0,0,0,0
14:32:30.523,1,0,0,0,0
14:32:30.706,1,0,0,0,0
14:32:30.706,0,0,0,0,0
14:32:30.896,0,0,0,0,0
14:32:30.896,1,0,0,0,0
14:32:31.007,1,0,0,0,0
14:32:31.007,0,0,0,0,0
14:32:31.235,0,0,0,0,0
14:32:31.235,1,0,0,0,0
14:32:31.437,1,0,0,0,0
14:32:31.437,0,0,0,0,0
14:32:31.502,0,0,0,0,0
14:32:31.502,1,0,0,0,0
14:32:31.647,1,0,0,0,0
14:32:31.647,0,0,0,0,0
14:32:31.832,0,0,0,0,0
14:32:31.832,1,0,0,0,0
14:32:31.892,1,0,0,0,0
14:32:31.892,0,0,0,0,0
14:32:32.142,0,0,0,0,0
14:32:32.142,1,0,0,0,0
14:32:32.363,1,0,0,0,0
14:32:32.363,0,0,0,0,0
14:32:32.541,0,0,0,0,0
14:32:32.541,1,0,0,0,0
14:32:32.726,1,0,0,0,0
14:32:32.726,0,0,0,0,0
14:32:32.805,0,0,0,0,0
14:32:32.805,1,0,0,0,0
14:32:33.049,1,0,0,0,0
14:32:33.049,0,0,0,0,0
14:32:33.288,0,0,0,0,0
14:32:33.288,1,0,0,0,0
14:32:33.360,1,0,0,0,0
14:32:33.360,0,0,0,0,0
14:32:33.424,0,0,0,0,0
14:32:33.424,1,0,0,0,0
14:32:33.669,1,0,0,0,0
14:32:33.669,0,0,0,0,0
14:32:33.724,0,0,0,0,0
14:32:33.724,1,0,0,0,0
14:32:33.873,1,0,0,0,0
14:32:33.873,0,0,0,0,0
14:32:34.087,0,0,0,0,0
14:32:34.087,1,0,0,0,0
14:32:34.155,1,0,0,0,0
14:32:34.155,0,0,0,0,0
14:32:34.362,0,0,0,0,0
14:32:34.362,1,0,0,0,0
14:32:34.588,1,0,0,0,0
14:32:34.588,0,0,0,0,0
14:32:34.674,0,0,0,0,0
14:32:34.674,1,0,0,0,0
14:32:34.936,1,0,0,0,0
14:32:34.936,0,0,0,0,0
14:32:35.167,0,0,0,0,0
14:32:35.167,1,0,0,0,0
14:32:35.259,1,0,0,0,0
14:32:35.259,0,0,0,0,0
14:32:35.489,0,0,0,0,0
14:32:35.489,1,0,0,0,0
14:32:35.709,1,0,0,0,0
14:32:35.709,0,0,0,0,0
14:32:35.801,0,0,0,0,0
14:32:35.801,1,0,0,0,0
14:32:36.053,1,0,0,0,0
14:32:36.053,0,0,0,0,0
14:32:36.288,0,0,0,0,0
14:32:36.288,1,0,0,0,0
14:32:36.367,1,0,0,0,0
14:32:36.367,0,0,0,0,0
14:32:36.624,0,0,0,0,0
14:32:36.624,1,0,0,0,0
14:32:36.862,1,0,0,0,0
14:32:36.862,0,0,0,0,0
14:32:36.938,0,0,0,0,0
14:32:36.938,1,0,0,0,0
14:32:37.175,1,0,0,0,0
14:32:37.175,0,0,0,0,0
14:32:37.405,0,0,0,0,0
14:32:37.405,1,0,0,0,0
14:32:37.492,1,0,0,0,0
14:32:37.492,0,0,0,0,0
14:32:37.746,0,0,0,0,0
14:32:37.746,1,0,0,0,0
14:32:37.965,1,0,0,0,0
14:32:37.965,0,0,0,0,0
14:32:38.047,0,0,0,0,0
14:32:38.047,1,0,0,0,0
14:32:38.300,1,0,0,0,0
14:32:38.300,0,0,0,0,0
14:32:38.537,0,0,0,0,0
14:32:38.537,1,0,0,0,0
14:32:38.656,1,0,0,0,0
14:32:38.656,0,0,0,0,0
14:32:38.893,0,0,0,0,0
14:32:38.893,1,0,0,0,0
14:32:39.117,1,0,0,0,0
14:32:39.117,0,0,0,0,0
14:32:39.179,0,0,0,0,0
14:32:39.179,1,0,0,0,0
14:32:39.379,1,0,0,0,0
14:32:39.379,0,0,0,0,0
14:32:39.588,0,0,0,0,0
14:32:39.588,1,0,0,0,0
14:32:39.641,1,0,0,0,0
14:32:39.641,1,0,1,0,0
14:32:39.641,1,0,1,0,0
14:32:39.641,0,0,1,0,0
14:32:39.719,0,0,1,0,0
14:32:39.719,1,0,1,0,0
14:32:39.909,1,0,1,0,0
14:32:39.909,0,0,1,0,0
14:32:40.100,0,0,1,0,0
14:32:40.100,1,0,1,0,0
14:32:40.195,1,0,1,0,0
14:32:40.195,0,0,1,0,0
14:32:40.429,0,0,1,0,0
14:32:40.429,1,0,1,0,0
14:32:40.623,1,0,1,0,0
14:32:40.623,0,0,1,0,0
14:32:40.687,0,0,1,0,0
14:32:40.687,1,0,1,0,0
14:32:40.884,1,0,1,0,0
14:32:40.884,0,0,1,0,0
14:32:41.051,0,0,1,0,0
14:32:41.051,1,0,1,0,0
14:32:41.225,1,0,1,0,0
14:32:41.225,0,0,1,0,0
14:32:41.358,0,0,1,0,0
14:32:41.358,1,0,1,0,0
14:32:41.552,1,0,1,0,0
14:32:41.552,0,0,1,0,0
14:32:41.621,0,0,1,0,0
14:32:41.621,1,0,1,0,0
14:32:41.827,1,0,1,0,0
14:32:41.827,0,0,1,0,0
14:32:41.986,0,0,1,0,0
14:32:41.986,1,0,1,0,0
14:32:42.063,1,0,1,0,0
14:32:42.063,0,0,1,0,0
14:32:42.259,0,0,1,0,0
14:32:42.259,1,0,1,0,0
14:32:42.461,1,0,1,0,0
14:32:42.461,0,0,1,0,0
14:32:42.537,0,0,1,0,0
14:32:42.537,1,0,1,0,0
14:32:42.741,1,0,1,0,0
14:32:42.741,0,0,1,0,0
14:32:42.871,0,0,1,0,0
14:32:42.871,1,0,1,0,0
14:32:42.938,1,0,1,0,0
14:32:42.938,0,0,1,0,0
14:32:43.162,0,0,1,0,0
14:32:43.162,1,0,1,0,0
14:32:43.334,1,0,1,0,0
14:32:43.334,0,0,1,0,0
14:32:43.429,0,0,1,0,0
14:32:43.429,1,0,1,0,0
14:32:43.677,1,0,1,0,0
14:32:43.677,0,0,1,0,0
14:32:43.908,0,0,1,0,0
14:32:43.908,1,0,1,0,0
14:32:43.986,1,0,1,0,0
14:32:43.986,0,0,1,0,0
14:32:44.163,0,0,1,0,0
14:32:44.163,1,0,1,0,0
14:32:44.305,1,0,1,0,0
14:32:44.305,0,0,1,0,0
14:32:44.366,0,0,1,0,0
14:32:44.366,1,0,1,0,0
14:32:44.588,1,0,1,0,0
14:32:44.588,0,0,1,0,0
14:32:44.797,0,0,1,0,0
14:32:44.797,1,0,1,0,0
14:32:44.859,1,0,1,0,0
14:32:44.859,0,0,1,0,0
14:32:45.130,0,0,1,0,0
14:32:45.130,1,0,1,0,0
14:32:45.366,1,0,1,0,0
14:32:45.366,0,0,1,0,0
14:32:45.478,0,0,1,0,0
14:32:45.478,1,0,1,0,0
14:32:45.688,1,0,1,0,0
14:32:45.688,0,0,1,0,0
14:32:45.933,0,0,1,0,0
14:32:45.933,1,0,1,0,0
14:32:46.001,1,0,1,0,0
14:32:46.001,0,0,1,0,0
14:32:46.247,0,0,1,0,0
14:32:46.247,1,0,1,0,0
14:32:46.413,1,0,1,0,0
14:32:46.413,0,0,1,0,0
14:32:46.461,0,0,1,0,0
14:32:46.461,1,0,1,0,0
14:32:46.622,1,0,1,0,0
14:32:46.622,0,0,1,0,0
14:32:46.779,0,0,1,0,0
14:32:46.779,1,0,1,0,0
14:32:46.952,1,0,1,0,0
14:32:46.952,0,0,1,0,0
14:32:47.029,0,0,1,0,0
14:32:47.029,1,0,1,0,0
14:32:47.190,1,0,1,0,0
14:32:47.190,0,0,1,0,0
14:32:47.362,0,0,1,0,0
14:32:47.362,1,0,1,0,0
14:32:47.530,1,0,1,0,0
14:32:47.530,0,0,1,0,0
14:32:47.673,0,0,1,0,0
14:32:47.673,1,0,1,0,0
14:32:47.834,1,0,1,0,0
14:32:47.834,0,0,1,0,0
14:32:47.882,0,0,1,0,0
14:32:47.882,1,0,1,0,0
14:32:48.030,1,0,1,0,0
14:32:48.030,0,0,1,0,0
14:32:48.170,0,0,1,0,0
14:32:48.170,1,0,1,0,0
14:32:48.298,1,0,1,0,0
14:32:48.298,0,0,1,0,0
14:32:48.462,0,0,1,0,0
14:32:48.462,1,0,1,0,0
14:32:48.633,1,0,1,0,0
14:32:48.633,0,0,1,0,0
14:32:48.804,0,0,1,0,0
14:32:48.804,1,0,1,0,0
14:32:48.852,1,0,1,0,0
14:32:48.852,0,0,1,0,0
14:32:49.051,0,0,1,0,0
14:32:49.051,1,0,1,0,0
14:32:49.240,1,0,1,0,0
14:32:49.240,0,0,1,0,0
14:32:49.296,0,0,1,0,0
14:32:49.296,1,0,1,0,0
14:32:49.470,1,0,1,0,0
14:32:49.470,0,0,1,0,0
14:32:49.619,0,0,1,0,0
14:32:49.619,1,0,1,0,0
14:32:49.677,1,0,1,0,0
14:32:49.677,0,0,1,0,0
14:32:49.829,0,0,1,0,0
14:32:49.829,1,0,1,0,0
14:32:49.995,1,0,1,0,0
14:32:49.995,0,0,1,0,0
14:32:50.154,0,0,1,0,0
14:32:50.154,1,0,1,0,0
14:32:50.233,1,0,1,0,0
14:32:50.233,0,0,1,0,0
14:32:50.457,0,0,1,0,0
14:32:50.457,1,0,1,0,0
14:32:50.614,1,0,1,0,0
14:32:50.614,0,0,1,0,0
14:32:50.693,0,0,1,0,0
14:32:50.693,1,0,1,0,0
14:32:50.893,1,0,1,0,0
14:32:50.893,0,0,1,0,0
14:32:51.047,0,0,1,0,0
14:32:51.047,1,0,1,0,0
14:32:51.120,1,0,1,0,0
14:32:51.120,0,0,1,0,0
14:32:51.184,0,0,1,0,0
14:32:51.184,1,0,1,0,0
14:32:51.359,1,0,1,0,0
14:32:51.359,0,0,1,0,0
14:32:51.526,0,0,1,0,0
14:32:51.526,1,0,1,0,0
14:32:51.579,1,0,1,0,0
14:32:51.579,0,0,1,0,0
14:32:51.744,0,0,1,0,0
14:32:51.744,1,0,1,0,0
14:32:51.929,1,0,1,0,0
14:32:51.929,0,0,1,0,0
14:32:52.030,0,0,1,0,0
14:32:52.030,1,0,1,0,0
14:32:52.167,1,0,1,0,0
14:32:52.167,0,0,1,0,0
14:32:52.309,0,0,1,0,0
14:32:52.309,1,0,1,0,0
14:32:52.390,1,0,1,0,0
14:32:52.390,0,0,1,0,0
14:32:52.438,0,0,1,0,0
14:32:52.438,1,0,1,0,0
14:32:52.614,1,0,1,0,0
14:32:52.614,0,0,1,0,0
14:32:52.801,0,0,1,0,0
14:32:52.801,1,0,1,0,0
14:32:52.863,1,0,1,0,0
14:32:52.863,0,0,1,0,0
14:32:53.059,0,0,1,0,0
14:32:53.059,1,0,1,0,0
14:32:53.233,1,0,1,0,0
14:32:53.233,0,0,1,0,0
14:32:53.302,0,0,1,0,0
14:32:53.302,1,0,1,0,0
14:32:53.471,1,0,1,0,0
14:32:53.471,0,0,1,0,0
14:32:53.614,0,0,1,0,0
14:32:53.614,1,0,1,0,0
14:32:53.671,1,0,1,0,0
14:32:53.671,0,0,1,0,0
14:32:53.801,0,0,1,0,0
14:32:53.801,1,0,1,0,0
14:32:53.931,1,0,1,0,0
14:32:53.931,0,0,1,0,0
14:32:54.053,0,0,1,0,0
14:32:54.053,1,0,1,0,0
14:32:54.132,1,0,1,0,0
14:32:54.132,0,0,1,0,0
14:32:54.341,0,0,1,0,0
14:32:54.341,1,0,1,0,0
14:32:54.540,1,0,1,0,0
14:32:54.540,0,0,1,0,0
14:32:54.613,0,0,1,0,0
14:32:54.613,1,0,1,0,0
14:32:54.782,1,0,1,0,0
14:32:54.782,0,0,1,0,0
14:32:54.938,0,0,1,0,0
14:32:54.938,1,0,1,0,0
14:32:55.009,1,0,1,0,0
14:32:55.009,0,0,1,0,0
14:32:55.249,0,0,1,0,0
14:32:55.249,1,0,1,0,0
14:32:55.439,1,0,1,0,0
14:32:55.439,0,0,1,0,0
14:32:55.499,0,0,1,0,0
14:32:55.499,1,0,1,0,0
14:32:55.710,1,0,1,0,0
14:32:55.710,0,0,1,0,0
14:32:55.899,0,0,1,0,0
14:32:55.899,1,0,1,0,0
14:32:55.956,1,0,1,0,0
14:32:55.956,0,0,1,0,0
14:32:56.116,0,0,1,0,0
14:32:56.116,1,0,1,0,0
14:32:56.274,1,0,1,0,0
14:32:56.274,0,0,1,0,0
14:32:56.407,0,0,1,0,0
14:32:56.407,1,0,1,0,0
14:32:56.461,1,0,1,0,0
14:32:56.461,0,0,1,0,0
14:32:56.650,0,0,1,0,0
14:32:56.650,1,0,1,0,0
14:32:56.793,1,0,1,0,0
14:32:56.793,0,0,1,0,0
14:32:56.849,0,0,1,0,0
14:32:56.849,1,0,1,0,0
14:32:56.984,1,0,1,0,0
14:32:56.984,0,0,1,0,0
14:32:57.105,0,0,1,0,0
14:32:57.105,1,0,1,0,0
14:32:57.248,1,0,1,0,0
14:32:57.248,0,0,1,0,0
14:32:57.504,0,0,1,0,0
14:32:57.504,1,0,1,0,0
14:32:57.737,1,0,1,0,0
14:32:57.737,0,0,1,0,0
14:32:57.745,0,0,1,0,0
14:32:57.745,0,0,0,0,0
14:32:57.873,0,0,0,0,0
14:32:57.873,1,0,0,0,0
14:32:57.961,1,0,0,0,0
14:32:57.961,0,0,0,0,0
14:32:58.181,0,0,0,0,0
14:32:58.181,1,0,0,0,0
14:32:58.261,1,0,0,0,0
14:32:58.261,0,0,0,0,0
14:32:58.426,0,0,0,0,0
14:32:58.426,1,0,0,0,0
14:32:58.580,1,0,0,0,0
14:32:58.580,0,0,0,0,0
14:32:58.643,0,0,0,0,0
14:32:58.643,1,0,0,0,0
14:32:58.795,1,0,0,0,0
14:32:58.795,0,0,0,0,0
14:32:58.942,0,0,0,0,0
14:32:58.942,1,0,0,0,0
14:32:59.078,1,0,0,0,0
14:32:59.078,0,0,0,0,0
14:32:59.302,0,0,0,0,0
14:32:59.302,1,0,0,0,0
14:32:59.529,1,0,0,0,0
14:32:59.529,0,0,0,0,0
14:32:59.599,0,0,0,0,0
14:32:59.599,1,0,0,0,0
14:32:59.804,1,0,0,0,0
14:32:59.804,0,0,0,0,0
14:33:00.051,0,0,0,0,0
14:33:00.051,1,0,0,0,0
14:33:00.139,1,0,0,0,0
14:33:00.139,0,0,0,0,0
14:33:00.350,0,0,0,0,0
14:33:00.350,1,0,0,0,0
14:33:00.580,1,0,0,0,0
14:33:00.580,0,0,0,0,0
14:33:00.671,0,0,0,0,0
14:33:00.671,1,0,0,0,0
14:33:00.838,1,0,0,0,0
14:33:00.838,0,0,0,0,0
14:33:00.980,0,0,0,0,0
14:33:00.980,1,0,0,0,0
14:33:01.061,1,0,0,0,0
14:33:01.061,0,0,0,0,0
14:33:01.220,0,0,0,0,0
14:33:01.220,1,0,0,0,0
14:33:01.367,1,0,0,0,0
14:33:01.367,0,0,0,0,0
14:33:01.429,0,0,0,0,0
14:33:01.429,1,0,0,0,0
14:33:01.574,1,0,0,0,0
14:33:01.574,0,0,0,0,0
14:33:01.728,0,0,0,0,0
14:33:01.728,1,0,0,0,0
14:33:01.854,1,0,0,0,0
14:33:01.854,0,0,0,0,0
14:33:01.878,0,0,1,0,0
14:33:01.878,0,0,0,0,0
14:33:01.912,0,0,0,0,0
14:33:01.912,1,0,0,0,0
14:33:01.937,1,0,1,0,0
14:33:01.937,1,0,0,0,0
14:33:01.966,1,0,0,0,0
14:33:01.966,0,0,0,0,0
14:33:02.157,0,0,0,0,0
14:33:02.157,1,0,0,0,0
14:33:02.312,1,0,0,0,0
14:33:02.312,0,0,0,0,0
14:33:02.381,0,0,0,0,0
14:33:02.381,1,0,0,0,0
14:33:02.590,1,0,0,0,0
14:33:02.590,0,0,0,0,0
14:33:02.779,0,0,0,0,0
14:33:02.779,1,0,0,0,0
14:33:02.852,1,0,0,0,0
14:33:02.852,0,0,0,0,0
14:33:03.022,0,0,0,0,0
14:33:03.022,1,0,0,0,0
14:33:03.207,1,0,0,0,0
14:33:03.207,0,0,0,0,0
14:33:03.270,0,0,0,0,0
14:33:03.270,1,0,0,0,0
14:33:03.457,1,0,0,0,0
14:33:03.457,0,0,0,0,0
14:33:03.685,0,0,0,0,0
14:33:03.685,1,0,0,0,0
14:33:03.770,1,0,0,0,0
14:33:03.770,0,0,0,0,0
14:33:03.985,0,0,0,0,0
14:33:03.985,1,0,0,0,0
14:33:04.200,1,0,0,0,0
14:33:04.200,0,0,0,0,0
14:33:04.322,0,0,0,0,0
14:33:04.322,1,0,0,0,0
14:33:04.560,1,0,0,0,0
14:33:04.560,0,0,0,0,0
14:33:04.632,0,0,0,0,0
14:33:04.632,1,0,0,0,0
14:33:04.790,1,0,0,0,0
14:33:04.790,0,0,0,0,0
14:33:04.998,0,0,0,0,0
14:33:04.998,1,0,0,0,0
14:33:05.078,1,0,0,0,0
14:33:05.078,0,0,0,0,0
14:33:05.323,0,0,0,0,0
14:33:05.323,1,0,0,0,0
14:33:05.546,1,0,0,0,0
14:33:05.546,0,0,0,0,0
14:33:05.625,0,0,0,0,0
14:33:05.625,1,0,0,0,0
14:33:05.857,1,0,0,0,0
14:33:05.857,0,0,0,0,0
14:33:06.052,0,0,0,0,0
14:33:06.052,1,0,0,0,0
14:33:06.117,1,0,0,0,0
14:33:06.117,0,0,0,0,0
14:33:06.330,0,0,0,0,0
14:33:06.330,1,0,0,0,0
14:33:06.507,1,0,0,0,0
14:33:06.507,0,0,0,0,0
14:33:06.583,0,0,0,0,0
14:33:06.583,1,0,0,0,0
14:33:06.779,1,0,0,0,0
14:33:06.779,0,0,0,0,0
14:33:06.945,0,0,0,0,0
14:33:06.945,1,0,0,0,0
14:33:07.003,1,0,0,0,0
14:33:07.003,0,0,0,0,0
14:33:07.173,0,0,0,0,0
14:33:07.173,1,0,0,0,0
14:33:07.299,1,0,0,0,0
14:33:07.299,0,0,0,0,0
14:33:07.425,0,0,0,0,0
14:33:07.425,1,0,0,0,0
14:33:07.479,1,0,0,0,0
14:33:07.479,0,0,0,0,0
14:33:07.640,0,0,0,0,0
14:33:07.640,1,0,0,0,0
14:33:07.780,1,0,0,0,0
14:33:07.780,0,0,0,0,0
14:33:07.868,0,0,0,0,0
14:33:07.868,1,0,0,0,0
14:33:08.031,1,0,0,0,0
14:33:08.031,0,0,0,0,0
14:33:08.253,0,0,0,0,0
14:33:08.253,1,0,0,0,0
14:33:08.333,1,0,0,0,0
14:33:08.333,0,0,0,0,0
14:33:08.574,0,0,0,0,0
14:33:08.574,1,0,0,0,0
14:33:08.762,1,0,0,0,0
14:33:08.762,0,0,0,0,0
14:33:08.840,0,0,0,0,0
14:33:08.840,1,0,0,0,0
14:33:08.997,1,0,0,0,0
14:33:08.997,0,0,0,0,0
14:33:09.149,0,0,0,0,0
14:33:09.149,1,0,0,0,0
14:33:09.303,1,0,0,0,0
14:33:09.303,0,0,0,0,0
14:33:09.474,0,0,0,0,0
14:33:09.474,1,0,0,0,0
14:33:09.674,1,0,0,0,0
14:33:09.674,0,0,0,0,0
14:33:09.748,0,0,0,0,0
14:33:09.748,1,0,0,0,0
14:33:09.919,1,0,0,0,0
14:33:09.919,0,0,0,0,0
14:33:10.067,0,0,0,0,0
14:33:10.067,1,0,0,0,0
14:33:10.132,1,0,0,0,0
14:33:10.132,0,0,0,0,0
14:33:10.284,0,0,0,0,0
14:33:10.284,1,0,0,0,0
14:33:10.450,1,0,0,0,0
14:33:10.450,0,0,0,0,0
14:33:10.644,0,0,0,0,0
14:33:10.644,1,0,0,0,0
14:33:10.750,1,0,0,0,0
14:33:10.750,0,0,0,0,0
14:33:10.914,0,0,0,0,0
14:33:10.914,1,0,0,0,0
14:33:11.087,1,0,0,0,0
14:33:11.087,0,0,0,0,0
14:33:11.149,0,0,0,0,0
14:33:11.149,1,0,0,0,0
14:33:11.314,1,0,0,0,0
14:33:11.314,0,0,0,0,0
14:33:11.470,0,0,0,0,0
14:33:11.470,1,0,0,0,0
14:33:11.534,1,0,0,0,0
14:33:11.534,0,0,0,0,0
14:33:11.692,0,0,0,0,0
14:33:11.692,1,0,0,0,0
14:33:11.860,1,0,0,0,0
14:33:11.860,0,0,0,0,0
14:33:12.055,0,0,0,0,0
14:33:12.055,1,0,0,0,0
14:33:12.057,1,0,0,0,0
14:33:12.057,0,0,0,0,0
14:33:12.153,1,0,0,0,0
14:33:12.153,0,0,0,0,0
14:34:07.189,1,0,0,0,0
14:34:07.189,0,0,0,0,0
14:34:07.373,1,0,0,0,0
14:34:07.373,0,0,0,0,0
14:34:07.556,1,0,0,0,0
14:34:07.556,0,0,0,0,0
14:34:07.755,1,0,0,0,0
14:34:07.755,0,0,0,0,0
14:34:07.945,1,0,0,0,0
14:34:07.945,0,0,0,0,0
14:34:08.146,1,0,0,0,0
14:34:08.146,0,0,0,0,0
14:34:08.713,0,1,0,0,0
14:34:08.713,0,0,0,0,0
14:34:08.890,0,1,0,0,0
14:34:08.890,0,0,0,0,0
14:34:09.350,0,0,1,0,0
14:34:09.350,0,0,0,0,0
14:34:09.529,0,0,1,0,0
14:34:09.529,0,0,0,0,0
14:34:09.707,0,0,1,0,0
14:34:09.707,0,0,0,0,0
14:34:22.487,0,0,0,0,0
14:34:22.487,0,0,1,0,0
14:34:22.621,0,0,1,0,0
14:34:22.621,0,0,0,0,0
14:34:24.627,0,0,0,0,0
14:34:24.627,1,0,0,0,0
14:34:24.710,1,0,0,0,0
14:34:24.710,0,0,0,0,0
14:34:24.823,0,0,0,0,0
14:34:24.823,1,0,0,0,0
14:34:24.824,1,0,0,0,0
14:34:24.824,0,0,0,0,0
14:34:24.934,0,0,0,0,0
14:34:24.934,1,0,0,0,0
14:34:25.017,1,0,0,0,0
14:34:25.017,0,0,0,0,0
14:34:25.103,0,0,0,0,0
14:34:25.103,1,0,0,0,0
14:34:25.206,1,0,0,0,0
14:34:25.206,0,0,0,0,0
14:34:25.282,0,0,0,0,0
14:34:25.282,1,0,0,0,0
14:34:25.358,1,0,0,0,0
14:34:25.358,0,0,0,0,0
14:34:25.438,0,0,0,0,0
14:34:25.438,1,0,0,0,0
14:34:25.520,1,0,0,0,0
14:34:25.520,0,0,0,0,0
14:34:25.598,0,0,0,0,0
14:34:25.598,1,0,0,0,0
14:34:25.671,1,0,0,0,0
14:34:25.671,0,0,0,0,0
14:34:25.753,0,0,0,0,0
14:34:25.753,1,0,0,0,0
14:34:25.851,1,0,0,0,0
14:34:25.851,0,0,0,0,0
14:34:25.923,0,0,0,0,0
14:34:25.923,1,0,0,0,0
14:34:25.987,1,0,0,0,0
14:34:25.987,0,0,0,0,0
14:34:26.063,0,0,0,0,0
14:34:26.063,1,0,0,0,0
14:34:26.135,1,0,0,0,0
14:34:26.135,0,0,0,0,0
14:34:26.202,0,0,0,0,0
14:34:26.202,1,0,0,0,0
14:34:26.285,1,0,0,0,0
14:34:26.285,0,0,0,0,0
14:34:26.352,0,0,0,0,0
14:34:26.352,1,0,0,0,0
14:34:26.430,1,0,0,0,0
14:34:26.430,0,0,0,0,0
14:34:26.504,0,0,0,0,0
14:34:26.504,1,0,0,0,0
14:34:26.585,1,0,0,0,0
14:34:26.585,0,0,0,0,0
14:34:26.660,0,0,0,0,0
14:34:26.660,1,0,0,0,0
14:34:26.814,1,0,0,0,0
14:34:26.814,0,0,0,0,0
14:34:26.937,0,0,0,0,0
14:34:26.937,1,0,0,0,0
14:34:27.055,1,0,0,0,0
14:34:27.055,0,0,0,0,0
14:34:27.204,0,0,0,0,0
14:34:27.204,1,0,0,0,0
14:34:27.321,1,0,0,0,0
14:34:27.321,0,0,0,0,0
14:34:27.406,0,0,0,0,0
14:34:27.406,1,0,0,0,0
14:34:27.494,1,0,0,0,0
14:34:27.494,0,0,0,0,0
14:34:27.619,0,0,0,0,0
14:34:27.619,1,0,0,0,0
14:34:27.702,1,0,0,0,0
14:34:27.702,0,0,0,0,0
14:34:27.786,0,0,0,0,0
14:34:27.786,1,0,0,0,0
14:34:27.852,1,0,0,0,0
14:34:27.852,0,0,0,0,0
14:34:27.988,0,0,0,0,0
14:34:27.988,1,0,0,0,0
14:34:28.135,1,0,0,0,0
14:34:28.135,0,0,0,0,0
14:34:28.256,0,0,0,0,0
14:34:28.256,1,0,0,0,0
14:34:28.360,1,0,0,0,0
14:34:28.360,0,0,0,0,0
14:34:28.436,0,0,0,0,0
14:34:28.436,1,0,0,0,0
14:34:28.571,1,0,0,0,0
14:34:28.571,0,0,0,0,0
14:34:28.657,0,0,0,0,0
14:34:28.657,1,0,0,0,0
14:34:28.723,1,0,0,0,0
14:34:28.723,0,0,0,0,0
14:34:28.829,0,0,0,0,0
14:34:28.829,1,0,0,0,0
14:34:28.969,1,0,0,0,0
14:34:28.969,0,0,0,0,0
14:34:29.079,0,0,0,0,0
14:34:29.079,1,0,0,0,0
14:34:29.180,1,0,0,0,0
14:34:29.180,0,0,0,0,0
14:34:29.287,0,0,0,0,0
14:34:29.287,1,0,0,0,0
14:34:29.408,1,0,0,0,0
14:34:29.408,0,0,0,0,0
14:34:29.526,0,0,0,0,0
14:34:29.526,1,0,0,0,0
14:34:29.635,1,0,0,0,0
14:34:29.635,0,0,0,0,0
14:34:29.752,0,0,0,0,0
14:34:29.752,1,0,0,0,0
14:34:29.877,1,0,0,0,0
14:34:29.877,0,0,0,0,0
14:34:29.996,0,0,0,0,0
14:34:29.996,1,0,0,0,0
14:34:30.109,1,0,0,0,0
14:34:30.109,0,0,0,0,0
14:34:30.189,0,0,0,0,0
14:34:30.189,1,0,0,0,0
14:34:30.273,1,0,0,0,0
14:34:30.273,0,0,0,0,0
14:34:30.354,0,0,0,0,0
14:34:30.354,1,0,0,0,0
14:34:30.438,1,0,0,0,0
14:34:30.438,0,0,0,0,0
14:34:30.538,0,0,0,0,0
14:34:30.538,1,0,0,0,0
14:34:30.652,1,0,0,0,0
14:34:30.652,0,0,0,0,0
14:34:30.758,0,0,0,0,0
14:34:30.758,1,0,0,0,0
14:34:30.856,1,0,0,0,0
14:34:30.856,0,0,0,0,0
14:34:30.977,0,0,0,0,0
14:34:30.977,1,0,0,0,0
14:34:31.097,1,0,0,0,0
14:34:31.097,0,0,0,0,0
14:34:31.223,0,0,0,0,0
14:34:31.223,1,0,0,0,0
14:34:31.321,1,0,0,0,0
14:34:31.321,0,0,0,0,0
14:34:31.430,0,0,0,0,0
14:34:31.430,1,0,0,0,0
14:34:31.538,1,0,0,0,0
14:34:31.538,0,0,0,0,0
14:34:31.679,0,0,0,0,0
14:34:31.679,1,0,0,0,0
14:34:31.797,1,0,0,0,0
14:34:31.797,0,0,0,0,0
14:34:31.896,0,0,0,0,0
14:34:31.896,1,0,0,0,0
14:34:32.006,1,0,0,0,0
14:34:32.006,0,0,0,0,0
14:34:32.145,0,0,0,0,0
14:34:32.145,1,0,0,0,0
14:34:32.291,1,0,0,0,0
14:34:32.291,0,0,0,0,0
14:34:32.412,0,0,0,0,0
14:34:32.412,1,0,0,0,0
14:34:32.532,1,0,0,0,0
14:34:32.532,0,0,0,0,0
14:34:32.661,0,0,0,0,0
14:34:32.661,1,0,0,0,0
14:34:32.753,1,0,0,0,0
14:34:32.753,0,0,0,0,0
14:34:32.856,0,0,0,0,0
14:34:32.856,1,0,0,0,0
14:34:32.979,1,0,0,0,0
14:34:32.979,0,0,0,0,0
14:34:33.090,0,0,0,0,0
14:34:33.090,1,0,0,0,0
14:34:33.213,1,0,0,0,0
14:34:33.213,0,0,0,0,0
14:34:33.334,0,0,0,0,0
14:34:33.334,1,0,0,0,0
14:34:33.415,1,0,0,0,0
14:34:33.415,0,0,0,0,0
14:34:33.542,0,0,0,0,0
14:34:33.542,1,0,0,0,0
14:34:33.656,1,0,0,0,0
14:34:33.656,0,0,0,0,0
14:34:33.784,0,0,0,0,0
14:34:33.784,1,0,0,0,0
14:34:33.907,1,0,0,0,0
14:34:33.907,0,0,0,0,0
14:34:33.985,0,0,0,0,0
14:34:33.985,1,0,0,0,0
14:34:34.105,1,0,0,0,0
14:34:34.105,0,0,0,0,0
14:34:34.222,0,0,0,0,0
14:34:34.222,1,0,0,0,0
14:34:34.347,1,0,0,0,0
14:34:34.347,0,0,0,0,0
14:34:34.457,0,0,0,0,0
14:34:34.457,1,0,0,0,0
14:34:34.579,1,0,0,0,0
14:34:34.579,0,0,0,0,0
14:34:34.711,0,0,0,0,0
14:34:34.711,1,0,0,0,0
14:34:34.842,1,0,0,0,0
14:34:34.842,0,0,0,0,0
14:34:34.948,0,0,0,0,0
14:34:34.948,1,0,0,0,0
14:34:35.041,1,0,0,0,0
14:34:35.041,0,0,0,0,0
14:34:35.147,0,0,0,0,0
14:34:35.147,1,0,0,0,0
14:34:35.198,1,0,0,0,0
14:34:35.198,0,0,0,0,0
14:34:35.330,0,0,0,0,0
14:34:35.330,1,0,0,0,0
14:34:35.472,1,0,0,0,0
14:34:35.472,0,0,0,0,0
14:34:35.649,0,0,0,0,0
14:34:35.649,1,0,0,0,0
14:34:35.699,1,0,0,0,0
14:34:35.699,0,0,0,0,0
14:34:35.867,0,0,0,0,0
14:34:35.867,1,0,0,0,0
14:34:36.015,1,0,0,0,0
14:34:36.015,0,0,0,0,0
14:34:36.213,0,0,0,0,0
14:34:36.213,1,0,0,0,0
14:34:36.271,1,0,0,0,0
14:34:36.271,0,0,0,0,0
14:34:36.375,0,0,0,0,0
14:34:36.375,1,0,0,0,0
14:34:36.526,1,0,0,0,0
14:34:36.526,0,0,0,0,0
14:34:36.703,0,0,0,0,0
14:34:36.703,1,0,0,0,0
14:34:36.765,1,0,0,0,0
14:34:36.765,0,0,0,0,0
14:34:36.917,0,0,0,0,0
14:34:36.917,1,0,0,0,0
14:34:37.088,1,0,0,0,0
14:34:37.088,0,0,0,0,0
14:34:37.149,0,0,0,0,0
14:34:37.149,1,0,0,0,0
14:34:37.323,1,0,0,0,0
14:34:37.323,0,0,0,0,0
14:34:37.496,0,0,0,0,0
14:34:37.496,1,0,0,0,0
14:34:37.556,1,0,0,0,0
14:34:37.556,0,0,0,0,0
14:34:37.719,0,0,0,0,0
14:34:37.719,1,0,0,0,0
14:34:37.872,1,0,0,0,0
14:34:37.872,0,0,0,0,0
14:34:38.038,0,0,0,0,0
14:34:38.038,1,0,0,0,0
14:34:38.103,1,0,0,0,0
14:34:38.103,0,0,0,0,0
14:34:38.259,0,0,0,0,0
14:34:38.259,1,0,0,0,0
14:34:38.415,1,0,0,0,0
14:34:38.415,0,0,0,0,0
14:34:38.474,0,0,0,0,0
14:34:38.474,1,0,0,0,0
14:34:38.689,1,0,0,0,0
14:34:38.689,0,0,0,0,0
14:34:38.831,0,0,0,0,0
14:34:38.831,1,0,0,0,0
14:34:38.892,1,0,0,0,0
14:34:38.892,0,0,0,0,0
14:34:39.030,0,0,0,0,0
14:34:39.030,1,0,0,0,0
14:34:39.171,1,0,0,0,0
14:34:39.171,0,0,0,0,0
14:34:39.291,0,0,0,0,0
14:34:39.291,1,0,0,0,0
14:34:39.444,1,0,0,0,0
14:34:39.444,0,0,0,0,0
14:34:39.556,0,0,0,0,0
14:34:39.556,1,0,0,0,0
14:34:39.658,1,0,0,0,0
14:34:39.658,0,0,0,0,0
14:34:39.757,0,0,0,0,0
14:34:39.757,1,0,0,0,0
14:34:39.810,1,0,0,0,0
14:34:39.810,0,0,0,0,0
14:34:39.911,0,0,0,0,0
14:34:39.911,1,0,0,0,0
14:34:40.000,1,0,0,0,0
14:34:40.000,0,0,0,0,0
14:34:40.098,0,0,0,0,0
14:34:40.098,1,0,0,0,0
14:34:40.214,1,0,0,0,0
14:34:40.214,0,0,0,0,0
14:34:40.261,0,0,0,0,0
14:34:40.261,1,0,0,0,0
14:34:40.377,1,0,0,0,0
14:34:40.377,0,0,0,0,0
14:34:40.477,0,0,0,0,0
14:34:40.477,1,0,0,0,0
14:34:40.579,1,0,0,0,0
14:34:40.579,0,0,0,0,0
14:34:40.702,0,0,0,0,0
14:34:40.702,0,0,1,0,0
14:34:40.702,0,0,1,0,0
14:34:40.702,1,0,1,0,0
14:34:40.773,1,0,1,0,0
14:34:40.773,0,0,1,0,0
14:34:40.849,0,0,1,0,0
14:34:40.849,1,0,1,0,0
14:34:40.933,1,0,1,0,0
14:34:40.933,0,0,1,0,0
14:34:41.034,0,0,1,0,0
14:34:41.034,1,0,1,0,0
14:34:41.141,1,0,1,0,0
14:34:41.141,0,0,1,0,0
14:34:41.285,0,0,1,0,0
14:34:41.285,1,0,1,0,0
14:34:41.391,1,0,1,0,0
14:34:41.391,0,0,1,0,0
14:34:41.521,0,0,1,0,0
14:34:41.521,1,0,1,0,0
14:34:41.564,1,0,1,0,0
14:34:41.564,0,0,1,0,0
14:34:41.698,0,0,1,0,0
14:34:41.698,1,0,1,0,0
14:34:41.849,1,0,1,0,0
14:34:41.849,0,0,1,0,0
14:34:41.968,0,0,1,0,0
14:34:41.968,1,0,1,0,0
14:34:42.120,1,0,1,0,0
14:34:42.120,0,0,1,0,0
14:34:42.232,0,0,1,0,0
14:34:42.232,1,0,1,0,0
14:34:42.332,1,0,1,0,0
14:34:42.332,0,0,1,0,0
14:34:42.452,0,0,1,0,0
14:34:42.452,1,0,1,0,0
14:34:42.555,1,0,1,0,0
14:34:42.555,0,0,1,0,0
14:34:42.653,0,0,1,0,0
14:34:42.653,1,0,1,0,0
14:34:42.764,1,0,1,0,0
14:34:42.764,0,0,1,0,0
14:34:42.849,0,0,1,0,0
14:34:42.849,1,0,1,0,0
14:34:42.953,1,0,1,0,0
14:34:42.953,0,0,1,0,0
14:34:43.053,0,0,1,0,0
14:34:43.053,1,0,1,0,0
14:34:43.196,1,0,1,0,0
14:34:43.196,0,0,1,0,0
14:34:43.298,0,0,1,0,0
14:34:43.298,1,0,1,0,0
14:34:43.433,1,0,1,0,0
14:34:43.433,0,0,1,0,0
14:34:43.514,0,0,1,0,0
14:34:43.514,1,0,1,0,0
14:34:43.621,1,0,1,0,0
14:34:43.621,0,0,1,0,0
14:34:43.675,0,0,1,0,0
14:34:43.675,1,0,1,0,0
14:34:43.770,1,0,1,0,0
14:34:43.770,0,0,1,0,0
14:34:43.879,0,0,1,0,0
14:34:43.879,1,0,1,0,0
14:34:43.981,1,0,1,0,0
14:34:43.981,0,0,1,0,0
14:34:44.080,0,0,1,0,0
14:34:44.080,1,0,1,0,0
14:34:44.166,1,0,1,0,0
14:34:44.166,0,0,1,0,0
14:34:44.286,0,0,1,0,0
14:34:44.286,1,0,1,0,0
14:34:44.377,1,0,1,0,0
14:34:44.377,0,0,1,0,0
14:34:44.480,0,0,1,0,0
14:34:44.480,1,0,1,0,0
14:34:44.577,1,0,1,0,0
14:34:44.577,0,0,1,0,0
14:34:44.715,0,0,1,0,0
14:34:44.715,1,0,1,0,0
14:34:44.810,1,0,1,0,0
14:34:44.810,0,0,1,0,0
14:34:44.892,0,0,1,0,0
14:34:44.892,1,0,1,0,0
14:34:44.973,1,0,1,0,0
14:34:44.973,0,0,1,0,0
14:34:45.082,0,0,1,0,0
14:34:45.082,1,0,1,0,0
14:34:45.164,1,0,1,0,0
14:34:45.164,0,0,1,0,0
14:34:45.232,0,0,1,0,0
14:34:45.232,1,0,1,0,0
14:34:45.320,1,0,1,0,0
14:34:45.320,0,0,1,0,0
14:34:45.417,0,0,1,0,0
14:34:45.417,1,0,1,0,0
14:34:45.553,1,0,1,0,0
14:34:45.553,0,0,1,0,0
14:34:45.647,0,0,1,0,0
14:34:45.647,1,0,1,0,0
14:34:45.743,1,0,1,0,0
14:34:45.743,0,0,1,0,0
14:34:45.834,0,0,1,0,0
14:34:45.834,1,0,1,0,0
14:34:45.954,1,0,1,0,0
14:34:45.954,0,0,1,0,0
14:34:46.073,0,0,1,0,0
14:34:46.073,1,0,1,0,0
14:34:46.148,1,0,1,0,0
14:34:46.148,0,0,1,0,0
14:34:46.221,0,0,1,0,0
14:34:46.221,1,0,1,0,0
14:34:46.350,1,0,1,0,0
14:34:46.350,0,0,1,0,0
14:34:46.451,0,0,1,0,0
14:34:46.451,1,0,1,0,0
14:34:46.537,1,0,1,0,0
14:34:46.537,0,0,1,0,0
14:34:46.648,0,0,1,0,0
14:34:46.648,1,0,1,0,0
14:34:46.782,1,0,1,0,0
14:34:46.782,0,0,1,0,0
14:34:47.038,0,0,1,0,0
14:34:47.038,1,0,1,0,0
14:34:47.093,1,0,1,0,0
14:34:47.093,0,0,1,0,0
14:34:47.216,0,0,1,0,0
14:34:47.216,1,0,1,0,0
14:34:47.317,1,0,1,0,0
14:34:47.317,0,0,1,0,0
14:34:47.401,0,0,1,0,0
14:34:47.401,1,0,1,0,0
14:34:47.500,1,0,1,0,0
14:34:47.500,0,0,1,0,0
14:34:47.558,0,0,1,0,0
14:34:47.558,1,0,1,0,0
14:34:47.693,1,0,1,0,0
14:34:47.693,0,0,1,0,0
14:34:47.843,0,0,1,0,0
14:34:47.843,1,0,1,0,0
14:34:47.968,1,0,1,0,0
14:34:47.968,0,0,1,0,0
14:34:48.092,0,0,1,0,0
14:34:48.092,1,0,1,0,0
14:34:48.218,1,0,1,0,0
14:34:48.218,0,0,1,0,0
14:34:48.359,0,0,1,0,0
14:34:48.359,1,0,1,0,0
14:34:48.502,1,0,1,0,0
14:34:48.502,0,0,1,0,0
14:34:48.628,0,0,1,0,0
14:34:48.628,1,0,1,0,0
14:34:48.761,1,0,1,0,0
14:34:48.761,0,0,1,0,0
14:34:48.825,0,0,1,0,0
14:34:48.825,1,0,1,0,0
14:34:49.012,1,0,1,0,0
14:34:49.012,0,0,1,0,0
14:34:49.107,0,0,1,0,0
14:34:49.107,1,0,1,0,0
14:34:49.209,1,0,1,0,0
14:34:49.209,0,0,1,0,0
14:34:49.292,0,0,1,0,0
14:34:49.292,1,0,1,0,0
14:34:49.392,1,0,1,0,0
14:34:49.392,0,0,1,0,0
14:34:49.483,0,0,1,0,0
14:34:49.483,1,0,1,0,0
14:34:49.584,1,0,1,0,0
14:34:49.584,0,0,1,0,0
14:34:49.692,0,0,1,0,0
14:34:49.692,1,0,1,0,0
14:34:49.807,1,0,1,0,0
14:34:49.807,0,0,1,0,0
14:34:49.904,0,0,1,0,0
14:34:49.904,1,0,1,0,0
14:34:50.018,1,0,1,0,0
14:34:50.018,0,0,1,0,0
14:34:50.113,0,0,1,0,0
14:34:50.113,1,0,1,0,0
14:34:50.212,1,0,1,0,0
14:34:50.212,0,0,1,0,0
14:34:50.304,0,0,1,0,0
14:34:50.304,1,0,1,0,0
14:34:50.394,1,0,1,0,0
14:34:50.394,0,0,1,0,0
14:34:50.487,0,0,1,0,0
14:34:50.487,1,0,1,0,0
14:34:50.562,1,0,1,0,0
14:34:50.562,0,0,1,0,0
14:34:50.690,0,0,1,0,0
14:34:50.690,1,0,1,0,0
14:34:50.809,1,0,1,0,0
14:34:50.809,0,0,1,0,0
14:34:50.939,0,0,1,0,0
14:34:50.939,1,0,1,0,0
14:34:51.056,1,0,1,0,0
14:34:51.056,0,0,1,0,0
14:34:51.187,0,0,1,0,0
14:34:51.187,1,0,1,0,0
14:34:51.307,1,0,1,0,0
14:34:51.307,0,0,1,0,0
14:34:51.407,0,0,1,0,0
14:34:51.407,1,0,1,0,0
14:34:51.488,1,0,1,0,0
14:34:51.488,0,0,1,0,0
14:34:51.590,0,0,1,0,0
14:34:51.590,1,0,1,0,0
14:34:51.674,1,0,1,0,0
14:34:51.674,0,0,1,0,0
14:34:51.755,0,0,1,0,0
14:34:51.755,1,0,1,0,0
14:34:51.878,1,0,1,0,0
14:34:51.878,0,0,1,0,0
14:34:52.015,0,0,1,0,0
14:34:52.015,1,0,1,0,0
14:34:52.141,1,0,1,0,0
14:34:52.141,0,0,1,0,0
14:34:52.272,0,0,1,0,0
14:34:52.272,1,0,1,0,0
14:34:52.428,1,0,1,0,0
14:34:52.428,0,0,1,0,0
14:34:52.482,0,0,1,0,0
14:34:52.482,1,0,1,0,0
14:34:52.621,1,0,1,0,0
14:34:52.621,0,0,1,0,0
14:34:52.794,0,0,1,0,0
14:34:52.794,1,0,1,0,0
14:34:52.865,1,0,1,0,0
14:34:52.865,0,0,1,0,0
14:34:53.005,0,0,1,0,0
14:34:53.005,1,0,1,0,0
14:34:53.158,1,0,1,0,0
14:34:53.158,0,0,1,0,0
14:34:53.328,0,0,1,0,0
14:34:53.328,1,0,1,0,0
14:34:53.390,1,0,1,0,0
14:34:53.390,0,0,1,0,0
14:34:53.556,0,0,1,0,0
14:34:53.556,1,0,1,0,0
14:34:53.723,1,0,1,0,0
14:34:53.723,0,0,1,0,0
14:34:53.829,0,0,1,0,0
14:34:53.829,1,0,1,0,0
14:34:53.990,1,0,1,0,0
14:34:53.990,0,0,1,0,0
14:34:54.139,0,0,1,0,0
14:34:54.139,1,0,1,0,0
14:34:54.296,1,0,1,0,0
14:34:54.296,0,0,1,0,0
14:34:54.357,0,0,1,0,0
14:34:54.357,1,0,1,0,0
14:34:54.532,1,0,1,0,0
14:34:54.532,0,0,1,0,0
14:34:54.717,0,0,1,0,0
14:34:54.717,1,0,1,0,0
14:34:54.783,1,0,1,0,0
14:34:54.783,0,0,1,0,0
14:34:54.935,0,0,1,0,0
14:34:54.935,1,0,1,0,0
14:34:55.066,1,0,1,0,0
14:34:55.066,0,0,1,0,0
14:34:55.170,0,0,1,0,0
14:34:55.170,1,0,1,0,0
14:34:55.292,1,0,1,0,0
14:34:55.292,0,0,1,0,0
14:34:55.403,0,0,1,0,0
14:34:55.403,1,0,1,0,0
14:34:55.526,1,0,1,0,0
14:34:55.526,0,0,1,0,0
14:34:55.665,0,0,1,0,0
14:34:55.665,1,0,1,0,0
14:34:55.797,1,0,1,0,0
14:34:55.797,0,0,1,0,0
14:34:55.945,0,0,1,0,0
14:34:55.945,1,0,1,0,0
14:34:56.061,1,0,1,0,0
14:34:56.061,0,0,1,0,0
14:34:56.193,0,0,1,0,0
14:34:56.193,1,0,1,0,0
14:34:56.290,1,0,1,0,0
14:34:56.290,0,0,1,0,0
14:34:56.426,0,0,1,0,0
14:34:56.426,1,0,1,0,0
14:34:56.562,1,0,1,0,0
14:34:56.562,0,0,1,0,0
14:34:56.679,0,0,1,0,0
14:34:56.679,1,0,1,0,0
14:34:56.810,1,0,1,0,0
14:34:56.810,0,0,1,0,0
14:34:56.926,0,0,1,0,0
14:34:56.926,1,0,1,0,0
14:34:57.024,1,0,1,0,0
14:34:57.024,0,0,1,0,0
14:34:57.137,0,0,1,0,0
14:34:57.137,1,0,1,0,0
14:34:57.248,1,0,1,0,0
14:34:57.248,0,0,1,0,0
14:34:57.330,0,0,1,0,0
14:34:57.330,1,0,1,0,0
14:34:57.418,1,0,1,0,0
14:34:57.418,0,0,1,0,0
14:34:57.525,0,0,1,0,0
14:34:57.525,1,0,1,0,0
14:34:57.640,1,0,1,0,0
14:34:57.640,0,0,1,0,0
14:34:57.746,0,0,1,0,0
14:34:57.746,1,0,1,0,0
14:34:57.852,1,0,1,0,0
14:34:57.852,0,0,1,0,0
14:34:57.955,0,0,1,0,0
14:34:57.955,1,0,1,0,0
14:34:58.053,1,0,1,0,0
14:34:58.053,0,0,1,0,0
14:34:58.165,0,0,1,0,0
14:34:58.165,1,0,1,0,0
14:34:58.249,1,0,1,0,0
14:34:58.249,0,0,1,0,0
14:34:58.345,0,0,1,0,0
14:34:58.345,1,0,1,0,0
14:34:58.442,1,0,1,0,0
14:34:58.442,0,0,1,0,0
14:34:58.540,0,0,1,0,0
14:34:58.540,1,0,1,0,0
14:34:58.622,1,0,1,0,0
14:34:58.622,0,0,1,0,0
14:34:58.690,0,0,1,0,0
14:34:58.690,1,0,1,0,0
14:34:58.717,1,0,1,0,0
14:34:58.717,1,0,0,0,0
14:34:58.792,1,0,0,0,0
14:34:58.792,0,0,0,0,0
14:34:58.902,0,0,0,0,0
14:34:58.902,1,0,0,0,0
14:34:59.009,1,0,0,0,0
14:34:59.009,0,0,0,0,0
14:34:59.107,0,0,0,0,0
14:34:59.107,1,0,0,0,0
14:34:59.226,1,0,0,0,0
14:34:59.226,0,0,0,0,0
14:34:59.308,0,0,0,0,0
14:34:59.308,1,0,0,0,0
14:34:59.383,1,0,0,0,0
14:34:59.383,0,0,0,0,0
14:34:59.456,0,0,0,0,0
14:34:59.456,1,0,0,0,0
14:34:59.536,1,0,0,0,0
14:34:59.536,0,0,0,0,0
14:34:59.643,0,0,0,0,0
14:34:59.643,1,0,0,0,0
14:34:59.704,1,0,0,0,0
14:34:59.704,0,0,0,0,0
14:34:59.805,0,0,0,0,0
14:34:59.805,1,0,0,0,0
14:34:59.893,1,0,0,0,0
14:34:59.893,0,0,0,0,0
14:34:59.977,0,0,0,0,0
14:34:59.977,1,0,0,0,0
14:35:00.092,1,0,0,0,0
14:35:00.092,0,0,0,0,0
14:35:00.194,0,0,0,0,0
14:35:00.194,1,0,0,0,0
14:35:00.281,1,0,0,0,0
14:35:00.281,0,0,0,0,0
14:35:00.358,0,0,0,0,0
14:35:00.358,1,0,0,0,0
14:35:00.470,1,0,0,0,0
14:35:00.470,0,0,0,0,0
14:35:00.564,0,0,0,0,0
14:35:00.564,1,0,0,0,0
14:35:00.652,1,0,0,0,0
14:35:00.652,0,0,0,0,0
14:35:00.748,0,0,0,0,0
14:35:00.748,1,0,0,0,0
14:35:00.846,1,0,0,0,0
14:35:00.846,0,0,0,0,0
14:35:00.949,0,0,0,0,0
14:35:00.949,1,0,0,0,0
14:35:01.056,1,0,0,0,0
14:35:01.056,0,0,0,0,0
14:35:01.151,0,0,0,0,0
14:35:01.151,1,0,0,0,0
14:35:01.250,1,0,0,0,0
14:35:01.250,0,0,0,0,0
14:35:01.331,0,0,0,0,0
14:35:01.331,1,0,0,0,0
14:35:01.437,1,0,0,0,0
14:35:01.437,0,0,0,0,0
14:35:01.536,0,0,0,0,0
14:35:01.536,1,0,0,0,0
14:35:01.633,1,0,0,0,0
14:35:01.633,0,0,0,0,0
14:35:01.697,0,0,0,0,0
14:35:01.697,1,0,0,0,0
14:35:01.771,1,0,0,0,0
14:35:01.771,0,0,0,0,0
14:35:01.882,0,0,0,0,0
14:35:01.882,1,0,0,0,0
14:35:02.015,1,0,0,0,0
14:35:02.015,0,0,0,0,0
14:35:02.141,0,0,0,0,0
14:35:02.141,1,0,0,0,0
14:35:02.236,1,0,0,0,0
14:35:02.236,0,0,0,0,0
14:35:02.353,0,0,0,0,0
14:35:02.353,1,0,0,0,0
14:35:02.440,1,0,0,0,0
14:35:02.440,0,0,0,0,0
14:35:02.536,0,0,0,0,0
14:35:02.536,1,0,0,0,0
14:35:02.649,1,0,0,0,0
14:35:02.649,0,0,0,0,0
14:35:02.795,0,0,0,0,0
14:35:02.795,1,0,0,0,0
14:35:02.906,1,0,0,0,0
14:35:02.906,0,0,0,0,0
14:35:02.997,0,0,0,0,0
14:35:02.997,1,0,0,0,0
14:35:03.087,1,0,0,0,0
14:35:03.087,0,0,0,0,0
14:35:03.184,0,0,0,0,0
14:35:03.184,1,0,0,0,0
14:35:03.267,1,0,0,0,0
14:35:03.267,0,0,0,0,0
14:35:03.369,0,0,0,0,0
14:35:03.369,1,0,0,0,0
14:35:03.454,1,0,0,0,0
14:35:03.454,0,0,0,0,0
14:35:03.534,0,0,0,0,0
14:35:03.534,1,0,0,0,0
14:35:03.582,1,0,0,0,0
14:35:03.582,0,0,0,0,0
14:35:03.671,0,0,0,0,0
14:35:03.671,1,0,0,0,0
14:35:03.776,1,0,0,0,0
14:35:03.776,0,0,0,0,0
14:35:03.850,0,0,0,0,0
14:35:03.850,1,0,0,0,0
14:35:03.926,1,0,0,0,0
14:35:03.926,0,0,0,0,0
14:35:04.010,0,0,0,0,0
14:35:04.010,1,0,0,0,0
14:35:04.078,1,0,0,0,0
14:35:04.078,0,0,0,0,0
14:35:04.160,0,0,0,0,0
14:35:04.160,1,0,0,0,0
14:35:04.235,1,0,0,0,0
14:35:04.235,0,0,0,0,0
14:35:04.327,0,0,0,0,0
14:35:04.327,1,0,0,0,0
14:35:04.412,1,0,0,0,0
14:35:04.412,0,0,0,0,0
14:35:04.489,0,0,0,0,0
14:35:04.489,1,0,0,0,0
14:35:04.580,1,0,0,0,0
14:35:04.580,0,0,0,0,0
14:35:04.660,0,0,0,0,0
14:35:04.660,1,0,0,0,0
14:35:04.761,1,0,0,0,0
14:35:04.761,0,0,0,0,0
14:35:04.838,0,0,0,0,0
14:35:04.838,1,0,0,0,0
14:35:04.940,1,0,0,0,0
14:35:04.940,0,0,0,0,0
14:35:05.055,0,0,0,0,0
14:35:05.055,1,0,0,0,0
14:35:05.150,1,0,0,0,0
14:35:05.150,0,0,0,0,0
14:35:05.239,0,0,0,0,0
14:35:05.239,1,0,0,0,0
14:35:05.309,1,0,0,0,0
14:35:05.309,0,0,0,0,0
14:35:05.383,0,0,0,0,0
14:35:05.383,1,0,0,0,0
14:35:05.466,1,0,0,0,0
14:35:05.466,0,0,0,0,0
14:35:05.534,0,0,0,0,0
14:35:05.534,1,0,0,0,0
14:35:05.607,1,0,0,0,0
14:35:05.607,0,0,0,0,0
14:35:05.710,0,0,0,0,0
14:35:05.710,1,0,0,0,0
14:35:05.805,1,0,0,0,0
14:35:05.805,0,0,0,0,0
14:35:05.902,0,0,0,0,0
14:35:05.902,1,0,0,0,0
14:35:05.985,1,0,0,0,0
14:35:05.985,0,0,0,0,0
14:35:06.092,0,0,0,0,0
14:35:06.092,1,0,0,0,0
14:35:06.195,1,0,0,0,0
14:35:06.195,0,0,0,0,0
14:35:06.289,0,0,0,0,0
14:35:06.289,1,0,0,0,0
14:35:06.354,1,0,0,0,0
14:35:06.354,0,0,0,0,0
14:35:06.421,0,0,0,0,0
14:35:06.421,1,0,0,0,0
14:35:06.502,1,0,0,0,0
14:35:06.502,0,0,0,0,0
14:35:06.578,0,0,0,0,0
14:35:06.578,1,0,0,0,0
14:35:06.654,1,0,0,0,0
14:35:06.654,0,0,0,0,0
14:35:06.738,0,0,0,0,0
14:35:06.738,1,0,0,0,0
14:35:06.813,1,0,0,0,0
14:35:06.813,0,0,0,0,0
14:35:06.877,0,0,0,0,0
14:35:06.877,1,0,0,0,0
14:35:06.989,1,0,0,0,0
14:35:06.989,0,0,0,0,0
14:35:07.079,0,0,0,0,0
14:35:07.079,1,0,0,0,0
14:35:07.172,1,0,0,0,0
14:35:07.172,0,0,0,0,0
14:35:07.245,0,0,0,0,0
14:35:07.245,1,0,0,0,0
14:35:07.314,1,0,0,0,0
14:35:07.314,0,0,0,0,0
14:35:07.420,0,0,0,0,0
14:35:07.420,1,0,0,0,0
14:35:07.514,1,0,0,0,0
14:35:07.514,0,0,0,0,0
14:35:07.583,0,0,0,0,0
14:35:07.583,1,0,0,0,0
14:35:07.655,1,0,0,0,0
14:35:07.655,0,0,0,0,0
14:35:07.734,0,0,0,0,0
14:35:07.734,1,0,0,0,0
14:35:07.822,1,0,0,0,0
14:35:07.822,0,0,0,0,0
14:35:07.900,0,0,0,0,0
14:35:07.900,1,0,0,0,0
14:35:07.963,1,0,0,0,0
14:35:07.963,0,0,0,0,0
14:35:08.045,0,0,0,0,0
14:35:08.045,1,0,0,0,0
14:35:08.119,1,0,0,0,0
14:35:08.119,0,0,0,0,0
14:35:08.208,0,0,0,0,0
14:35:08.208,1,0,0,0,0
14:35:08.322,1,0,0,0,0
14:35:08.322,0,0,0,0,0
14:35:08.417,0,0,0,0,0
14:35:08.417,1,0,0,0,0
14:35:08.520,1,0,0,0,0
14:35:08.520,0,0,0,0,0
14:35:08.616,0,0,0,0,0
14:35:08.616,1,0,0,0,0
14:35:08.709,1,0,0,0,0
14:35:08.709,0,0,0,0,0
14:35:08.794,0,0,0,0,0
14:35:08.794,1,0,0,0,0
14:35:08.900,1,0,0,0,0
14:35:08.900,0,0,0,0,0
14:35:09.001,0,0,0,0,0
14:35:09.001,1,0,0,0,0
14:35:09.146,1,0,0,0,0
14:35:09.146,0,0,0,0,0
14:35:09.256,0,0,0,0,0
14:35:09.256,1,0,0,0,0
14:35:09.352,1,0,0,0,0
14:35:09.352,0,0,0,0,0
14:35:09.468,0,0,0,0,0
14:35:09.468,1,0,0,0,0
14:35:09.584,1,0,0,0,0
14:35:09.584,0,0,0,0,0
14:35:09.693,0,0,0,0,0
14:35:09.693,1,0,0,0,0
14:35:09.813,1,0,0,0,0
14:35:09.813,0,0,0,0,0
14:35:09.918,0,0,0,0,0
14:35:09.918,1,0,0,0,0
14:35:10.023,1,0,0,0,0
14:35:10.023,0,0,0,0,0
14:35:10.134,0,0,0,0,0
14:35:10.134,1,0,0,0,0
14:35:10.232,1,0,0,0,0
14:35:10.232,0,0,0,0,0
14:35:10.339,0,0,0,0,0
14:35:10.339,1,0,0,0,0
14:35:10.423,1,0,0,0,0
14:35:10.423,0,0,0,0,0
14:35:10.503,0,0,0,0,0
14:35:10.503,1,0,0,0,0
14:35:10.600,1,0,0,0,0
14:35:10.600,0,0,0,0,0
14:35:10.687,0,0,0,0,0
14:35:10.687,1,0,0,0,0
14:35:10.772,1,0,0,0,0
14:35:10.772,0,0,0,0,0
14:35:10.845,0,0,0,0,0
14:35:10.845,1,0,0,0,0
14:35:10.920,1,0,0,0,0
14:35:10.920,0,0,0,0,0
14:35:10.990,0,0,0,0,0
14:35:10.990,1,0,0,0,0
14:35:11.064,1,0,0,0,0
14:35:11.064,0,0,0,0,0
14:35:11.154,0,0,0,0,0
14:35:11.154,1,0,0,0,0
14:35:11.296,1,0,0,0,0
14:35:11.296,0,0,0,0,0
14:35:11.402,0,0,0,0,0
14:35:11.402,1,0,0,0,0
14:35:11.522,1,0,0,0,0
14:35:11.522,0,0,0,0,0
14:35:11.619,0,0,0,0,0
14:35:11.619,1,0,0,0,0
14:35:11.658,1,0,0,0,0
14:35:11.658,0,0,0,0,0
14:35:11.752,0,0,0,0,0
14:35:11.752,1,0,0,0,0
14:35:11.835,1,0,0,0,0
14:35:11.835,0,0,0,0,0
14:35:11.962,0,0,0,0,0
14:35:11.962,1,0,0,0,0
14:35:12.088,1,0,0,0,0
14:35:12.088,0,0,0,0,0
14:35:12.234,0,0,0,0,0
14:35:12.234,1,0,0,0,0
14:35:12.352,1,0,0,0,0
14:35:12.352,0,0,0,0,0
14:35:12.443,0,0,0,0,0
14:35:12.443,1,0,0,0,0
14:35:12.528,1,0,0,0,0
14:35:12.528,0,0,0,0,0
14:35:12.628,0,0,0,0,0
14:35:12.628,1,0,0,0,0
14:35:12.720,1,0,0,0,0
14:35:12.720,0,0,0,0,0
14:35:12.803,0,0,0,0,0
14:35:12.803,1,0,0,0,0
14:35:12.870,1,0,0,0,0
14:35:12.870,0,0,0,0,0
14:35:12.946,0,0,0,0,0
14:35:12.946,1,0,0,0,0
14:35:13.048,1,0,0,0,0
14:35:13.048,0,0,0,0,0
14:35:13.161,0,0,0,0,0
14:35:13.161,1,0,0,0,0
14:35:13.255,1,0,0,0,0
14:35:13.255,0,0,0,0,0
14:35:13.338,0,0,0,0,0
14:35:13.338,1,0,0,0,0
14:35:13.452,1,0,0,0,0
14:35:13.452,0,0,0,0,0
14:35:13.541,0,0,0,0,0
14:35:13.541,1,0,0,0,0
14:35:13.617,1,0,0,0,0
14:35:13.617,0,0,0,0,0
14:35:13.701,0,0,0,0,0
14:35:13.701,1,0,0,0,0
14:35:13.759,1,0,0,0,0
14:35:13.759,0,0,0,0,0
14:35:13.841,0,0,0,0,0
14:35:13.841,1,0,0,0,0
14:35:13.928,1,0,0,0,0
14:35:13.928,0,0,0,0,0
14:35:13.996,0,0,0,0,0
14:35:13.996,1,0,0,0,0
14:35:14.059,1,0,0,0,0
14:35:14.059,0,0,0,0,0
14:35:14.138,0,0,0,0,0
14:35:14.138,1,0,0,0,0
14:35:14.225,1,0,0,0,0
14:35:14.225,0,0,0,0,0
14:35:14.336,0,0,0,0,0
14:35:14.336,1,0,0,0,0
14:35:14.441,1,0,0,0,0
14:35:14.441,0,0,0,0,0
14:35:14.542,0,0,0,0,0
14:35:14.542,1,0,0,0,0
14:35:14.640,1,0,0,0,0
14:35:14.640,0,0,0,0,0
14:35:14.746,0,0,0,0,0
14:35:14.746,1,0,0,0,0
14:35:14.833,1,0,0,0,0
14:35:14.833,0,0,0,0,0
14:35:14.898,0,0,0,0,0
14:35:14.898,1,0,0,0,0
14:35:14.973,1,0,0,0,0
14:35:14.973,0,0,0,0,0
14:35:15.085,0,0,0,0,0
14:35:15.085,1,0,0,0,0
14:35:15.218,1,0,0,0,0
14:35:15.218,0,0,0,0,0
14:35:15.328,0,0,0,0,0
14:35:15.328,1,0,0,0,0
14:35:15.419,1,0,0,0,0
14:35:15.419,0,0,0,0,0
14:35:15.514,0,0,0,0,0
14:35:15.514,1,0,0,0,0
14:35:15.612,1,0,0,0,0
14:35:15.612,0,0,0,0,0
14:35:15.689,0,0,0,0,0
14:35:15.689,1,0,0,0,0
14:35:15.768,1,0,0,0,0
14:35:15.768,0,0,0,0,0
14:35:15.852,0,0,0,0,0
14:35:15.852,1,0,0,0,0
14:35:15.940,1,0,0,0,0
14:35:15.940,0,0,0,0,0
14:35:16.039,0,0,0,0,0
14:35:16.039,1,0,0,0,0
14:35:16.112,1,0,0,0,0
14:35:16.112,0,0,0,0,0
14:35:16.176,0,0,0,0,0
14:35:16.176,1,0,0,0,0
14:35:16.244,1,0,0,0,0
14:35:16.244,0,0,0,0,0
14:35:16.319,0,0,0,0,0
14:35:16.319,1,0,0,0,0
14:35:16.394,1,0,0,0,0
14:35:16.394,0,0,0,0,0
14:35:16.478,0,0,0,0,0
14:35:16.478,1,0,0,0,0
14:35:16.542,1,0,0,0,0
14:35:16.542,0,0,0,0,0
14:35:16.615,0,0,0,0,0
14:35:16.615,1,0,0,0,0
14:35:16.685,1,0,0,0,0
14:35:16.685,0,0,0,0,0
14:35:16.762,0,0,0,0,0
14:35:16.762,0,0,1,0,0
14:35:16.762,0,0,1,0,0
14:35:16.762,1,0,1,0,0
14:35:16.896,1,0,1,0,0
14:35:16.896,0,0,1,0,0
14:35:16.972,0,0,1,0,0
14:35:16.972,1,0,1,0,0
14:35:17.055,1,0,1,0,0
14:35:17.055,0,0,1,0,0
14:35:17.150,0,0,1,0,0
14:35:17.150,1,0,1,0,0
14:35:17.242,1,0,1,0,0
14:35:17.242,0,0,1,0,0
14:35:17.346,0,0,1,0,0
14:35:17.346,1,0,1,0,0
14:35:17.428,1,0,1,0,0
14:35:17.428,0,0,1,0,0
14:35:17.509,0,0,1,0,0
14:35:17.509,1,0,1,0,0
14:35:17.605,1,0,1,0,0
14:35:17.605,0,0,1,0,0
14:35:17.704,0,0,1,0,0
14:35:17.704,1,0,1,0,0
14:35:17.804,1,0,1,0,0
14:35:17.804,0,0,1,0,0
14:35:17.887,0,0,1,0,0
14:35:17.887,1,0,1,0,0
14:35:17.962,1,0,1,0,0
14:35:17.962,0,0,1,0,0
14:35:18.029,0,0,1,0,0
14:35:18.029,1,0,1,0,0
14:35:18.109,1,0,1,0,0
14:35:18.109,0,0,1,0,0
14:35:18.188,0,0,1,0,0
14:35:18.188,1,0,1,0,0
14:35:18.250,1,0,1,0,0
14:35:18.250,0,0,1,0,0
14:35:18.340,0,0,1,0,0
14:35:18.340,1,0,1,0,0
14:35:18.431,1,0,1,0,0
14:35:18.431,0,0,1,0,0
14:35:18.526,0,0,1,0,0
14:35:18.526,1,0,1,0,0
14:35:18.631,1,0,1,0,0
14:35:18.631,0,0,1,0,0
14:35:18.730,0,0,1,0,0
14:35:18.730,1,0,1,0,0
14:35:18.804,1,0,1,0,0
14:35:18.804,0,0,1,0,0
14:35:18.875,0,0,1,0,0
14:35:18.875,1,0,1,0,0
14:35:18.946,1,0,1,0,0
14:35:18.946,0,0,1,0,0
14:35:19.032,0,0,1,0,0
14:35:19.032,1,0,1,0,0
14:35:19.103,1,0,1,0,0
14:35:19.103,0,0,1,0,0
14:35:19.185,0,0,1,0,0
14:35:19.185,1,0,1,0,0
14:35:19.291,1,0,1,0,0
14:35:19.291,0,0,1,0,0
14:35:19.370,0,0,1,0,0
14:35:19.370,1,0,1,0,0
14:35:19.465,1,0,1,0,0
14:35:19.465,0,0,1,0,0
14:35:19.538,0,0,1,0,0
14:35:19.538,1,0,1,0,0
14:35:19.621,1,0,1,0,0
14:35:19.621,0,0,1,0,0
14:35:19.710,0,0,1,0,0
14:35:19.710,1,0,1,0,0
14:35:19.797,1,0,1,0,0
14:35:19.797,0,0,1,0,0
14:35:19.908,0,0,1,0,0
14:35:19.908,1,0,1,0,0
14:35:19.978,1,0,1,0,0
14:35:19.978,0,0,1,0,0
14:35:20.082,0,0,1,0,0
14:35:20.082,1,0,1,0,0
14:35:20.155,1,0,1,0,0
14:35:20.155,0,0,1,0,0
14:35:20.235,0,0,1,0,0
14:35:20.235,1,0,1,0,0
14:35:20.316,1,0,1,0,0
14:35:20.316,0,0,1,0,0
14:35:20.399,0,0,1,0,0
14:35:20.399,1,0,1,0,0
14:35:20.483,1,0,1,0,0
14:35:20.483,0,0,1,0,0
14:35:20.566,0,0,1,0,0
14:35:20.566,1,0,1,0,0
14:35:20.647,1,0,1,0,0
14:35:20.647,0,0,1,0,0
14:35:20.761,0,0,1,0,0
14:35:20.761,1,0,1,0,0
14:35:20.870,1,0,1,0,0
14:35:20.870,0,0,1,0,0
14:35:20.951,0,0,1,0,0
14:35:20.951,1,0,1,0,0
14:35:21.029,1,0,1,0,0
14:35:21.029,0,0,1,0,0
14:35:21.130,0,0,1,0,0
14:35:21.130,1,0,1,0,0
14:35:21.214,1,0,1,0,0
14:35:21.214,0,0,1,0,0
14:35:21.312,0,0,1,0,0
14:35:21.312,1,0,1,0,0
14:35:21.405,1,0,1,0,0
14:35:21.405,0,0,1,0,0
14:35:21.484,0,0,1,0,0
14:35:21.484,1,0,1,0,0
14:35:21.592,1,0,1,0,0
14:35:21.592,0,0,1,0,0
14:35:21.686,0,0,1,0,0
14:35:21.686,1,0,1,0,0
14:35:21.781,1,0,1,0,0
14:35:21.781,0,0,1,0,0
14:35:21.879,0,0,1,0,0
14:35:21.879,1,0,1,0,0
14:35:21.995,1,0,1,0,0
14:35:21.995,0,0,1,0,0
14:35:22.098,0,0,1,0,0
14:35:22.098,1,0,1,0,0
14:35:22.212,1,0,1,0,0
14:35:22.212,0,0,1,0,0
14:35:22.306,0,0,1,0,0
14:35:22.306,1,0,1,0,0
14:35:22.400,1,0,1,0,0
14:35:22.400,0,0,1,0,0
14:35:22.481,0,0,1,0,0
14:35:22.481,1,0,1,0,0
14:35:22.578,1,0,1,0,0
14:35:22.578,0,0,1,0,0
14:35:22.639,0,0,1,0,0
14:35:22.639,1,0,1,0,0
14:35:22.736,1,0,1,0,0
14:35:22.736,0,0,1,0,0
14:35:22.861,0,0,1,0,0
14:35:22.861,1,0,1,0,0
14:35:22.961,1,0,1,0,0
14:35:22.961,0,0,1,0,0
14:35:23.044,0,0,1,0,0
14:35:23.044,1,0,1,0,0
14:35:23.128,1,0,1,0,0
14:35:23.128,0,0,1,0,0
14:35:23.223,0,0,1,0,0
14:35:23.223,1,0,1,0,0
14:35:23.294,1,0,1,0,0
14:35:23.294,0,0,1,0,0
14:35:23.378,0,0,1,0,0
14:35:23.378,1,0,1,0,0
14:35:23.497,1,0,1,0,0
14:35:23.497,0,0,1,0,0
14:35:23.586,0,0,1,0,0
14:35:23.586,1,0,1,0,0
14:35:23.681,1,0,1,0,0
14:35:23.681,0,0,1,0,0
14:35:23.776,0,0,1,0,0
14:35:23.776,1,0,1,0,0
14:35:23.878,1,0,1,0,0
14:35:23.878,0,0,1,0,0
14:35:23.962,0,0,1,0,0
14:35:23.962,1,0,1,0,0
14:35:24.052,1,0,1,0,0
14:35:24.052,0,0,1,0,0
14:35:24.160,0,0,1,0,0
14:35:24.160,1,0,1,0,0
14:35:24.258,1,0,1,0,0
14:35:24.258,0,0,1,0,0
14:35:24.334,0,0,1,0,0
14:35:24.334,1,0,1,0,0
14:35:24.412,1,0,1,0,0
14:35:24.412,0,0,1,0,0
14:35:24.490,0,0,1,0,0
14:35:24.490,1,0,1,0,0
14:35:24.617,1,0,1,0,0
14:35:24.617,0,0,1,0,0
14:35:24.714,0,0,1,0,0
14:35:24.714,1,0,1,0,0
14:35:24.809,1,0,1,0,0
14:35:24.809,0,0,1,0,0
14:35:24.871,0,0,1,0,0
14:35:24.871,1,0,1,0,0
14:35:24.972,1,0,1,0,0
14:35:24.972,0,0,1,0,0
14:35:25.054,0,0,1,0,0
14:35:25.054,1,0,1,0,0
14:35:25.143,1,0,1,0,0
14:35:25.143,0,0,1,0,0
14:35:25.207,0,0,1,0,0
14:35:25.207,1,0,1,0,0
14:35:25.287,1,0,1,0,0
14:35:25.287,0,0,1,0,0
14:35:25.398,0,0,1,0,0
14:35:25.398,1,0,1,0,0
14:35:25.487,1,0,1,0,0
14:35:25.487,0,0,1,0,0
14:35:25.588,0,0,1,0,0
14:35:25.588,1,0,1,0,0
14:35:25.674,1,0,1,0,0
14:35:25.674,0,0,1,0,0
14:35:25.778,0,0,1,0,0
14:35:25.778,1,0,1,0,0
14:35:25.883,1,0,1,0,0
14:35:25.883,0,0,1,0,0
14:35:25.967,0,0,1,0,0
14:35:25.967,1,0,1,0,0
14:35:26.041,1,0,1,0,0
14:35:26.041,0,0,1,0,0
14:35:26.122,0,0,1,0,0
14:35:26.122,1,0,1,0,0
14:35:26.212,1,0,1,0,0
14:35:26.212,0,0,1,0,0
14:35:26.311,0,0,1,0,0
14:35:26.311,1,0,1,0,0
14:35:26.385,1,0,1,0,0
14:35:26.385,0,0,1,0,0
14:35:26.474,0,0,1,0,0
14:35:26.474,1,0,1,0,0
14:35:26.556,1,0,1,0,0
14:35:26.556,0,0,1,0,0
14:35:26.651,0,0,1,0,0
14:35:26.651,1,0,1,0,0
14:35:26.771,1,0,1,0,0
14:35:26.771,0,0,1,0,0
14:35:26.872,0,0,1,0,0
14:35:26.872,1,0,1,0,0
14:35:26.990,1,0,1,0,0
14:35:26.990,0,0,1,0,0
14:35:27.098,0,0,1,0,0
14:35:27.098,1,0,1,0,0
14:35:27.255,1,0,1,0,0
14:35:27.255,0,0,1,0,0
14:35:27.356,0,0,1,0,0
14:35:27.356,1,0,1,0,0
14:35:27.451,1,0,1,0,0
14:35:27.451,0,0,1,0,0
14:35:27.535,0,0,1,0,0
14:35:27.535,1,0,1,0,0
14:35:27.671,1,0,1,0,0
14:35:27.671,0,0,1,0,0
14:35:27.799,0,0,1,0,0
14:35:27.799,1,0,1,0,0
14:35:27.936,1,0,1,0,0
14:35:27.936,0,0,1,0,0
14:35:28.074,0,0,1,0,0
14:35:28.074,1,0,1,0,0
14:35:28.156,1,0,1,0,0
14:35:28.156,0,0,1,0,0
14:35:28.267,0,0,1,0,0
14:35:28.267,1,0,1,0,0
14:35:28.372,1,0,1,0,0
14:35:28.372,0,0,1,0,0
14:35:28.437,0,0,1,0,0
14:35:28.437,1,0,1,0,0
14:35:28.561,1,0,1,0,0
14:35:28.561,0,0,1,0,0
14:35:28.660,0,0,1,0,0
14:35:28.660,1,0,1,0,0
14:35:28.761,1,0,1,0,0
14:35:28.761,0,0,1,0,0
14:35:28.892,0,0,1,0,0
14:35:28.892,1,0,1,0,0
14:35:29.001,1,0,1,0,0
14:35:29.001,0,0,1,0,0
14:35:29.119,0,0,1,0,0
14:35:29.119,1,0,1,0,0
14:35:29.242,1,0,1,0,0
14:35:29.242,0,0,1,0,0
14:35:29.367,0,0,1,0,0
14:35:29.367,1,0,1,0,0
14:35:29.467,1,0,1,0,0
14:35:29.467,0,0,1,0,0
14:35:29.575,0,0,1,0,0
14:35:29.575,1,0,1,0,0
14:35:29.668,1,0,1,0,0
14:35:29.668,0,0,1,0,0
14:35:29.758,0,0,1,0,0
14:35:29.758,1,0,1,0,0
14:35:29.847,1,0,1,0,0
14:35:29.847,0,0,1,0,0
14:35:29.930,0,0,1,0,0
14:35:29.930,1,0,1,0,0
14:35:30.015,1,0,1,0,0
14:35:30.015,0,0,1,0,0
14:35:30.095,0,0,1,0,0
14:35:30.095,1,0,1,0,0
14:35:30.186,1,0,1,0,0
14:35:30.186,0,0,1,0,0
14:35:30.281,0,0,1,0,0
14:35:30.281,1,0,1,0,0
14:35:30.383,1,0,1,0,0
14:35:30.383,0,0,1,0,0
14:35:30.509,0,0,1,0,0
14:35:30.509,1,0,1,0,0
14:35:30.612,1,0,1,0,0
14:35:30.612,0,0,1,0,0
14:35:30.701,0,0,1,0,0
14:35:30.701,1,0,1,0,0
14:35:30.802,1,0,1,0,0
14:35:30.802,0,0,1,0,0
14:35:30.869,0,0,1,0,0
14:35:30.869,1,0,1,0,0
14:35:30.972,1,0,1,0,0
14:35:30.972,0,0,1,0,0
14:35:31.083,0,0,1,0,0
14:35:31.083,1,0,1,0,0
14:35:31.155,1,0,1,0,0
14:35:31.155,0,0,1,0,0
14:35:31.218,0,0,1,0,0
14:35:31.218,1,0,1,0,0
14:35:31.297,1,0,1,0,0
14:35:31.297,0,0,1,0,0
14:35:31.377,0,0,1,0,0
14:35:31.377,1,0,1,0,0
14:35:31.459,1,0,1,0,0
14:35:31.459,0,0,1,0,0
14:35:31.560,0,0,1,0,0
14:35:31.560,1,0,1,0,0
14:35:31.661,1,0,1,0,0
14:35:31.661,0,0,1,0,0
14:35:31.742,0,0,1,0,0
14:35:31.742,1,0,1,0,0
14:35:31.840,1,0,1,0,0
14:35:31.840,0,0,1,0,0
14:35:31.961,0,0,1,0,0
14:35:31.961,1,0,1,0,0
14:35:32.040,1,0,1,0,0
14:35:32.040,0,0,1,0,0
14:35:32.121,0,0,1,0,0
14:35:32.121,1,0,1,0,0
14:35:32.217,1,0,1,0,0
14:35:32.217,0,0,1,0,0
14:35:32.295,0,0,1,0,0
14:35:32.295,1,0,1,0,0
14:35:32.385,1,0,1,0,0
14:35:32.385,0,0,1,0,0
14:35:32.459,0,0,1,0,0
14:35:32.459,1,0,1,0,0
14:35:32.531,1,0,1,0,0
14:35:32.531,0,0,1,0,0
14:35:32.604,0,0,1,0,0
14:35:32.604,1,0,1,0,0
14:35:32.678,1,0,1,0,0
14:35:32.678,0,0,1,0,0
14:35:32.769,0,0,1,0,0
14:35:32.769,1,0,1,0,0
14:35:32.847,1,0,1,0,0
14:35:32.847,0,0,1,0,0
14:35:32.917,0,0,1,0,0
14:35:32.917,1,0,1,0,0
14:35:32.995,1,0,1,0,0
14:35:32.995,0,0,1,0,0
14:35:33.089,0,0,1,0,0
14:35:33.089,1,0,1,0,0
14:35:33.210,1,0,1,0,0
14:35:33.210,0,0,1,0,0
14:35:33.307,0,0,1,0,0
14:35:33.307,1,0,1,0,0
14:35:33.387,1,0,1,0,0
14:35:33.387,0,0,1,0,0
14:35:33.454,0,0,1,0,0
14:35:33.454,1,0,1,0,0
14:35:33.537,1,0,1,0,0
14:35:33.537,0,0,1,0,0
14:35:33.629,0,0,1,0,0
14:35:33.629,1,0,1,0,0
14:35:33.704,1,0,1,0,0
14:35:33.704,0,0,1,0,0
14:35:33.775,0,0,1,0,0
14:35:33.775,1,0,1,0,0
14:35:33.860,1,0,1,0,0
14:35:33.860,0,0,1,0,0
14:35:33.942,0,0,1,0,0
14:35:33.942,1,0,1,0,0
14:35:34.055,1,0,1,0,0
14:35:34.055,0,0,1,0,0
14:35:34.132,0,0,1,0,0
14:35:34.132,1,0,1,0,0
14:35:34.196,1,0,1,0,0
14:35:34.196,0,0,1,0,0
14:35:34.279,0,0,1,0,0
14:35:34.279,1,0,1,0,0
14:35:34.370,1,0,1,0,0
14:35:34.370,0,0,1,0,0
14:35:34.483,0,0,1,0,0
14:35:34.483,1,0,1,0,0
14:35:34.579,1,0,1,0,0
14:35:34.579,0,0,1,0,0
14:35:34.684,0,0,1,0,0
14:35:34.684,1,0,1,0,0
14:35:34.770,1,0,1,0,0
14:35:34.770,0,0,1,0,0
14:35:34.770,0,0,1,0,0
14:35:34.770,0,0,0,0,0
14:35:34.829,0,0,0,0,0
14:35:34.829,1,0,0,0,0
14:35:34.907,1,0,0,0,0
14:35:34.907,0,0,0,0,0
14:35:34.968,0,0,0,0,0
14:35:34.968,1,0,0,0,0
14:35:35.046,1,0,0,0,0
14:35:35.046,0,0,0,0,0
14:35:35.110,0,0,0,0,0
14:35:35.110,1,0,0,0,0
14:35:35.187,1,0,0,0,0
14:35:35.187,0,0,0,0,0
14:35:35.299,0,0,0,0,0
14:35:35.299,1,0,0,0,0
14:35:35.378,1,0,0,0,0
14:35:35.378,0,0,0,0,0
14:35:35.478,0,0,0,0,0
14:35:35.478,1,0,0,0,0
14:35:35.565,1,0,0,0,0
14:35:35.565,0,0,0,0,0
14:35:35.640,0,0,0,0,0
14:35:35.640,1,0,0,0,0
14:35:35.718,1,0,0,0,0
14:35:35.718,0,0,0,0,0
14:35:35.810,0,0,0,0,0
14:35:35.810,1,0,0,0,0
14:35:35.911,1,0,0,0,0
14:35:35.911,0,0,0,0,0
14:35:36.027,0,0,0,0,0
14:35:36.027,1,0,0,0,0
14:35:36.146,1,0,0,0,0
14:35:36.146,0,0,0,0,0
14:35:36.246,0,0,0,0,0
14:35:36.246,1,0,0,0,0
14:35:36.334,1,0,0,0,0
14:35:36.334,0,0,0,0,0
14:35:36.442,0,0,0,0,0
14:35:36.442,1,0,0,0,0
14:35:36.577,1,0,0,0,0
14:35:36.577,0,0,0,0,0
14:35:36.661,0,0,0,0,0
14:35:36.661,1,0,0,0,0
14:35:36.768,1,0,0,0,0
14:35:36.768,0,0,0,0,0
14:35:36.878,0,0,0,0,0
14:35:36.878,1,0,0,0,0
14:35:36.979,1,0,0,0,0
14:35:36.979,0,0,0,0,0
14:35:37.048,0,0,0,0,0
14:35:37.048,1,0,0,0,0
14:35:37.127,1,0,0,0,0
14:35:37.127,0,0,0,0,0
14:35:37.218,0,0,0,0,0
14:35:37.218,1,0,0,0,0
14:35:37.291,1,0,0,0,0
14:35:37.291,0,0,0,0,0
14:35:37.398,0,0,0,0,0
14:35:37.398,1,0,0,0,0
14:35:37.492,1,0,0,0,0
14:35:37.492,0,0,0,0,0
14:35:37.565,0,0,0,0,0
14:35:37.565,1,0,0,0,0
14:35:37.645,1,0,0,0,0
14:35:37.645,0,0,0,0,0
14:35:37.718,0,0,0,0,0
14:35:37.718,1,0,0,0,0
14:35:37.797,1,0,0,0,0
14:35:37.797,0,0,0,0,0
14:35:37.872,0,0,0,0,0
14:35:37.872,1,0,0,0,0
14:35:37.951,1,0,0,0,0
14:35:37.951,0,0,0,0,0
14:35:38.034,0,0,0,0,0
14:35:38.034,1,0,0,0,0
14:35:38.117,1,0,0,0,0
14:35:38.117,0,0,0,0,0
14:35:38.232,0,0,0,0,0
14:35:38.232,1,0,0,0,0
14:35:38.319,1,0,0,0,0
14:35:38.319,0,0,0,0,0
14:35:38.400,0,0,0,0,0
14:35:38.400,1,0,0,0,0
14:35:38.512,1,0,0,0,0
14:35:38.512,0,0,0,0,0
14:35:38.609,0,0,0,0,0
14:35:38.609,1,0,0,0,0
14:35:38.698,1,0,0,0,0
14:35:38.698,0,0,0,0,0
14:35:38.780,0,0,0,0,0
14:35:38.780,1,0,0,0,0
14:35:38.859,1,0,0,0,0
14:35:38.859,0,0,0,0,0
14:35:38.938,0,0,0,0,0
14:35:38.938,1,0,0,0,0
14:35:39.016,1,0,0,0,0
14:35:39.016,0,0,0,0,0
14:35:39.109,0,0,0,0,0
14:35:39.109,1,0,0,0,0
14:35:39.188,1,0,0,0,0
14:35:39.188,0,0,0,0,0
14:35:39.319,0,0,0,0,0
14:35:39.319,1,0,0,0,0
14:35:39.403,1,0,0,0,0
14:35:39.403,0,0,0,0,0
14:35:39.495,0,0,0,0,0
14:35:39.495,1,0,0,0,0
14:35:39.581,1,0,0,0,0
14:35:39.581,0,0,0,0,0
14:35:39.672,0,0,0,0,0
14:35:39.672,1,0,0,0,0
14:35:39.765,1,0,0,0,0
14:35:39.765,0,0,0,0,0
14:35:39.838,0,0,0,0,0
14:35:39.838,1,0,0,0,0
14:35:39.928,1,0,0,0,0
14:35:39.928,0,0,0,0,0
14:35:40.036,0,0,0,0,0
14:35:40.036,1,0,0,0,0
14:35:40.151,1,0,0,0,0
14:35:40.151,0,0,0,0,0
14:35:40.270,0,0,0,0,0
14:35:40.270,1,0,0,0,0
14:35:40.370,1,0,0,0,0
14:35:40.370,0,0,0,0,0
14:35:40.447,0,0,0,0,0
14:35:40.447,1,0,0,0,0
14:35:40.520,1,0,0,0,0
14:35:40.520,0,0,0,0,0
14:35:40.592,0,0,0,0,0
14:35:40.592,1,0,0,0,0
14:35:40.709,1,0,0,0,0
14:35:40.709,0,0,0,0,0
14:35:40.837,0,0,0,0,0
14:35:40.837,1,0,0,0,0
14:35:40.948,1,0,0,0,0
14:35:40.948,0,0,0,0,0
14:35:41.074,0,0,0,0,0
14:35:41.074,1,0,0,0,0
14:35:41.160,1,0,0,0,0
14:35:41.160,0,0,0,0,0
14:35:41.250,0,0,0,0,0
14:35:41.250,1,0,0,0,0
14:35:41.355,1,0,0,0,0
14:35:41.355,0,0,0,0,0
14:35:41.443,0,0,0,0,0
14:35:41.443,1,0,0,0,0
14:35:41.543,1,0,0,0,0
14:35:41.543,0,0,0,0,0
14:35:41.606,0,0,0,0,0
14:35:41.606,1,0,0,0,0
14:35:41.694,1,0,0,0,0
14:35:41.694,0,0,0,0,0
14:35:41.788,0,0,0,0,0
14:35:41.788,1,0,0,0,0
14:35:41.882,1,0,0,0,0
14:35:41.882,0,0,0,0,0
14:35:41.982,0,0,0,0,0
14:35:41.982,1,0,0,0,0
14:35:42.096,1,0,0,0,0
14:35:42.096,0,0,0,0,0
14:35:42.209,0,0,0,0,0
14:35:42.209,1,0,0,0,0
14:35:42.324,1,0,0,0,0
14:35:42.324,0,0,0,0,0
14:35:42.425,0,0,0,0,0
14:35:42.425,1,0,0,0,0
14:35:42.534,1,0,0,0,0
14:35:42.534,0,0,0,0,0
14:35:42.645,0,0,0,0,0
14:35:42.645,1,0,0,0,0
14:35:42.734,1,0,0,0,0
14:35:42.734,0,0,0,0,0
14:35:42.817,0,0,0,0,0
14:35:42.817,1,0,0,0,0
14:35:42.918,1,0,0,0,0
14:35:42.918,0,0,0,0,0
14:35:43.036,0,0,0,0,0
14:35:43.036,1,0,0,0,0
14:35:43.154,1,0,0,0,0
14:35:43.154,0,0,0,0,0
14:35:43.262,0,0,0,0,0
14:35:43.262,1,0,0,0,0
14:35:43.387,1,0,0,0,0
14:35:43.387,0,0,0,0,0
14:35:43.465,0,0,0,0,0
14:35:43.465,1,0,0,0,0
14:35:43.540,1,0,0,0,0
14:35:43.540,0,0,0,0,0
14:35:43.620,0,0,0,0,0
14:35:43.620,1,0,0,0,0
14:35:43.706,1,0,0,0,0
14:35:43.706,0,0,0,0,0
14:35:43.819,0,0,0,0,0
14:35:43.819,1,0,0,0,0
14:35:43.950,1,0,0,0,0
14:35:43.950,0,0,0,0,0
14:35:44.045,0,0,0,0,0
14:35:44.045,1,0,0,0,0
14:35:44.130,1,0,0,0,0
14:35:44.130,0,0,0,0,0
14:35:44.265,0,0,0,0,0
14:35:44.265,1,0,0,0,0
14:35:44.341,1,0,0,0,0
14:35:44.341,0,0,0,0,0
14:35:44.418,0,0,0,0,0
14:35:44.418,1,0,0,0,0
14:35:44.537,1,0,0,0,0
14:35:44.537,0,0,0,0,0
14:35:44.664,0,0,0,0,0
14:35:44.664,1,0,0,0,0
14:35:44.770,1,0,0,0,0
14:35:44.770,0,0,0,0,0
14:35:44.845,0,0,0,0,0
14:35:44.845,1,0,0,0,0
14:35:44.925,1,0,0,0,0
14:35:44.925,0,0,0,0,0
14:35:45.020,0,0,0,0,0
14:35:45.020,1,0,0,0,0
14:35:45.103,1,0,0,0,0
14:35:45.103,0,0,0,0,0
14:35:45.201,0,0,0,0,0
14:35:45.201,1,0,0,0,0
14:35:45.284,1,0,0,0,0
14:35:45.284,0,0,0,0,0
14:35:45.364,0,0,0,0,0
14:35:45.364,1,0,0,0,0
14:35:45.411,1,0,0,0,0
14:35:45.411,0,0,0,0,0
14:36:20.209,0,0,0,0,0
14:36:20.209,1,0,0,0,0
14:36:22.015,1,0,0,0,0
14:36:22.015,0,0,0,0,0
14:36:23.567,0,0,0,0,0
14:36:23.567,1,0,0,0,0
14:36:26.428,1,0,0,0,0
14:36:26.428,0,0,0,0,0
14:36:44.436,0,0,0,0,0
14:36:44.436,1,0,0,0,0
14:36:44.868,1,0,1,0,0
14:36:44.868,1,0,0,0,0
14:36:44.889,1,0,1,0,0
14:36:44.889,1,0,0,0,0
14:36:56.663,1,0,0,0,0
14:36:56.663,1,0,1,0,0
14:36:56.751,1,0,1,0,0
14:36:56.751,1,0,0,0,0
14:36:57.251,1,0,0,0,0
14:36:57.251,1,0,1,0,0
14:36:57.754,1,0,1,0,0
14:36:57.754,1,0,0,0,0
14:36:58.257,1,0,0,0,0
14:36:58.257,1,0,1,0,0
14:36:58.763,1,0,1,0,0
14:36:58.763,1,0,0,0,0
14:36:59.270,1,0,0,0,0
14:36:59.270,1,0,1,0,0
14:36:59.820,1,0,1,0,0
14:36:59.820,1,0,0,0,0
14:37:00.320,1,0,0,0,0
14:37:00.320,1,0,1,0,0
14:37:00.821,1,0,1,0,0
14:37:00.821,1,0,0,0,0
14:37:01.323,1,0,0,0,0
14:37:01.323,1,0,1,0,0
14:37:01.828,1,0,1,0,0
14:37:01.828,1,0,0,0,0
14:37:02.389,1,0,0,0,0
14:37:02.389,1,0,1,0,0
14:37:02.494,1,0,1,0,0
14:37:02.494,0,0,1,0,0
14:37:02.895,0,0,1,0,0
14:37:02.895,0,0,0,0,0
14:37:03.406,0,0,0,0,0
14:37:03.406,0,0,1,0,0
14:37:03.910,0,0,1,0,0
14:37:03.910,0,0,0,0,0
14:37:04.415,0,0,0,0,0
14:37:04.415,0,0,1,0,0
14:37:04.923,0,0,1,0,0
14:37:04.923,0,0,0,0,0
14:37:05.424,0,0,0,0,0
14:37:05.424,0,0,1,0,0
14:37:05.926,0,0,1,0,0
14:37:05.926,0,0,0,0,0
14:37:06.433,0,0,0,0,0
14:37:06.433,0,0,1,0,0
14:37:06.958,0,0,1,0,0
14:37:06.958,0,0,0,0,0
14:37:07.470,0,0,0,0,0
14:37:07.470,0,0,1,0,0
14:37:07.980,0,0,1,0,0
14:37:07.980,0,0,0,0,0
14:37:08.480,0,0,0,0,0
14:37:08.480,0,0,1,0,0
14:37:08.986,0,0,1,0,0
14:37:08.986,0,0,0,0,0
14:37:09.494,0,0,0,0,0
14:37:09.494,0,0,1,0,0
14:37:09.995,0,0,1,0,0
14:37:09.995,0,0,0,0,0
14:37:10.496,0,0,0,0,0
14:37:10.496,0,0,1,0,0
14:37:11.011,0,0,1,0,0
14:37:11.011,0,0,0,0,0
14:37:11.515,0,0,0,0,0
14:37:11.515,0,0,1,0,0
14:37:12.026,0,0,1,0,0
14:37:12.026,0,0,0,0,0
14:37:12.528,0,0,0,0,0
14:37:12.528,0,0,1,0,0
14:37:13.036,0,0,1,0,0
14:37:13.036,0,0,0,0,0
14:37:13.536,0,0,0,0,0
14:37:13.536,0,0,1,0,0
14:37:14.042,0,0,1,0,0
14:37:14.042,0,0,0,0,0
14:37:14.547,0,0,0,0,0
14:37:14.547,0,0,1,0,0
14:37:15.056,0,0,1,0,0
14:37:15.056,0,0,0,0,0
14:37:15.563,0,0,0,0,0
14:37:15.563,0,0,1,0,0
14:37:16.064,0,0,1,0,0
14:37:16.064,0,0,0,0,0
14:37:16.573,0,0,0,0,0
14:37:16.573,0,0,1,0,0
14:37:17.080,0,0,1,0,0
14:37:17.080,0,0,0,0,0
14:37:17.585,0,0,0,0,0
14:37:17.585,0,0,1,0,0
14:37:18.098,0,0,1,0,0
14:37:18.098,0,0,0,0,0
14:37:18.611,0,0,0,0,0
14:37:18.611,0,0,1,0,0
14:37:19.114,0,0,1,0,0
14:37:19.114,0,0,0,0,0
14:37:19.625,0,0,0,0,0
14:37:19.625,0,0,1,0,0
14:37:20.125,0,0,1,0,0
14:37:20.125,0,0,0,0,0
14:37:20.524,0,0,0,0,0
14:37:20.524,1,0,0,0,0
14:37:20.631,1,0,0,0,0
14:37:20.631,1,0,1,0,0
14:37:21.141,1,0,1,0,0
14:37:21.141,1,0,0,0,0
14:37:21.646,1,0,0,0,0
14:37:21.646,1,0,1,0,0
14:37:22.149,1,0,1,0,0
14:37:22.149,1,0,0,0,0
14:37:22.654,1,0,0,0,0
14:37:22.654,1,0,1,0,0
14:37:23.166,1,0,1,0,0
14:37:23.166,1,0,0,0,0
14:37:23.680,1,0,0,0,0
14:37:23.680,1,0,1,0,0
14:37:24.188,1,0,1,0,0
14:37:24.188,1,0,0,0,0
14:37:24.693,1,0,0,0,0
14:37:24.693,1,0,1,0,0
14:37:25.195,1,0,1,0,0
14:37:25.195,1,0,0,0,0
14:37:25.708,1,0,0,0,0
14:37:25.708,1,0,1,0,0
14:37:26.222,1,0,1,0,0
14:37:26.222,1,0,0,0,0
14:37:26.729,1,0,0,0,0
14:37:26.729,1,0,1,0,0
14:37:27.235,1,0,1,0,0
14:37:27.235,1,0,0,0,0
14:37:27.740,1,0,0,0,0
14:37:27.740,1,0,1,0,0
14:37:28.248,1,0,1,0,0
14:37:28.248,1,0,0,0,0
14:37:28.756,1,0,0,0,0
14:37:28.756,1,0,1,0,0
14:37:29.260,1,0,1,0,0
14:37:29.260,1,0,0,0,0
14:37:29.765,1,0,0,0,0
14:37:29.765,1,0,1,0,0
14:37:30.310,1,0,1,0,0
14:37:30.310,1,0,0,0,0
14:37:30.822,1,0,0,0,0
14:37:30.822,1,0,1,0,0
14:37:31.320,1,0,1,0,0
14:37:31.320,1,0,0,0,0
14:37:31.833,1,0,0,0,0
14:37:31.833,1,0,1,0,0
14:37:32.390,1,0,1,0,0
14:37:32.390,1,0,0,0,0
14:37:32.893,1,0,0,0,0
14:37:32.893,1,0,1,0,0
14:37:33.398,1,0,1,0,0
14:37:33.398,1,0,0,0,0
14:37:33.905,1,0,0,0,0
14:37:33.905,1,0,1,0,0
14:37:34.457,1,0,1,0,0
14:37:34.457,1,0,0,0,0
14:37:34.976,1,0,0,0,0
14:37:34.976,1,0,1,0,0
14:37:35.476,1,0,1,0,0
14:37:35.476,1,0,0,0,0
14:37:35.977,1,0,0,0,0
14:37:35.977,1,0,1,0,0
14:37:36.483,1,0,1,0,0
14:37:36.483,1,0,0,0,0
14:37:36.997,1,0,0,0,0
14:37:36.997,1,0,1,0,0
14:37:37.506,1,0,1,0,0
14:37:37.506,1,0,0,0,0
14:37:38.015,1,0,0,0,0
14:37:38.015,1,0,1,0,0
14:37:38.516,1,0,1,0,0
14:37:38.516,1,0,0,0,0
14:37:38.535,1,0,0,0,0
14:37:38.535,0,0,0,0,0
14:37:39.022,0,0,0,0,0
14:37:39.022,0,0,1,0,0
14:37:39.530,0,0,1,0,0
14:37:39.530,0,0,0,0,0
14:37:40.034,0,0,0,0,0
14:37:40.034,0,0,1,0,0
14:37:40.545,0,0,1,0,0
14:37:40.545,0,0,0,0,0
14:37:41.079,0,0,0,0,0
14:37:41.079,0,0,1,0,0
14:37:41.581,0,0,1,0,0
14:37:41.581,0,0,0,0,0
14:37:42.088,0,0,0,0,0
14:37:42.088,0,0,1,0,0
14:37:42.594,0,0,1,0,0
14:37:42.594,0,0,0,0,0
14:37:43.123,0,0,0,0,0
14:37:43.123,0,0,1,0,0
14:37:43.637,0,0,1,0,0
14:37:43.637,0,0,0,0,0
14:37:44.141,0,0,0,0,0
14:37:44.141,0,0,1,0,0
14:37:44.646,0,0,1,0,0
14:37:44.646,0,0,0,0,0
14:37:45.158,0,0,0,0,0
14:37:45.158,0,0,1,0,0
14:37:45.658,0,0,1,0,0
14:37:45.658,0,0,0,0,0
14:37:46.163,0,0,0,0,0
14:37:46.163,0,0,1,0,0
14:37:46.672,0,0,1,0,0
14:37:46.672,0,0,0,0,0
14:37:47.181,0,0,0,0,0
14:37:47.181,0,0,1,0,0
14:37:47.696,0,0,1,0,0
14:37:47.696,0,0,0,0,0
14:37:48.206,0,0,0,0,0
14:37:48.206,0,0,1,0,0
14:37:48.713,0,0,1,0,0
14:37:48.713,0,0,0,0,0
14:37:49.228,0,0,0,0,0
14:37:49.228,0,0,1,0,0
14:37:49.734,0,0,1,0,0
14:37:49.734,0,0,0,0,0
14:37:50.240,0,0,0,0,0
14:37:50.240,0,0,1,0,0
14:37:50.746,0,0,1,0,0
14:37:50.746,0,0,0,0,0
14:37:51.256,0,0,0,0,0
14:37:51.256,0,0,1,0,0
14:37:51.761,0,0,1,0,0
14:37:51.761,0,0,0,0,0
14:37:52.278,0,0,0,0,0
14:37:52.278,0,0,1,0,0
14:37:52.783,0,0,1,0,0
14:37:52.783,0,0,0,0,0
14:37:53.292,0,0,0,0,0
14:37:53.292,0,0,1,0,0
14:37:53.805,0,0,1,0,0
14:37:53.805,0,0,0,0,0
14:37:54.317,0,0,0,0,0
14:37:54.317,0,0,1,0,0
14:37:54.825,0,0,1,0,0
14:37:54.825,0,0,0,0,0
14:37:55.326,0,0,0,0,0
14:37:55.326,0,0,1,0,0
14:37:55.854,0,0,1,0,0
14:37:55.854,0,0,0,0,0
14:37:56.356,0,0,0,0,0
14:37:56.356,0,0,1,0,0
14:37:56.543,0,0,1,0,0
14:37:56.543,1,0,1,0,0
14:37:56.861,1,0,1,0,0
14:37:56.861,1,0,0,0,0
14:37:57.370,1,0,0,0,0
14:37:57.370,1,0,1,0,0
14:37:57.872,1,0,1,0,0
14:37:57.872,1,0,0,0,0
14:37:58.378,1,0,0,0,0
14:37:58.378,1,0,1,0,0
14:37:58.887,1,0,1,0,0
14:37:58.887,1,0,0,0,0
14:37:59.392,1,0,0,0,0
14:37:59.392,1,0,1,0,0
14:37:59.895,1,0,1,0,0
14:37:59.895,1,0,0,0,0
14:38:00.455,1,0,0,0,0
14:38:00.455,1,0,1,0,0
14:38:00.963,1,0,1,0,0
14:38:00.963,1,0,0,0,0
14:38:01.477,1,0,0,0,0
14:38:01.477,1,0,1,0,0
14:38:01.985,1,0,1,0,0
14:38:01.985,1,0,0,0,0
14:38:02.498,1,0,0,0,0
14:38:02.498,1,0,1,0,0
14:38:03.007,1,0,1,0,0
14:38:03.007,1,0,0,0,0
14:38:03.513,1,0,0,0,0
14:38:03.513,1,0,1,0,0
14:38:04.016,1,0,1,0,0
14:38:04.016,1,0,0,0,0
14:38:04.521,1,0,0,0,0
14:38:04.521,1,0,1,0,0
14:38:05.029,1,0,1,0,0
14:38:05.029,1,0,0,0,0
14:38:05.534,1,0,0,0,0
14:38:05.534,1,0,1,0,0
14:38:06.049,1,0,1,0,0
14:38:06.049,1,0,0,0,0
14:38:06.620,1,0,0,0,0
14:38:06.620,1,0,1,0,0
14:38:07.129,1,0,1,0,0
14:38:07.129,1,0,0,0,0
14:38:07.637,1,0,0,0,0
14:38:07.637,1,0,1,0,0
14:38:08.142,1,0,1,0,0
14:38:08.142,1,0,0,0,0
14:38:08.688,1,0,0,0,0
14:38:08.688,1,0,1,0,0
14:38:09.202,1,0,1,0,0
14:38:09.202,1,0,0,0,0
14:38:09.707,1,0,0,0,0
14:38:09.707,1,0,1,0,0
14:38:10.211,1,0,1,0,0
14:38:10.211,1,0,0,0,0
14:38:10.765,1,0,0,0,0
14:38:10.765,1,0,1,0,0
14:38:11.273,1,0,1,0,0
14:38:11.273,1,0,0,0,0
14:38:11.774,1,0,0,0,0
14:38:11.774,1,0,1,0,0
14:38:12.280,1,0,1,0,0
14:38:12.280,1,0,0,0,0
14:38:12.822,1,0,0,0,0
14:38:12.822,1,0,1,0,0
14:38:13.340,1,0,1,0,0
14:38:13.340,1,0,0,0,0
14:38:13.847,1,0,0,0,0
14:38:13.847,1,0,1,0,0
14:38:14.353,1,0,1,0,0
14:38:14.353,1,0,0,0,0
14:38:14.570,1,0,0,0,0
14:38:14.570,0,0,0,0,0
14:38:14.854,0,0,0,0,0
14:38:14.854,0,0,1,0,0
14:38:15.355,0,0,1,0,0
14:38:15.355,0,0,0,0,0
14:38:15.870,0,0,0,0,0
14:38:15.870,0,0,1,0,0
14:38:16.374,0,0,1,0,0
14:38:16.374,0,0,0,0,0
14:38:16.881,0,0,0,0,0
14:38:16.881,0,0,1,0,0
14:38:17.386,0,0,1,0,0
14:38:17.386,0,0,0,0,0
14:38:17.887,0,0,0,0,0
14:38:17.887,0,0,1,0,0
14:38:18.395,0,0,1,0,0
14:38:18.395,0,0,0,0,0
14:38:18.902,0,0,0,0,0
14:38:18.902,0,0,1,0,0
14:38:19.406,0,0,1,0,0
14:38:19.406,0,0,0,0,0
14:38:19.937,0,0,0,0,0
14:38:19.937,0,0,1,0,0
14:38:20.441,0,0,1,0,0
14:38:20.441,0,0,0,0,0
14:38:20.952,0,0,0,0,0
14:38:20.952,0,0,1,0,0
14:38:21.456,0,0,1,0,0
14:38:21.456,0,0,0,0,0
14:38:21.964,0,0,0,0,0
14:38:21.964,0,0,1,0,0
14:38:22.473,0,0,1,0,0
14:38:22.473,0,0,0,0,0
14:38:22.979,0,0,0,0,0
14:38:22.979,0,0,1,0,0
14:38:23.479,0,0,1,0,0
14:38:23.479,0,0,0,0,0
14:38:24.016,0,0,0,0,0
14:38:24.016,0,0,1,0,0
14:38:24.527,0,0,1,0,0
14:38:24.527,0,0,0,0,0
14:38:25.030,0,0,0,0,0
14:38:25.030,0,0,1,0,0
14:38:25.530,0,0,1,0,0
14:38:25.530,0,0,0,0,0
14:38:26.052,0,0,0,0,0
14:38:26.052,0,0,1,0,0
14:38:26.563,0,0,1,0,0
14:38:26.563,0,0,0,0,0
14:38:27.072,0,0,0,0,0
14:38:27.072,0,0,1,0,0
14:38:27.580,0,0,1,0,0
14:38:27.580,0,0,0,0,0
14:38:28.080,0,0,0,0,0
14:38:28.080,0,0,1,0,0
14:38:28.589,0,0,1,0,0
14:38:28.589,0,0,0,0,0
14:38:29.095,0,0,0,0,0
14:38:29.095,0,0,1,0,0
14:38:29.593,0,0,1,0,0
14:38:29.593,0,0,0,0,0
14:38:30.141,0,0,0,0,0
14:38:30.141,0,0,1,0,0
14:38:30.645,0,0,1,0,0
14:38:30.645,0,0,0,0,0
14:38:31.160,0,0,0,0,0
14:38:31.160,0,0,1,0,0
14:38:31.668,0,0,1,0,0
14:38:31.668,0,0,0,0,0
14:38:32.193,0,0,0,0,0
14:38:32.193,0,0,1,0,0
14:38:32.605,0,0,1,0,0
14:38:32.605,1,0,1,0,0
14:38:32.710,1,0,1,0,0
14:38:32.710,1,0,0,0,0
14:38:33.217,1,0,0,0,0
14:38:33.217,1,0,1,0,0
14:38:33.440,1,0,1,0,0
14:38:33.440,0,0,1,0,0
14:38:33.724,0,0,1,0,0
14:38:33.724,0,0,0,0,0
14:38:33.776,0,1,0,0,0
14:38:33.776,0,0,0,0,0
14:38:34.259,0,0,1,0,0
14:38:34.259,0,0,0,0,0
14:39:22.302,0,0,1,0,0
14:39:22.302,0,0,0,0,0
14:39:32.341,1,0,0,0,0
14:39:32.341,0,0,0,0,0
14:40:29.167,1,0,0,0,0
14:40:29.167,0,0,0,0,0
14:40:29.359,1,0,0,0,0
14:40:29.359,0,0,0,0,0
14:40:29.779,0,1,0,0,0
14:40:29.779,0,0,0,0,0
14:40:29.931,0,1,0,0,0
14:40:29.931,0,0,0,0,0
14:40:30.279,0,0,1,0,0
14:40:30.279,0,0,0,0,0
14:40:30.441,0,0,1,0,0
14:40:30.441,0,0,0,0,0
14:40:41.387,0,0,0,0,0
14:40:41.387,0,0,1,0,0
14:40:41.467,0,0,1,0,0
14:40:41.467,0,0,0,0,0
14:40:41.980,0,0,0,0,0
14:40:41.980,0,0,1,0,0
14:40:42.488,0,0,1,0,0
14:40:42.488,0,0,0,0,0
14:40:42.992,0,0,0,0,0
14:40:42.992,0,0,1,0,0
14:40:43.518,0,0,1,0,0
14:40:43.518,0,0,0,0,0
14:40:43.585,0,0,0,0,0
14:40:43.585,1,0,0,0,0
14:40:43.672,1,0,0,0,0
14:40:43.672,0,0,0,0,0
14:40:44.023,0,0,0,0,0
14:40:44.023,0,0,1,0,0
14:40:44.527,0,0,1,0,0
14:40:44.527,0,0,0,0,0
14:40:45.027,0,0,0,0,0
14:40:45.027,0,0,1,0,0
14:40:45.476,0,0,1,0,0
14:40:45.476,1,0,1,0,0
14:40:45.545,1,0,1,0,0
14:40:45.545,1,0,0,0,0
14:40:46.060,1,0,0,0,0
14:40:46.060,1,0,1,0,0
14:40:46.572,1,0,1,0,0
14:40:46.572,1,0,0,0,0
14:40:47.077,1,0,0,0,0
14:40:47.077,1,0,1,0,0
14:40:47.301,1,0,1,0,0
14:40:47.301,0,0,1,0,0
14:40:47.578,0,0,1,0,0
14:40:47.578,0,0,0,0,0
14:40:48.078,0,0,0,0,0
14:40:48.078,0,0,1,0,0
14:40:48.586,0,0,1,0,0
14:40:48.586,0,0,0,0,0
14:40:49.095,0,0,0,0,0
14:40:49.095,0,0,1,0,0
14:40:49.115,0,0,1,0,0
14:40:49.115,1,0,1,0,0
14:40:49.601,1,0,1,0,0
14:40:49.601,1,0,0,0,0
14:40:50.110,1,0,0,0,0
14:40:50.110,1,0,1,0,0
14:40:50.611,1,0,1,0,0
14:40:50.611,1,0,0,0,0
14:40:50.925,1,0,0,0,0
14:40:50.925,0,0,0,0,0
14:40:51.112,0,0,0,0,0
14:40:51.112,0,0,1,0,0
14:40:51.622,0,0,1,0,0
14:40:51.622,0,0,0,0,0
14:40:52.148,0,0,0,0,0
14:40:52.148,0,0,1,0,0
14:40:52.649,0,0,1,0,0
14:40:52.649,0,0,0,0,0
14:40:52.732,0,0,0,0,0
14:40:52.732,1,0,0,0,0
14:40:53.162,1,0,0,0,0
14:40:53.162,1,0,1,0,0
14:40:53.676,1,0,1,0,0
14:40:53.676,1,0,0,0,0
14:40:54.178,1,0,0,0,0
14:40:54.178,1,0,1,0,0
14:40:54.577,1,0,1,0,0
14:40:54.577,0,0,1,0,0
14:40:54.682,0,0,1,0,0
14:40:54.682,0,0,0,0,0
14:40:55.184,0,0,0,0,0
14:40:55.184,0,0,1,0,0
14:40:55.698,0,0,1,0,0
14:40:55.698,0,0,0,0,0
14:40:56.203,0,0,0,0,0
14:40:56.203,0,0,1,0,0
14:40:56.392,0,0,1,0,0
14:40:56.392,1,0,1,0,0
14:40:56.710,1,0,1,0,0
14:40:56.710,1,0,0,0,0
14:40:57.212,1,0,0,0,0
14:40:57.212,1,0,1,0,0
14:40:57.717,1,0,1,0,0
14:40:57.717,1,0,0,0,0
14:40:58.197,1,0,0,0,0
14:40:58.197,0,0,0,0,0
14:40:58.215,0,0,0,0,0
14:40:58.215,0,0,1,0,0
14:40:58.734,0,0,1,0,0
14:40:58.734,0,0,0,0,0
14:40:59.245,0,0,0,0,0
14:40:59.245,0,0,1,0,0
14:40:59.759,0,0,1,0,0
14:40:59.759,0,0,0,0,0
14:41:00.012,0,0,0,0,0
14:41:00.012,1,0,0,0,0
14:41:00.268,1,0,0,0,0
14:41:00.268,1,0,1,0,0
14:41:00.768,1,0,1,0,0
14:41:00.768,1,0,0,0,0
14:41:01.285,1,0,0,0,0
14:41:01.285,1,0,1,0,0
14:41:01.791,1,0,1,0,0
14:41:01.791,1,0,0,0,0
14:41:01.860,1,0,0,0,0
14:41:01.860,0,0,0,0,0
14:41:02.295,0,0,0,0,0
14:41:02.295,0,0,1,0,0
14:41:02.808,0,0,1,0,0
14:41:02.808,0,0,0,0,0
14:41:03.311,0,0,0,0,0
14:41:03.311,0,0,1,0,0
14:41:03.674,0,0,1,0,0
14:41:03.674,1,0,1,0,0
14:41:03.815,1,0,1,0,0
14:41:03.815,1,0,0,0,0
14:41:04.328,1,0,0,0,0
14:41:04.328,1,0,1,0,0
14:41:04.825,1,0,1,0,0
14:41:04.825,1,0,0,0,0
14:41:05.333,1,0,0,0,0
14:41:05.333,1,0,1,0,0
14:41:05.474,1,0,1,0,0
14:41:05.474,0,0,1,0,0
14:41:05.834,0,0,1,0,0
14:41:05.834,0,0,0,0,0
14:41:06.335,0,0,0,0,0
14:41:06.335,0,0,1,0,0
14:41:06.877,0,0,1,0,0
14:41:06.877,0,0,0,0,0
14:41:07.283,0,0,0,0,0
14:41:07.283,1,0,0,0,0
14:41:07.395,1,0,0,0,0
14:41:07.395,1,0,1,0,0
14:41:07.903,1,0,1,0,0
14:41:07.903,1,0,0,0,0
14:41:08.414,1,0,0,0,0
14:41:08.414,1,0,1,0,0
14:41:08.957,1,0,1,0,0
14:41:08.957,1,0,0,0,0
14:41:09.093,1,0,0,0,0
14:41:09.093,0,0,0,0,0
14:41:09.472,0,0,0,0,0
14:41:09.472,0,0,1,0,0
14:41:09.978,0,0,1,0,0
14:41:09.978,0,0,0,0,0
14:41:10.479,0,0,0,0,0
14:41:10.479,0,0,1,0,0
14:41:10.901,0,0,1,0,0
14:41:10.901,1,0,1,0,0
14:41:10.974,1,0,1,0,0
14:41:10.974,1,0,0,0,0
14:41:11.485,1,0,0,0,0
14:41:11.485,1,0,1,0,0
14:41:11.988,1,0,1,0,0
14:41:11.988,1,0,0,0,0
14:41:12.492,1,0,0,0,0
14:41:12.492,1,0,1,0,0
14:41:12.743,1,0,1,0,0
14:41:12.743,0,0,1,0,0
14:41:12.996,0,0,1,0,0
14:41:12.996,0,0,0,0,0
14:41:13.539,0,0,0,0,0
14:41:13.539,0,0,1,0,0
14:41:14.047,0,0,1,0,0
14:41:14.047,0,0,0,0,0
14:41:14.545,0,0,0,0,0
14:41:14.545,1,0,0,0,0
14:41:14.562,1,0,0,0,0
14:41:14.562,1,0,1,0,0
14:41:15.071,1,0,1,0,0
14:41:15.071,1,0,0,0,0
14:41:15.579,1,0,0,0,0
14:41:15.579,1,0,1,0,0
14:41:16.079,1,0,1,0,0
14:41:16.079,1,0,0,0,0
14:41:16.350,1,0,0,0,0
14:41:16.350,0,0,0,0,0
14:41:16.595,0,0,0,0,0
14:41:16.595,0,0,1,0,0
14:41:17.099,0,0,1,0,0
14:41:17.099,0,0,0,0,0
14:41:17.600,0,0,0,0,0
14:41:17.600,0,0,1,0,0
14:41:18.102,0,0,1,0,0
14:41:18.102,0,0,0,0,0
14:41:18.180,0,0,0,0,0
14:41:18.180,1,0,0,0,0
14:41:18.605,1,0,0,0,0
14:41:18.605,1,0,1,0,0
14:41:19.115,1,0,1,0,0
14:41:19.115,1,0,0,0,0
14:41:19.622,1,0,0,0,0
14:41:19.622,1,0,1,0,0
14:41:20.000,1,0,1,0,0
14:41:20.000,0,0,1,0,0
14:41:20.166,0,0,1,0,0
14:41:20.166,0,0,0,0,0
14:41:20.667,0,0,0,0,0
14:41:20.667,0,0,1,0,0
14:41:21.168,0,0,1,0,0
14:41:21.168,0,0,0,0,0
14:41:21.676,0,0,0,0,0
14:41:21.676,0,0,1,0,0
14:41:21.862,0,0,1,0,0
14:41:21.862,1,0,1,0,0
14:41:22.184,1,0,1,0,0
14:41:22.184,1,0,0,0,0
14:41:22.687,1,0,0,0,0
14:41:22.687,1,0,1,0,0
14:41:23.198,1,0,1,0,0
14:41:23.198,1,0,0,0,0
14:41:23.665,1,0,0,0,0
14:41:23.665,0,0,0,0,0
14:41:23.726,0,0,0,0,0
14:41:23.726,0,0,1,0,0
14:41:24.228,0,0,1,0,0
14:41:24.228,0,0,0,0,0
14:41:24.734,0,0,0,0,0
14:41:24.734,0,0,1,0,0
14:41:25.237,0,0,1,0,0
14:41:25.237,0,0,0,0,0
14:41:25.490,0,0,0,0,0
14:41:25.490,1,0,0,0,0
14:41:25.738,1,0,0,0,0
14:41:25.738,1,0,1,0,0
14:41:26.255,1,0,1,0,0
14:41:26.255,1,0,0,0,0
14:41:26.777,1,0,0,0,0
14:41:26.777,1,0,1,0,0
14:41:26.794,1,0,1,0,0
14:41:26.794,1,0,0,0,0
14:41:26.945,1,0,1,0,0
14:41:26.945,1,0,0,0,0
14:41:27.296,1,0,0,0,0
14:41:27.296,0,0,0,0,0
14:41:29.097,0,0,0,0,0
14:41:29.097,1,0,0,0,0
14:41:30.900,1,0,0,0,0
14:41:30.900,0,0,0,0,0
14:41:32.700,0,0,0,0,0
14:41:32.700,1,0,0,0,0
14:41:34.517,1,0,0,0,0
14:41:34.517,0,0,0,0,0
14:41:36.323,0,0,0,0,0
14:41:36.323,1,0,0,0,0
14:41:38.164,1,0,0,0,0
14:41:38.164,0,0,0,0,0
14:41:39.969,0,0,0,0,0
14:41:39.969,1,0,0,0,0
14:41:41.771,1,0,0,0,0
14:41:41.771,0,0,0,0,0
14:41:43.586,0,0,0,0,0
14:41:43.586,1,0,0,0,0
14:41:45.393,1,0,0,0,0
14:41:45.393,0,0,0,0,0
14:41:47.206,0,0,0,0,0
14:41:47.206,1,0,0,0,0
14:41:49.008,1,0,0,0,0
14:41:49.008,0,0,0,0,0
14:41:50.818,0,0,0,0,0
14:41:50.818,1,0,0,0,0
14:41:52.627,1,0,0,0,0
14:41:52.627,0,0,0,0,0
14:41:54.429,0,0,0,0,0
14:41:54.429,1,0,0,0,0
14:41:56.233,1,0,0,0,0
14:41:56.233,0,0,0,0,0
14:41:58.042,0,0,0,0,0
14:41:58.042,1,0,0,0,0
14:41:59.889,1,0,0,0,0
14:41:59.889,0,0,0,0,0
14:42:00.889,0,0,0,0,0
14:42:00.889,1,0,0,0,0
14:42:00.960,1,0,0,0,0
14:42:00.960,0,0,0,0,0
14:42:01.028,0,0,0,0,0
14:42:01.028,1,0,0,0,0
14:42:01.099,1,0,0,0,0
14:42:01.099,0,0,0,0,0
14:42:01.164,0,0,0,0,0
14:42:01.164,1,0,0,0,0
14:42:01.230,1,0,0,0,0
14:42:01.230,0,0,0,0,0
14:42:01.283,0,0,0,0,0
14:42:01.283,1,0,0,0,0
14:42:01.350,1,0,0,0,0
14:42:01.350,0,0,0,0,0
14:42:01.441,0,0,0,0,0
14:42:01.441,1,0,0,0,0
14:42:01.519,1,0,0,0,0
14:42:01.519,0,0,0,0,0
14:42:01.582,0,0,0,0,0
14:42:01.582,1,0,0,0,0
14:42:01.645,1,0,0,0,0
14:42:01.645,0,0,0,0,0
14:42:01.707,0,0,0,0,0
14:42:01.707,1,0,0,0,0
14:42:01.770,1,0,0,0,0
14:42:01.770,0,0,0,0,0
14:42:01.835,0,0,0,0,0
14:42:01.835,1,0,0,0,0
14:42:01.928,1,0,0,0,0
14:42:01.928,0,0,0,0,0
14:42:01.984,0,0,0,0,0
14:42:01.984,1,0,0,0,0
14:42:02.049,1,0,0,0,0
14:42:02.049,0,0,0,0,0
14:42:02.118,0,0,0,0,0
14:42:02.118,1,0,0,0,0
14:42:02.181,1,0,0,0,0
14:42:02.181,0,0,0,0,0
14:42:02.239,0,0,0,0,0
14:42:02.239,1,0,0,0,0
14:42:02.296,1,0,0,0,0
14:42:02.296,0,0,0,0,0
14:42:02.384,0,0,0,0,0
14:42:02.384,1,0,0,0,0
14:42:02.450,1,0,0,0,0
14:42:02.450,0,0,0,0,0
14:42:02.520,0,0,0,0,0
14:42:02.520,1,0,0,0,0
14:42:02.579,1,0,0,0,0
14:42:02.579,0,0,0,0,0
14:42:02.646,0,0,0,0,0
14:42:02.646,1,0,0,0,0
14:42:02.708,1,0,0,0,0
14:42:02.708,0,0,0,0,0
14:42:02.803,0,0,0,0,0
14:42:02.803,1,0,0,0,0
14:42:02.869,1,0,0,0,0
14:42:02.869,0,0,0,0,0
14:42:02.948,0,0,0,0,0
14:42:02.948,1,0,0,0,0
14:42:03.018,1,0,0,0,0
14:42:03.018,0,0,0,0,0
14:42:03.087,0,0,0,0,0
14:42:03.087,1,0,0,0,0
14:42:03.158,1,0,0,0,0
14:42:03.158,0,0,0,0,0
14:42:03.248,0,0,0,0,0
14:42:03.248,1,0,0,0,0
14:42:03.310,1,0,0,0,0
14:42:03.310,0,0,0,0,0
14:42:03.375,0,0,0,0,0
14:42:03.375,1,0,0,0,0
14:42:03.442,1,0,0,0,0
14:42:03.442,0,0,0,0,0
14:42:03.505,0,0,0,0,0
14:42:03.505,1,0,0,0,0
14:42:03.573,1,0,0,0,0
14:42:03.573,0,0,0,0,0
14:42:03.645,0,0,0,0,0
14:42:03.645,1,0,0,0,0
14:42:03.707,1,0,0,0,0
14:42:03.707,0,0,0,0,0
14:42:03.771,0,0,0,0,0
14:42:03.771,1,0,0,0,0
14:42:03.837,1,0,0,0,0
14:42:03.837,0,0,0,0,0
14:42:03.928,0,0,0,0,0
14:42:03.928,1,0,0,0,0
14:42:04.001,1,0,0,0,0
14:42:04.001,0,0,0,0,0
14:42:04.079,0,0,0,0,0
14:42:04.079,1,0,0,0,0
14:42:04.143,1,0,0,0,0
14:42:04.143,0,0,0,0,0
14:42:04.207,0,0,0,0,0
14:42:04.207,1,0,0,0,0
14:42:04.270,1,0,0,0,0
14:42:04.270,0,0,0,0,0
14:42:04.335,0,0,0,0,0
14:42:04.335,1,0,0,0,0
14:42:04.412,1,0,0,0,0
14:42:04.412,0,0,0,0,0
14:42:04.491,0,0,0,0,0
14:42:04.491,1,0,0,0,0
14:42:04.553,1,0,0,0,0
14:42:04.553,0,0,0,0,0
14:42:04.622,0,0,0,0,0
14:42:04.622,1,0,0,0,0
14:42:04.686,1,0,0,0,0
14:42:04.686,0,0,0,0,0
14:42:04.751,0,0,0,0,0
14:42:04.751,1,0,0,0,0
14:42:04.824,1,0,0,0,0
14:42:04.824,0,0,0,0,0
14:42:04.903,0,0,0,0,0
14:42:04.903,1,0,0,0,0
14:42:04.984,1,0,0,0,0
14:42:04.984,0,0,0,0,0
14:42:05.057,0,0,0,0,0
14:42:05.057,1,0,0,0,0
14:42:05.126,1,0,0,0,0
14:42:05.126,0,0,0,0,0
14:42:05.194,0,0,0,0,0
14:42:05.194,1,0,0,0,0
14:42:05.265,1,0,0,0,0
14:42:05.265,0,0,0,0,0
14:42:05.345,0,0,0,0,0
14:42:05.345,1,0,0,0,0
14:42:05.408,1,0,0,0,0
14:42:05.408,0,0,0,0,0
14:42:05.491,0,0,0,0,0
14:42:05.491,1,0,0,0,0
14:42:05.552,1,0,0,0,0
14:42:05.552,0,0,0,0,0
14:42:05.620,0,0,0,0,0
14:42:05.620,1,0,0,0,0
14:42:05.691,1,0,0,0,0
14:42:05.691,0,0,0,0,0
14:42:05.768,0,0,0,0,0
14:42:05.768,1,0,0,0,0
14:42:05.843,1,0,0,0,0
14:42:05.843,0,0,0,0,0
14:42:05.911,0,0,0,0,0
14:42:05.911,1,0,0,0,0
14:42:05.973,1,0,0,0,0
14:42:05.973,0,0,0,0,0
14:42:06.037,0,0,0,0,0
14:42:06.037,1,0,0,0,0
14:42:06.115,1,0,0,0,0
14:42:06.115,0,0,0,0,0
14:42:06.196,0,0,0,0,0
14:42:06.196,1,0,0,0,0
14:42:06.266,1,0,0,0,0
14:42:06.266,0,0,0,0,0
14:42:06.459,0,0,0,0,0
14:42:06.459,1,0,0,0,0
14:42:06.648,1,0,0,0,0
14:42:06.648,0,0,0,0,0
14:42:06.775,0,0,0,0,0
14:42:06.775,1,0,0,0,0
14:42:07.004,1,0,0,0,0
14:42:07.004,0,0,0,0,0
14:42:07.192,0,0,0,0,0
14:42:07.192,1,0,0,0,0
14:42:07.400,1,0,0,0,0
14:42:07.400,0,0,0,0,0
14:42:07.590,0,0,0,0,0
14:42:07.590,1,0,0,0,0
14:42:07.818,1,0,0,0,0
14:42:07.818,0,0,0,0,0
14:42:08.001,0,0,0,0,0
14:42:08.001,1,0,0,0,0
14:42:08.221,1,0,0,0,0
14:42:08.221,0,0,0,0,0
14:42:08.404,0,0,0,0,0
14:42:08.404,1,0,0,0,0
14:42:08.633,1,0,0,0,0
14:42:08.633,0,0,0,0,0
14:42:08.819,0,0,0,0,0
14:42:08.819,1,0,0,0,0
14:42:09.066,1,0,0,0,0
14:42:09.066,0,0,0,0,0
14:42:09.264,0,0,0,0,0
14:42:09.264,1,0,0,0,0
14:42:09.453,1,0,0,0,0
14:42:09.453,0,0,0,0,0
14:42:09.643,0,0,0,0,0
14:42:09.643,1,0,0,0,0
14:42:09.865,1,0,0,0,0
14:42:09.865,0,0,0,0,0
14:42:10.052,0,0,0,0,0
14:42:10.052,1,0,0,0,0
14:42:10.283,1,0,0,0,0
14:42:10.283,0,0,0,0,0
14:42:10.474,0,0,0,0,0
14:42:10.474,1,0,0,0,0
14:42:10.685,1,0,0,0,0
14:42:10.685,0,0,0,0,0
14:42:10.865,0,0,0,0,0
14:42:10.865,1,0,0,0,0
14:42:11.088,1,0,0,0,0
14:42:11.088,0,0,0,0,0
14:42:11.268,0,0,0,0,0
14:42:11.268,1,0,0,0,0
14:42:11.496,1,0,0,0,0
14:42:11.496,0,0,0,0,0
14:42:11.680,0,0,0,0,0
14:42:11.680,1,0,0,0,0
14:42:11.887,1,0,0,0,0
14:42:11.887,0,0,0,0,0
14:42:12.067,0,0,0,0,0
14:42:12.067,1,0,0,0,0
14:42:12.256,1,0,0,0,0
14:42:12.256,0,0,0,0,0
14:42:12.443,0,0,0,0,0
14:42:12.443,1,0,0,0,0
14:42:12.632,1,0,0,0,0
14:42:12.632,0,0,0,0,0
14:42:12.822,0,0,0,0,0
14:42:12.822,1,0,0,0,0
14:42:13.004,1,0,0,0,0
14:42:13.004,0,0,0,0,0
14:42:13.195,0,0,0,0,0
14:42:13.195,1,0,0,0,0
14:42:13.386,1,0,0,0,0
14:42:13.386,0,0,0,0,0
14:42:13.569,0,0,0,0,0
14:42:13.569,1,0,0,0,0
14:42:13.764,1,0,0,0,0
14:42:13.764,0,0,0,0,0
14:42:13.953,0,0,0,0,0
14:42:13.953,1,0,0,0,0
14:42:14.143,1,0,0,0,0
14:42:14.143,0,0,0,0,0
14:42:14.347,0,0,0,0,0
14:42:14.347,1,0,0,0,0
14:42:14.538,1,0,0,0,0
14:42:14.538,0,0,0,0,0
14:42:14.768,0,0,0,0,0
14:42:14.768,1,0,0,0,0
14:42:14.965,1,0,0,0,0
14:42:14.965,0,0,0,0,0
14:42:15.154,0,0,0,0,0
14:42:15.154,1,0,0,0,0
14:42:15.353,1,0,0,0,0
14:42:15.353,0,0,0,0,0
14:42:15.573,0,0,0,0,0
14:42:15.573,1,0,0,0,0
14:42:15.756,1,0,0,0,0
14:42:15.756,0,0,0,0,0
14:42:15.993,0,0,0,0,0
14:42:15.993,1,0,0,0,0
14:42:16.183,1,0,0,0,0
14:42:16.183,0,0,0,0,0
14:42:16.368,0,0,0,0,0
14:42:16.368,1,0,0,0,0
14:42:16.559,1,0,0,0,0
14:42:16.559,0,0,0,0,0
14:42:16.781,0,0,0,0,0
14:42:16.781,1,0,0,0,0
14:42:16.971,1,0,0,0,0
14:42:16.971,0,0,0,0,0
14:42:17.194,0,0,0,0,0
14:42:17.194,1,0,0,0,0
14:42:17.388,1,0,0,0,0
14:42:17.388,0,0,0,0,0
14:42:17.616,0,0,0,0,0
14:42:17.616,1,0,0,0,0
14:42:17.809,1,0,0,0,0
14:42:17.809,0,0,0,0,0
14:42:18.014,0,0,0,0,0
14:42:18.014,1,0,0,0,0
14:42:18.203,1,0,0,0,0
14:42:18.203,0,0,0,0,0
14:42:18.409,0,0,0,0,0
14:42:18.409,1,0,0,0,0
14:42:18.599,1,0,0,0,0
14:42:18.599,0,0,0,0,0
14:42:18.826,0,0,0,0,0
14:42:18.826,1,0,0,0,0
14:42:19.016,1,0,0,0,0
14:42:19.016,0,0,0,0,0
14:42:19.226,0,0,0,0,0
14:42:19.226,1,0,0,0,0
14:42:19.422,1,0,0,0,0
14:42:19.422,0,0,0,0,0
14:42:19.628,0,0,0,0,0
14:42:19.628,1,0,0,0,0
14:42:19.819,1,0,0,0,0
14:42:19.819,0,0,0,0,0
14:42:20.003,0,0,0,0,0
14:42:20.003,1,0,0,0,0
14:42:20.189,1,0,0,0,0
14:42:20.189,0,0,0,0,0
14:42:20.419,0,0,0,0,0
14:42:20.419,1,0,0,0,0
14:42:20.673,1,0,0,0,0
14:42:20.673,0,0,0,0,0
14:42:20.878,0,0,0,0,0
14:42:20.878,1,0,0,0,0
14:42:21.059,1,0,0,0,0
14:42:21.059,0,0,0,0,0
14:42:21.241,0,0,0,0,0
14:42:21.241,1,0,0,0,0
14:42:21.426,1,0,0,0,0
14:42:21.426,0,0,0,0,0
14:42:21.608,0,0,0,0,0
14:42:21.608,1,0,0,0,0
14:42:21.899,1,0,0,0,0
14:42:21.899,0,0,0,0,0
14:42:22.092,0,0,0,0,0
14:42:22.092,1,0,0,0,0
14:42:22.384,1,0,0,0,0
14:42:22.384,0,0,0,0,0
14:42:22.572,0,0,0,0,0
14:42:22.572,1,0,0,0,0
14:42:22.864,1,0,0,0,0
14:42:22.864,0,0,0,0,0
14:42:23.050,0,0,0,0,0
14:42:23.050,1,0,0,0,0
14:42:23.257,1,0,0,0,0
14:42:23.257,0,0,0,0,0
14:42:23.444,0,0,0,0,0
14:42:23.444,1,0,0,0,0
14:42:23.628,1,0,0,0,0
14:42:23.628,0,0,0,0,0
14:42:23.811,0,0,0,0,0
14:42:23.811,1,0,0,0,0
14:42:23.995,1,0,0,0,0
14:42:23.995,0,0,0,0,0
14:42:24.253,0,0,0,0,0
14:42:24.253,1,0,0,0,0
14:42:24.444,1,0,0,0,0
14:42:24.444,0,0,0,0,0
14:42:24.646,0,0,0,0,0
14:42:24.646,1,0,0,0,0
14:42:24.829,1,0,0,0,0
14:42:24.829,0,0,0,0,0
14:42:25.010,0,0,0,0,0
14:42:25.010,1,0,0,0,0
14:42:25.198,1,0,0,0,0
14:42:25.198,0,0,0,0,0
14:42:25.393,0,0,0,0,0
14:42:25.393,1,0,0,0,0
14:42:25.579,1,0,0,0,0
14:42:25.579,0,0,0,0,0
14:42:25.760,0,0,0,0,0
14:42:25.760,1,0,0,0,0
14:42:26.045,1,0,0,0,0
14:42:26.045,0,0,0,0,0
14:42:26.229,0,0,0,0,0
14:42:26.229,1,0,0,0,0
14:42:26.526,1,0,0,0,0
14:42:26.526,0,0,0,0,0
14:42:26.712,0,0,0,0,0
14:42:26.712,1,0,0,0,0
14:42:26.980,1,0,0,0,0
14:42:26.980,0,0,0,0,0
14:42:27.175,0,0,0,0,0
14:42:27.175,1,0,0,0,0
14:42:27.365,1,0,0,0,0
14:42:27.365,0,0,0,0,0
14:42:27.555,0,0,0,0,0
14:42:27.555,1,0,0,0,0
14:42:27.777,1,0,0,0,0
14:42:27.777,0,0,0,0,0
14:42:27.965,0,0,0,0,0
14:42:27.965,1,0,0,0,0
14:42:28.173,1,0,0,0,0
14:42:28.173,0,0,0,0,0
14:42:28.364,0,0,0,0,0
14:42:28.364,1,0,0,0,0
14:42:28.575,1,0,0,0,0
14:42:28.575,0,0,0,0,0
14:42:28.761,0,0,0,0,0
14:42:28.761,1,0,0,0,0
14:42:28.982,1,0,0,0,0
14:42:28.982,0,0,0,0,0
14:42:29.158,0,0,0,0,0
14:42:29.158,1,0,0,0,0
14:42:29.399,1,0,0,0,0
14:42:29.399,0,0,0,0,0
14:42:29.595,0,0,0,0,0
14:42:29.595,1,0,0,0,0
14:42:29.829,1,0,0,0,0
14:42:29.829,0,0,0,0,0
14:42:30.013,0,0,0,0,0
14:42:30.013,1,0,0,0,0
14:42:30.252,1,0,0,0,0
14:42:30.252,0,0,0,0,0
14:42:30.442,0,0,0,0,0
14:42:30.442,1,0,0,0,0
14:42:30.635,1,0,0,0,0
14:42:30.635,0,0,0,0,0
14:42:30.832,0,0,0,0,0
14:42:30.832,1,0,0,0,0
14:42:31.059,1,0,0,0,0
14:42:31.059,0,0,0,0,0
14:42:31.256,0,0,0,0,0
14:42:31.256,1,0,0,0,0
14:42:31.460,1,0,0,0,0
14:42:31.460,0,0,0,0,0
14:42:31.649,0,0,0,0,0
14:42:31.649,1,0,0,0,0
14:42:31.859,1,0,0,0,0
14:42:31.859,0,0,0,0,0
14:42:32.047,0,0,0,0,0
14:42:32.047,1,0,0,0,0
14:42:32.268,1,0,0,0,0
14:42:32.268,0,0,0,0,0
14:42:32.459,0,0,0,0,0
14:42:32.459,1,0,0,0,0
14:42:32.677,1,0,0,0,0
14:42:32.677,0,0,0,0,0
14:42:32.859,0,0,0,0,0
14:42:32.859,1,0,0,0,0
14:42:33.072,1,0,0,0,0
14:42:33.072,0,0,0,0,0
14:42:33.256,0,0,0,0,0
14:42:33.256,1,0,0,0,0
14:42:33.509,1,0,0,0,0
14:42:33.509,0,0,0,0,0
14:42:33.700,0,0,0,0,0
14:42:33.700,1,0,0,0,0
14:42:33.913,1,0,0,0,0
14:42:33.913,0,0,0,0,0
14:42:34.114,0,0,0,0,0
14:42:34.114,1,0,0,0,0
14:42:34.366,1,0,0,0,0
14:42:34.366,0,0,0,0,0
14:42:34.556,0,0,0,0,0
14:42:34.556,1,0,0,0,0
14:42:34.750,1,0,0,0,0
14:42:34.750,0,0,0,0,0
14:42:34.938,0,0,0,0,0
14:42:34.938,1,0,0,0,0
14:42:35.170,1,0,0,0,0
14:42:35.170,0,0,0,0,0
14:42:35.366,0,0,0,0,0
14:42:35.366,1,0,0,0,0
14:42:35.547,1,0,0,0,0
14:42:35.547,0,0,0,0,0
14:42:35.733,0,0,0,0,0
14:42:35.733,1,0,0,0,0
14:42:35.952,1,0,0,0,0
14:42:35.952,0,0,0,0,0
14:42:36.138,0,0,0,0,0
14:42:36.138,1,0,0,0,0
14:42:36.334,1,0,0,0,0
14:42:36.334,0,0,0,0,0
14:42:36.526,0,0,0,0,0
14:42:36.526,1,0,0,0,0
14:42:36.772,1,0,0,0,0
14:42:36.772,0,0,0,0,0
14:42:36.961,0,0,0,0,0
14:42:36.961,1,0,0,0,0
14:42:37.165,1,0,0,0,0
14:42:37.165,0,0,0,0,0
14:42:37.354,0,0,0,0,0
14:42:37.354,1,0,0,0,0
14:42:37.565,1,0,0,0,0
14:42:37.565,0,0,0,0,0
14:42:37.751,0,0,0,0,0
14:42:37.751,1,0,0,0,0
14:42:37.949,1,0,0,0,0
14:42:37.949,0,0,0,0,0
14:42:38.129,0,0,0,0,0
14:42:38.129,1,0,0,0,0
14:42:38.319,1,0,0,0,0
14:42:38.319,0,0,0,0,0
14:42:38.505,0,0,0,0,0
14:42:38.505,1,0,0,0,0
14:42:38.688,1,0,0,0,0
14:42:38.688,0,0,0,0,0
14:42:38.877,0,0,0,0,0
14:42:38.877,1,0,0,0,0
14:42:39.067,1,0,0,0,0
14:42:39.067,0,0,0,0,0
14:42:39.257,0,0,0,0,0
14:42:39.257,1,0,0,0,0
14:42:39.447,1,0,0,0,0
14:42:39.447,0,0,0,0,0
14:42:39.651,0,0,0,0,0
14:42:39.651,1,0,0,0,0
14:42:39.832,1,0,0,0,0
14:42:39.832,0,0,0,0,0
14:42:40.106,0,0,0,0,0
14:42:40.106,1,0,0,0,0
14:42:40.288,1,0,0,0,0
14:42:40.288,0,0,0,0,0
14:42:40.484,0,0,0,0,0
14:42:40.484,1,0,0,0,0
14:42:40.676,1,0,0,0,0
14:42:40.676,0,0,0,0,0
14:42:40.915,0,0,0,0,0
14:42:40.915,1,0,0,0,0
14:42:41.109,1,0,0,0,0
14:42:41.109,0,0,0,0,0
14:42:41.319,0,0,0,0,0
14:42:41.319,1,0,0,0,0
14:42:41.507,1,0,0,0,0
14:42:41.507,0,0,0,0,0
14:42:41.751,0,0,0,0,0
14:42:41.751,1,0,0,0,0
14:42:41.942,1,0,0,0,0
14:42:41.942,0,0,0,0,0
14:42:42.147,0,0,0,0,0
14:42:42.147,1,0,0,0,0
14:42:42.337,1,0,0,0,0
14:42:42.337,0,0,0,0,0
14:42:42.596,0,0,0,0,0
14:42:42.596,1,0,0,0,0
14:42:42.779,1,0,0,0,0
14:42:42.779,0,0,0,0,0
14:42:43.074,0,0,0,0,0
14:42:43.074,1,0,0,0,0
14:42:43.264,1,0,0,0,0
14:42:43.264,0,0,0,0,0
14:42:43.453,0,0,0,0,0
14:42:43.453,1,0,0,0,0
14:42:43.644,1,0,0,0,0
14:42:43.644,0,0,0,0,0
14:42:43.834,0,0,0,0,0
14:42:43.834,1,0,0,0,0
14:42:44.021,1,0,0,0,0
14:42:44.021,0,0,0,0,0
14:42:44.214,0,0,0,0,0
14:42:44.214,1,0,0,0,0
14:42:44.404,1,0,0,0,0
14:42:44.404,0,0,0,0,0
14:42:44.593,0,0,0,0,0
14:42:44.593,1,0,0,0,0
14:42:44.786,1,0,0,0,0
14:42:44.786,0,0,0,0,0
14:42:44.971,0,0,0,0,0
14:42:44.971,1,0,0,0,0
14:42:45.161,1,0,0,0,0
14:42:45.161,0,0,0,0,0
14:42:45.342,0,0,0,0,0
14:42:45.342,1,0,0,0,0
14:42:45.533,1,0,0,0,0
14:42:45.533,0,0,0,0,0
14:42:45.713,0,0,0,0,0
14:42:45.713,1,0,0,0,0
14:42:45.906,1,0,0,0,0
14:42:45.906,0,0,0,0,0
14:42:46.075,0,0,0,0,0
14:42:46.075,1,0,0,0,0
14:42:46.279,1,0,0,0,0
14:42:46.279,0,0,0,0,0
14:42:46.488,0,0,0,0,0
14:42:46.488,1,0,0,0,0
14:42:46.679,1,0,0,0,0
14:42:46.679,0,0,0,0,0
14:42:46.869,0,0,0,0,0
14:42:46.869,1,0,0,0,0
14:42:47.054,1,0,0,0,0
14:42:47.054,0,0,0,0,0
14:42:47.244,0,0,0,0,0
14:42:47.244,1,0,0,0,0
14:42:47.434,1,0,0,0,0
14:42:47.434,0,0,0,0,0
14:42:47.623,0,0,0,0,0
14:42:47.623,1,0,0,0,0
14:42:47.823,1,0,0,0,0
14:42:47.823,0,0,0,0,0
14:42:48.009,0,0,0,0,0
14:42:48.009,1,0,0,0,0
14:42:48.201,1,0,0,0,0
14:42:48.201,0,0,0,0,0
14:42:48.392,0,0,0,0,0
14:42:48.392,1,0,0,0,0
14:42:48.615,1,0,0,0,0
14:42:48.615,0,0,0,0,0
14:42:48.807,0,0,0,0,0
14:42:48.807,1,0,0,0,0
14:42:49.042,1,0,0,0,0
14:42:49.042,0,0,0,0,0
14:42:49.235,0,0,0,0,0
14:42:49.235,1,0,0,0,0
14:42:49.445,1,0,0,0,0
14:42:49.445,0,0,0,0,0
14:42:49.630,0,0,0,0,0
14:42:49.630,1,0,0,0,0
14:42:49.815,1,0,0,0,0
14:42:49.815,0,0,0,0,0
14:42:49.995,0,0,0,0,0
14:42:49.995,1,0,0,0,0
14:42:50.185,1,0,0,0,0
14:42:50.185,0,0,0,0,0
14:42:50.377,0,0,0,0,0
14:42:50.377,1,0,0,0,0
14:42:50.561,1,0,0,0,0
14:42:50.561,0,0,0,0,0
14:42:50.742,0,0,0,0,0
14:42:50.742,1,0,0,0,0
14:42:50.925,1,0,0,0,0
14:42:50.925,0,0,0,0,0
14:42:51.115,0,0,0,0,0
14:42:51.115,1,0,0,0,0
14:42:51.311,1,0,0,0,0
14:42:51.311,0,0,0,0,0
14:42:51.523,0,0,0,0,0
14:42:51.523,1,0,0,0,0
14:42:51.710,1,0,0,0,0
14:42:51.710,0,0,0,0,0
14:42:51.948,0,0,0,0,0
14:42:51.948,1,0,0,0,0
14:42:52.142,1,0,0,0,0
14:42:52.142,0,0,0,0,0
14:42:52.371,0,0,0,0,0
14:42:52.371,1,0,0,0,0
14:42:52.554,1,0,0,0,0
14:42:52.554,0,0,0,0,0
14:42:52.775,0,0,0,0,0
14:42:52.775,1,0,0,0,0
14:42:52.965,1,0,0,0,0
14:42:52.965,0,0,0,0,0
14:42:53.179,0,0,0,0,0
14:42:53.179,1,0,0,0,0
14:42:53.361,1,0,0,0,0
14:42:53.361,0,0,0,0,0
14:42:53.580,0,0,0,0,0
14:42:53.580,1,0,0,0,0
14:42:53.770,1,0,0,0,0
14:42:53.770,0,0,0,0,0
14:42:53.982,0,0,0,0,0
14:42:53.982,1,0,0,0,0
14:42:54.168,1,0,0,0,0
14:42:54.168,0,0,0,0,0
14:42:54.393,0,0,0,0,0
14:42:54.393,1,0,0,0,0
14:42:54.579,1,0,0,0,0
14:42:54.579,0,0,0,0,0
14:42:54.802,0,0,0,0,0
14:42:54.802,1,0,0,0,0
14:42:54.999,1,0,0,0,0
14:42:54.999,0,0,0,0,0
14:42:55.237,0,0,0,0,0
14:42:55.237,1,0,0,0,0
14:42:55.428,1,0,0,0,0
14:42:55.428,0,0,0,0,0
14:42:55.648,0,0,0,0,0
14:42:55.648,1,0,0,0,0
14:42:55.832,1,0,0,0,0
14:42:55.832,0,0,0,0,0
14:42:56.029,0,0,0,0,0
14:42:56.029,1,0,0,0,0
14:42:56.213,1,0,0,0,0
14:42:56.213,0,0,0,0,0
14:42:56.467,0,0,0,0,0
14:42:56.467,1,0,0,0,0
14:42:56.661,1,0,0,0,0
14:42:56.661,0,0,0,0,0
14:42:56.840,0,0,0,0,0
14:42:56.840,1,0,0,0,0
14:42:57.026,1,0,0,0,0
14:42:57.026,0,0,0,0,0
14:42:57.209,0,0,0,0,0
14:42:57.209,1,0,0,0,0
14:42:57.390,1,0,0,0,0
14:42:57.390,0,0,0,0,0
14:42:57.568,0,0,0,0,0
14:42:57.568,1,0,0,0,0
14:42:57.747,1,0,0,0,0
14:42:57.747,0,0,0,0,0
14:42:57.940,0,0,0,0,0
14:42:57.940,1,0,0,0,0
14:42:58.124,1,0,0,0,0
14:42:58.124,0,0,0,0,0
14:42:58.305,0,0,0,0,0
14:42:58.305,1,0,0,0,0
14:42:58.514,1,0,0,0,0
14:42:58.514,0,0,0,0,0
14:42:58.700,0,0,0,0,0
14:42:58.700,1,0,0,0,0
14:42:58.906,1,0,0,0,0
14:42:58.906,0,0,0,0,0
14:42:59.096,0,0,0,0,0
14:42:59.096,1,0,0,0,0
14:42:59.312,1,0,0,0,0
14:42:59.312,0,0,0,0,0
14:42:59.502,0,0,0,0,0
14:42:59.502,1,0,0,0,0
14:42:59.731,1,0,0,0,0
14:42:59.731,0,0,0,0,0
14:42:59.920,0,0,0,0,0
14:42:59.920,1,0,0,0,0
14:43:00.105,1,0,0,0,0
14:43:00.105,0,0,0,0,0
14:43:00.301,0,0,0,0,0
14:43:00.301,1,0,0,0,0
14:43:00.526,1,0,0,0,0
14:43:00.526,0,0,0,0,0
14:43:00.717,0,0,0,0,0
14:43:00.717,1,0,0,0,0
14:43:00.930,1,0,0,0,0
14:43:00.930,0,0,0,0,0
14:43:01.115,0,0,0,0,0
14:43:01.115,1,0,0,0,0
14:43:01.343,1,0,0,0,0
14:43:01.343,0,0,0,0,0
14:43:01.528,0,0,0,0,0
14:43:01.528,1,0,0,0,0
14:43:01.583,1,0,0,0,0
14:43:01.583,0,0,0,0,0
14:43:01.654,0,0,0,0,0
14:43:01.654,1,0,0,0,0
14:43:01.727,1,0,0,0,0
14:43:01.727,0,0,0,0,0
14:43:01.801,0,0,0,0,0
14:43:01.801,1,0,0,0,0
14:43:01.877,1,0,0,0,0
14:43:01.877,0,0,0,0,0
14:43:01.940,0,0,0,0,0
14:43:01.940,1,0,0,0,0
14:43:02.019,1,0,0,0,0
14:43:02.019,0,0,0,0,0
14:43:02.083,0,0,0,0,0
14:43:02.083,1,0,0,0,0
14:43:02.157,1,0,0,0,0
14:43:02.157,0,0,0,0,0
14:43:02.241,0,0,0,0,0
14:43:02.241,1,0,0,0,0
14:43:02.320,1,0,0,0,0
14:43:02.320,0,0,0,0,0
14:43:02.385,0,0,0,0,0
14:43:02.385,1,0,0,0,0
14:43:02.448,1,0,0,0,0
14:43:02.448,0,0,0,0,0
14:43:02.524,0,0,0,0,0
14:43:02.524,1,0,0,0,0
14:43:02.590,1,0,0,0,0
14:43:02.590,0,0,0,0,0
14:43:02.665,0,0,0,0,0
14:43:02.665,1,0,0,0,0
14:43:02.732,1,0,0,0,0
14:43:02.732,0,0,0,0,0
14:43:02.807,0,0,0,0,0
14:43:02.807,1,0,0,0,0
14:43:02.875,1,0,0,0,0
14:43:02.875,0,0,0,0,0
14:43:02.937,0,0,0,0,0
14:43:02.937,1,0,0,0,0
14:43:03.022,1,0,0,0,0
14:43:03.022,0,0,0,0,0
14:43:03.105,1,0,0,0,0
14:43:03.105,0,0,0,0,0
14:43:03.495,0,1,0,0,0
14:43:03.495,0,0,0,0,0
14:43:03.852,0,0,0,1,0
14:43:03.852,0,0,0,0,0
14:43:04.362,0,0,1,0,0
14:43:04.362,0,0,0,0,0
14:43:05.157,0,0,0,0,0
14:43:05.157,1,0,0,0,0
14:43:05.219,1,0,0,0,0
14:43:05.219,0,0,0,0,0
14:43:05.293,0,0,0,0,0
14:43:05.293,1,0,0,0,0
14:43:05.354,1,0,0,0,0
14:43:05.354,0,0,0,0,0
14:43:05.420,0,0,0,0,0
14:43:05.420,1,0,0,0,0
14:43:05.499,1,0,0,0,0
14:43:05.499,0,0,0,0,0
14:43:05.572,0,0,0,0,0
14:43:05.572,1,0,0,0,0
14:43:05.650,1,0,0,0,0
14:43:05.650,0,0,0,0,0
14:43:05.745,0,0,0,0,0
14:43:05.745,1,0,0,0,0
14:43:05.826,1,0,0,0,0
14:43:05.826,0,0,0,0,0
14:43:05.898,0,0,0,0,0
14:43:05.898,1,0,0,0,0
14:43:05.983,1,0,0,0,0
14:43:05.983,0,0,0,0,0
14:43:06.047,0,0,0,0,0
14:43:06.047,1,0,0,0,0
14:43:06.131,1,0,0,0,0
14:43:06.131,0,0,0,0,0
14:43:06.205,0,0,0,0,0
14:43:06.205,1,0,0,0,0
14:43:06.283,1,0,0,0,0
14:43:06.283,0,0,0,0,0
14:43:06.359,0,0,0,0,0
14:43:06.359,1,0,0,0,0
14:43:06.441,1,0,0,0,0
14:43:06.441,0,0,0,0,0
14:43:06.522,0,0,0,0,0
14:43:06.522,1,0,0,0,0
14:43:06.597,1,0,0,0,0
14:43:06.597,0,0,0,0,0
14:43:06.668,0,0,0,0,0
14:43:06.668,1,0,0,0,0
14:43:06.744,1,0,0,0,0
14:43:06.744,0,0,0,0,0
14:43:06.832,0,0,0,0,0
14:43:06.832,1,0,0,0,0
14:43:06.906,1,0,0,0,0
14:43:06.906,0,0,0,0,0
14:43:06.979,0,0,0,0,0
14:43:06.979,1,0,0,0,0
14:43:07.053,1,0,0,0,0
14:43:07.053,0,0,0,0,0
14:43:07.129,0,0,0,0,0
14:43:07.129,1,0,0,0,0
14:43:07.207,1,0,0,0,0
14:43:07.207,0,0,0,0,0
14:43:07.299,0,0,0,0,0
14:43:07.299,1,0,0,0,0
14:43:07.373,1,0,0,0,0
14:43:07.373,0,0,0,0,0
14:43:07.446,0,0,0,0,0
14:43:07.446,1,0,0,0,0
14:43:07.516,1,0,0,0,0
14:43:07.516,0,0,0,0,0
14:43:07.593,0,0,0,0,0
14:43:07.593,1,0,0,0,0
14:43:07.693,1,0,0,0,0
14:43:07.693,0,0,0,0,0
14:43:07.771,0,0,0,0,0
14:43:07.771,1,0,0,0,0
14:43:07.854,1,0,0,0,0
14:43:07.854,0,0,0,0,0
14:43:07.945,0,0,0,0,0
14:43:07.945,1,0,0,0,0
14:43:08.020,1,0,0,0,0
14:43:08.020,0,0,0,0,0
14:43:08.114,0,0,0,0,0
14:43:08.114,1,0,0,0,0
14:43:08.198,1,0,0,0,0
14:43:08.198,0,0,0,0,0
14:43:08.274,0,0,0,0,0
14:43:08.274,1,0,0,0,0
14:43:08.349,1,0,0,0,0
14:43:08.349,0,0,0,0,0
14:43:08.447,0,0,0,0,0
14:43:08.447,1,0,0,0,0
14:43:08.582,1,0,0,0,0
14:43:08.582,0,0,0,0,0
14:43:08.667,0,0,0,0,0
14:43:08.667,1,0,0,0,0
14:43:08.731,1,0,0,0,0
14:43:08.731,0,0,0,0,0
14:43:08.821,0,0,0,0,0
14:43:08.821,1,0,0,0,0
14:43:08.892,1,0,0,0,0
14:43:08.892,0,0,0,0,0
14:43:08.977,0,0,0,0,0
14:43:08.977,1,0,0,0,0
14:43:09.071,1,0,0,0,0
14:43:09.071,0,0,0,0,0
14:43:09.175,0,0,0,0,0
14:43:09.175,1,0,0,0,0
14:43:09.275,1,0,0,0,0
14:43:09.275,0,0,0,0,0
14:43:09.392,0,0,0,0,0
14:43:09.392,1,0,0,0,0
14:43:09.496,1,0,0,0,0
14:43:09.496,0,0,0,0,0
14:43:09.604,0,0,0,0,0
14:43:09.604,1,0,0,0,0
14:43:09.716,1,0,0,0,0
14:43:09.716,0,0,0,0,0
14:43:09.846,0,0,0,0,0
14:43:09.846,1,0,0,0,0
14:43:09.938,1,0,0,0,0
14:43:09.938,0,0,0,0,0
14:43:10.036,0,0,0,0,0
14:43:10.036,1,0,0,0,0
14:43:10.117,1,0,0,0,0
14:43:10.117,0,0,0,0,0
14:43:10.219,0,0,0,0,0
14:43:10.219,1,0,0,0,0
14:43:10.301,1,0,0,0,0
14:43:10.301,0,0,0,0,0
14:43:10.374,0,0,0,0,0
14:43:10.374,1,0,0,0,0
14:43:10.460,1,0,0,0,0
14:43:10.460,0,0,0,0,0
14:43:10.543,0,0,0,0,0
14:43:10.543,1,0,0,0,0
14:43:10.629,1,0,0,0,0
14:43:10.629,0,0,0,0,0
14:43:10.708,0,0,0,0,0
14:43:10.708,1,0,0,0,0
14:43:10.822,1,0,0,0,0
14:43:10.822,0,0,0,0,0
14:43:10.931,0,0,0,0,0
14:43:10.931,1,0,0,0,0
14:43:11.039,1,0,0,0,0
14:43:11.039,0,0,0,0,0
14:43:11.134,0,0,0,0,0
14:43:11.134,1,0,0,0,0
14:43:11.264,1,0,0,0,0
14:43:11.264,0,0,0,0,0
14:43:11.366,0,0,0,0,0
14:43:11.366,1,0,0,0,0
14:43:11.484,1,0,0,0,0
14:43:11.484,0,0,0,0,0
14:43:11.573,0,0,0,0,0
14:43:11.573,1,0,0,0,0
14:43:11.674,1,0,0,0,0
14:43:11.674,0,0,0,0,0
14:43:11.788,0,0,0,0,0
14:43:11.788,1,0,0,0,0
14:43:11.896,1,0,0,0,0
14:43:11.896,0,0,0,0,0
14:43:12.004,0,0,0,0,0
14:43:12.004,1,0,0,0,0
14:43:12.099,1,0,0,0,0
14:43:12.099,0,0,0,0,0
14:43:12.200,0,0,0,0,0
14:43:12.200,1,0,0,0,0
14:43:12.289,1,0,0,0,0
14:43:12.289,0,0,0,0,0
14:43:12.378,0,0,0,0,0
14:43:12.378,1,0,0,0,0
14:43:12.459,1,0,0,0,0
14:43:12.459,0,0,0,0,0
14:43:12.545,0,0,0,0,0
14:43:12.545,1,0,0,0,0
14:43:12.640,1,0,0,0,0
14:43:12.640,0,0,0,0,0
14:43:12.731,0,0,0,0,0
14:43:12.731,1,0,0,0,0
14:43:12.826,1,0,0,0,0
14:43:12.826,0,0,0,0,0
14:43:12.914,0,0,0,0,0
14:43:12.914,1,0,0,0,0
14:43:12.997,1,0,0,0,0
14:43:12.997,0,0,0,0,0
14:43:13.092,0,0,0,0,0
14:43:13.092,1,0,0,0,0
14:43:13.190,1,0,0,0,0
14:43:13.190,0,0,0,0,0
14:43:13.266,0,0,0,0,0
14:43:13.266,1,0,0,0,0
14:43:13.347,1,0,0,0,0
14:43:13.347,0,0,0,0,0
14:43:13.424,0,0,0,0,0
14:43:13.424,1,0,0,0,0
14:43:13.508,1,0,0,0,0
14:43:13.508,0,0,0,0,0
14:43:13.615,0,0,0,0,0
14:43:13.615,1,0,0,0,0
14:43:13.708,1,0,0,0,0
14:43:13.708,0,0,0,0,0
14:43:13.822,0,0,0,0,0
14:43:13.822,1,0,0,0,0
14:43:13.921,1,0,0,0,0
14:43:13.921,0,0,0,0,0
14:43:14.029,0,0,0,0,0
14:43:14.029,1,0,0,0,0
14:43:14.125,1,0,0,0,0
14:43:14.125,0,0,0,0,0
14:43:14.217,0,0,0,0,0
14:43:14.217,1,0,0,0,0
14:43:14.298,1,0,0,0,0
14:43:14.298,0,0,0,0,0
14:43:14.383,0,0,0,0,0
14:43:14.383,1,0,0,0,0
14:43:14.477,1,0,0,0,0
14:43:14.477,0,0,0,0,0
14:43:14.567,0,0,0,0,0
14:43:14.567,1,0,0,0,0
14:43:14.659,1,0,0,0,0
14:43:14.659,0,0,0,0,0
14:43:14.751,0,0,0,0,0
14:43:14.751,1,0,0,0,0
14:43:14.864,1,0,0,0,0
14:43:14.864,0,0,0,0,0
14:43:14.939,0,0,0,0,0
14:43:14.939,1,0,0,0,0
14:43:15.023,1,0,0,0,0
14:43:15.023,0,0,0,0,0
14:43:15.104,0,0,0,0,0
14:43:15.104,1,0,0,0,0
14:43:15.191,1,0,0,0,0
14:43:15.191,0,0,0,0,0
14:43:15.280,0,0,0,0,0
14:43:15.280,1,0,0,0,0
14:43:15.364,1,0,0,0,0
14:43:15.364,0,0,0,0,0
14:43:15.449,0,0,0,0,0
14:43:15.449,1,0,0,0,0
14:43:15.527,1,0,0,0,0
14:43:15.527,0,0,0,0,0
14:43:15.626,0,0,0,0,0
14:43:15.626,1,0,0,0,0
14:43:15.718,1,0,0,0,0
14:43:15.718,0,0,0,0,0
14:43:15.813,0,0,0,0,0
14:43:15.813,1,0,0,0,0
14:43:15.902,1,0,0,0,0
14:43:15.902,0,0,0,0,0
14:43:15.998,0,0,0,0,0
14:43:15.998,1,0,0,0,0
14:43:16.088,1,0,0,0,0
14:43:16.088,0,0,0,0,0
14:43:16.206,0,0,0,0,0
14:43:16.206,1,0,0,0,0
14:43:16.297,1,0,0,0,0
14:43:16.297,0,0,0,0,0
14:43:16.380,0,0,0,0,0
14:43:16.380,1,0,0,0,0
14:43:16.471,1,0,0,0,0
14:43:16.471,0,0,0,0,0
14:43:16.594,0,0,0,0,0
14:43:16.594,1,0,0,0,0
14:43:16.681,1,0,0,0,0
14:43:16.681,0,0,0,0,0
14:43:16.766,0,0,0,0,0
14:43:16.766,1,0,0,0,0
14:43:16.859,1,0,0,0,0
14:43:16.859,0,0,0,0,0
14:43:16.935,0,0,0,0,0
14:43:16.935,1,0,0,0,0
14:43:17.016,1,0,0,0,0
14:43:17.016,0,0,0,0,0
14:43:17.093,0,0,0,0,0
14:43:17.093,1,0,0,0,0
14:43:17.180,1,0,0,0,0
14:43:17.180,0,0,0,0,0
14:43:17.258,0,0,0,0,0
14:43:17.258,1,0,0,0,0
14:43:17.340,1,0,0,0,0
14:43:17.340,0,0,0,0,0
14:43:17.417,0,0,0,0,0
14:43:17.417,1,0,0,0,0
14:43:17.503,1,0,0,0,0
14:43:17.503,0,0,0,0,0
14:43:17.564,0,0,0,0,0
14:43:17.564,1,0,0,0,0
14:43:17.660,1,0,0,0,0
14:43:17.660,0,0,0,0,0
14:43:17.753,0,0,0,0,0
14:43:17.753,1,0,0,0,0
14:43:17.869,1,0,0,0,0
14:43:17.869,0,0,0,0,0
14:43:17.959,0,0,0,0,0
14:43:17.959,1,0,0,0,0
14:43:18.052,1,0,0,0,0
14:43:18.052,0,0,0,0,0
14:43:18.166,0,0,0,0,0
14:43:18.166,1,0,0,0,0
14:43:18.214,1,0,0,0,0
14:43:18.214,0,0,0,0,0
14:43:18.344,0,0,0,0,0
14:43:18.344,1,0,0,0,0
14:43:18.429,1,0,0,0,0
14:43:18.429,0,0,0,0,0
14:43:18.509,0,0,0,0,0
14:43:18.509,1,0,0,0,0
14:43:18.596,1,0,0,0,0
14:43:18.596,0,0,0,0,0
14:43:18.704,0,0,0,0,0
14:43:18.704,1,0,0,0,0
14:43:18.785,1,0,0,0,0
14:43:18.785,0,0,0,0,0
14:43:18.880,0,0,0,0,0
14:43:18.880,1,0,0,0,0
14:43:18.982,1,0,0,0,0
14:43:18.982,0,0,0,0,0
14:43:19.097,0,0,0,0,0
14:43:19.097,1,0,0,0,0
14:43:19.180,1,0,0,0,0
14:43:19.180,0,0,0,0,0
14:43:19.241,0,0,0,0,0
14:43:19.241,1,0,0,0,0
14:43:19.335,1,0,0,0,0
14:43:19.335,0,0,0,0,0
14:43:19.427,0,0,0,0,0
14:43:19.427,1,0,0,0,0
14:43:19.522,1,0,0,0,0
14:43:19.522,0,0,0,0,0
14:43:19.585,0,0,0,0,0
14:43:19.585,1,0,0,0,0
14:43:19.678,1,0,0,0,0
14:43:19.678,0,0,0,0,0
14:43:19.782,0,0,0,0,0
14:43:19.782,1,0,0,0,0
14:43:19.896,1,0,0,0,0
14:43:19.896,0,0,0,0,0
14:43:20.013,0,0,0,0,0
14:43:20.013,1,0,0,0,0
14:43:20.124,1,0,0,0,0
14:43:20.124,0,0,0,0,0
14:43:20.232,0,0,0,0,0
14:43:20.232,1,0,0,0,0
14:43:20.335,1,0,0,0,0
14:43:20.335,0,0,0,0,0
14:43:20.462,0,0,0,0,0
14:43:20.462,1,0,0,0,0
14:43:20.565,1,0,0,0,0
14:43:20.565,0,0,0,0,0
14:43:20.653,0,0,0,0,0
14:43:20.653,1,0,0,0,0
14:43:20.724,1,0,0,0,0
14:43:20.724,0,0,0,0,0
14:43:20.847,0,0,0,0,0
14:43:20.847,1,0,0,0,0
14:43:20.921,1,0,0,0,0
14:43:20.921,0,0,0,0,0
14:43:20.998,0,0,0,0,0
14:43:20.998,1,0,0,0,0
14:43:21.063,1,0,0,0,0
14:43:21.063,0,0,0,0,0
14:43:21.184,0,0,0,0,0
14:43:21.184,1,0,0,0,0
14:43:21.294,1,0,0,0,0
14:43:21.294,0,0,0,0,0
14:43:21.384,0,0,0,0,0
14:43:21.384,1,0,0,0,0
14:43:21.484,1,0,0,0,0
14:43:21.484,0,0,0,0,0
14:43:21.605,0,0,0,0,0
14:43:21.605,1,0,0,0,0
14:43:21.701,1,0,0,0,0
14:43:21.701,0,0,0,0,0
14:43:21.794,0,0,0,0,0
14:43:21.794,1,0,0,0,0
14:43:21.920,1,0,0,0,0
14:43:21.920,0,0,0,0,0
14:43:22.004,0,0,0,0,0
14:43:22.004,1,0,0,0,0
14:43:22.113,1,0,0,0,0
14:43:22.113,0,0,0,0,0
14:43:22.215,0,0,0,0,0
14:43:22.215,1,0,0,0,0
14:43:22.307,1,0,0,0,0
14:43:22.307,0,0,0,0,0
14:43:22.398,0,0,0,0,0
14:43:22.398,1,0,0,0,0
14:43:22.446,1,0,0,0,0
14:43:22.446,0,0,0,0,0
14:43:22.527,0,0,0,0,0
14:43:22.527,1,0,0,0,0
14:43:22.611,1,0,0,0,0
14:43:22.611,0,0,0,0,0
14:43:22.622,1,0,0,0,0
14:43:22.622,0,0,0,0,0
14:43:22.733,1,0,0,0,0
14:43:22.733,0,0,0,0,0
